{"type":"FeatureCollection","name":"conflict_exposure","atlas_release":{"version":"0.11.1","date":"2026-07-30","title":"Interface and Release Hardening"},"metadata":{"description":"Half-degree historical exposure cells derived from UCDP organized-violence events; exact event locations, actors, narratives, and source text are not republished.","source":"UCDP Georeferenced Event Dataset (GED) version 26.1","source_date":"2026-03-30","source_checked":"2026-07-25","license":"CC BY 4.0","quality":"B","quality_note":"Aggregates 2016-2025 events into approximately 55 km cells. Fatalities are UCDP low/best/high estimates, not independently verified atlas findings. Annual release only; no candidate or live feed.","path":"data/processed/06_security/ucdp_organized_violence_grid_nigeria_2016_2025.csv","state_year_path":"data/processed/06_security/ucdp_organized_violence_state_year_nigeria_1989_2025.csv","key":"conflict_exposure","label":"Historical Organized-Violence Exposure (UCDP, 2016–2025)","category":"security","category_label":"Security Context","record_count":227,"download_url":"https://raw.githubusercontent.com/Diamonds10/nigeria-infrastructure-atlas/main/data/processed/06_security/ucdp_organized_violence_grid_nigeria_2016_2025.csv","refresh":{"cadence":"annual_or_source_release","last_checked":"2026-07-25","next_review_due":"2027-07-26","review_status":"current"},"state_year_url":"https://raw.githubusercontent.com/Diamonds10/nigeria-infrastructure-atlas/main/data/processed/06_security/ucdp_organized_violence_state_year_nigeria_1989_2025.csv"},"features":[{"type":"Feature","properties":{"cell_id":"ucdp-05deg-4.75-6.25","period":"2016-2025","event_count":18,"fatalities_best":32,"fatalities_low":29,"fatalities_high":40,"first_year":2016,"latest_year":2025,"state_based_events":0,"non_state_events":15,"one_sided_events":3,"source_states":"Bayelsa","best_source_precision":1,"least_source_precision":2,"_label":"ucdp-05deg-4.75-6.25","_status_group":"unknown","_states":["Bayelsa"]},"geometry":{"type":"Point","coordinates":[6.25,4.75]}},{"type":"Feature","properties":{"cell_id":"ucdp-05deg-4.75-6.75","period":"2016-2025","event_count":21,"fatalities_best":71,"fatalities_low":65,"fatalities_high":124,"first_year":2016,"latest_year":2025,"state_based_events":1,"non_state_events":18,"one_sided_events":2,"source_states":"Rivers","best_source_precision":1,"least_source_precision":3,"_label":"ucdp-05deg-4.75-6.75","_status_group":"unknown","_states":["Rivers"]},"geometry":{"type":"Point","coordinates":[6.75,4.75]}},{"type":"Feature","properties":{"cell_id":"ucdp-05deg-4.75-7.25","period":"2016-2025","event_count":21,"fatalities_best":77,"fatalities_low":55,"fatalities_high":137,"first_year":2017,"latest_year":2025,"state_based_events":2,"non_state_events":11,"one_sided_events":8,"source_states":"Abia; Rivers","best_source_precision":1,"least_source_precision":5,"_label":"ucdp-05deg-4.75-7.25","_status_group":"unknown","_states":["Rivers"]},"geometry":{"type":"Point","coordinates":[7.25,4.75]}},{"type":"Feature","properties":{"cell_id":"ucdp-05deg-4.75-7.75","period":"2016-2025","event_count":11,"fatalities_best":33,"fatalities_low":33,"fatalities_high":33,"first_year":2016,"latest_year":2020,"state_based_events":0,"non_state_events":11,"one_sided_events":0,"source_states":"Akwa Ibom","best_source_precision":1,"least_source_precision":3,"_label":"ucdp-05deg-4.75-7.75","_status_group":"unknown","_states":["Akwa Ibom"]},"geometry":{"type":"Point","coordinates":[7.75,4.75]}},{"type":"Feature","properties":{"cell_id":"ucdp-05deg-4.75-8.25","period":"2016-2025","event_count":4,"fatalities_best":11,"fatalities_low":11,"fatalities_high":15,"first_year":2019,"latest_year":2024,"state_based_events":0,"non_state_events":2,"one_sided_events":2,"source_states":"Akwa Ibom; Cross River","best_source_precision":1,"least_source_precision":3,"_label":"ucdp-05deg-4.75-8.25","_status_group":"unknown","_states":["Akwa Ibom"]},"geometry":{"type":"Point","coordinates":[8.25,4.75]}},{"type":"Feature","properties":{"cell_id":"ucdp-05deg-5.25-6.25","period":"2016-2025","event_count":15,"fatalities_best":28,"fatalities_low":23,"fatalities_high":29,"first_year":2019,"latest_year":2025,"state_based_events":0,"non_state_events":13,"one_sided_events":2,"source_states":"Bayelsa; Delta; Rivers","best_source_precision":1,"least_source_precision":3,"_label":"ucdp-05deg-5.25-6.25","_status_group":"unknown","_states":["Delta"]},"geometry":{"type":"Point","coordinates":[6.25,5.25]}},{"type":"Feature","properties":{"cell_id":"ucdp-05deg-5.25-6.75","period":"2016-2025","event_count":26,"fatalities_best":96,"fatalities_low":90,"fatalities_high":118,"first_year":2016,"latest_year":2025,"state_based_events":3,"non_state_events":20,"one_sided_events":3,"source_states":"Imo; Rivers","best_source_precision":1,"least_source_precision":5,"_label":"ucdp-05deg-5.25-6.75","_status_group":"unknown","_states":["Rivers"]},"geometry":{"type":"Point","coordinates":[6.75,5.25]}},{"type":"Feature","properties":{"cell_id":"ucdp-05deg-5.25-7.25","period":"2016-2025","event_count":40,"fatalities_best":83,"fatalities_low":81,"fatalities_high":111,"first_year":2016,"latest_year":2025,"state_based_events":18,"non_state_events":9,"one_sided_events":13,"source_states":"Abia; Imo; Rivers","best_source_precision":1,"least_source_precision":5,"_label":"ucdp-05deg-5.25-7.25","_status_group":"unknown","_states":["Imo"]},"geometry":{"type":"Point","coordinates":[7.25,5.25]}},{"type":"Feature","properties":{"cell_id":"ucdp-05deg-5.25-7.75","period":"2016-2025","event_count":13,"fatalities_best":40,"fatalities_low":22,"fatalities_high":50,"first_year":2016,"latest_year":2024,"state_based_events":11,"non_state_events":1,"one_sided_events":1,"source_states":"Abia; Akwa Ibom","best_source_precision":1,"least_source_precision":4,"_label":"ucdp-05deg-5.25-7.75","_status_group":"unknown","_states":["Akwa Ibom"]},"geometry":{"type":"Point","coordinates":[7.75,5.25]}},{"type":"Feature","properties":{"cell_id":"ucdp-05deg-5.25-8.25","period":"2016-2025","event_count":6,"fatalities_best":42,"fatalities_low":30,"fatalities_high":131,"first_year":2017,"latest_year":2025,"state_based_events":0,"non_state_events":6,"one_sided_events":0,"source_states":"Akwa Ibom; Cross River","best_source_precision":1,"least_source_precision":5,"_label":"ucdp-05deg-5.25-8.25","_status_group":"unknown","_states":["Cross River"]},"geometry":{"type":"Point","coordinates":[8.25,5.25]}},{"type":"Feature","properties":{"cell_id":"ucdp-05deg-5.75-5.75","period":"2016-2025","event_count":8,"fatalities_best":14,"fatalities_low":13,"fatalities_high":14,"first_year":2016,"latest_year":2025,"state_based_events":0,"non_state_events":5,"one_sided_events":3,"source_states":"Delta","best_source_precision":1,"least_source_precision":3,"_label":"ucdp-05deg-5.75-5.75","_status_group":"unknown","_states":["Delta"]},"geometry":{"type":"Point","coordinates":[5.75,5.75]}},{"type":"Feature","properties":{"cell_id":"ucdp-05deg-5.75-6.25","period":"2016-2025","event_count":7,"fatalities_best":9,"fatalities_low":9,"fatalities_high":10,"first_year":2019,"latest_year":2025,"state_based_events":1,"non_state_events":3,"one_sided_events":3,"source_states":"Delta","best_source_precision":1,"least_source_precision":3,"_label":"ucdp-05deg-5.75-6.25","_status_group":"unknown","_states":["Delta"]},"geometry":{"type":"Point","coordinates":[6.25,5.75]}},{"type":"Feature","properties":{"cell_id":"ucdp-05deg-5.75-6.75","period":"2016-2025","event_count":90,"fatalities_best":256,"fatalities_low":191,"fatalities_high":399,"first_year":2018,"latest_year":2025,"state_based_events":67,"non_state_events":2,"one_sided_events":21,"source_states":"Anambra; Imo; Unassigned / offshore","best_source_precision":1,"least_source_precision":5,"_label":"ucdp-05deg-5.75-6.75","_status_group":"unknown","_states":["Anambra","Imo"]},"geometry":{"type":"Point","coordinates":[6.75,5.75]}},{"type":"Feature","properties":{"cell_id":"ucdp-05deg-5.75-7.25","period":"2016-2025","event_count":83,"fatalities_best":189,"fatalities_low":83,"fatalities_high":257,"first_year":2019,"latest_year":2025,"state_based_events":59,"non_state_events":1,"one_sided_events":23,"source_states":"Abia; Anambra; Imo","best_source_precision":1,"least_source_precision":5,"_label":"ucdp-05deg-5.75-7.25","_status_group":"unknown","_states":["Imo"]},"geometry":{"type":"Point","coordinates":[7.25,5.75]}},{"type":"Feature","properties":{"cell_id":"ucdp-05deg-5.75-7.75","period":"2016-2025","event_count":11,"fatalities_best":31,"fatalities_low":22,"fatalities_high":32,"first_year":2017,"latest_year":2024,"state_based_events":9,"non_state_events":2,"one_sided_events":0,"source_states":"Abia; Ebonyi","best_source_precision":1,"least_source_precision":5,"_label":"ucdp-05deg-5.75-7.75","_status_group":"unknown","_states":["Abia"]},"geometry":{"type":"Point","coordinates":[7.75,5.75]}},{"type":"Feature","properties":{"cell_id":"ucdp-05deg-5.75-8.25","period":"2016-2025","event_count":3,"fatalities_best":14,"fatalities_low":14,"fatalities_high":20,"first_year":2017,"latest_year":2024,"state_based_events":1,"non_state_events":1,"one_sided_events":1,"source_states":"Cross River","best_source_precision":1,"least_source_precision":3,"_label":"ucdp-05deg-5.75-8.25","_status_group":"unknown","_states":["Cross River"]},"geometry":{"type":"Point","coordinates":[8.25,5.75]}},{"type":"Feature","properties":{"cell_id":"ucdp-05deg-5.75-8.75","period":"2016-2025","event_count":3,"fatalities_best":7,"fatalities_low":7,"fatalities_high":7,"first_year":2018,"latest_year":2019,"state_based_events":2,"non_state_events":1,"one_sided_events":0,"source_states":"Cross River","best_source_precision":3,"least_source_precision":4,"_label":"ucdp-05deg-5.75-8.75","_status_group":"unknown","_states":["Cross River"]},"geometry":{"type":"Point","coordinates":[8.75,5.75]}},{"type":"Feature","properties":{"cell_id":"ucdp-05deg-6.25-2.75","period":"2016-2025","event_count":6,"fatalities_best":6,"fatalities_low":6,"fatalities_high":6,"first_year":2018,"latest_year":2022,"state_based_events":0,"non_state_events":5,"one_sided_events":1,"source_states":"Lagos","best_source_precision":1,"least_source_precision":1,"_label":"ucdp-05deg-6.25-2.75","_status_group":"unknown","_states":[]},"geometry":{"type":"Point","coordinates":[2.75,6.25]}},{"type":"Feature","properties":{"cell_id":"ucdp-05deg-6.25-3.25","period":"2016-2025","event_count":50,"fatalities_best":102,"fatalities_low":100,"fatalities_high":131,"first_year":2016,"latest_year":2025,"state_based_events":0,"non_state_events":36,"one_sided_events":14,"source_states":"Lagos","best_source_precision":1,"least_source_precision":3,"_label":"ucdp-05deg-6.25-3.25","_status_group":"unknown","_states":[]},"geometry":{"type":"Point","coordinates":[3.25,6.25]}},{"type":"Feature","properties":{"cell_id":"ucdp-05deg-6.25-3.75","period":"2016-2025","event_count":15,"fatalities_best":23,"fatalities_low":22,"fatalities_high":23,"first_year":2016,"latest_year":2025,"state_based_events":0,"non_state_events":12,"one_sided_events":3,"source_states":"Lagos","best_source_precision":1,"least_source_precision":3,"_label":"ucdp-05deg-6.25-3.75","_status_group":"unknown","_states":[]},"geometry":{"type":"Point","coordinates":[3.75,6.25]}},{"type":"Feature","properties":{"cell_id":"ucdp-05deg-6.25-4.75","period":"2016-2025","event_count":2,"fatalities_best":6,"fatalities_low":1,"fatalities_high":6,"first_year":2021,"latest_year":2022,"state_based_events":0,"non_state_events":2,"one_sided_events":0,"source_states":"Ondo","best_source_precision":1,"least_source_precision":3,"_label":"ucdp-05deg-6.25-4.75","_status_group":"unknown","_states":["Ondo"]},"geometry":{"type":"Point","coordinates":[4.75,6.25]}},{"type":"Feature","properties":{"cell_id":"ucdp-05deg-6.25-5.75","period":"2016-2025","event_count":39,"fatalities_best":121,"fatalities_low":119,"fatalities_high":130,"first_year":2016,"latest_year":2025,"state_based_events":0,"non_state_events":37,"one_sided_events":2,"source_states":"Edo","best_source_precision":1,"least_source_precision":3,"_label":"ucdp-05deg-6.25-5.75","_status_group":"unknown","_states":["Edo"]},"geometry":{"type":"Point","coordinates":[5.75,6.25]}},{"type":"Feature","properties":{"cell_id":"ucdp-05deg-6.25-6.25","period":"2016-2025","event_count":4,"fatalities_best":6,"fatalities_low":6,"fatalities_high":10,"first_year":2016,"latest_year":2024,"state_based_events":1,"non_state_events":3,"one_sided_events":0,"source_states":"Delta","best_source_precision":1,"least_source_precision":3,"_label":"ucdp-05deg-6.25-6.25","_status_group":"unknown","_states":["Delta"]},"geometry":{"type":"Point","coordinates":[6.25,6.25]}},{"type":"Feature","properties":{"cell_id":"ucdp-05deg-6.25-6.75","period":"2016-2025","event_count":55,"fatalities_best":158,"fatalities_low":135,"fatalities_high":203,"first_year":2016,"latest_year":2025,"state_based_events":21,"non_state_events":17,"one_sided_events":17,"source_states":"Anambra; Delta","best_source_precision":1,"least_source_precision":5,"_label":"ucdp-05deg-6.25-6.75","_status_group":"unknown","_states":["Anambra"]},"geometry":{"type":"Point","coordinates":[6.75,6.25]}},{"type":"Feature","properties":{"cell_id":"ucdp-05deg-6.25-7.25","period":"2016-2025","event_count":54,"fatalities_best":107,"fatalities_low":76,"fatalities_high":152,"first_year":2017,"latest_year":2025,"state_based_events":25,"non_state_events":19,"one_sided_events":10,"source_states":"Abia; Anambra; Enugu","best_source_precision":1,"least_source_precision":5,"_label":"ucdp-05deg-6.25-7.25","_status_group":"unknown","_states":["Enugu"]},"geometry":{"type":"Point","coordinates":[7.25,6.25]}},{"type":"Feature","properties":{"cell_id":"ucdp-05deg-6.25-7.75","period":"2016-2025","event_count":22,"fatalities_best":47,"fatalities_low":28,"fatalities_high":72,"first_year":2016,"latest_year":2025,"state_based_events":10,"non_state_events":5,"one_sided_events":7,"source_states":"Ebonyi; Enugu","best_source_precision":1,"least_source_precision":3,"_label":"ucdp-05deg-6.25-7.75","_status_group":"unknown","_states":["Ebonyi"]},"geometry":{"type":"Point","coordinates":[7.75,6.25]}},{"type":"Feature","properties":{"cell_id":"ucdp-05deg-6.25-8.25","period":"2016-2025","event_count":17,"fatalities_best":56,"fatalities_low":41,"fatalities_high":57,"first_year":2018,"latest_year":2025,"state_based_events":5,"non_state_events":10,"one_sided_events":2,"source_states":"Ebonyi","best_source_precision":1,"least_source_precision":4,"_label":"ucdp-05deg-6.25-8.25","_status_group":"unknown","_states":["Ebonyi"]},"geometry":{"type":"Point","coordinates":[8.25,6.25]}},{"type":"Feature","properties":{"cell_id":"ucdp-05deg-6.25-9.25","period":"2016-2025","event_count":3,"fatalities_best":12,"fatalities_low":12,"fatalities_high":14,"first_year":2022,"latest_year":2023,"state_based_events":1,"non_state_events":0,"one_sided_events":2,"source_states":"Cross River","best_source_precision":1,"least_source_precision":2,"_label":"ucdp-05deg-6.25-9.25","_status_group":"unknown","_states":["Cross River"]},"geometry":{"type":"Point","coordinates":[9.25,6.25]}},{"type":"Feature","properties":{"cell_id":"ucdp-05deg-6.75-2.75","period":"2016-2025","event_count":4,"fatalities_best":5,"fatalities_low":5,"fatalities_high":6,"first_year":2019,"latest_year":2025,"state_based_events":0,"non_state_events":3,"one_sided_events":1,"source_states":"Ogun","best_source_precision":1,"least_source_precision":1,"_label":"ucdp-05deg-6.75-2.75","_status_group":"unknown","_states":[]},"geometry":{"type":"Point","coordinates":[2.75,6.75]}},{"type":"Feature","properties":{"cell_id":"ucdp-05deg-6.75-3.25","period":"2016-2025","event_count":35,"fatalities_best":73,"fatalities_low":73,"fatalities_high":76,"first_year":2016,"latest_year":2025,"state_based_events":0,"non_state_events":32,"one_sided_events":3,"source_states":"Lagos; Ogun","best_source_precision":1,"least_source_precision":3,"_label":"ucdp-05deg-6.75-3.25","_status_group":"unknown","_states":["Ogun"]},"geometry":{"type":"Point","coordinates":[3.25,6.75]}},{"type":"Feature","properties":{"cell_id":"ucdp-05deg-6.75-3.75","period":"2016-2025","event_count":51,"fatalities_best":138,"fatalities_low":123,"fatalities_high":155,"first_year":2016,"latest_year":2025,"state_based_events":0,"non_state_events":49,"one_sided_events":2,"source_states":"Lagos; Ogun","best_source_precision":1,"least_source_precision":4,"_label":"ucdp-05deg-6.75-3.75","_status_group":"unknown","_states":["Ogun"]},"geometry":{"type":"Point","coordinates":[3.75,6.75]}},{"type":"Feature","properties":{"cell_id":"ucdp-05deg-6.75-4.75","period":"2016-2025","event_count":3,"fatalities_best":11,"fatalities_low":11,"fatalities_high":11,"first_year":2017,"latest_year":2021,"state_based_events":0,"non_state_events":3,"one_sided_events":0,"source_states":"Ondo","best_source_precision":1,"least_source_precision":3,"_label":"ucdp-05deg-6.75-4.75","_status_group":"unknown","_states":["Ondo"]},"geometry":{"type":"Point","coordinates":[4.75,6.75]}},{"type":"Feature","properties":{"cell_id":"ucdp-05deg-6.75-5.75","period":"2016-2025","event_count":11,"fatalities_best":29,"fatalities_low":29,"fatalities_high":29,"first_year":2019,"latest_year":2023,"state_based_events":0,"non_state_events":11,"one_sided_events":0,"source_states":"Edo; Ondo","best_source_precision":1,"least_source_precision":3,"_label":"ucdp-05deg-6.75-5.75","_status_group":"unknown","_states":["Edo"]},"geometry":{"type":"Point","coordinates":[5.75,6.75]}},{"type":"Feature","properties":{"cell_id":"ucdp-05deg-6.75-6.25","period":"2016-2025","event_count":3,"fatalities_best":4,"fatalities_low":4,"fatalities_high":4,"first_year":2020,"latest_year":2024,"state_based_events":0,"non_state_events":3,"one_sided_events":0,"source_states":"Edo","best_source_precision":1,"least_source_precision":4,"_label":"ucdp-05deg-6.75-6.25","_status_group":"unknown","_states":["Edo"]},"geometry":{"type":"Point","coordinates":[6.25,6.75]}},{"type":"Feature","properties":{"cell_id":"ucdp-05deg-6.75-6.75","period":"2016-2025","event_count":2,"fatalities_best":1,"fatalities_low":0,"fatalities_high":6,"first_year":2024,"latest_year":2024,"state_based_events":1,"non_state_events":0,"one_sided_events":1,"source_states":"Enugu","best_source_precision":1,"least_source_precision":2,"_label":"ucdp-05deg-6.75-6.75","_status_group":"unknown","_states":["Kogi"]},"geometry":{"type":"Point","coordinates":[6.75,6.75]}},{"type":"Feature","properties":{"cell_id":"ucdp-05deg-6.75-7.25","period":"2016-2025","event_count":14,"fatalities_best":38,"fatalities_low":34,"fatalities_high":80,"first_year":2016,"latest_year":2025,"state_based_events":4,"non_state_events":8,"one_sided_events":2,"source_states":"Enugu","best_source_precision":1,"least_source_precision":3,"_label":"ucdp-05deg-6.75-7.25","_status_group":"unknown","_states":["Enugu"]},"geometry":{"type":"Point","coordinates":[7.25,6.75]}},{"type":"Feature","properties":{"cell_id":"ucdp-05deg-6.75-7.75","period":"2016-2025","event_count":27,"fatalities_best":135,"fatalities_low":128,"fatalities_high":186,"first_year":2016,"latest_year":2025,"state_based_events":7,"non_state_events":20,"one_sided_events":0,"source_states":"Benue; Ebonyi; Enugu","best_source_precision":1,"least_source_precision":5,"_label":"ucdp-05deg-6.75-7.75","_status_group":"unknown","_states":["Enugu"]},"geometry":{"type":"Point","coordinates":[7.75,6.75]}},{"type":"Feature","properties":{"cell_id":"ucdp-05deg-6.75-8.25","period":"2016-2025","event_count":12,"fatalities_best":120,"fatalities_low":93,"fatalities_high":155,"first_year":2018,"latest_year":2025,"state_based_events":0,"non_state_events":12,"one_sided_events":0,"source_states":"Benue; Ebonyi; Unassigned / offshore","best_source_precision":1,"least_source_precision":5,"_label":"ucdp-05deg-6.75-8.25","_status_group":"unknown","_states":["Ebonyi"]},"geometry":{"type":"Point","coordinates":[8.25,6.75]}},{"type":"Feature","properties":{"cell_id":"ucdp-05deg-6.75-8.75","period":"2016-2025","event_count":1,"fatalities_best":150,"fatalities_low":150,"fatalities_high":150,"first_year":2017,"latest_year":2017,"state_based_events":0,"non_state_events":1,"one_sided_events":0,"source_states":"Cross River","best_source_precision":3,"least_source_precision":3,"_label":"ucdp-05deg-6.75-8.75","_status_group":"unknown","_states":["Cross River"]},"geometry":{"type":"Point","coordinates":[8.75,6.75]}},{"type":"Feature","properties":{"cell_id":"ucdp-05deg-6.75-9.25","period":"2016-2025","event_count":22,"fatalities_best":145,"fatalities_low":135,"fatalities_high":177,"first_year":2017,"latest_year":2025,"state_based_events":0,"non_state_events":22,"one_sided_events":0,"source_states":"Benue","best_source_precision":1,"least_source_precision":3,"_label":"ucdp-05deg-6.75-9.25","_status_group":"unknown","_states":["Benue"]},"geometry":{"type":"Point","coordinates":[9.25,6.75]}},{"type":"Feature","properties":{"cell_id":"ucdp-05deg-6.75-9.75","period":"2016-2025","event_count":4,"fatalities_best":23,"fatalities_low":23,"fatalities_high":30,"first_year":2018,"latest_year":2024,"state_based_events":0,"non_state_events":3,"one_sided_events":1,"source_states":"Benue; Taraba","best_source_precision":1,"least_source_precision":2,"_label":"ucdp-05deg-6.75-9.75","_status_group":"unknown","_states":["Taraba"]},"geometry":{"type":"Point","coordinates":[9.75,6.75]}},{"type":"Feature","properties":{"cell_id":"ucdp-05deg-6.75-11.25","period":"2016-2025","event_count":9,"fatalities_best":157,"fatalities_low":157,"fatalities_high":376,"first_year":2017,"latest_year":2018,"state_based_events":0,"non_state_events":9,"one_sided_events":0,"source_states":"Taraba","best_source_precision":1,"least_source_precision":3,"_label":"ucdp-05deg-6.75-11.25","_status_group":"unknown","_states":["Taraba"]},"geometry":{"type":"Point","coordinates":[11.25,6.75]}},{"type":"Feature","properties":{"cell_id":"ucdp-05deg-7.25-2.75","period":"2016-2025","event_count":7,"fatalities_best":16,"fatalities_low":16,"fatalities_high":16,"first_year":2021,"latest_year":2023,"state_based_events":0,"non_state_events":6,"one_sided_events":1,"source_states":"Ogun","best_source_precision":1,"least_source_precision":3,"_label":"ucdp-05deg-7.25-2.75","_status_group":"unknown","_states":["Ogun"]},"geometry":{"type":"Point","coordinates":[2.75,7.25]}},{"type":"Feature","properties":{"cell_id":"ucdp-05deg-7.25-3.25","period":"2016-2025","event_count":14,"fatalities_best":22,"fatalities_low":22,"fatalities_high":24,"first_year":2019,"latest_year":2025,"state_based_events":0,"non_state_events":14,"one_sided_events":0,"source_states":"Ogun","best_source_precision":1,"least_source_precision":2,"_label":"ucdp-05deg-7.25-3.25","_status_group":"unknown","_states":["Ogun"]},"geometry":{"type":"Point","coordinates":[3.25,7.25]}},{"type":"Feature","properties":{"cell_id":"ucdp-05deg-7.25-3.75","period":"2016-2025","event_count":17,"fatalities_best":23,"fatalities_low":22,"fatalities_high":52,"first_year":2016,"latest_year":2025,"state_based_events":0,"non_state_events":16,"one_sided_events":1,"source_states":"Ogun; Oyo","best_source_precision":1,"least_source_precision":3,"_label":"ucdp-05deg-7.25-3.75","_status_group":"unknown","_states":["Ogun"]},"geometry":{"type":"Point","coordinates":[3.75,7.25]}},{"type":"Feature","properties":{"cell_id":"ucdp-05deg-7.25-4.25","period":"2016-2025","event_count":3,"fatalities_best":2,"fatalities_low":0,"fatalities_high":6,"first_year":2025,"latest_year":2025,"state_based_events":0,"non_state_events":2,"one_sided_events":1,"source_states":"Osun","best_source_precision":1,"least_source_precision":3,"_label":"ucdp-05deg-7.25-4.25","_status_group":"unknown","_states":["Osun"]},"geometry":{"type":"Point","coordinates":[4.25,7.25]}},{"type":"Feature","properties":{"cell_id":"ucdp-05deg-7.25-4.75","period":"2016-2025","event_count":10,"fatalities_best":61,"fatalities_low":58,"fatalities_high":63,"first_year":2017,"latest_year":2025,"state_based_events":0,"non_state_events":8,"one_sided_events":2,"source_states":"Ondo; Osun","best_source_precision":1,"least_source_precision":2,"_label":"ucdp-05deg-7.25-4.75","_status_group":"unknown","_states":["Ondo"]},"geometry":{"type":"Point","coordinates":[4.75,7.25]}},{"type":"Feature","properties":{"cell_id":"ucdp-05deg-7.25-5.25","period":"2016-2025","event_count":12,"fatalities_best":54,"fatalities_low":45,"fatalities_high":60,"first_year":2017,"latest_year":2025,"state_based_events":0,"non_state_events":9,"one_sided_events":3,"source_states":"Ekiti; Ondo","best_source_precision":1,"least_source_precision":5,"_label":"ucdp-05deg-7.25-5.25","_status_group":"unknown","_states":["Ondo"]},"geometry":{"type":"Point","coordinates":[5.25,7.25]}},{"type":"Feature","properties":{"cell_id":"ucdp-05deg-7.25-5.75","period":"2016-2025","event_count":5,"fatalities_best":57,"fatalities_low":17,"fatalities_high":62,"first_year":2022,"latest_year":2025,"state_based_events":0,"non_state_events":4,"one_sided_events":1,"source_states":"Ondo","best_source_precision":1,"least_source_precision":3,"_label":"ucdp-05deg-7.25-5.75","_status_group":"unknown","_states":["Ondo"]},"geometry":{"type":"Point","coordinates":[5.75,7.25]}},{"type":"Feature","properties":{"cell_id":"ucdp-05deg-7.25-6.25","period":"2016-2025","event_count":13,"fatalities_best":29,"fatalities_low":29,"fatalities_high":33,"first_year":2016,"latest_year":2025,"state_based_events":3,"non_state_events":9,"one_sided_events":1,"source_states":"Edo","best_source_precision":1,"least_source_precision":3,"_label":"ucdp-05deg-7.25-6.25","_status_group":"unknown","_states":["Edo"]},"geometry":{"type":"Point","coordinates":[6.25,7.25]}},{"type":"Feature","properties":{"cell_id":"ucdp-05deg-7.25-6.75","period":"2016-2025","event_count":2,"fatalities_best":3,"fatalities_low":3,"fatalities_high":3,"first_year":2020,"latest_year":2020,"state_based_events":0,"non_state_events":2,"one_sided_events":0,"source_states":"Kogi","best_source_precision":2,"least_source_precision":2,"_label":"ucdp-05deg-7.25-6.75","_status_group":"unknown","_states":["Kogi"]},"geometry":{"type":"Point","coordinates":[6.75,7.25]}},{"type":"Feature","properties":{"cell_id":"ucdp-05deg-7.25-7.25","period":"2016-2025","event_count":11,"fatalities_best":16,"fatalities_low":16,"fatalities_high":25,"first_year":2019,"latest_year":2023,"state_based_events":1,"non_state_events":10,"one_sided_events":0,"source_states":"Enugu; Kogi","best_source_precision":1,"least_source_precision":3,"_label":"ucdp-05deg-7.25-7.25","_status_group":"unknown","_states":["Kogi"]},"geometry":{"type":"Point","coordinates":[7.25,7.25]}},{"type":"Feature","properties":{"cell_id":"ucdp-05deg-7.25-7.75","period":"2016-2025","event_count":6,"fatalities_best":49,"fatalities_low":34,"fatalities_high":71,"first_year":2017,"latest_year":2024,"state_based_events":0,"non_state_events":6,"one_sided_events":0,"source_states":"Benue","best_source_precision":1,"least_source_precision":3,"_label":"ucdp-05deg-7.25-7.75","_status_group":"unknown","_states":["Kogi"]},"geometry":{"type":"Point","coordinates":[7.75,7.25]}},{"type":"Feature","properties":{"cell_id":"ucdp-05deg-7.25-8.25","period":"2016-2025","event_count":14,"fatalities_best":65,"fatalities_low":62,"fatalities_high":78,"first_year":2017,"latest_year":2025,"state_based_events":0,"non_state_events":14,"one_sided_events":0,"source_states":"Benue","best_source_precision":1,"least_source_precision":3,"_label":"ucdp-05deg-7.25-8.25","_status_group":"unknown","_states":["Benue"]},"geometry":{"type":"Point","coordinates":[8.25,7.25]}},{"type":"Feature","properties":{"cell_id":"ucdp-05deg-7.25-8.75","period":"2016-2025","event_count":4,"fatalities_best":64,"fatalities_low":61,"fatalities_high":91,"first_year":2018,"latest_year":2025,"state_based_events":0,"non_state_events":2,"one_sided_events":2,"source_states":"Benue","best_source_precision":3,"least_source_precision":4,"_label":"ucdp-05deg-7.25-8.75","_status_group":"unknown","_states":["Benue"]},"geometry":{"type":"Point","coordinates":[8.75,7.25]}},{"type":"Feature","properties":{"cell_id":"ucdp-05deg-7.25-9.25","period":"2016-2025","event_count":14,"fatalities_best":122,"fatalities_low":122,"fatalities_high":223,"first_year":2016,"latest_year":2025,"state_based_events":0,"non_state_events":12,"one_sided_events":2,"source_states":"Benue","best_source_precision":1,"least_source_precision":3,"_label":"ucdp-05deg-7.25-9.25","_status_group":"unknown","_states":["Benue"]},"geometry":{"type":"Point","coordinates":[9.25,7.25]}},{"type":"Feature","properties":{"cell_id":"ucdp-05deg-7.25-9.75","period":"2016-2025","event_count":9,"fatalities_best":86,"fatalities_low":76,"fatalities_high":89,"first_year":2019,"latest_year":2025,"state_based_events":0,"non_state_events":9,"one_sided_events":0,"source_states":"Benue; Taraba","best_source_precision":1,"least_source_precision":3,"_label":"ucdp-05deg-7.25-9.75","_status_group":"unknown","_states":["Benue"]},"geometry":{"type":"Point","coordinates":[9.75,7.25]}},{"type":"Feature","properties":{"cell_id":"ucdp-05deg-7.25-10.25","period":"2016-2025","event_count":13,"fatalities_best":63,"fatalities_low":57,"fatalities_high":116,"first_year":2018,"latest_year":2024,"state_based_events":0,"non_state_events":13,"one_sided_events":0,"source_states":"Taraba","best_source_precision":1,"least_source_precision":3,"_label":"ucdp-05deg-7.25-10.25","_status_group":"unknown","_states":["Taraba"]},"geometry":{"type":"Point","coordinates":[10.25,7.25]}},{"type":"Feature","properties":{"cell_id":"ucdp-05deg-7.75-2.75","period":"2016-2025","event_count":3,"fatalities_best":6,"fatalities_low":6,"fatalities_high":8,"first_year":2019,"latest_year":2024,"state_based_events":0,"non_state_events":3,"one_sided_events":0,"source_states":"Ogun","best_source_precision":3,"least_source_precision":3,"_label":"ucdp-05deg-7.75-2.75","_status_group":"unknown","_states":["Ogun"]},"geometry":{"type":"Point","coordinates":[2.75,7.75]}},{"type":"Feature","properties":{"cell_id":"ucdp-05deg-7.75-3.25","period":"2016-2025","event_count":9,"fatalities_best":25,"fatalities_low":21,"fatalities_high":66,"first_year":2020,"latest_year":2023,"state_based_events":0,"non_state_events":6,"one_sided_events":3,"source_states":"Oyo","best_source_precision":1,"least_source_precision":3,"_label":"ucdp-05deg-7.75-3.25","_status_group":"unknown","_states":["Oyo"]},"geometry":{"type":"Point","coordinates":[3.25,7.75]}},{"type":"Feature","properties":{"cell_id":"ucdp-05deg-7.75-3.75","period":"2016-2025","event_count":6,"fatalities_best":15,"fatalities_low":15,"fatalities_high":22,"first_year":2018,"latest_year":2022,"state_based_events":0,"non_state_events":5,"one_sided_events":1,"source_states":"Oyo","best_source_precision":1,"least_source_precision":3,"_label":"ucdp-05deg-7.75-3.75","_status_group":"unknown","_states":["Oyo"]},"geometry":{"type":"Point","coordinates":[3.75,7.75]}},{"type":"Feature","properties":{"cell_id":"ucdp-05deg-7.75-4.25","period":"2016-2025","event_count":3,"fatalities_best":6,"fatalities_low":1,"fatalities_high":6,"first_year":2018,"latest_year":2025,"state_based_events":0,"non_state_events":1,"one_sided_events":2,"source_states":"Osun; Oyo","best_source_precision":1,"least_source_precision":3,"_label":"ucdp-05deg-7.75-4.25","_status_group":"unknown","_states":["Osun"]},"geometry":{"type":"Point","coordinates":[4.25,7.75]}},{"type":"Feature","properties":{"cell_id":"ucdp-05deg-7.75-4.75","period":"2016-2025","event_count":24,"fatalities_best":41,"fatalities_low":36,"fatalities_high":48,"first_year":2019,"latest_year":2025,"state_based_events":0,"non_state_events":19,"one_sided_events":5,"source_states":"Osun","best_source_precision":1,"least_source_precision":4,"_label":"ucdp-05deg-7.75-4.75","_status_group":"unknown","_states":["Osun"]},"geometry":{"type":"Point","coordinates":[4.75,7.75]}},{"type":"Feature","properties":{"cell_id":"ucdp-05deg-7.75-5.25","period":"2016-2025","event_count":2,"fatalities_best":2,"fatalities_low":2,"fatalities_high":2,"first_year":2018,"latest_year":2019,"state_based_events":0,"non_state_events":2,"one_sided_events":0,"source_states":"Ekiti","best_source_precision":1,"least_source_precision":2,"_label":"ucdp-05deg-7.75-5.25","_status_group":"unknown","_states":["Ekiti"]},"geometry":{"type":"Point","coordinates":[5.25,7.75]}},{"type":"Feature","properties":{"cell_id":"ucdp-05deg-7.75-5.75","period":"2016-2025","event_count":5,"fatalities_best":10,"fatalities_low":5,"fatalities_high":10,"first_year":2018,"latest_year":2022,"state_based_events":0,"non_state_events":5,"one_sided_events":0,"source_states":"Ekiti; Kogi; Ondo","best_source_precision":1,"least_source_precision":3,"_label":"ucdp-05deg-7.75-5.75","_status_group":"unknown","_states":["Ekiti"]},"geometry":{"type":"Point","coordinates":[5.75,7.75]}},{"type":"Feature","properties":{"cell_id":"ucdp-05deg-7.75-6.25","period":"2016-2025","event_count":3,"fatalities_best":4,"fatalities_low":4,"fatalities_high":9,"first_year":2019,"latest_year":2022,"state_based_events":1,"non_state_events":0,"one_sided_events":2,"source_states":"Kogi","best_source_precision":1,"least_source_precision":3,"_label":"ucdp-05deg-7.75-6.25","_status_group":"unknown","_states":["Kogi"]},"geometry":{"type":"Point","coordinates":[6.25,7.75]}},{"type":"Feature","properties":{"cell_id":"ucdp-05deg-7.75-6.75","period":"2016-2025","event_count":7,"fatalities_best":39,"fatalities_low":22,"fatalities_high":41,"first_year":2018,"latest_year":2023,"state_based_events":0,"non_state_events":5,"one_sided_events":2,"source_states":"Kogi","best_source_precision":1,"least_source_precision":2,"_label":"ucdp-05deg-7.75-6.75","_status_group":"unknown","_states":["Kogi"]},"geometry":{"type":"Point","coordinates":[6.75,7.75]}},{"type":"Feature","properties":{"cell_id":"ucdp-05deg-7.75-7.25","period":"2016-2025","event_count":12,"fatalities_best":57,"fatalities_low":38,"fatalities_high":72,"first_year":2016,"latest_year":2023,"state_based_events":0,"non_state_events":12,"one_sided_events":0,"source_states":"Kogi","best_source_precision":1,"least_source_precision":3,"_label":"ucdp-05deg-7.75-7.25","_status_group":"unknown","_states":["Kogi"]},"geometry":{"type":"Point","coordinates":[7.25,7.75]}},{"type":"Feature","properties":{"cell_id":"ucdp-05deg-7.75-7.75","period":"2016-2025","event_count":37,"fatalities_best":266,"fatalities_low":250,"fatalities_high":306,"first_year":2016,"latest_year":2025,"state_based_events":0,"non_state_events":37,"one_sided_events":0,"source_states":"Benue; Kogi; Nasarawa","best_source_precision":1,"least_source_precision":5,"_label":"ucdp-05deg-7.75-7.75","_status_group":"unknown","_states":["Benue"]},"geometry":{"type":"Point","coordinates":[7.75,7.75]}},{"type":"Feature","properties":{"cell_id":"ucdp-05deg-7.75-8.25","period":"2016-2025","event_count":60,"fatalities_best":364,"fatalities_low":318,"fatalities_high":564,"first_year":2016,"latest_year":2025,"state_based_events":0,"non_state_events":58,"one_sided_events":2,"source_states":"Benue; Nasarawa","best_source_precision":1,"least_source_precision":3,"_label":"ucdp-05deg-7.75-8.25","_status_group":"unknown","_states":["Benue"]},"geometry":{"type":"Point","coordinates":[8.25,7.75]}},{"type":"Feature","properties":{"cell_id":"ucdp-05deg-7.75-8.75","period":"2016-2025","event_count":95,"fatalities_best":430,"fatalities_low":340,"fatalities_high":552,"first_year":2016,"latest_year":2025,"state_based_events":0,"non_state_events":95,"one_sided_events":0,"source_states":"Benue","best_source_precision":1,"least_source_precision":5,"_label":"ucdp-05deg-7.75-8.75","_status_group":"unknown","_states":["Benue"]},"geometry":{"type":"Point","coordinates":[8.75,7.75]}},{"type":"Feature","properties":{"cell_id":"ucdp-05deg-7.75-9.25","period":"2016-2025","event_count":77,"fatalities_best":388,"fatalities_low":366,"fatalities_high":401,"first_year":2016,"latest_year":2025,"state_based_events":0,"non_state_events":77,"one_sided_events":0,"source_states":"Benue; Taraba","best_source_precision":1,"least_source_precision":5,"_label":"ucdp-05deg-7.75-9.25","_status_group":"unknown","_states":["Benue"]},"geometry":{"type":"Point","coordinates":[9.25,7.75]}},{"type":"Feature","properties":{"cell_id":"ucdp-05deg-7.75-9.75","period":"2016-2025","event_count":55,"fatalities_best":496,"fatalities_low":416,"fatalities_high":589,"first_year":2016,"latest_year":2025,"state_based_events":0,"non_state_events":50,"one_sided_events":5,"source_states":"Benue; Taraba","best_source_precision":1,"least_source_precision":5,"_label":"ucdp-05deg-7.75-9.75","_status_group":"unknown","_states":["Taraba"]},"geometry":{"type":"Point","coordinates":[9.75,7.75]}},{"type":"Feature","properties":{"cell_id":"ucdp-05deg-7.75-10.25","period":"2016-2025","event_count":10,"fatalities_best":29,"fatalities_low":15,"fatalities_high":49,"first_year":2018,"latest_year":2020,"state_based_events":0,"non_state_events":10,"one_sided_events":0,"source_states":"Taraba","best_source_precision":2,"least_source_precision":3,"_label":"ucdp-05deg-7.75-10.25","_status_group":"unknown","_states":["Taraba"]},"geometry":{"type":"Point","coordinates":[10.25,7.75]}},{"type":"Feature","properties":{"cell_id":"ucdp-05deg-7.75-10.75","period":"2016-2025","event_count":5,"fatalities_best":25,"fatalities_low":24,"fatalities_high":24,"first_year":2017,"latest_year":2024,"state_based_events":0,"non_state_events":5,"one_sided_events":0,"source_states":"Taraba","best_source_precision":1,"least_source_precision":2,"_label":"ucdp-05deg-7.75-10.75","_status_group":"unknown","_states":["Taraba"]},"geometry":{"type":"Point","coordinates":[10.75,7.75]}},{"type":"Feature","properties":{"cell_id":"ucdp-05deg-7.75-11.75","period":"2016-2025","event_count":1,"fatalities_best":3,"fatalities_low":3,"fatalities_high":3,"first_year":2021,"latest_year":2021,"state_based_events":0,"non_state_events":1,"one_sided_events":0,"source_states":"Adamawa","best_source_precision":3,"least_source_precision":3,"_label":"ucdp-05deg-7.75-11.75","_status_group":"unknown","_states":["Adamawa"]},"geometry":{"type":"Point","coordinates":[11.75,7.75]}},{"type":"Feature","properties":{"cell_id":"ucdp-05deg-8.25-3.25","period":"2016-2025","event_count":2,"fatalities_best":2,"fatalities_low":2,"fatalities_high":2,"first_year":2023,"latest_year":2025,"state_based_events":0,"non_state_events":2,"one_sided_events":0,"source_states":"Oyo","best_source_precision":3,"least_source_precision":3,"_label":"ucdp-05deg-8.25-3.25","_status_group":"unknown","_states":["Oyo"]},"geometry":{"type":"Point","coordinates":[3.25,8.25]}},{"type":"Feature","properties":{"cell_id":"ucdp-05deg-8.25-4.25","period":"2016-2025","event_count":8,"fatalities_best":11,"fatalities_low":11,"fatalities_high":13,"first_year":2020,"latest_year":2025,"state_based_events":0,"non_state_events":8,"one_sided_events":0,"source_states":"Kwara; Oyo","best_source_precision":1,"least_source_precision":4,"_label":"ucdp-05deg-8.25-4.25","_status_group":"unknown","_states":["Oyo"]},"geometry":{"type":"Point","coordinates":[4.25,8.25]}},{"type":"Feature","properties":{"cell_id":"ucdp-05deg-8.25-5.75","period":"2016-2025","event_count":4,"fatalities_best":20,"fatalities_low":16,"fatalities_high":20,"first_year":2018,"latest_year":2023,"state_based_events":0,"non_state_events":4,"one_sided_events":0,"source_states":"Kogi","best_source_precision":1,"least_source_precision":3,"_label":"ucdp-05deg-8.25-5.75","_status_group":"unknown","_states":["Kogi"]},"geometry":{"type":"Point","coordinates":[5.75,8.25]}},{"type":"Feature","properties":{"cell_id":"ucdp-05deg-8.25-6.75","period":"2016-2025","event_count":3,"fatalities_best":1,"fatalities_low":1,"fatalities_high":24,"first_year":2016,"latest_year":2020,"state_based_events":0,"non_state_events":3,"one_sided_events":0,"source_states":"Kogi","best_source_precision":1,"least_source_precision":3,"_label":"ucdp-05deg-8.25-6.75","_status_group":"unknown","_states":["Kogi"]},"geometry":{"type":"Point","coordinates":[6.75,8.25]}},{"type":"Feature","properties":{"cell_id":"ucdp-05deg-8.25-7.25","period":"2016-2025","event_count":8,"fatalities_best":29,"fatalities_low":16,"fatalities_high":94,"first_year":2016,"latest_year":2023,"state_based_events":0,"non_state_events":8,"one_sided_events":0,"source_states":"Nasarawa","best_source_precision":1,"least_source_precision":3,"_label":"ucdp-05deg-8.25-7.25","_status_group":"unknown","_states":["Nasarawa"]},"geometry":{"type":"Point","coordinates":[7.25,8.25]}},{"type":"Feature","properties":{"cell_id":"ucdp-05deg-8.25-7.75","period":"2016-2025","event_count":3,"fatalities_best":48,"fatalities_low":33,"fatalities_high":58,"first_year":2016,"latest_year":2025,"state_based_events":0,"non_state_events":3,"one_sided_events":0,"source_states":"Benue; Nasarawa","best_source_precision":1,"least_source_precision":3,"_label":"ucdp-05deg-8.25-7.75","_status_group":"unknown","_states":["Nasarawa"]},"geometry":{"type":"Point","coordinates":[7.75,8.25]}},{"type":"Feature","properties":{"cell_id":"ucdp-05deg-8.25-8.25","period":"2016-2025","event_count":8,"fatalities_best":76,"fatalities_low":76,"fatalities_high":77,"first_year":2018,"latest_year":2025,"state_based_events":0,"non_state_events":8,"one_sided_events":0,"source_states":"Benue; Nasarawa","best_source_precision":1,"least_source_precision":5,"_label":"ucdp-05deg-8.25-8.25","_status_group":"unknown","_states":["Nasarawa"]},"geometry":{"type":"Point","coordinates":[8.25,8.25]}},{"type":"Feature","properties":{"cell_id":"ucdp-05deg-8.25-8.75","period":"2016-2025","event_count":67,"fatalities_best":344,"fatalities_low":270,"fatalities_high":394,"first_year":2016,"latest_year":2025,"state_based_events":0,"non_state_events":67,"one_sided_events":0,"source_states":"Benue; Nasarawa","best_source_precision":1,"least_source_precision":3,"_label":"ucdp-05deg-8.25-8.75","_status_group":"unknown","_states":["Nasarawa"]},"geometry":{"type":"Point","coordinates":[8.75,8.25]}},{"type":"Feature","properties":{"cell_id":"ucdp-05deg-8.25-9.25","period":"2016-2025","event_count":7,"fatalities_best":36,"fatalities_low":36,"fatalities_high":37,"first_year":2018,"latest_year":2025,"state_based_events":0,"non_state_events":7,"one_sided_events":0,"source_states":"Nasarawa; Taraba","best_source_precision":1,"least_source_precision":3,"_label":"ucdp-05deg-8.25-9.25","_status_group":"unknown","_states":["Nasarawa"]},"geometry":{"type":"Point","coordinates":[9.25,8.25]}},{"type":"Feature","properties":{"cell_id":"ucdp-05deg-8.25-9.75","period":"2016-2025","event_count":5,"fatalities_best":12,"fatalities_low":12,"fatalities_high":12,"first_year":2018,"latest_year":2020,"state_based_events":0,"non_state_events":5,"one_sided_events":0,"source_states":"Taraba","best_source_precision":1,"least_source_precision":3,"_label":"ucdp-05deg-8.25-9.75","_status_group":"unknown","_states":["Taraba"]},"geometry":{"type":"Point","coordinates":[9.75,8.25]}},{"type":"Feature","properties":{"cell_id":"ucdp-05deg-8.25-10.25","period":"2016-2025","event_count":5,"fatalities_best":23,"fatalities_low":23,"fatalities_high":23,"first_year":2016,"latest_year":2021,"state_based_events":0,"non_state_events":5,"one_sided_events":0,"source_states":"Taraba","best_source_precision":1,"least_source_precision":2,"_label":"ucdp-05deg-8.25-10.25","_status_group":"unknown","_states":["Taraba"]},"geometry":{"type":"Point","coordinates":[10.25,8.25]}},{"type":"Feature","properties":{"cell_id":"ucdp-05deg-8.25-10.75","period":"2016-2025","event_count":27,"fatalities_best":168,"fatalities_low":169,"fatalities_high":177,"first_year":2016,"latest_year":2025,"state_based_events":0,"non_state_events":26,"one_sided_events":1,"source_states":"Taraba","best_source_precision":1,"least_source_precision":5,"_label":"ucdp-05deg-8.25-10.75","_status_group":"unknown","_states":["Taraba"]},"geometry":{"type":"Point","coordinates":[10.75,8.25]}},{"type":"Feature","properties":{"cell_id":"ucdp-05deg-8.75-3.25","period":"2016-2025","event_count":1,"fatalities_best":1,"fatalities_low":1,"fatalities_high":1,"first_year":2017,"latest_year":2017,"state_based_events":0,"non_state_events":1,"one_sided_events":0,"source_states":"Oyo","best_source_precision":2,"least_source_precision":2,"_label":"ucdp-05deg-8.75-3.25","_status_group":"unknown","_states":["Oyo"]},"geometry":{"type":"Point","coordinates":[3.25,8.75]}},{"type":"Feature","properties":{"cell_id":"ucdp-05deg-8.75-3.75","period":"2016-2025","event_count":2,"fatalities_best":4,"fatalities_low":4,"fatalities_high":4,"first_year":2019,"latest_year":2025,"state_based_events":0,"non_state_events":1,"one_sided_events":1,"source_states":"Oyo","best_source_precision":1,"least_source_precision":1,"_label":"ucdp-05deg-8.75-3.75","_status_group":"unknown","_states":["Oyo"]},"geometry":{"type":"Point","coordinates":[3.75,8.75]}},{"type":"Feature","properties":{"cell_id":"ucdp-05deg-8.75-4.75","period":"2016-2025","event_count":19,"fatalities_best":36,"fatalities_low":30,"fatalities_high":40,"first_year":2017,"latest_year":2025,"state_based_events":0,"non_state_events":18,"one_sided_events":1,"source_states":"Kwara","best_source_precision":1,"least_source_precision":2,"_label":"ucdp-05deg-8.75-4.75","_status_group":"unknown","_states":["Kwara"]},"geometry":{"type":"Point","coordinates":[4.75,8.75]}},{"type":"Feature","properties":{"cell_id":"ucdp-05deg-8.75-5.25","period":"2016-2025","event_count":1,"fatalities_best":1,"fatalities_low":1,"fatalities_high":1,"first_year":2022,"latest_year":2022,"state_based_events":0,"non_state_events":1,"one_sided_events":0,"source_states":"Kwara","best_source_precision":4,"least_source_precision":4,"_label":"ucdp-05deg-8.75-5.25","_status_group":"unknown","_states":["Kwara"]},"geometry":{"type":"Point","coordinates":[5.25,8.75]}},{"type":"Feature","properties":{"cell_id":"ucdp-05deg-8.75-6.75","period":"2016-2025","event_count":1,"fatalities_best":2,"fatalities_low":2,"fatalities_high":2,"first_year":2023,"latest_year":2023,"state_based_events":0,"non_state_events":1,"one_sided_events":0,"source_states":"Abuja Federal Capital Territory","best_source_precision":3,"least_source_precision":3,"_label":"ucdp-05deg-8.75-6.75","_status_group":"unknown","_states":["Niger"]},"geometry":{"type":"Point","coordinates":[6.75,8.75]}},{"type":"Feature","properties":{"cell_id":"ucdp-05deg-8.75-7.25","period":"2016-2025","event_count":8,"fatalities_best":14,"fatalities_low":14,"fatalities_high":21,"first_year":2018,"latest_year":2025,"state_based_events":1,"non_state_events":7,"one_sided_events":0,"source_states":"Abuja Federal Capital Territory; Nasarawa","best_source_precision":1,"least_source_precision":3,"_label":"ucdp-05deg-8.75-7.25","_status_group":"unknown","_states":["Abuja Federal Capital Territory"]},"geometry":{"type":"Point","coordinates":[7.25,8.75]}},{"type":"Feature","properties":{"cell_id":"ucdp-05deg-8.75-8.25","period":"2016-2025","event_count":5,"fatalities_best":60,"fatalities_low":23,"fatalities_high":60,"first_year":2016,"latest_year":2023,"state_based_events":0,"non_state_events":5,"one_sided_events":0,"source_states":"Nasarawa","best_source_precision":1,"least_source_precision":4,"_label":"ucdp-05deg-8.75-8.25","_status_group":"unknown","_states":["Nasarawa"]},"geometry":{"type":"Point","coordinates":[8.25,8.75]}},{"type":"Feature","properties":{"cell_id":"ucdp-05deg-8.75-8.75","period":"2016-2025","event_count":1,"fatalities_best":15,"fatalities_low":15,"fatalities_high":16,"first_year":2018,"latest_year":2018,"state_based_events":0,"non_state_events":1,"one_sided_events":0,"source_states":"Nasarawa","best_source_precision":3,"least_source_precision":3,"_label":"ucdp-05deg-8.75-8.75","_status_group":"unknown","_states":["Nasarawa"]},"geometry":{"type":"Point","coordinates":[8.75,8.75]}},{"type":"Feature","properties":{"cell_id":"ucdp-05deg-8.75-11.25","period":"2016-2025","event_count":9,"fatalities_best":38,"fatalities_low":32,"fatalities_high":88,"first_year":2018,"latest_year":2023,"state_based_events":0,"non_state_events":8,"one_sided_events":1,"source_states":"Taraba","best_source_precision":1,"least_source_precision":3,"_label":"ucdp-05deg-8.75-11.25","_status_group":"unknown","_states":["Taraba"]},"geometry":{"type":"Point","coordinates":[11.25,8.75]}},{"type":"Feature","properties":{"cell_id":"ucdp-05deg-9.25-6.75","period":"2016-2025","event_count":1,"fatalities_best":1,"fatalities_low":0,"fatalities_high":1,"first_year":2025,"latest_year":2025,"state_based_events":0,"non_state_events":1,"one_sided_events":0,"source_states":"Niger","best_source_precision":1,"least_source_precision":1,"_label":"ucdp-05deg-9.25-6.75","_status_group":"unknown","_states":["Niger"]},"geometry":{"type":"Point","coordinates":[6.75,9.25]}},{"type":"Feature","properties":{"cell_id":"ucdp-05deg-9.25-7.25","period":"2016-2025","event_count":2,"fatalities_best":4,"fatalities_low":4,"fatalities_high":5,"first_year":2022,"latest_year":2022,"state_based_events":2,"non_state_events":0,"one_sided_events":0,"source_states":"Abuja Federal Capital Territory; Niger","best_source_precision":1,"least_source_precision":2,"_label":"ucdp-05deg-9.25-7.25","_status_group":"unknown","_states":["Niger"]},"geometry":{"type":"Point","coordinates":[7.25,9.25]}},{"type":"Feature","properties":{"cell_id":"ucdp-05deg-9.25-7.75","period":"2016-2025","event_count":10,"fatalities_best":96,"fatalities_low":94,"fatalities_high":97,"first_year":2018,"latest_year":2025,"state_based_events":0,"non_state_events":2,"one_sided_events":8,"source_states":"Abuja Federal Capital Territory; Nasarawa","best_source_precision":1,"least_source_precision":2,"_label":"ucdp-05deg-9.25-7.75","_status_group":"unknown","_states":["Nasarawa"]},"geometry":{"type":"Point","coordinates":[7.75,9.25]}},{"type":"Feature","properties":{"cell_id":"ucdp-05deg-9.25-8.25","period":"2016-2025","event_count":17,"fatalities_best":133,"fatalities_low":120,"fatalities_high":180,"first_year":2016,"latest_year":2020,"state_based_events":0,"non_state_events":17,"one_sided_events":0,"source_states":"Kaduna","best_source_precision":1,"least_source_precision":3,"_label":"ucdp-05deg-9.25-8.25","_status_group":"unknown","_states":["Kaduna"]},"geometry":{"type":"Point","coordinates":[8.25,9.25]}},{"type":"Feature","properties":{"cell_id":"ucdp-05deg-9.25-8.75","period":"2016-2025","event_count":27,"fatalities_best":321,"fatalities_low":317,"fatalities_high":353,"first_year":2016,"latest_year":2025,"state_based_events":0,"non_state_events":27,"one_sided_events":0,"source_states":"Plateau","best_source_precision":1,"least_source_precision":5,"_label":"ucdp-05deg-9.25-8.75","_status_group":"unknown","_states":["Plateau"]},"geometry":{"type":"Point","coordinates":[8.75,9.25]}},{"type":"Feature","properties":{"cell_id":"ucdp-05deg-9.25-9.25","period":"2016-2025","event_count":39,"fatalities_best":382,"fatalities_low":373,"fatalities_high":412,"first_year":2018,"latest_year":2025,"state_based_events":0,"non_state_events":38,"one_sided_events":1,"source_states":"Plateau","best_source_precision":1,"least_source_precision":3,"_label":"ucdp-05deg-9.25-9.25","_status_group":"unknown","_states":["Plateau"]},"geometry":{"type":"Point","coordinates":[9.25,9.25]}},{"type":"Feature","properties":{"cell_id":"ucdp-05deg-9.25-9.75","period":"2016-2025","event_count":3,"fatalities_best":2,"fatalities_low":2,"fatalities_high":4,"first_year":2017,"latest_year":2022,"state_based_events":0,"non_state_events":3,"one_sided_events":0,"source_states":"Plateau","best_source_precision":4,"least_source_precision":4,"_label":"ucdp-05deg-9.25-9.75","_status_group":"unknown","_states":["Plateau"]},"geometry":{"type":"Point","coordinates":[9.75,9.25]}},{"type":"Feature","properties":{"cell_id":"ucdp-05deg-9.25-10.75","period":"2016-2025","event_count":1,"fatalities_best":20,"fatalities_low":20,"fatalities_high":20,"first_year":2023,"latest_year":2023,"state_based_events":0,"non_state_events":1,"one_sided_events":0,"source_states":"Taraba","best_source_precision":3,"least_source_precision":3,"_label":"ucdp-05deg-9.25-10.75","_status_group":"unknown","_states":["Taraba"]},"geometry":{"type":"Point","coordinates":[10.75,9.25]}},{"type":"Feature","properties":{"cell_id":"ucdp-05deg-9.25-11.25","period":"2016-2025","event_count":13,"fatalities_best":203,"fatalities_low":134,"fatalities_high":225,"first_year":2018,"latest_year":2025,"state_based_events":0,"non_state_events":13,"one_sided_events":0,"source_states":"Taraba","best_source_precision":1,"least_source_precision":3,"_label":"ucdp-05deg-9.25-11.25","_status_group":"unknown","_states":["Taraba"]},"geometry":{"type":"Point","coordinates":[11.25,9.25]}},{"type":"Feature","properties":{"cell_id":"ucdp-05deg-9.25-11.75","period":"2016-2025","event_count":27,"fatalities_best":209,"fatalities_low":201,"fatalities_high":244,"first_year":2017,"latest_year":2019,"state_based_events":0,"non_state_events":27,"one_sided_events":0,"source_states":"Adamawa; Taraba","best_source_precision":1,"least_source_precision":3,"_label":"ucdp-05deg-9.25-11.75","_status_group":"unknown","_states":["Adamawa"]},"geometry":{"type":"Point","coordinates":[11.75,9.25]}},{"type":"Feature","properties":{"cell_id":"ucdp-05deg-9.25-12.25","period":"2016-2025","event_count":15,"fatalities_best":139,"fatalities_low":124,"fatalities_high":157,"first_year":2016,"latest_year":2024,"state_based_events":0,"non_state_events":14,"one_sided_events":1,"source_states":"Adamawa","best_source_precision":1,"least_source_precision":3,"_label":"ucdp-05deg-9.25-12.25","_status_group":"unknown","_states":["Adamawa"]},"geometry":{"type":"Point","coordinates":[12.25,9.25]}},{"type":"Feature","properties":{"cell_id":"ucdp-05deg-9.25-12.75","period":"2016-2025","event_count":5,"fatalities_best":21,"fatalities_low":21,"fatalities_high":26,"first_year":2020,"latest_year":2025,"state_based_events":0,"non_state_events":1,"one_sided_events":4,"source_states":"Adamawa","best_source_precision":4,"least_source_precision":4,"_label":"ucdp-05deg-9.25-12.75","_status_group":"unknown","_states":["Adamawa"]},"geometry":{"type":"Point","coordinates":[12.75,9.25]}},{"type":"Feature","properties":{"cell_id":"ucdp-05deg-9.75-4.75","period":"2016-2025","event_count":2,"fatalities_best":11,"fatalities_low":11,"fatalities_high":11,"first_year":2022,"latest_year":2022,"state_based_events":2,"non_state_events":0,"one_sided_events":0,"source_states":"Niger","best_source_precision":1,"least_source_precision":2,"_label":"ucdp-05deg-9.75-4.75","_status_group":"unknown","_states":["Niger"]},"geometry":{"type":"Point","coordinates":[4.75,9.75]}},{"type":"Feature","properties":{"cell_id":"ucdp-05deg-9.75-6.25","period":"2016-2025","event_count":1,"fatalities_best":4,"fatalities_low":4,"fatalities_high":4,"first_year":2017,"latest_year":2017,"state_based_events":0,"non_state_events":1,"one_sided_events":0,"source_states":"Niger","best_source_precision":3,"least_source_precision":3,"_label":"ucdp-05deg-9.75-6.25","_status_group":"unknown","_states":["Niger"]},"geometry":{"type":"Point","coordinates":[6.25,9.75]}},{"type":"Feature","properties":{"cell_id":"ucdp-05deg-9.75-6.75","period":"2016-2025","event_count":1,"fatalities_best":1,"fatalities_low":1,"fatalities_high":1,"first_year":2023,"latest_year":2023,"state_based_events":0,"non_state_events":0,"one_sided_events":1,"source_states":"Niger","best_source_precision":1,"least_source_precision":1,"_label":"ucdp-05deg-9.75-6.75","_status_group":"unknown","_states":["Niger"]},"geometry":{"type":"Point","coordinates":[6.75,9.75]}},{"type":"Feature","properties":{"cell_id":"ucdp-05deg-9.75-7.25","period":"2016-2025","event_count":3,"fatalities_best":11,"fatalities_low":11,"fatalities_high":11,"first_year":2019,"latest_year":2024,"state_based_events":1,"non_state_events":0,"one_sided_events":2,"source_states":"Kaduna; Niger","best_source_precision":1,"least_source_precision":5,"_label":"ucdp-05deg-9.75-7.25","_status_group":"unknown","_states":["Kaduna"]},"geometry":{"type":"Point","coordinates":[7.25,9.75]}},{"type":"Feature","properties":{"cell_id":"ucdp-05deg-9.75-7.75","period":"2016-2025","event_count":1,"fatalities_best":2,"fatalities_low":2,"fatalities_high":2,"first_year":2024,"latest_year":2024,"state_based_events":0,"non_state_events":0,"one_sided_events":1,"source_states":"Kaduna","best_source_precision":3,"least_source_precision":3,"_label":"ucdp-05deg-9.75-7.75","_status_group":"unknown","_states":["Kaduna"]},"geometry":{"type":"Point","coordinates":[7.75,9.75]}},{"type":"Feature","properties":{"cell_id":"ucdp-05deg-9.75-8.25","period":"2016-2025","event_count":39,"fatalities_best":277,"fatalities_low":201,"fatalities_high":299,"first_year":2016,"latest_year":2023,"state_based_events":0,"non_state_events":39,"one_sided_events":0,"source_states":"Kaduna","best_source_precision":1,"least_source_precision":5,"_label":"ucdp-05deg-9.75-8.25","_status_group":"unknown","_states":["Kaduna"]},"geometry":{"type":"Point","coordinates":[8.25,9.75]}},{"type":"Feature","properties":{"cell_id":"ucdp-05deg-9.75-8.75","period":"2016-2025","event_count":163,"fatalities_best":838,"fatalities_low":787,"fatalities_high":1056,"first_year":2017,"latest_year":2025,"state_based_events":0,"non_state_events":157,"one_sided_events":6,"source_states":"Kaduna; Plateau","best_source_precision":1,"least_source_precision":5,"_label":"ucdp-05deg-9.75-8.75","_status_group":"unknown","_states":["Plateau"]},"geometry":{"type":"Point","coordinates":[8.75,9.75]}},{"type":"Feature","properties":{"cell_id":"ucdp-05deg-9.75-9.25","period":"2016-2025","event_count":11,"fatalities_best":52,"fatalities_low":51,"fatalities_high":53,"first_year":2018,"latest_year":2025,"state_based_events":0,"non_state_events":10,"one_sided_events":1,"source_states":"Bauchi; Plateau","best_source_precision":1,"least_source_precision":2,"_label":"ucdp-05deg-9.75-9.25","_status_group":"unknown","_states":["Bauchi"]},"geometry":{"type":"Point","coordinates":[9.25,9.75]}},{"type":"Feature","properties":{"cell_id":"ucdp-05deg-9.75-9.75","period":"2016-2025","event_count":1,"fatalities_best":1,"fatalities_low":1,"fatalities_high":1,"first_year":2025,"latest_year":2025,"state_based_events":0,"non_state_events":1,"one_sided_events":0,"source_states":"Bauchi","best_source_precision":3,"least_source_precision":3,"_label":"ucdp-05deg-9.75-9.75","_status_group":"unknown","_states":["Bauchi"]},"geometry":{"type":"Point","coordinates":[9.75,9.75]}},{"type":"Feature","properties":{"cell_id":"ucdp-05deg-9.75-10.25","period":"2016-2025","event_count":1,"fatalities_best":1,"fatalities_low":1,"fatalities_high":1,"first_year":2023,"latest_year":2023,"state_based_events":0,"non_state_events":1,"one_sided_events":0,"source_states":"Bauchi","best_source_precision":3,"least_source_precision":3,"_label":"ucdp-05deg-9.75-10.25","_status_group":"unknown","_states":["Bauchi"]},"geometry":{"type":"Point","coordinates":[10.25,9.75]}},{"type":"Feature","properties":{"cell_id":"ucdp-05deg-9.75-11.25","period":"2016-2025","event_count":1,"fatalities_best":2,"fatalities_low":1,"fatalities_high":5,"first_year":2024,"latest_year":2024,"state_based_events":0,"non_state_events":1,"one_sided_events":0,"source_states":"Gombe","best_source_precision":3,"least_source_precision":3,"_label":"ucdp-05deg-9.75-11.25","_status_group":"unknown","_states":["Gombe"]},"geometry":{"type":"Point","coordinates":[11.25,9.75]}},{"type":"Feature","properties":{"cell_id":"ucdp-05deg-9.75-11.75","period":"2016-2025","event_count":13,"fatalities_best":113,"fatalities_low":110,"fatalities_high":124,"first_year":2018,"latest_year":2025,"state_based_events":0,"non_state_events":12,"one_sided_events":1,"source_states":"Adamawa; Gombe","best_source_precision":1,"least_source_precision":3,"_label":"ucdp-05deg-9.75-11.75","_status_group":"unknown","_states":["Gombe"]},"geometry":{"type":"Point","coordinates":[11.75,9.75]}},{"type":"Feature","properties":{"cell_id":"ucdp-05deg-9.75-12.25","period":"2016-2025","event_count":8,"fatalities_best":26,"fatalities_low":26,"fatalities_high":30,"first_year":2017,"latest_year":2022,"state_based_events":0,"non_state_events":7,"one_sided_events":1,"source_states":"Adamawa","best_source_precision":1,"least_source_precision":3,"_label":"ucdp-05deg-9.75-12.25","_status_group":"unknown","_states":["Adamawa"]},"geometry":{"type":"Point","coordinates":[12.25,9.75]}},{"type":"Feature","properties":{"cell_id":"ucdp-05deg-9.75-12.75","period":"2016-2025","event_count":2,"fatalities_best":15,"fatalities_low":15,"fatalities_high":15,"first_year":2018,"latest_year":2024,"state_based_events":0,"non_state_events":2,"one_sided_events":0,"source_states":"Adamawa","best_source_precision":3,"least_source_precision":3,"_label":"ucdp-05deg-9.75-12.75","_status_group":"unknown","_states":["Adamawa"]},"geometry":{"type":"Point","coordinates":[12.75,9.75]}},{"type":"Feature","properties":{"cell_id":"ucdp-05deg-9.75-13.25","period":"2016-2025","event_count":1,"fatalities_best":1,"fatalities_low":1,"fatalities_high":1,"first_year":2020,"latest_year":2020,"state_based_events":0,"non_state_events":0,"one_sided_events":1,"source_states":"Adamawa","best_source_precision":3,"least_source_precision":3,"_label":"ucdp-05deg-9.75-13.25","_status_group":"unknown","_states":["Adamawa"]},"geometry":{"type":"Point","coordinates":[13.25,9.75]}},{"type":"Feature","properties":{"cell_id":"ucdp-05deg-10.25-3.75","period":"2016-2025","event_count":1,"fatalities_best":3,"fatalities_low":3,"fatalities_high":3,"first_year":2023,"latest_year":2023,"state_based_events":0,"non_state_events":0,"one_sided_events":1,"source_states":"Niger","best_source_precision":2,"least_source_precision":2,"_label":"ucdp-05deg-10.25-3.75","_status_group":"unknown","_states":["Niger"]},"geometry":{"type":"Point","coordinates":[3.75,10.25]}},{"type":"Feature","properties":{"cell_id":"ucdp-05deg-10.25-5.25","period":"2016-2025","event_count":1,"fatalities_best":1,"fatalities_low":1,"fatalities_high":1,"first_year":2019,"latest_year":2019,"state_based_events":0,"non_state_events":0,"one_sided_events":1,"source_states":"Niger","best_source_precision":1,"least_source_precision":1,"_label":"ucdp-05deg-10.25-5.25","_status_group":"unknown","_states":["Niger"]},"geometry":{"type":"Point","coordinates":[5.25,10.25]}},{"type":"Feature","properties":{"cell_id":"ucdp-05deg-10.25-6.25","period":"2016-2025","event_count":3,"fatalities_best":15,"fatalities_low":15,"fatalities_high":15,"first_year":2016,"latest_year":2025,"state_based_events":0,"non_state_events":2,"one_sided_events":1,"source_states":"Niger","best_source_precision":1,"least_source_precision":4,"_label":"ucdp-05deg-10.25-6.25","_status_group":"unknown","_states":["Niger"]},"geometry":{"type":"Point","coordinates":[6.25,10.25]}},{"type":"Feature","properties":{"cell_id":"ucdp-05deg-10.25-6.75","period":"2016-2025","event_count":8,"fatalities_best":77,"fatalities_low":55,"fatalities_high":112,"first_year":2022,"latest_year":2025,"state_based_events":7,"non_state_events":0,"one_sided_events":1,"source_states":"Niger","best_source_precision":1,"least_source_precision":5,"_label":"ucdp-05deg-10.25-6.75","_status_group":"unknown","_states":["Niger"]},"geometry":{"type":"Point","coordinates":[6.75,10.25]}},{"type":"Feature","properties":{"cell_id":"ucdp-05deg-10.25-7.25","period":"2016-2025","event_count":2,"fatalities_best":2,"fatalities_low":0,"fatalities_high":11,"first_year":2021,"latest_year":2022,"state_based_events":0,"non_state_events":0,"one_sided_events":2,"source_states":"Kaduna; Niger","best_source_precision":1,"least_source_precision":3,"_label":"ucdp-05deg-10.25-7.25","_status_group":"unknown","_states":["Kaduna"]},"geometry":{"type":"Point","coordinates":[7.25,10.25]}},{"type":"Feature","properties":{"cell_id":"ucdp-05deg-10.25-7.75","period":"2016-2025","event_count":27,"fatalities_best":379,"fatalities_low":372,"fatalities_high":510,"first_year":2017,"latest_year":2025,"state_based_events":0,"non_state_events":26,"one_sided_events":1,"source_states":"Kaduna","best_source_precision":1,"least_source_precision":5,"_label":"ucdp-05deg-10.25-7.75","_status_group":"unknown","_states":["Kaduna"]},"geometry":{"type":"Point","coordinates":[7.75,10.25]}},{"type":"Feature","properties":{"cell_id":"ucdp-05deg-10.25-8.25","period":"2016-2025","event_count":12,"fatalities_best":45,"fatalities_low":45,"fatalities_high":48,"first_year":2019,"latest_year":2025,"state_based_events":2,"non_state_events":7,"one_sided_events":3,"source_states":"Kaduna","best_source_precision":1,"least_source_precision":6,"_label":"ucdp-05deg-10.25-8.25","_status_group":"unknown","_states":["Kaduna"]},"geometry":{"type":"Point","coordinates":[8.25,10.25]}},{"type":"Feature","properties":{"cell_id":"ucdp-05deg-10.25-8.75","period":"2016-2025","event_count":51,"fatalities_best":218,"fatalities_low":210,"fatalities_high":257,"first_year":2017,"latest_year":2025,"state_based_events":0,"non_state_events":51,"one_sided_events":0,"source_states":"Plateau","best_source_precision":1,"least_source_precision":3,"_label":"ucdp-05deg-10.25-8.75","_status_group":"unknown","_states":["Plateau"]},"geometry":{"type":"Point","coordinates":[8.75,10.25]}},{"type":"Feature","properties":{"cell_id":"ucdp-05deg-10.25-9.75","period":"2016-2025","event_count":3,"fatalities_best":6,"fatalities_low":5,"fatalities_high":6,"first_year":2019,"latest_year":2024,"state_based_events":0,"non_state_events":1,"one_sided_events":2,"source_states":"Bauchi","best_source_precision":1,"least_source_precision":2,"_label":"ucdp-05deg-10.25-9.75","_status_group":"unknown","_states":["Bauchi"]},"geometry":{"type":"Point","coordinates":[9.75,10.25]}},{"type":"Feature","properties":{"cell_id":"ucdp-05deg-10.25-10.25","period":"2016-2025","event_count":1,"fatalities_best":1,"fatalities_low":1,"fatalities_high":1,"first_year":2025,"latest_year":2025,"state_based_events":0,"non_state_events":1,"one_sided_events":0,"source_states":"Bauchi","best_source_precision":2,"least_source_precision":2,"_label":"ucdp-05deg-10.25-10.25","_status_group":"unknown","_states":["Bauchi"]},"geometry":{"type":"Point","coordinates":[10.25,10.25]}},{"type":"Feature","properties":{"cell_id":"ucdp-05deg-10.25-11.25","period":"2016-2025","event_count":3,"fatalities_best":1,"fatalities_low":1,"fatalities_high":6,"first_year":2020,"latest_year":2024,"state_based_events":0,"non_state_events":3,"one_sided_events":0,"source_states":"Gombe","best_source_precision":1,"least_source_precision":4,"_label":"ucdp-05deg-10.25-11.25","_status_group":"unknown","_states":["Gombe"]},"geometry":{"type":"Point","coordinates":[11.25,10.25]}},{"type":"Feature","properties":{"cell_id":"ucdp-05deg-10.25-11.75","period":"2016-2025","event_count":2,"fatalities_best":9,"fatalities_low":9,"fatalities_high":9,"first_year":2019,"latest_year":2022,"state_based_events":1,"non_state_events":1,"one_sided_events":0,"source_states":"Borno","best_source_precision":3,"least_source_precision":3,"_label":"ucdp-05deg-10.25-11.75","_status_group":"unknown","_states":["Borno"]},"geometry":{"type":"Point","coordinates":[11.75,10.25]}},{"type":"Feature","properties":{"cell_id":"ucdp-05deg-10.25-12.25","period":"2016-2025","event_count":2,"fatalities_best":52,"fatalities_low":52,"fatalities_high":52,"first_year":2020,"latest_year":2020,"state_based_events":2,"non_state_events":0,"one_sided_events":0,"source_states":"Borno","best_source_precision":3,"least_source_precision":3,"_label":"ucdp-05deg-10.25-12.25","_status_group":"unknown","_states":["Adamawa"]},"geometry":{"type":"Point","coordinates":[12.25,10.25]}},{"type":"Feature","properties":{"cell_id":"ucdp-05deg-10.25-12.75","period":"2016-2025","event_count":19,"fatalities_best":119,"fatalities_low":89,"fatalities_high":137,"first_year":2016,"latest_year":2025,"state_based_events":4,"non_state_events":3,"one_sided_events":12,"source_states":"Adamawa; Borno","best_source_precision":1,"least_source_precision":3,"_label":"ucdp-05deg-10.25-12.75","_status_group":"unknown","_states":["Adamawa"]},"geometry":{"type":"Point","coordinates":[12.75,10.25]}},{"type":"Feature","properties":{"cell_id":"ucdp-05deg-10.25-13.25","period":"2016-2025","event_count":9,"fatalities_best":272,"fatalities_low":157,"fatalities_high":356,"first_year":2017,"latest_year":2025,"state_based_events":6,"non_state_events":1,"one_sided_events":2,"source_states":"Adamawa","best_source_precision":1,"least_source_precision":5,"_label":"ucdp-05deg-10.25-13.25","_status_group":"unknown","_states":["Adamawa"]},"geometry":{"type":"Point","coordinates":[13.25,10.25]}},{"type":"Feature","properties":{"cell_id":"ucdp-05deg-10.75-4.75","period":"2016-2025","event_count":2,"fatalities_best":22,"fatalities_low":22,"fatalities_high":22,"first_year":2023,"latest_year":2025,"state_based_events":0,"non_state_events":1,"one_sided_events":1,"source_states":"Kebbi","best_source_precision":1,"least_source_precision":3,"_label":"ucdp-05deg-10.75-4.75","_status_group":"unknown","_states":["Kebbi"]},"geometry":{"type":"Point","coordinates":[4.75,10.75]}},{"type":"Feature","properties":{"cell_id":"ucdp-05deg-10.75-7.25","period":"2016-2025","event_count":2,"fatalities_best":27,"fatalities_low":27,"fatalities_high":27,"first_year":2018,"latest_year":2018,"state_based_events":0,"non_state_events":1,"one_sided_events":1,"source_states":"Kaduna","best_source_precision":1,"least_source_precision":1,"_label":"ucdp-05deg-10.75-7.25","_status_group":"unknown","_states":["Kaduna"]},"geometry":{"type":"Point","coordinates":[7.25,10.75]}},{"type":"Feature","properties":{"cell_id":"ucdp-05deg-10.75-7.75","period":"2016-2025","event_count":1,"fatalities_best":1,"fatalities_low":0,"fatalities_high":1,"first_year":2025,"latest_year":2025,"state_based_events":0,"non_state_events":0,"one_sided_events":1,"source_states":"Kaduna","best_source_precision":3,"least_source_precision":3,"_label":"ucdp-05deg-10.75-7.75","_status_group":"unknown","_states":["Kaduna"]},"geometry":{"type":"Point","coordinates":[7.75,10.75]}},{"type":"Feature","properties":{"cell_id":"ucdp-05deg-10.75-11.25","period":"2016-2025","event_count":1,"fatalities_best":1,"fatalities_low":1,"fatalities_high":1,"first_year":2025,"latest_year":2025,"state_based_events":0,"non_state_events":1,"one_sided_events":0,"source_states":"Gombe","best_source_precision":1,"least_source_precision":1,"_label":"ucdp-05deg-10.75-11.25","_status_group":"unknown","_states":["Gombe"]},"geometry":{"type":"Point","coordinates":[11.25,10.75]}},{"type":"Feature","properties":{"cell_id":"ucdp-05deg-10.75-11.75","period":"2016-2025","event_count":18,"fatalities_best":174,"fatalities_low":134,"fatalities_high":241,"first_year":2016,"latest_year":2025,"state_based_events":10,"non_state_events":4,"one_sided_events":4,"source_states":"Borno; Gombe","best_source_precision":1,"least_source_precision":5,"_label":"ucdp-05deg-10.75-11.75","_status_group":"unknown","_states":["Yobe"]},"geometry":{"type":"Point","coordinates":[11.75,10.75]}},{"type":"Feature","properties":{"cell_id":"ucdp-05deg-10.75-12.25","period":"2016-2025","event_count":52,"fatalities_best":215,"fatalities_low":188,"fatalities_high":345,"first_year":2016,"latest_year":2025,"state_based_events":38,"non_state_events":4,"one_sided_events":10,"source_states":"Borno","best_source_precision":1,"least_source_precision":5,"_label":"ucdp-05deg-10.75-12.25","_status_group":"unknown","_states":["Borno"]},"geometry":{"type":"Point","coordinates":[12.25,10.75]}},{"type":"Feature","properties":{"cell_id":"ucdp-05deg-10.75-12.75","period":"2016-2025","event_count":102,"fatalities_best":480,"fatalities_low":428,"fatalities_high":656,"first_year":2016,"latest_year":2025,"state_based_events":48,"non_state_events":2,"one_sided_events":52,"source_states":"Adamawa; Borno","best_source_precision":1,"least_source_precision":5,"_label":"ucdp-05deg-10.75-12.75","_status_group":"unknown","_states":["Borno"]},"geometry":{"type":"Point","coordinates":[12.75,10.75]}},{"type":"Feature","properties":{"cell_id":"ucdp-05deg-10.75-13.25","period":"2016-2025","event_count":75,"fatalities_best":285,"fatalities_low":246,"fatalities_high":377,"first_year":2016,"latest_year":2025,"state_based_events":36,"non_state_events":2,"one_sided_events":37,"source_states":"Adamawa; Borno","best_source_precision":1,"least_source_precision":3,"_label":"ucdp-05deg-10.75-13.25","_status_group":"unknown","_states":["Borno"]},"geometry":{"type":"Point","coordinates":[13.25,10.75]}},{"type":"Feature","properties":{"cell_id":"ucdp-05deg-10.75-13.75","period":"2016-2025","event_count":40,"fatalities_best":196,"fatalities_low":193,"fatalities_high":235,"first_year":2016,"latest_year":2025,"state_based_events":24,"non_state_events":2,"one_sided_events":14,"source_states":"Adamawa; Borno","best_source_precision":1,"least_source_precision":3,"_label":"ucdp-05deg-10.75-13.75","_status_group":"unknown","_states":[]},"geometry":{"type":"Point","coordinates":[13.75,10.75]}},{"type":"Feature","properties":{"cell_id":"ucdp-05deg-11.25-3.75","period":"2016-2025","event_count":1,"fatalities_best":3,"fatalities_low":3,"fatalities_high":3,"first_year":2025,"latest_year":2025,"state_based_events":1,"non_state_events":0,"one_sided_events":0,"source_states":"Kebbi","best_source_precision":1,"least_source_precision":1,"_label":"ucdp-05deg-11.25-3.75","_status_group":"unknown","_states":["Kebbi"]},"geometry":{"type":"Point","coordinates":[3.75,11.25]}},{"type":"Feature","properties":{"cell_id":"ucdp-05deg-11.25-4.75","period":"2016-2025","event_count":1,"fatalities_best":1,"fatalities_low":1,"fatalities_high":1,"first_year":2023,"latest_year":2023,"state_based_events":0,"non_state_events":0,"one_sided_events":1,"source_states":"Kebbi","best_source_precision":1,"least_source_precision":1,"_label":"ucdp-05deg-11.25-4.75","_status_group":"unknown","_states":["Niger"]},"geometry":{"type":"Point","coordinates":[4.75,11.25]}},{"type":"Feature","properties":{"cell_id":"ucdp-05deg-11.25-6.25","period":"2016-2025","event_count":1,"fatalities_best":16,"fatalities_low":16,"fatalities_high":20,"first_year":2021,"latest_year":2021,"state_based_events":0,"non_state_events":0,"one_sided_events":1,"source_states":"Zamfara","best_source_precision":1,"least_source_precision":1,"_label":"ucdp-05deg-11.25-6.25","_status_group":"unknown","_states":["Zamfara"]},"geometry":{"type":"Point","coordinates":[6.25,11.25]}},{"type":"Feature","properties":{"cell_id":"ucdp-05deg-11.25-7.25","period":"2016-2025","event_count":1,"fatalities_best":0,"fatalities_low":0,"fatalities_high":50,"first_year":2022,"latest_year":2022,"state_based_events":0,"non_state_events":1,"one_sided_events":0,"source_states":"Kaduna","best_source_precision":3,"least_source_precision":3,"_label":"ucdp-05deg-11.25-7.25","_status_group":"unknown","_states":["Kaduna"]},"geometry":{"type":"Point","coordinates":[7.25,11.25]}},{"type":"Feature","properties":{"cell_id":"ucdp-05deg-11.25-7.75","period":"2016-2025","event_count":1,"fatalities_best":0,"fatalities_low":0,"fatalities_high":1,"first_year":2022,"latest_year":2022,"state_based_events":0,"non_state_events":0,"one_sided_events":1,"source_states":"Kaduna","best_source_precision":1,"least_source_precision":1,"_label":"ucdp-05deg-11.25-7.75","_status_group":"unknown","_states":["Kaduna"]},"geometry":{"type":"Point","coordinates":[7.75,11.25]}},{"type":"Feature","properties":{"cell_id":"ucdp-05deg-11.25-9.25","period":"2016-2025","event_count":2,"fatalities_best":4,"fatalities_low":4,"fatalities_high":4,"first_year":2019,"latest_year":2024,"state_based_events":0,"non_state_events":2,"one_sided_events":0,"source_states":"Jigawa","best_source_precision":2,"least_source_precision":3,"_label":"ucdp-05deg-11.25-9.25","_status_group":"unknown","_states":["Bauchi"]},"geometry":{"type":"Point","coordinates":[9.25,11.25]}},{"type":"Feature","properties":{"cell_id":"ucdp-05deg-11.25-10.25","period":"2016-2025","event_count":1,"fatalities_best":9,"fatalities_low":9,"fatalities_high":10,"first_year":2020,"latest_year":2020,"state_based_events":0,"non_state_events":1,"one_sided_events":0,"source_states":"Bauchi","best_source_precision":3,"least_source_precision":3,"_label":"ucdp-05deg-11.25-10.25","_status_group":"unknown","_states":["Bauchi"]},"geometry":{"type":"Point","coordinates":[10.25,11.25]}},{"type":"Feature","properties":{"cell_id":"ucdp-05deg-11.25-11.25","period":"2016-2025","event_count":3,"fatalities_best":5,"fatalities_low":5,"fatalities_high":5,"first_year":2024,"latest_year":2025,"state_based_events":3,"non_state_events":0,"one_sided_events":0,"source_states":"Gombe; Yobe","best_source_precision":1,"least_source_precision":2,"_label":"ucdp-05deg-11.25-11.25","_status_group":"unknown","_states":["Yobe"]},"geometry":{"type":"Point","coordinates":[11.25,11.25]}},{"type":"Feature","properties":{"cell_id":"ucdp-05deg-11.25-11.75","period":"2016-2025","event_count":35,"fatalities_best":209,"fatalities_low":200,"fatalities_high":270,"first_year":2016,"latest_year":2025,"state_based_events":28,"non_state_events":2,"one_sided_events":5,"source_states":"Yobe","best_source_precision":1,"least_source_precision":5,"_label":"ucdp-05deg-11.25-11.75","_status_group":"unknown","_states":["Yobe"]},"geometry":{"type":"Point","coordinates":[11.75,11.25]}},{"type":"Feature","properties":{"cell_id":"ucdp-05deg-11.25-12.25","period":"2016-2025","event_count":122,"fatalities_best":999,"fatalities_low":823,"fatalities_high":1201,"first_year":2016,"latest_year":2025,"state_based_events":117,"non_state_events":2,"one_sided_events":3,"source_states":"Borno; Yobe","best_source_precision":1,"least_source_precision":5,"_label":"ucdp-05deg-11.25-12.25","_status_group":"unknown","_states":["Borno"]},"geometry":{"type":"Point","coordinates":[12.25,11.25]}},{"type":"Feature","properties":{"cell_id":"ucdp-05deg-11.25-12.75","period":"2016-2025","event_count":149,"fatalities_best":877,"fatalities_low":809,"fatalities_high":1040,"first_year":2016,"latest_year":2025,"state_based_events":106,"non_state_events":9,"one_sided_events":34,"source_states":"Borno","best_source_precision":1,"least_source_precision":5,"_label":"ucdp-05deg-11.25-12.75","_status_group":"unknown","_states":["Borno"]},"geometry":{"type":"Point","coordinates":[12.75,11.25]}},{"type":"Feature","properties":{"cell_id":"ucdp-05deg-11.25-13.25","period":"2016-2025","event_count":130,"fatalities_best":1447,"fatalities_low":1214,"fatalities_high":1692,"first_year":2016,"latest_year":2025,"state_based_events":117,"non_state_events":7,"one_sided_events":6,"source_states":"Borno","best_source_precision":1,"least_source_precision":5,"_label":"ucdp-05deg-11.25-13.25","_status_group":"unknown","_states":["Borno"]},"geometry":{"type":"Point","coordinates":[13.25,11.25]}},{"type":"Feature","properties":{"cell_id":"ucdp-05deg-11.25-13.75","period":"2016-2025","event_count":385,"fatalities_best":2274,"fatalities_low":2020,"fatalities_high":2689,"first_year":2016,"latest_year":2025,"state_based_events":343,"non_state_events":6,"one_sided_events":36,"source_states":"Borno","best_source_precision":1,"least_source_precision":5,"_label":"ucdp-05deg-11.25-13.75","_status_group":"unknown","_states":["Borno"]},"geometry":{"type":"Point","coordinates":[13.75,11.25]}},{"type":"Feature","properties":{"cell_id":"ucdp-05deg-11.25-14.25","period":"2016-2025","event_count":80,"fatalities_best":486,"fatalities_low":459,"fatalities_high":588,"first_year":2016,"latest_year":2025,"state_based_events":72,"non_state_events":0,"one_sided_events":8,"source_states":"Borno","best_source_precision":1,"least_source_precision":5,"_label":"ucdp-05deg-11.25-14.25","_status_group":"unknown","_states":[]},"geometry":{"type":"Point","coordinates":[14.25,11.25]}},{"type":"Feature","properties":{"cell_id":"ucdp-05deg-11.75-3.75","period":"2016-2025","event_count":1,"fatalities_best":1,"fatalities_low":1,"fatalities_high":2,"first_year":2025,"latest_year":2025,"state_based_events":1,"non_state_events":0,"one_sided_events":0,"source_states":"Kebbi","best_source_precision":1,"least_source_precision":1,"_label":"ucdp-05deg-11.75-3.75","_status_group":"unknown","_states":["Kebbi"]},"geometry":{"type":"Point","coordinates":[3.75,11.75]}},{"type":"Feature","properties":{"cell_id":"ucdp-05deg-11.75-4.25","period":"2016-2025","event_count":1,"fatalities_best":2,"fatalities_low":2,"fatalities_high":2,"first_year":2023,"latest_year":2023,"state_based_events":0,"non_state_events":1,"one_sided_events":0,"source_states":"Kebbi","best_source_precision":3,"least_source_precision":3,"_label":"ucdp-05deg-11.75-4.25","_status_group":"unknown","_states":["Kebbi"]},"geometry":{"type":"Point","coordinates":[4.25,11.75]}},{"type":"Feature","properties":{"cell_id":"ucdp-05deg-11.75-6.25","period":"2016-2025","event_count":3,"fatalities_best":35,"fatalities_low":35,"fatalities_high":35,"first_year":2018,"latest_year":2018,"state_based_events":0,"non_state_events":0,"one_sided_events":3,"source_states":"Zamfara","best_source_precision":3,"least_source_precision":3,"_label":"ucdp-05deg-11.75-6.25","_status_group":"unknown","_states":["Zamfara"]},"geometry":{"type":"Point","coordinates":[6.25,11.75]}},{"type":"Feature","properties":{"cell_id":"ucdp-05deg-11.75-6.75","period":"2016-2025","event_count":4,"fatalities_best":7,"fatalities_low":7,"fatalities_high":7,"first_year":2020,"latest_year":2025,"state_based_events":0,"non_state_events":1,"one_sided_events":3,"source_states":"Zamfara","best_source_precision":1,"least_source_precision":3,"_label":"ucdp-05deg-11.75-6.75","_status_group":"unknown","_states":["Zamfara"]},"geometry":{"type":"Point","coordinates":[6.75,11.75]}},{"type":"Feature","properties":{"cell_id":"ucdp-05deg-11.75-7.25","period":"2016-2025","event_count":4,"fatalities_best":31,"fatalities_low":31,"fatalities_high":34,"first_year":2020,"latest_year":2025,"state_based_events":1,"non_state_events":0,"one_sided_events":3,"source_states":"Katsina","best_source_precision":1,"least_source_precision":3,"_label":"ucdp-05deg-11.75-7.25","_status_group":"unknown","_states":["Katsina"]},"geometry":{"type":"Point","coordinates":[7.25,11.75]}},{"type":"Feature","properties":{"cell_id":"ucdp-05deg-11.75-7.75","period":"2016-2025","event_count":3,"fatalities_best":38,"fatalities_low":38,"fatalities_high":38,"first_year":2020,"latest_year":2025,"state_based_events":0,"non_state_events":1,"one_sided_events":2,"source_states":"Katsina","best_source_precision":1,"least_source_precision":3,"_label":"ucdp-05deg-11.75-7.75","_status_group":"unknown","_states":["Katsina"]},"geometry":{"type":"Point","coordinates":[7.75,11.75]}},{"type":"Feature","properties":{"cell_id":"ucdp-05deg-11.75-8.25","period":"2016-2025","event_count":1,"fatalities_best":2,"fatalities_low":2,"fatalities_high":2,"first_year":2019,"latest_year":2019,"state_based_events":0,"non_state_events":1,"one_sided_events":0,"source_states":"Kano","best_source_precision":1,"least_source_precision":1,"_label":"ucdp-05deg-11.75-8.25","_status_group":"unknown","_states":["Kano"]},"geometry":{"type":"Point","coordinates":[8.25,11.75]}},{"type":"Feature","properties":{"cell_id":"ucdp-05deg-11.75-8.75","period":"2016-2025","event_count":6,"fatalities_best":6,"fatalities_low":5,"fatalities_high":10,"first_year":2016,"latest_year":2025,"state_based_events":0,"non_state_events":1,"one_sided_events":5,"source_states":"Kano","best_source_precision":1,"least_source_precision":4,"_label":"ucdp-05deg-11.75-8.75","_status_group":"unknown","_states":["Kano"]},"geometry":{"type":"Point","coordinates":[8.75,11.75]}},{"type":"Feature","properties":{"cell_id":"ucdp-05deg-11.75-9.25","period":"2016-2025","event_count":1,"fatalities_best":0,"fatalities_low":0,"fatalities_high":3,"first_year":2023,"latest_year":2023,"state_based_events":0,"non_state_events":0,"one_sided_events":1,"source_states":"Jigawa","best_source_precision":1,"least_source_precision":1,"_label":"ucdp-05deg-11.75-9.25","_status_group":"unknown","_states":["Jigawa"]},"geometry":{"type":"Point","coordinates":[9.25,11.75]}},{"type":"Feature","properties":{"cell_id":"ucdp-05deg-11.75-11.25","period":"2016-2025","event_count":1,"fatalities_best":1,"fatalities_low":1,"fatalities_high":1,"first_year":2025,"latest_year":2025,"state_based_events":0,"non_state_events":1,"one_sided_events":0,"source_states":"Yobe","best_source_precision":3,"least_source_precision":3,"_label":"ucdp-05deg-11.75-11.25","_status_group":"unknown","_states":["Yobe"]},"geometry":{"type":"Point","coordinates":[11.25,11.75]}},{"type":"Feature","properties":{"cell_id":"ucdp-05deg-11.75-11.75","period":"2016-2025","event_count":15,"fatalities_best":79,"fatalities_low":78,"fatalities_high":97,"first_year":2018,"latest_year":2025,"state_based_events":13,"non_state_events":0,"one_sided_events":2,"source_states":"Yobe","best_source_precision":1,"least_source_precision":3,"_label":"ucdp-05deg-11.75-11.75","_status_group":"unknown","_states":["Yobe"]},"geometry":{"type":"Point","coordinates":[11.75,11.75]}},{"type":"Feature","properties":{"cell_id":"ucdp-05deg-11.75-12.25","period":"2016-2025","event_count":43,"fatalities_best":158,"fatalities_low":150,"fatalities_high":223,"first_year":2016,"latest_year":2025,"state_based_events":30,"non_state_events":4,"one_sided_events":9,"source_states":"Borno; Yobe","best_source_precision":1,"least_source_precision":5,"_label":"ucdp-05deg-11.75-12.25","_status_group":"unknown","_states":["Borno"]},"geometry":{"type":"Point","coordinates":[12.25,11.75]}},{"type":"Feature","properties":{"cell_id":"ucdp-05deg-11.75-12.75","period":"2016-2025","event_count":98,"fatalities_best":571,"fatalities_low":485,"fatalities_high":742,"first_year":2016,"latest_year":2025,"state_based_events":75,"non_state_events":6,"one_sided_events":17,"source_states":"Borno","best_source_precision":1,"least_source_precision":5,"_label":"ucdp-05deg-11.75-12.75","_status_group":"unknown","_states":["Borno"]},"geometry":{"type":"Point","coordinates":[12.75,11.75]}},{"type":"Feature","properties":{"cell_id":"ucdp-05deg-11.75-13.25","period":"2016-2025","event_count":414,"fatalities_best":1994,"fatalities_low":1867,"fatalities_high":2367,"first_year":2016,"latest_year":2025,"state_based_events":215,"non_state_events":38,"one_sided_events":161,"source_states":"Borno","best_source_precision":1,"least_source_precision":5,"_label":"ucdp-05deg-11.75-13.25","_status_group":"unknown","_states":["Borno"]},"geometry":{"type":"Point","coordinates":[13.25,11.75]}},{"type":"Feature","properties":{"cell_id":"ucdp-05deg-11.75-13.75","period":"2016-2025","event_count":151,"fatalities_best":859,"fatalities_low":685,"fatalities_high":1331,"first_year":2016,"latest_year":2025,"state_based_events":125,"non_state_events":6,"one_sided_events":20,"source_states":"Borno","best_source_precision":1,"least_source_precision":5,"_label":"ucdp-05deg-11.75-13.75","_status_group":"unknown","_states":["Borno"]},"geometry":{"type":"Point","coordinates":[13.75,11.75]}},{"type":"Feature","properties":{"cell_id":"ucdp-05deg-11.75-14.25","period":"2016-2025","event_count":136,"fatalities_best":759,"fatalities_low":676,"fatalities_high":1105,"first_year":2016,"latest_year":2025,"state_based_events":125,"non_state_events":8,"one_sided_events":3,"source_states":"Borno","best_source_precision":1,"least_source_precision":5,"_label":"ucdp-05deg-11.75-14.25","_status_group":"unknown","_states":["Borno"]},"geometry":{"type":"Point","coordinates":[14.25,11.75]}},{"type":"Feature","properties":{"cell_id":"ucdp-05deg-12.25-3.75","period":"2016-2025","event_count":2,"fatalities_best":17,"fatalities_low":11,"fatalities_high":19,"first_year":2025,"latest_year":2025,"state_based_events":1,"non_state_events":0,"one_sided_events":1,"source_states":"Kebbi","best_source_precision":1,"least_source_precision":2,"_label":"ucdp-05deg-12.25-3.75","_status_group":"unknown","_states":["Kebbi"]},"geometry":{"type":"Point","coordinates":[3.75,12.25]}},{"type":"Feature","properties":{"cell_id":"ucdp-05deg-12.25-4.25","period":"2016-2025","event_count":1,"fatalities_best":2,"fatalities_low":2,"fatalities_high":2,"first_year":2025,"latest_year":2025,"state_based_events":0,"non_state_events":1,"one_sided_events":0,"source_states":"Kebbi","best_source_precision":1,"least_source_precision":1,"_label":"ucdp-05deg-12.25-4.25","_status_group":"unknown","_states":["Kebbi"]},"geometry":{"type":"Point","coordinates":[4.25,12.25]}},{"type":"Feature","properties":{"cell_id":"ucdp-05deg-12.25-6.25","period":"2016-2025","event_count":2,"fatalities_best":14,"fatalities_low":14,"fatalities_high":14,"first_year":2019,"latest_year":2022,"state_based_events":0,"non_state_events":0,"one_sided_events":2,"source_states":"Zamfara","best_source_precision":1,"least_source_precision":4,"_label":"ucdp-05deg-12.25-6.25","_status_group":"unknown","_states":["Zamfara"]},"geometry":{"type":"Point","coordinates":[6.25,12.25]}},{"type":"Feature","properties":{"cell_id":"ucdp-05deg-12.25-6.75","period":"2016-2025","event_count":2,"fatalities_best":41,"fatalities_low":41,"fatalities_high":41,"first_year":2024,"latest_year":2025,"state_based_events":0,"non_state_events":2,"one_sided_events":0,"source_states":"Zamfara","best_source_precision":1,"least_source_precision":2,"_label":"ucdp-05deg-12.25-6.75","_status_group":"unknown","_states":["Zamfara"]},"geometry":{"type":"Point","coordinates":[6.75,12.25]}},{"type":"Feature","properties":{"cell_id":"ucdp-05deg-12.25-8.75","period":"2016-2025","event_count":1,"fatalities_best":1,"fatalities_low":1,"fatalities_high":1,"first_year":2022,"latest_year":2022,"state_based_events":0,"non_state_events":1,"one_sided_events":0,"source_states":"Kano","best_source_precision":3,"least_source_precision":3,"_label":"ucdp-05deg-12.25-8.75","_status_group":"unknown","_states":["Kano"]},"geometry":{"type":"Point","coordinates":[8.75,12.25]}},{"type":"Feature","properties":{"cell_id":"ucdp-05deg-12.25-9.25","period":"2016-2025","event_count":1,"fatalities_best":1,"fatalities_low":1,"fatalities_high":1,"first_year":2022,"latest_year":2022,"state_based_events":0,"non_state_events":1,"one_sided_events":0,"source_states":"Jigawa","best_source_precision":1,"least_source_precision":1,"_label":"ucdp-05deg-12.25-9.25","_status_group":"unknown","_states":["Jigawa"]},"geometry":{"type":"Point","coordinates":[9.25,12.25]}},{"type":"Feature","properties":{"cell_id":"ucdp-05deg-12.25-9.75","period":"2016-2025","event_count":3,"fatalities_best":27,"fatalities_low":21,"fatalities_high":34,"first_year":2024,"latest_year":2025,"state_based_events":0,"non_state_events":3,"one_sided_events":0,"source_states":"Jigawa","best_source_precision":1,"least_source_precision":4,"_label":"ucdp-05deg-12.25-9.75","_status_group":"unknown","_states":["Jigawa"]},"geometry":{"type":"Point","coordinates":[9.75,12.25]}},{"type":"Feature","properties":{"cell_id":"ucdp-05deg-12.25-10.75","period":"2016-2025","event_count":1,"fatalities_best":1,"fatalities_low":1,"fatalities_high":1,"first_year":2025,"latest_year":2025,"state_based_events":0,"non_state_events":1,"one_sided_events":0,"source_states":"Bauchi","best_source_precision":1,"least_source_precision":1,"_label":"ucdp-05deg-12.25-10.75","_status_group":"unknown","_states":["Bauchi"]},"geometry":{"type":"Point","coordinates":[10.75,12.25]}},{"type":"Feature","properties":{"cell_id":"ucdp-05deg-12.25-11.25","period":"2016-2025","event_count":3,"fatalities_best":15,"fatalities_low":15,"fatalities_high":17,"first_year":2020,"latest_year":2020,"state_based_events":2,"non_state_events":1,"one_sided_events":0,"source_states":"Yobe","best_source_precision":1,"least_source_precision":5,"_label":"ucdp-05deg-12.25-11.25","_status_group":"unknown","_states":["Yobe"]},"geometry":{"type":"Point","coordinates":[11.25,12.25]}},{"type":"Feature","properties":{"cell_id":"ucdp-05deg-12.25-11.75","period":"2016-2025","event_count":19,"fatalities_best":103,"fatalities_low":67,"fatalities_high":119,"first_year":2016,"latest_year":2025,"state_based_events":14,"non_state_events":0,"one_sided_events":5,"source_states":"Yobe","best_source_precision":1,"least_source_precision":5,"_label":"ucdp-05deg-12.25-11.75","_status_group":"unknown","_states":["Yobe"]},"geometry":{"type":"Point","coordinates":[11.75,12.25]}},{"type":"Feature","properties":{"cell_id":"ucdp-05deg-12.25-12.25","period":"2016-2025","event_count":8,"fatalities_best":239,"fatalities_low":217,"fatalities_high":311,"first_year":2017,"latest_year":2025,"state_based_events":6,"non_state_events":0,"one_sided_events":2,"source_states":"Borno; Yobe","best_source_precision":1,"least_source_precision":5,"_label":"ucdp-05deg-12.25-12.25","_status_group":"unknown","_states":["Yobe"]},"geometry":{"type":"Point","coordinates":[12.25,12.25]}},{"type":"Feature","properties":{"cell_id":"ucdp-05deg-12.25-12.75","period":"2016-2025","event_count":63,"fatalities_best":296,"fatalities_low":286,"fatalities_high":419,"first_year":2017,"latest_year":2025,"state_based_events":45,"non_state_events":7,"one_sided_events":11,"source_states":"Borno","best_source_precision":1,"least_source_precision":5,"_label":"ucdp-05deg-12.25-12.75","_status_group":"unknown","_states":["Borno"]},"geometry":{"type":"Point","coordinates":[12.75,12.25]}},{"type":"Feature","properties":{"cell_id":"ucdp-05deg-12.25-13.25","period":"2016-2025","event_count":75,"fatalities_best":301,"fatalities_low":289,"fatalities_high":395,"first_year":2016,"latest_year":2025,"state_based_events":57,"non_state_events":5,"one_sided_events":13,"source_states":"Borno","best_source_precision":1,"least_source_precision":5,"_label":"ucdp-05deg-12.25-13.25","_status_group":"unknown","_states":["Borno"]},"geometry":{"type":"Point","coordinates":[13.25,12.25]}},{"type":"Feature","properties":{"cell_id":"ucdp-05deg-12.25-13.75","period":"2016-2025","event_count":149,"fatalities_best":1021,"fatalities_low":895,"fatalities_high":1630,"first_year":2016,"latest_year":2025,"state_based_events":122,"non_state_events":12,"one_sided_events":15,"source_states":"Borno","best_source_precision":1,"least_source_precision":5,"_label":"ucdp-05deg-12.25-13.75","_status_group":"unknown","_states":["Borno"]},"geometry":{"type":"Point","coordinates":[13.75,12.25]}},{"type":"Feature","properties":{"cell_id":"ucdp-05deg-12.25-14.25","period":"2016-2025","event_count":189,"fatalities_best":1328,"fatalities_low":1243,"fatalities_high":1608,"first_year":2016,"latest_year":2025,"state_based_events":170,"non_state_events":1,"one_sided_events":18,"source_states":"Borno; Unassigned / offshore","best_source_precision":1,"least_source_precision":5,"_label":"ucdp-05deg-12.25-14.25","_status_group":"unknown","_states":["Borno"]},"geometry":{"type":"Point","coordinates":[14.25,12.25]}},{"type":"Feature","properties":{"cell_id":"ucdp-05deg-12.25-14.75","period":"2016-2025","event_count":2,"fatalities_best":5,"fatalities_low":5,"fatalities_high":5,"first_year":2017,"latest_year":2017,"state_based_events":2,"non_state_events":0,"one_sided_events":0,"source_states":"Borno","best_source_precision":1,"least_source_precision":1,"_label":"ucdp-05deg-12.25-14.75","_status_group":"unknown","_states":[]},"geometry":{"type":"Point","coordinates":[14.75,12.25]}},{"type":"Feature","properties":{"cell_id":"ucdp-05deg-12.75-3.75","period":"2016-2025","event_count":1,"fatalities_best":1,"fatalities_low":1,"fatalities_high":1,"first_year":2025,"latest_year":2025,"state_based_events":1,"non_state_events":0,"one_sided_events":0,"source_states":"Kebbi","best_source_precision":1,"least_source_precision":1,"_label":"ucdp-05deg-12.75-3.75","_status_group":"unknown","_states":[]},"geometry":{"type":"Point","coordinates":[3.75,12.75]}},{"type":"Feature","properties":{"cell_id":"ucdp-05deg-12.75-4.25","period":"2016-2025","event_count":1,"fatalities_best":2,"fatalities_low":2,"fatalities_high":2,"first_year":2025,"latest_year":2025,"state_based_events":0,"non_state_events":0,"one_sided_events":1,"source_states":"Kebbi","best_source_precision":1,"least_source_precision":1,"_label":"ucdp-05deg-12.75-4.25","_status_group":"unknown","_states":["Kebbi"]},"geometry":{"type":"Point","coordinates":[4.25,12.75]}},{"type":"Feature","properties":{"cell_id":"ucdp-05deg-12.75-4.75","period":"2016-2025","event_count":1,"fatalities_best":6,"fatalities_low":0,"fatalities_high":6,"first_year":2024,"latest_year":2024,"state_based_events":0,"non_state_events":0,"one_sided_events":1,"source_states":"Kebbi","best_source_precision":2,"least_source_precision":2,"_label":"ucdp-05deg-12.75-4.75","_status_group":"unknown","_states":["Kebbi"]},"geometry":{"type":"Point","coordinates":[4.75,12.75]}},{"type":"Feature","properties":{"cell_id":"ucdp-05deg-12.75-6.25","period":"2016-2025","event_count":3,"fatalities_best":10,"fatalities_low":3,"fatalities_high":10,"first_year":2021,"latest_year":2025,"state_based_events":0,"non_state_events":0,"one_sided_events":3,"source_states":"Zamfara","best_source_precision":2,"least_source_precision":3,"_label":"ucdp-05deg-12.75-6.25","_status_group":"unknown","_states":["Zamfara"]},"geometry":{"type":"Point","coordinates":[6.25,12.75]}},{"type":"Feature","properties":{"cell_id":"ucdp-05deg-12.75-6.75","period":"2016-2025","event_count":7,"fatalities_best":125,"fatalities_low":125,"fatalities_high":145,"first_year":2022,"latest_year":2025,"state_based_events":0,"non_state_events":2,"one_sided_events":5,"source_states":"Zamfara","best_source_precision":1,"least_source_precision":3,"_label":"ucdp-05deg-12.75-6.75","_status_group":"unknown","_states":["Zamfara"]},"geometry":{"type":"Point","coordinates":[6.75,12.75]}},{"type":"Feature","properties":{"cell_id":"ucdp-05deg-12.75-7.25","period":"2016-2025","event_count":1,"fatalities_best":11,"fatalities_low":11,"fatalities_high":14,"first_year":2020,"latest_year":2020,"state_based_events":0,"non_state_events":0,"one_sided_events":1,"source_states":"Katsina","best_source_precision":1,"least_source_precision":1,"_label":"ucdp-05deg-12.75-7.25","_status_group":"unknown","_states":["Katsina"]},"geometry":{"type":"Point","coordinates":[7.25,12.75]}},{"type":"Feature","properties":{"cell_id":"ucdp-05deg-12.75-9.25","period":"2016-2025","event_count":1,"fatalities_best":1,"fatalities_low":1,"fatalities_high":1,"first_year":2022,"latest_year":2022,"state_based_events":0,"non_state_events":1,"one_sided_events":0,"source_states":"Jigawa","best_source_precision":3,"least_source_precision":3,"_label":"ucdp-05deg-12.75-9.25","_status_group":"unknown","_states":["Jigawa"]},"geometry":{"type":"Point","coordinates":[9.25,12.75]}},{"type":"Feature","properties":{"cell_id":"ucdp-05deg-12.75-9.75","period":"2016-2025","event_count":1,"fatalities_best":1,"fatalities_low":1,"fatalities_high":1,"first_year":2023,"latest_year":2023,"state_based_events":0,"non_state_events":1,"one_sided_events":0,"source_states":"Jigawa","best_source_precision":3,"least_source_precision":3,"_label":"ucdp-05deg-12.75-9.75","_status_group":"unknown","_states":["Jigawa"]},"geometry":{"type":"Point","coordinates":[9.75,12.75]}},{"type":"Feature","properties":{"cell_id":"ucdp-05deg-12.75-10.25","period":"2016-2025","event_count":7,"fatalities_best":18,"fatalities_low":11,"fatalities_high":18,"first_year":2019,"latest_year":2025,"state_based_events":0,"non_state_events":7,"one_sided_events":0,"source_states":"Jigawa","best_source_precision":1,"least_source_precision":3,"_label":"ucdp-05deg-12.75-10.25","_status_group":"unknown","_states":["Jigawa"]},"geometry":{"type":"Point","coordinates":[10.25,12.75]}},{"type":"Feature","properties":{"cell_id":"ucdp-05deg-12.75-10.75","period":"2016-2025","event_count":2,"fatalities_best":1,"fatalities_low":1,"fatalities_high":11,"first_year":2020,"latest_year":2023,"state_based_events":1,"non_state_events":0,"one_sided_events":1,"source_states":"Yobe","best_source_precision":1,"least_source_precision":3,"_label":"ucdp-05deg-12.75-10.75","_status_group":"unknown","_states":["Yobe"]},"geometry":{"type":"Point","coordinates":[10.75,12.75]}},{"type":"Feature","properties":{"cell_id":"ucdp-05deg-12.75-11.25","period":"2016-2025","event_count":4,"fatalities_best":9,"fatalities_low":8,"fatalities_high":9,"first_year":2020,"latest_year":2024,"state_based_events":2,"non_state_events":0,"one_sided_events":2,"source_states":"Yobe","best_source_precision":1,"least_source_precision":3,"_label":"ucdp-05deg-12.75-11.25","_status_group":"unknown","_states":["Yobe"]},"geometry":{"type":"Point","coordinates":[11.25,12.75]}},{"type":"Feature","properties":{"cell_id":"ucdp-05deg-12.75-11.75","period":"2016-2025","event_count":23,"fatalities_best":196,"fatalities_low":92,"fatalities_high":227,"first_year":2019,"latest_year":2024,"state_based_events":15,"non_state_events":2,"one_sided_events":6,"source_states":"Yobe","best_source_precision":1,"least_source_precision":2,"_label":"ucdp-05deg-12.75-11.75","_status_group":"unknown","_states":["Yobe"]},"geometry":{"type":"Point","coordinates":[11.75,12.75]}},{"type":"Feature","properties":{"cell_id":"ucdp-05deg-12.75-12.25","period":"2016-2025","event_count":12,"fatalities_best":116,"fatalities_low":114,"fatalities_high":122,"first_year":2016,"latest_year":2025,"state_based_events":7,"non_state_events":1,"one_sided_events":4,"source_states":"Borno; Yobe","best_source_precision":1,"least_source_precision":3,"_label":"ucdp-05deg-12.75-12.25","_status_group":"unknown","_states":["Yobe"]},"geometry":{"type":"Point","coordinates":[12.25,12.75]}},{"type":"Feature","properties":{"cell_id":"ucdp-05deg-12.75-12.75","period":"2016-2025","event_count":41,"fatalities_best":330,"fatalities_low":327,"fatalities_high":435,"first_year":2016,"latest_year":2025,"state_based_events":33,"non_state_events":2,"one_sided_events":6,"source_states":"Borno","best_source_precision":1,"least_source_precision":5,"_label":"ucdp-05deg-12.75-12.75","_status_group":"unknown","_states":["Borno"]},"geometry":{"type":"Point","coordinates":[12.75,12.75]}},{"type":"Feature","properties":{"cell_id":"ucdp-05deg-12.75-13.25","period":"2016-2025","event_count":61,"fatalities_best":362,"fatalities_low":336,"fatalities_high":1163,"first_year":2016,"latest_year":2025,"state_based_events":46,"non_state_events":2,"one_sided_events":13,"source_states":"Borno","best_source_precision":1,"least_source_precision":5,"_label":"ucdp-05deg-12.75-13.25","_status_group":"unknown","_states":["Borno"]},"geometry":{"type":"Point","coordinates":[13.25,12.75]}},{"type":"Feature","properties":{"cell_id":"ucdp-05deg-12.75-13.75","period":"2016-2025","event_count":222,"fatalities_best":2163,"fatalities_low":1808,"fatalities_high":2480,"first_year":2016,"latest_year":2025,"state_based_events":183,"non_state_events":24,"one_sided_events":15,"source_states":"Borno","best_source_precision":1,"least_source_precision":5,"_label":"ucdp-05deg-12.75-13.75","_status_group":"unknown","_states":["Borno"]},"geometry":{"type":"Point","coordinates":[13.75,12.75]}},{"type":"Feature","properties":{"cell_id":"ucdp-05deg-12.75-14.25","period":"2016-2025","event_count":29,"fatalities_best":434,"fatalities_low":424,"fatalities_high":471,"first_year":2019,"latest_year":2025,"state_based_events":26,"non_state_events":3,"one_sided_events":0,"source_states":"Borno","best_source_precision":1,"least_source_precision":2,"_label":"ucdp-05deg-12.75-14.25","_status_group":"unknown","_states":[]},"geometry":{"type":"Point","coordinates":[14.25,12.75]}},{"type":"Feature","properties":{"cell_id":"ucdp-05deg-13.25-4.25","period":"2016-2025","event_count":1,"fatalities_best":4,"fatalities_low":4,"fatalities_high":4,"first_year":2024,"latest_year":2024,"state_based_events":0,"non_state_events":1,"one_sided_events":0,"source_states":"Sokoto","best_source_precision":3,"least_source_precision":3,"_label":"ucdp-05deg-13.25-4.25","_status_group":"unknown","_states":["Kebbi"]},"geometry":{"type":"Point","coordinates":[4.25,13.25]}},{"type":"Feature","properties":{"cell_id":"ucdp-05deg-13.25-4.75","period":"2016-2025","event_count":8,"fatalities_best":18,"fatalities_low":9,"fatalities_high":18,"first_year":2025,"latest_year":2025,"state_based_events":2,"non_state_events":0,"one_sided_events":6,"source_states":"Sokoto","best_source_precision":1,"least_source_precision":3,"_label":"ucdp-05deg-13.25-4.75","_status_group":"unknown","_states":["Sokoto"]},"geometry":{"type":"Point","coordinates":[4.75,13.25]}},{"type":"Feature","properties":{"cell_id":"ucdp-05deg-13.25-5.25","period":"2016-2025","event_count":6,"fatalities_best":38,"fatalities_low":38,"fatalities_high":40,"first_year":2019,"latest_year":2025,"state_based_events":2,"non_state_events":1,"one_sided_events":3,"source_states":"Sokoto","best_source_precision":2,"least_source_precision":4,"_label":"ucdp-05deg-13.25-5.25","_status_group":"unknown","_states":["Sokoto"]},"geometry":{"type":"Point","coordinates":[5.25,13.25]}},{"type":"Feature","properties":{"cell_id":"ucdp-05deg-13.25-6.25","period":"2016-2025","event_count":9,"fatalities_best":47,"fatalities_low":44,"fatalities_high":111,"first_year":2021,"latest_year":2025,"state_based_events":1,"non_state_events":0,"one_sided_events":8,"source_states":"Sokoto","best_source_precision":1,"least_source_precision":3,"_label":"ucdp-05deg-13.25-6.25","_status_group":"unknown","_states":["Sokoto"]},"geometry":{"type":"Point","coordinates":[6.25,13.25]}},{"type":"Feature","properties":{"cell_id":"ucdp-05deg-13.25-6.75","period":"2016-2025","event_count":3,"fatalities_best":17,"fatalities_low":17,"fatalities_high":17,"first_year":2025,"latest_year":2025,"state_based_events":0,"non_state_events":0,"one_sided_events":3,"source_states":"Sokoto; Zamfara","best_source_precision":1,"least_source_precision":2,"_label":"ucdp-05deg-13.25-6.75","_status_group":"unknown","_states":[]},"geometry":{"type":"Point","coordinates":[6.75,13.25]}},{"type":"Feature","properties":{"cell_id":"ucdp-05deg-13.25-11.75","period":"2016-2025","event_count":2,"fatalities_best":0,"fatalities_low":0,"fatalities_high":2,"first_year":2021,"latest_year":2021,"state_based_events":2,"non_state_events":0,"one_sided_events":0,"source_states":"Yobe","best_source_precision":1,"least_source_precision":3,"_label":"ucdp-05deg-13.25-11.75","_status_group":"unknown","_states":["Yobe"]},"geometry":{"type":"Point","coordinates":[11.75,13.25]}},{"type":"Feature","properties":{"cell_id":"ucdp-05deg-13.25-12.25","period":"2016-2025","event_count":33,"fatalities_best":218,"fatalities_low":183,"fatalities_high":381,"first_year":2016,"latest_year":2025,"state_based_events":30,"non_state_events":1,"one_sided_events":2,"source_states":"Borno; Yobe","best_source_precision":1,"least_source_precision":2,"_label":"ucdp-05deg-13.25-12.25","_status_group":"unknown","_states":[]},"geometry":{"type":"Point","coordinates":[12.25,13.25]}},{"type":"Feature","properties":{"cell_id":"ucdp-05deg-13.25-12.75","period":"2016-2025","event_count":45,"fatalities_best":458,"fatalities_low":415,"fatalities_high":506,"first_year":2016,"latest_year":2025,"state_based_events":30,"non_state_events":5,"one_sided_events":10,"source_states":"Borno","best_source_precision":1,"least_source_precision":5,"_label":"ucdp-05deg-13.25-12.75","_status_group":"unknown","_states":["Borno"]},"geometry":{"type":"Point","coordinates":[12.75,13.25]}},{"type":"Feature","properties":{"cell_id":"ucdp-05deg-13.25-13.25","period":"2016-2025","event_count":80,"fatalities_best":1158,"fatalities_low":1066,"fatalities_high":1413,"first_year":2016,"latest_year":2025,"state_based_events":75,"non_state_events":3,"one_sided_events":2,"source_states":"Borno","best_source_precision":1,"least_source_precision":3,"_label":"ucdp-05deg-13.25-13.25","_status_group":"unknown","_states":["Borno"]},"geometry":{"type":"Point","coordinates":[13.25,13.25]}},{"type":"Feature","properties":{"cell_id":"ucdp-05deg-13.25-13.75","period":"2016-2025","event_count":101,"fatalities_best":1110,"fatalities_low":896,"fatalities_high":1333,"first_year":2016,"latest_year":2025,"state_based_events":85,"non_state_events":11,"one_sided_events":5,"source_states":"Borno","best_source_precision":1,"least_source_precision":5,"_label":"ucdp-05deg-13.25-13.75","_status_group":"unknown","_states":["Borno"]},"geometry":{"type":"Point","coordinates":[13.75,13.25]}},{"type":"Feature","properties":{"cell_id":"ucdp-05deg-13.75-4.75","period":"2016-2025","event_count":3,"fatalities_best":8,"fatalities_low":1,"fatalities_high":10,"first_year":2018,"latest_year":2025,"state_based_events":0,"non_state_events":1,"one_sided_events":2,"source_states":"Sokoto","best_source_precision":1,"least_source_precision":2,"_label":"ucdp-05deg-13.75-4.75","_status_group":"unknown","_states":["Sokoto"]},"geometry":{"type":"Point","coordinates":[4.75,13.75]}},{"type":"Feature","properties":{"cell_id":"ucdp-05deg-13.75-5.25","period":"2016-2025","event_count":2,"fatalities_best":143,"fatalities_low":100,"fatalities_high":162,"first_year":2025,"latest_year":2025,"state_based_events":2,"non_state_events":0,"one_sided_events":0,"source_states":"Sokoto","best_source_precision":1,"least_source_precision":5,"_label":"ucdp-05deg-13.75-5.25","_status_group":"unknown","_states":[]},"geometry":{"type":"Point","coordinates":[5.25,13.75]}},{"type":"Feature","properties":{"cell_id":"ucdp-05deg-13.75-5.75","period":"2016-2025","event_count":1,"fatalities_best":0,"fatalities_low":0,"fatalities_high":2,"first_year":2021,"latest_year":2021,"state_based_events":0,"non_state_events":0,"one_sided_events":1,"source_states":"Sokoto","best_source_precision":1,"least_source_precision":1,"_label":"ucdp-05deg-13.75-5.75","_status_group":"unknown","_states":["Sokoto"]},"geometry":{"type":"Point","coordinates":[5.75,13.75]}},{"type":"Feature","properties":{"cell_id":"ucdp-05deg-13.75-6.25","period":"2016-2025","event_count":4,"fatalities_best":7,"fatalities_low":4,"fatalities_high":7,"first_year":2025,"latest_year":2025,"state_based_events":0,"non_state_events":0,"one_sided_events":4,"source_states":"Sokoto","best_source_precision":1,"least_source_precision":1,"_label":"ucdp-05deg-13.75-6.25","_status_group":"unknown","_states":[]},"geometry":{"type":"Point","coordinates":[6.25,13.75]}},{"type":"Feature","properties":{"cell_id":"ucdp-05deg-13.75-13.25","period":"2016-2025","event_count":82,"fatalities_best":733,"fatalities_low":728,"fatalities_high":1071,"first_year":2016,"latest_year":2025,"state_based_events":74,"non_state_events":5,"one_sided_events":3,"source_states":"Borno; Unassigned / offshore","best_source_precision":1,"least_source_precision":2,"_label":"ucdp-05deg-13.75-13.25","_status_group":"unknown","_states":[]},"geometry":{"type":"Point","coordinates":[13.25,13.75]}},{"type":"Feature","properties":{"cell_id":"ucdp-05deg-13.75-13.75","period":"2016-2025","event_count":1,"fatalities_best":3,"fatalities_low":3,"fatalities_high":3,"first_year":2019,"latest_year":2019,"state_based_events":1,"non_state_events":0,"one_sided_events":0,"source_states":"Borno","best_source_precision":1,"least_source_precision":1,"_label":"ucdp-05deg-13.75-13.75","_status_group":"unknown","_states":[]},"geometry":{"type":"Point","coordinates":[13.75,13.75]}}]}
