{"type":"FeatureCollection","name":"population_access","atlas_release":{"version":"0.6.0","date":"2026-07-24","title":"Structured Distributed Energy and Open Contributions"},"metadata":{"description":"Quarter-degree settlement-population grid with night-light and grid-distance screening signals.","source":"World Bank Nigeria Distributed Renewable Energy Atlas","source_date":"2025-06-12","license":"CC BY 4.0","quality":"B","quality_note":"Aggregated from 154,319 settlement clusters. Night-light detection is a screening proxy, not a measured household electricity-access rate.","path":"data/processed/08_context/population_access_grid_nigeria.csv","key":"population_access","label":"Population & Access Grid","category":"context","category_label":"People & Access","record_count":1278,"download_url":"https://raw.githubusercontent.com/Diamonds10/Nigeria-gas-atlas/main/data/processed/08_context/population_access_grid_nigeria.csv"},"features":[{"type":"Feature","properties":{"cell_id":"nga_4.375_5.875","population_estimate":13678.0,"settlement_count":20.0,"population_with_nightlight_signal":5252.0,"population_without_nightlight_signal":8426.0,"nightlight_population_share_pct":38.39742652434566,"total_buildings":2875.0,"modeled_demand":1242.3,"population_weighted_distance_transmission_km":54.88923380611201,"population_weighted_distance_gridlight_km":8.887122093873373,"_label":"nga_4.375_5.875","_status_group":"unknown","_year":2025,"_year_label":"Source release year","_states":[]},"geometry":{"type":"Point","coordinates":[5.875,4.375]}},{"type":"Feature","properties":{"cell_id":"nga_4.375_6.125","population_estimate":48109.0,"settlement_count":47.0,"population_with_nightlight_signal":36544.0,"population_without_nightlight_signal":11565.0,"nightlight_population_share_pct":75.96083892826707,"total_buildings":10322.0,"modeled_demand":4714.6,"population_weighted_distance_transmission_km":33.89143278804382,"population_weighted_distance_gridlight_km":1.0287378868818726,"_label":"nga_4.375_6.125","_status_group":"unknown","_year":2025,"_year_label":"Source release year","_states":["Bayelsa"]},"geometry":{"type":"Point","coordinates":[6.125,4.375]}},{"type":"Feature","properties":{"cell_id":"nga_4.375_6.375","population_estimate":18404.0,"settlement_count":18.0,"population_with_nightlight_signal":14358.0,"population_without_nightlight_signal":4046.0,"nightlight_population_share_pct":78.01564877200609,"total_buildings":3919.0,"modeled_demand":1899.6000000000004,"population_weighted_distance_transmission_km":24.029357748315583,"population_weighted_distance_gridlight_km":0.6520979134970659,"_label":"nga_4.375_6.375","_status_group":"unknown","_year":2025,"_year_label":"Source release year","_states":["Bayelsa"]},"geometry":{"type":"Point","coordinates":[6.375,4.375]}},{"type":"Feature","properties":{"cell_id":"nga_4.375_6.625","population_estimate":14328.0,"settlement_count":30.0,"population_with_nightlight_signal":4049.0,"population_without_nightlight_signal":10279.0,"nightlight_population_share_pct":28.25935231714126,"total_buildings":3239.0,"modeled_demand":1292.6999999999998,"population_weighted_distance_transmission_km":6.721187883863761,"population_weighted_distance_gridlight_km":5.4494997906197655,"_label":"nga_4.375_6.625","_status_group":"unknown","_year":2025,"_year_label":"Source release year","_states":["Rivers"]},"geometry":{"type":"Point","coordinates":[6.625,4.375]}},{"type":"Feature","properties":{"cell_id":"nga_4.375_6.875","population_estimate":6171.0,"settlement_count":21.0,"population_with_nightlight_signal":1437.0,"population_without_nightlight_signal":4734.0,"nightlight_population_share_pct":23.28633932912008,"total_buildings":1451.0,"modeled_demand":565.4,"population_weighted_distance_transmission_km":2.0819818505914767,"population_weighted_distance_gridlight_km":7.577091881380651,"_label":"nga_4.375_6.875","_status_group":"unknown","_year":2025,"_year_label":"Source release year","_states":[]},"geometry":{"type":"Point","coordinates":[6.875,4.375]}},{"type":"Feature","properties":{"cell_id":"nga_4.375_7.125","population_estimate":102046.0,"settlement_count":60.0,"population_with_nightlight_signal":84652.0,"population_without_nightlight_signal":17394.0,"nightlight_population_share_pct":82.95474589890834,"total_buildings":21256.0,"modeled_demand":11111.5,"population_weighted_distance_transmission_km":0.5298317425474786,"population_weighted_distance_gridlight_km":0.546961605550438,"_label":"nga_4.375_7.125","_status_group":"unknown","_year":2025,"_year_label":"Source release year","_states":[]},"geometry":{"type":"Point","coordinates":[7.125,4.375]}},{"type":"Feature","properties":{"cell_id":"nga_4.375_7.375","population_estimate":43980.0,"settlement_count":35.0,"population_with_nightlight_signal":1165.0,"population_without_nightlight_signal":42815.0,"nightlight_population_share_pct":2.648931332423829,"total_buildings":9193.0,"modeled_demand":4412.4,"population_weighted_distance_transmission_km":6.664775579809004,"population_weighted_distance_gridlight_km":4.704164120054571,"_label":"nga_4.375_7.375","_status_group":"unknown","_year":2025,"_year_label":"Source release year","_states":[]},"geometry":{"type":"Point","coordinates":[7.375,4.375]}},{"type":"Feature","properties":{"cell_id":"nga_4.375_7.625","population_estimate":10118.0,"settlement_count":15.0,"population_with_nightlight_signal":0.0,"population_without_nightlight_signal":10118.0,"nightlight_population_share_pct":0.0,"total_buildings":2170.0,"modeled_demand":978.3000000000002,"population_weighted_distance_transmission_km":4.0797707056730586,"population_weighted_distance_gridlight_km":4.00874263688476,"_label":"nga_4.375_7.625","_status_group":"unknown","_year":2025,"_year_label":"Source release year","_states":[]},"geometry":{"type":"Point","coordinates":[7.625,4.375]}},{"type":"Feature","properties":{"cell_id":"nga_4.625_5.625","population_estimate":13944.0,"settlement_count":22.0,"population_with_nightlight_signal":2892.0,"population_without_nightlight_signal":11052.0,"nightlight_population_share_pct":20.740103270223752,"total_buildings":2958.0,"modeled_demand":1199.0,"population_weighted_distance_transmission_km":46.46805507745266,"population_weighted_distance_gridlight_km":8.961185742971887,"_label":"nga_4.625_5.625","_status_group":"unknown","_year":2025,"_year_label":"Source release year","_states":["Bayelsa"]},"geometry":{"type":"Point","coordinates":[5.625,4.625]}},{"type":"Feature","properties":{"cell_id":"nga_4.625_5.875","population_estimate":15195.0,"settlement_count":26.0,"population_with_nightlight_signal":4407.0,"population_without_nightlight_signal":10788.0,"nightlight_population_share_pct":29.002961500493583,"total_buildings":3430.0,"modeled_demand":1629.3,"population_weighted_distance_transmission_km":38.49502994406055,"population_weighted_distance_gridlight_km":3.137856531753866,"_label":"nga_4.625_5.875","_status_group":"unknown","_year":2025,"_year_label":"Source release year","_states":["Bayelsa"]},"geometry":{"type":"Point","coordinates":[5.875,4.625]}},{"type":"Feature","properties":{"cell_id":"nga_4.625_6.125","population_estimate":34716.0,"settlement_count":39.0,"population_with_nightlight_signal":12586.0,"population_without_nightlight_signal":22130.0,"nightlight_population_share_pct":36.25417674847333,"total_buildings":7645.0,"modeled_demand":3936.6,"population_weighted_distance_transmission_km":20.72307235856666,"population_weighted_distance_gridlight_km":3.201196422398894,"_label":"nga_4.625_6.125","_status_group":"unknown","_year":2025,"_year_label":"Source release year","_states":["Bayelsa"]},"geometry":{"type":"Point","coordinates":[6.125,4.625]}},{"type":"Feature","properties":{"cell_id":"nga_4.625_6.375","population_estimate":70290.0,"settlement_count":59.0,"population_with_nightlight_signal":23681.0,"population_without_nightlight_signal":46609.0,"nightlight_population_share_pct":33.690425380566225,"total_buildings":15252.0,"modeled_demand":7907.6,"population_weighted_distance_transmission_km":2.0879816474605204,"population_weighted_distance_gridlight_km":4.879037060748328,"_label":"nga_4.625_6.375","_status_group":"unknown","_year":2025,"_year_label":"Source release year","_states":["Bayelsa"]},"geometry":{"type":"Point","coordinates":[6.375,4.625]}},{"type":"Feature","properties":{"cell_id":"nga_4.625_6.625","population_estimate":13521.0,"settlement_count":43.0,"population_with_nightlight_signal":1884.0,"population_without_nightlight_signal":11637.0,"nightlight_population_share_pct":13.933880630130908,"total_buildings":3165.0,"modeled_demand":1322.1,"population_weighted_distance_transmission_km":8.031377117077138,"population_weighted_distance_gridlight_km":4.633274609866135,"_label":"nga_4.625_6.625","_status_group":"unknown","_year":2025,"_year_label":"Source release year","_states":["Rivers"]},"geometry":{"type":"Point","coordinates":[6.625,4.625]}},{"type":"Feature","properties":{"cell_id":"nga_4.625_6.875","population_estimate":65751.0,"settlement_count":44.0,"population_with_nightlight_signal":49981.0,"population_without_nightlight_signal":15770.0,"nightlight_population_share_pct":76.01557390762117,"total_buildings":13907.0,"modeled_demand":6848.200000000001,"population_weighted_distance_transmission_km":0.8658394549132332,"population_weighted_distance_gridlight_km":0.7324732551596173,"_label":"nga_4.625_6.875","_status_group":"unknown","_year":2025,"_year_label":"Source release year","_states":["Rivers"]},"geometry":{"type":"Point","coordinates":[6.875,4.625]}},{"type":"Feature","properties":{"cell_id":"nga_4.625_7.125","population_estimate":128043.0,"settlement_count":66.0,"population_with_nightlight_signal":84237.0,"population_without_nightlight_signal":43806.0,"nightlight_population_share_pct":65.78805557508025,"total_buildings":26742.0,"modeled_demand":13325.0,"population_weighted_distance_transmission_km":0.5316055543840741,"population_weighted_distance_gridlight_km":0.5003235787977477,"_label":"nga_4.625_7.125","_status_group":"unknown","_year":2025,"_year_label":"Source release year","_states":["Rivers"]},"geometry":{"type":"Point","coordinates":[7.125,4.625]}},{"type":"Feature","properties":{"cell_id":"nga_4.625_7.375","population_estimate":459900.0,"settlement_count":105.0,"population_with_nightlight_signal":255629.0,"population_without_nightlight_signal":204271.0,"nightlight_population_share_pct":55.583605131550335,"total_buildings":97152.0,"modeled_demand":49238.6,"population_weighted_distance_transmission_km":1.462299521635138,"population_weighted_distance_gridlight_km":1.3283950619699934,"_label":"nga_4.625_7.375","_status_group":"unknown","_year":2025,"_year_label":"Source release year","_states":["Rivers"]},"geometry":{"type":"Point","coordinates":[7.375,4.625]}},{"type":"Feature","properties":{"cell_id":"nga_4.625_7.625","population_estimate":220822.0,"settlement_count":157.0,"population_with_nightlight_signal":80071.0,"population_without_nightlight_signal":140751.0,"nightlight_population_share_pct":36.260426950213294,"total_buildings":47413.0,"modeled_demand":25690.299999999996,"population_weighted_distance_transmission_km":2.7890207497441377,"population_weighted_distance_gridlight_km":3.0817298819863965,"_label":"nga_4.625_7.625","_status_group":"unknown","_year":2025,"_year_label":"Source release year","_states":["Akwa Ibom"]},"geometry":{"type":"Point","coordinates":[7.625,4.625]}},{"type":"Feature","properties":{"cell_id":"nga_4.625_7.875","population_estimate":425528.0,"settlement_count":145.0,"population_with_nightlight_signal":281630.0,"population_without_nightlight_signal":143898.0,"nightlight_population_share_pct":66.18365888966179,"total_buildings":89484.0,"modeled_demand":53491.4,"population_weighted_distance_transmission_km":0.5664319151736196,"population_weighted_distance_gridlight_km":1.0853297056832922,"_label":"nga_4.625_7.875","_status_group":"unknown","_year":2025,"_year_label":"Source release year","_states":["Akwa Ibom"]},"geometry":{"type":"Point","coordinates":[7.875,4.625]}},{"type":"Feature","properties":{"cell_id":"nga_4.625_8.125","population_estimate":154702.0,"settlement_count":114.0,"population_with_nightlight_signal":31092.0,"population_without_nightlight_signal":123610.0,"nightlight_population_share_pct":20.097994854623728,"total_buildings":33090.0,"modeled_demand":18824.8,"population_weighted_distance_transmission_km":1.0816180786285892,"population_weighted_distance_gridlight_km":4.146973684890952,"_label":"nga_4.625_8.125","_status_group":"unknown","_year":2025,"_year_label":"Source release year","_states":["Akwa Ibom"]},"geometry":{"type":"Point","coordinates":[8.125,4.625]}},{"type":"Feature","properties":{"cell_id":"nga_4.625_8.375","population_estimate":47309.0,"settlement_count":30.0,"population_with_nightlight_signal":19950.0,"population_without_nightlight_signal":27359.0,"nightlight_population_share_pct":42.16956604451584,"total_buildings":10097.0,"modeled_demand":5638.899999999998,"population_weighted_distance_transmission_km":2.185877317212369,"population_weighted_distance_gridlight_km":2.1452324927603628,"_label":"nga_4.625_8.375","_status_group":"unknown","_year":2025,"_year_label":"Source release year","_states":[]},"geometry":{"type":"Point","coordinates":[8.375,4.625]}},{"type":"Feature","properties":{"cell_id":"nga_4.625_8.625","population_estimate":1021.0,"settlement_count":5.0,"population_with_nightlight_signal":0.0,"population_without_nightlight_signal":1021.0,"nightlight_population_share_pct":0.0,"total_buildings":240.0,"modeled_demand":84.8,"population_weighted_distance_transmission_km":8.556346718903034,"population_weighted_distance_gridlight_km":7.885315377081293,"_label":"nga_4.625_8.625","_status_group":"unknown","_year":2025,"_year_label":"Source release year","_states":[]},"geometry":{"type":"Point","coordinates":[8.625,4.625]}},{"type":"Feature","properties":{"cell_id":"nga_4.875_5.375","population_estimate":5273.0,"settlement_count":8.0,"population_with_nightlight_signal":0.0,"population_without_nightlight_signal":5273.0,"nightlight_population_share_pct":0.0,"total_buildings":1240.0,"modeled_demand":470.5,"population_weighted_distance_transmission_km":27.78669448131993,"population_weighted_distance_gridlight_km":11.648704342878816,"_label":"nga_4.875_5.375","_status_group":"unknown","_year":2025,"_year_label":"Source release year","_states":[]},"geometry":{"type":"Point","coordinates":[5.375,4.875]}},{"type":"Feature","properties":{"cell_id":"nga_4.875_5.625","population_estimate":23568.0,"settlement_count":21.0,"population_with_nightlight_signal":2790.0,"population_without_nightlight_signal":20778.0,"nightlight_population_share_pct":11.838085539714868,"total_buildings":5043.0,"modeled_demand":2329.4,"population_weighted_distance_transmission_km":20.8181950101833,"population_weighted_distance_gridlight_km":5.992446707399864,"_label":"nga_4.875_5.625","_status_group":"unknown","_year":2025,"_year_label":"Source release year","_states":["Bayelsa"]},"geometry":{"type":"Point","coordinates":[5.625,4.875]}},{"type":"Feature","properties":{"cell_id":"nga_4.875_5.875","population_estimate":26751.0,"settlement_count":31.0,"population_with_nightlight_signal":7005.0,"population_without_nightlight_signal":19746.0,"nightlight_population_share_pct":26.18593697431872,"total_buildings":5906.0,"modeled_demand":2764.1,"population_weighted_distance_transmission_km":16.94654704497028,"population_weighted_distance_gridlight_km":5.521215019999253,"_label":"nga_4.875_5.875","_status_group":"unknown","_year":2025,"_year_label":"Source release year","_states":["Bayelsa"]},"geometry":{"type":"Point","coordinates":[5.875,4.875]}},{"type":"Feature","properties":{"cell_id":"nga_4.875_6.125","population_estimate":71609.0,"settlement_count":48.0,"population_with_nightlight_signal":44535.0,"population_without_nightlight_signal":27074.0,"nightlight_population_share_pct":62.19190325238448,"total_buildings":15485.0,"modeled_demand":8573.7,"population_weighted_distance_transmission_km":4.5305330335572345,"population_weighted_distance_gridlight_km":1.6349153877305924,"_label":"nga_4.875_6.125","_status_group":"unknown","_year":2025,"_year_label":"Source release year","_states":["Bayelsa"]},"geometry":{"type":"Point","coordinates":[6.125,4.875]}},{"type":"Feature","properties":{"cell_id":"nga_4.875_6.375","population_estimate":558119.0,"settlement_count":58.0,"population_with_nightlight_signal":517681.0,"population_without_nightlight_signal":40438.0,"nightlight_population_share_pct":92.7545917626886,"total_buildings":117169.0,"modeled_demand":68699.3,"population_weighted_distance_transmission_km":0.1395407431031733,"population_weighted_distance_gridlight_km":0.2607008236594705,"_label":"nga_4.875_6.375","_status_group":"unknown","_year":2025,"_year_label":"Source release year","_states":["Bayelsa"]},"geometry":{"type":"Point","coordinates":[6.375,4.875]}},{"type":"Feature","properties":{"cell_id":"nga_4.875_6.625","population_estimate":125162.0,"settlement_count":57.0,"population_with_nightlight_signal":44792.0,"population_without_nightlight_signal":80370.0,"nightlight_population_share_pct":35.78721976318691,"total_buildings":26924.0,"modeled_demand":14253.8,"population_weighted_distance_transmission_km":0.654053227017785,"population_weighted_distance_gridlight_km":2.013308663971493,"_label":"nga_4.875_6.625","_status_group":"unknown","_year":2025,"_year_label":"Source release year","_states":["Rivers"]},"geometry":{"type":"Point","coordinates":[6.625,4.875]}},{"type":"Feature","properties":{"cell_id":"nga_4.875_6.875","population_estimate":242009.0,"settlement_count":84.0,"population_with_nightlight_signal":150839.0,"population_without_nightlight_signal":91170.0,"nightlight_population_share_pct":62.32784731146362,"total_buildings":53003.0,"modeled_demand":28165.800000000003,"population_weighted_distance_transmission_km":0.3635192492841175,"population_weighted_distance_gridlight_km":0.9558166803713912,"_label":"nga_4.875_6.875","_status_group":"unknown","_year":2025,"_year_label":"Source release year","_states":["Rivers"]},"geometry":{"type":"Point","coordinates":[6.875,4.875]}},{"type":"Feature","properties":{"cell_id":"nga_4.875_7.125","population_estimate":3289084.0,"settlement_count":92.0,"population_with_nightlight_signal":3180153.0,"population_without_nightlight_signal":108931.0,"nightlight_population_share_pct":96.68810525970147,"total_buildings":682247.0,"modeled_demand":409975.20000000007,"population_weighted_distance_transmission_km":0.1072520555875131,"population_weighted_distance_gridlight_km":0.0884250529934778,"_label":"nga_4.875_7.125","_status_group":"unknown","_year":2025,"_year_label":"Source release year","_states":["Rivers"]},"geometry":{"type":"Point","coordinates":[7.125,4.875]}},{"type":"Feature","properties":{"cell_id":"nga_4.875_7.375","population_estimate":202739.0,"settlement_count":119.0,"population_with_nightlight_signal":85389.0,"population_without_nightlight_signal":117350.0,"nightlight_population_share_pct":42.117698124189225,"total_buildings":44558.0,"modeled_demand":23215.199999999997,"population_weighted_distance_transmission_km":1.5835400194338538,"population_weighted_distance_gridlight_km":1.3605723269819818,"_label":"nga_4.875_7.375","_status_group":"unknown","_year":2025,"_year_label":"Source release year","_states":["Abia"]},"geometry":{"type":"Point","coordinates":[7.375,4.875]}},{"type":"Feature","properties":{"cell_id":"nga_4.875_7.625","population_estimate":283443.0,"settlement_count":396.0,"population_with_nightlight_signal":0.0,"population_without_nightlight_signal":283443.0,"nightlight_population_share_pct":0.0,"total_buildings":63062.0,"modeled_demand":34730.0,"population_weighted_distance_transmission_km":5.058453092861704,"population_weighted_distance_gridlight_km":7.86861615915722,"_label":"nga_4.875_7.625","_status_group":"unknown","_year":2025,"_year_label":"Source release year","_states":["Akwa Ibom"]},"geometry":{"type":"Point","coordinates":[7.625,4.875]}},{"type":"Feature","properties":{"cell_id":"nga_4.875_7.875","population_estimate":298003.0,"settlement_count":297.0,"population_with_nightlight_signal":133271.0,"population_without_nightlight_signal":164732.0,"nightlight_population_share_pct":44.721361865484575,"total_buildings":64616.0,"modeled_demand":39114.3,"population_weighted_distance_transmission_km":1.1413967644621028,"population_weighted_distance_gridlight_km":2.3533500736569763,"_label":"nga_4.875_7.875","_status_group":"unknown","_year":2025,"_year_label":"Source release year","_states":["Akwa Ibom"]},"geometry":{"type":"Point","coordinates":[7.875,4.875]}},{"type":"Feature","properties":{"cell_id":"nga_4.875_8.125","population_estimate":308557.0,"settlement_count":146.0,"population_with_nightlight_signal":153090.0,"population_without_nightlight_signal":155467.0,"nightlight_population_share_pct":49.61481995222925,"total_buildings":65217.0,"modeled_demand":41294.9,"population_weighted_distance_transmission_km":0.6468637561293374,"population_weighted_distance_gridlight_km":1.9361495282881285,"_label":"nga_4.875_8.125","_status_group":"unknown","_year":2025,"_year_label":"Source release year","_states":["Akwa Ibom"]},"geometry":{"type":"Point","coordinates":[8.125,4.875]}},{"type":"Feature","properties":{"cell_id":"nga_4.875_8.375","population_estimate":665680.0,"settlement_count":90.0,"population_with_nightlight_signal":639689.0,"population_without_nightlight_signal":25991.0,"nightlight_population_share_pct":96.0955714457397,"total_buildings":137563.0,"modeled_demand":81084.29999999999,"population_weighted_distance_transmission_km":0.0430567089292152,"population_weighted_distance_gridlight_km":0.157812650222329,"_label":"nga_4.875_8.375","_status_group":"unknown","_year":2025,"_year_label":"Source release year","_states":["Cross River"]},"geometry":{"type":"Point","coordinates":[8.375,4.875]}},{"type":"Feature","properties":{"cell_id":"nga_4.875_8.625","population_estimate":31382.0,"settlement_count":53.0,"population_with_nightlight_signal":9841.0,"population_without_nightlight_signal":21541.0,"nightlight_population_share_pct":31.35874067937034,"total_buildings":7214.0,"modeled_demand":3635.8,"population_weighted_distance_transmission_km":0.3285947358358294,"population_weighted_distance_gridlight_km":3.7616650627748385,"_label":"nga_4.875_8.625","_status_group":"unknown","_year":2025,"_year_label":"Source release year","_states":[]},"geometry":{"type":"Point","coordinates":[8.625,4.875]}},{"type":"Feature","properties":{"cell_id":"nga_5.125_5.375","population_estimate":16061.0,"settlement_count":22.0,"population_with_nightlight_signal":11846.0,"population_without_nightlight_signal":4215.0,"nightlight_population_share_pct":73.75630409065438,"total_buildings":3625.0,"modeled_demand":1598.6,"population_weighted_distance_transmission_km":3.072623124338459,"population_weighted_distance_gridlight_km":1.0129546105472886,"_label":"nga_5.125_5.375","_status_group":"unknown","_year":2025,"_year_label":"Source release year","_states":[]},"geometry":{"type":"Point","coordinates":[5.375,5.125]}},{"type":"Feature","properties":{"cell_id":"nga_5.125_5.625","population_estimate":40497.0,"settlement_count":43.0,"population_with_nightlight_signal":12105.0,"population_without_nightlight_signal":28392.0,"nightlight_population_share_pct":29.891103044669975,"total_buildings":8689.0,"modeled_demand":4549.1,"population_weighted_distance_transmission_km":6.311167493888436,"population_weighted_distance_gridlight_km":4.230340790675853,"_label":"nga_5.125_5.625","_status_group":"unknown","_year":2025,"_year_label":"Source release year","_states":["Delta"]},"geometry":{"type":"Point","coordinates":[5.625,5.125]}},{"type":"Feature","properties":{"cell_id":"nga_5.125_5.875","population_estimate":113176.0,"settlement_count":62.0,"population_with_nightlight_signal":52616.0,"population_without_nightlight_signal":60560.0,"nightlight_population_share_pct":46.49042199759666,"total_buildings":24243.0,"modeled_demand":13443.1,"population_weighted_distance_transmission_km":0.7495052838057539,"population_weighted_distance_gridlight_km":2.4289663886336323,"_label":"nga_5.125_5.875","_status_group":"unknown","_year":2025,"_year_label":"Source release year","_states":["Delta"]},"geometry":{"type":"Point","coordinates":[5.875,5.125]}},{"type":"Feature","properties":{"cell_id":"nga_5.125_6.125","population_estimate":86169.0,"settlement_count":49.0,"population_with_nightlight_signal":63768.0,"population_without_nightlight_signal":22401.0,"nightlight_population_share_pct":74.00341189987118,"total_buildings":18604.0,"modeled_demand":11059.3,"population_weighted_distance_transmission_km":1.0057945432812263,"population_weighted_distance_gridlight_km":0.7578789703953859,"_label":"nga_5.125_6.125","_status_group":"unknown","_year":2025,"_year_label":"Source release year","_states":["Bayelsa"]},"geometry":{"type":"Point","coordinates":[6.125,5.125]}},{"type":"Feature","properties":{"cell_id":"nga_5.125_6.375","population_estimate":124603.0,"settlement_count":65.0,"population_with_nightlight_signal":65513.0,"population_without_nightlight_signal":59090.0,"nightlight_population_share_pct":52.57738577722848,"total_buildings":27063.0,"modeled_demand":15458.7,"population_weighted_distance_transmission_km":0.636341741370593,"population_weighted_distance_gridlight_km":1.436108737349823,"_label":"nga_5.125_6.375","_status_group":"unknown","_year":2025,"_year_label":"Source release year","_states":["Bayelsa"]},"geometry":{"type":"Point","coordinates":[6.375,5.125]}},{"type":"Feature","properties":{"cell_id":"nga_5.125_6.625","population_estimate":326604.0,"settlement_count":105.0,"population_with_nightlight_signal":173082.0,"population_without_nightlight_signal":153522.0,"nightlight_population_share_pct":52.994451996913696,"total_buildings":69881.0,"modeled_demand":37680.9,"population_weighted_distance_transmission_km":1.467684443546313,"population_weighted_distance_gridlight_km":1.4402949872016266,"_label":"nga_5.125_6.625","_status_group":"unknown","_year":2025,"_year_label":"Source release year","_states":["Rivers"]},"geometry":{"type":"Point","coordinates":[6.625,5.125]}},{"type":"Feature","properties":{"cell_id":"nga_5.125_6.875","population_estimate":193825.0,"settlement_count":59.0,"population_with_nightlight_signal":65366.0,"population_without_nightlight_signal":128459.0,"nightlight_population_share_pct":33.72423577969818,"total_buildings":42852.0,"modeled_demand":21911.4,"population_weighted_distance_transmission_km":0.3352414807171417,"population_weighted_distance_gridlight_km":3.68360604153231,"_label":"nga_5.125_6.875","_status_group":"unknown","_year":2025,"_year_label":"Source release year","_states":["Rivers"]},"geometry":{"type":"Point","coordinates":[6.875,5.125]}},{"type":"Feature","properties":{"cell_id":"nga_5.125_7.125","population_estimate":243141.0,"settlement_count":118.0,"population_with_nightlight_signal":7339.0,"population_without_nightlight_signal":235802.0,"nightlight_population_share_pct":3.0184131841195025,"total_buildings":54189.0,"modeled_demand":26739.3,"population_weighted_distance_transmission_km":1.614171201072629,"population_weighted_distance_gridlight_km":8.418445539830797,"_label":"nga_5.125_7.125","_status_group":"unknown","_year":2025,"_year_label":"Source release year","_states":["Rivers"]},"geometry":{"type":"Point","coordinates":[7.125,5.125]}},{"type":"Feature","properties":{"cell_id":"nga_5.125_7.375","population_estimate":1460772.0,"settlement_count":202.0,"population_with_nightlight_signal":1340191.0,"population_without_nightlight_signal":120581.0,"nightlight_population_share_pct":91.74539216250038,"total_buildings":314136.0,"modeled_demand":179579.10000000003,"population_weighted_distance_transmission_km":0.0632903218298269,"population_weighted_distance_gridlight_km":0.1668164723858343,"_label":"nga_5.125_7.375","_status_group":"unknown","_year":2025,"_year_label":"Source release year","_states":["Abia"]},"geometry":{"type":"Point","coordinates":[7.375,5.125]}},{"type":"Feature","properties":{"cell_id":"nga_5.125_7.625","population_estimate":684435.0,"settlement_count":235.0,"population_with_nightlight_signal":398964.0,"population_without_nightlight_signal":285471.0,"nightlight_population_share_pct":58.290999145280416,"total_buildings":146614.0,"modeled_demand":79485.20000000001,"population_weighted_distance_transmission_km":0.3008257175626612,"population_weighted_distance_gridlight_km":1.3248517331813832,"_label":"nga_5.125_7.625","_status_group":"unknown","_year":2025,"_year_label":"Source release year","_states":["Akwa Ibom"]},"geometry":{"type":"Point","coordinates":[7.625,5.125]}},{"type":"Feature","properties":{"cell_id":"nga_5.125_7.875","population_estimate":1403331.0,"settlement_count":241.0,"population_with_nightlight_signal":1237997.0,"population_without_nightlight_signal":165334.0,"nightlight_population_share_pct":88.2184602207177,"total_buildings":295487.0,"modeled_demand":179378.69999999992,"population_weighted_distance_transmission_km":0.1306882980565525,"population_weighted_distance_gridlight_km":0.2825757273230621,"_label":"nga_5.125_7.875","_status_group":"unknown","_year":2025,"_year_label":"Source release year","_states":["Akwa Ibom"]},"geometry":{"type":"Point","coordinates":[7.875,5.125]}},{"type":"Feature","properties":{"cell_id":"nga_5.125_8.125","population_estimate":59406.0,"settlement_count":109.0,"population_with_nightlight_signal":21369.0,"population_without_nightlight_signal":38037.0,"nightlight_population_share_pct":35.97111402888597,"total_buildings":13528.0,"modeled_demand":7116.999999999999,"population_weighted_distance_transmission_km":0.3719713496953168,"population_weighted_distance_gridlight_km":3.168567703598963,"_label":"nga_5.125_8.125","_status_group":"unknown","_year":2025,"_year_label":"Source release year","_states":["Cross River"]},"geometry":{"type":"Point","coordinates":[8.125,5.125]}},{"type":"Feature","properties":{"cell_id":"nga_5.125_8.375","population_estimate":77102.0,"settlement_count":81.0,"population_with_nightlight_signal":39559.0,"population_without_nightlight_signal":37543.0,"nightlight_population_share_pct":51.307359082773466,"total_buildings":17278.0,"modeled_demand":8467.5,"population_weighted_distance_transmission_km":0.4130140592980726,"population_weighted_distance_gridlight_km":1.4371951181551712,"_label":"nga_5.125_8.375","_status_group":"unknown","_year":2025,"_year_label":"Source release year","_states":["Cross River"]},"geometry":{"type":"Point","coordinates":[8.375,5.125]}},{"type":"Feature","properties":{"cell_id":"nga_5.125_8.625","population_estimate":25943.0,"settlement_count":20.0,"population_with_nightlight_signal":6558.0,"population_without_nightlight_signal":19385.0,"nightlight_population_share_pct":25.27849516247157,"total_buildings":6053.0,"modeled_demand":2655.5,"population_weighted_distance_transmission_km":1.3316798365647768,"population_weighted_distance_gridlight_km":5.394609374397719,"_label":"nga_5.125_8.625","_status_group":"unknown","_year":2025,"_year_label":"Source release year","_states":["Cross River"]},"geometry":{"type":"Point","coordinates":[8.625,5.125]}},{"type":"Feature","properties":{"cell_id":"nga_5.375_5.125","population_estimate":744.0,"settlement_count":1.0,"population_with_nightlight_signal":0.0,"population_without_nightlight_signal":744.0,"nightlight_population_share_pct":0.0,"total_buildings":175.0,"modeled_demand":60.3,"population_weighted_distance_transmission_km":8.93,"population_weighted_distance_gridlight_km":4.186,"_label":"nga_5.375_5.125","_status_group":"unknown","_year":2025,"_year_label":"Source release year","_states":[]},"geometry":{"type":"Point","coordinates":[5.125,5.375]}},{"type":"Feature","properties":{"cell_id":"nga_5.375_5.375","population_estimate":31687.0,"settlement_count":45.0,"population_with_nightlight_signal":21007.0,"population_without_nightlight_signal":10680.0,"nightlight_population_share_pct":66.29532615899265,"total_buildings":6882.0,"modeled_demand":3156.8,"population_weighted_distance_transmission_km":2.9670568371887525,"population_weighted_distance_gridlight_km":1.6659850096253987,"_label":"nga_5.375_5.375","_status_group":"unknown","_year":2025,"_year_label":"Source release year","_states":[]},"geometry":{"type":"Point","coordinates":[5.375,5.375]}},{"type":"Feature","properties":{"cell_id":"nga_5.375_5.625","population_estimate":22233.0,"settlement_count":34.0,"population_with_nightlight_signal":5772.0,"population_without_nightlight_signal":16461.0,"nightlight_population_share_pct":25.961408716772365,"total_buildings":4959.0,"modeled_demand":2721.4,"population_weighted_distance_transmission_km":3.009050960284262,"population_weighted_distance_gridlight_km":2.5751150991768994,"_label":"nga_5.375_5.625","_status_group":"unknown","_year":2025,"_year_label":"Source release year","_states":["Delta"]},"geometry":{"type":"Point","coordinates":[5.625,5.375]}},{"type":"Feature","properties":{"cell_id":"nga_5.375_5.875","population_estimate":204766.0,"settlement_count":83.0,"population_with_nightlight_signal":81361.0,"population_without_nightlight_signal":123405.0,"nightlight_population_share_pct":39.73364718752136,"total_buildings":44715.0,"modeled_demand":26533.8,"population_weighted_distance_transmission_km":1.7962553841946418,"population_weighted_distance_gridlight_km":2.3432286170555656,"_label":"nga_5.375_5.875","_status_group":"unknown","_year":2025,"_year_label":"Source release year","_states":["Delta"]},"geometry":{"type":"Point","coordinates":[5.875,5.375]}},{"type":"Feature","properties":{"cell_id":"nga_5.375_6.125","population_estimate":229053.0,"settlement_count":62.0,"population_with_nightlight_signal":121665.0,"population_without_nightlight_signal":107388.0,"nightlight_population_share_pct":53.11652761587929,"total_buildings":49613.0,"modeled_demand":29609.7,"population_weighted_distance_transmission_km":0.5921082456898621,"population_weighted_distance_gridlight_km":1.3347171135064813,"_label":"nga_5.375_6.125","_status_group":"unknown","_year":2025,"_year_label":"Source release year","_states":["Delta"]},"geometry":{"type":"Point","coordinates":[6.125,5.375]}},{"type":"Feature","properties":{"cell_id":"nga_5.375_6.375","population_estimate":75609.0,"settlement_count":79.0,"population_with_nightlight_signal":4729.0,"population_without_nightlight_signal":70880.0,"nightlight_population_share_pct":6.254546416431906,"total_buildings":16874.0,"modeled_demand":9453.8,"population_weighted_distance_transmission_km":3.877621314922827,"population_weighted_distance_gridlight_km":4.806843576822865,"_label":"nga_5.375_6.375","_status_group":"unknown","_year":2025,"_year_label":"Source release year","_states":["Delta"]},"geometry":{"type":"Point","coordinates":[6.375,5.375]}},{"type":"Feature","properties":{"cell_id":"nga_5.375_6.625","population_estimate":217412.0,"settlement_count":71.0,"population_with_nightlight_signal":179841.0,"population_without_nightlight_signal":37571.0,"nightlight_population_share_pct":82.71898515261347,"total_buildings":46595.0,"modeled_demand":28186.699999999997,"population_weighted_distance_transmission_km":0.5207680348830793,"population_weighted_distance_gridlight_km":0.6500185178371017,"_label":"nga_5.375_6.625","_status_group":"unknown","_year":2025,"_year_label":"Source release year","_states":["Rivers"]},"geometry":{"type":"Point","coordinates":[6.625,5.375]}},{"type":"Feature","properties":{"cell_id":"nga_5.375_6.875","population_estimate":258744.0,"settlement_count":76.0,"population_with_nightlight_signal":97828.0,"population_without_nightlight_signal":160916.0,"nightlight_population_share_pct":37.80879943109792,"total_buildings":57002.0,"modeled_demand":30695.1,"population_weighted_distance_transmission_km":1.3891313035278112,"population_weighted_distance_gridlight_km":2.0859198860649903,"_label":"nga_5.375_6.875","_status_group":"unknown","_year":2025,"_year_label":"Source release year","_states":["Imo"]},"geometry":{"type":"Point","coordinates":[6.875,5.375]}},{"type":"Feature","properties":{"cell_id":"nga_5.375_7.125","population_estimate":307365.0,"settlement_count":142.0,"population_with_nightlight_signal":99770.0,"population_without_nightlight_signal":207595.0,"nightlight_population_share_pct":32.459779090007,"total_buildings":69830.0,"modeled_demand":37726.8,"population_weighted_distance_transmission_km":0.5436567924129293,"population_weighted_distance_gridlight_km":1.6540166837473362,"_label":"nga_5.375_7.125","_status_group":"unknown","_year":2025,"_year_label":"Source release year","_states":["Imo"]},"geometry":{"type":"Point","coordinates":[7.125,5.375]}},{"type":"Feature","properties":{"cell_id":"nga_5.375_7.375","population_estimate":439096.0,"settlement_count":206.0,"population_with_nightlight_signal":279993.0,"population_without_nightlight_signal":159103.0,"nightlight_population_share_pct":63.76578242571101,"total_buildings":97800.0,"modeled_demand":51942.90000000001,"population_weighted_distance_transmission_km":0.2896371180789622,"population_weighted_distance_gridlight_km":0.4783208045621003,"_label":"nga_5.375_7.375","_status_group":"unknown","_year":2025,"_year_label":"Source release year","_states":["Abia"]},"geometry":{"type":"Point","coordinates":[7.375,5.375]}},{"type":"Feature","properties":{"cell_id":"nga_5.375_7.625","population_estimate":282839.0,"settlement_count":165.0,"population_with_nightlight_signal":84428.0,"population_without_nightlight_signal":198411.0,"nightlight_population_share_pct":29.850197462160452,"total_buildings":62218.0,"modeled_demand":33640.1,"population_weighted_distance_transmission_km":0.9093743437079044,"population_weighted_distance_gridlight_km":3.3099194559449012,"_label":"nga_5.375_7.625","_status_group":"unknown","_year":2025,"_year_label":"Source release year","_states":["Abia"]},"geometry":{"type":"Point","coordinates":[7.625,5.375]}},{"type":"Feature","properties":{"cell_id":"nga_5.375_7.875","population_estimate":186007.0,"settlement_count":119.0,"population_with_nightlight_signal":109349.0,"population_without_nightlight_signal":76658.0,"nightlight_population_share_pct":58.78757251071196,"total_buildings":40153.0,"modeled_demand":22885.9,"population_weighted_distance_transmission_km":0.8784963469116753,"population_weighted_distance_gridlight_km":1.8864180434069688,"_label":"nga_5.375_7.875","_status_group":"unknown","_year":2025,"_year_label":"Source release year","_states":["Akwa Ibom","Abia"]},"geometry":{"type":"Point","coordinates":[7.875,5.375]}},{"type":"Feature","properties":{"cell_id":"nga_5.375_8.125","population_estimate":30145.0,"settlement_count":41.0,"population_with_nightlight_signal":1323.0,"population_without_nightlight_signal":28822.0,"nightlight_population_share_pct":4.3887875269530605,"total_buildings":6718.0,"modeled_demand":3185.2,"population_weighted_distance_transmission_km":2.494329407862,"population_weighted_distance_gridlight_km":9.237983745231382,"_label":"nga_5.375_8.125","_status_group":"unknown","_year":2025,"_year_label":"Source release year","_states":["Cross River"]},"geometry":{"type":"Point","coordinates":[8.125,5.375]}},{"type":"Feature","properties":{"cell_id":"nga_5.375_8.375","population_estimate":62839.0,"settlement_count":34.0,"population_with_nightlight_signal":28177.0,"population_without_nightlight_signal":34662.0,"nightlight_population_share_pct":44.839987905600026,"total_buildings":13949.0,"modeled_demand":7139.0,"population_weighted_distance_transmission_km":0.2538126004551314,"population_weighted_distance_gridlight_km":1.0698698578908,"_label":"nga_5.375_8.375","_status_group":"unknown","_year":2025,"_year_label":"Source release year","_states":["Cross River"]},"geometry":{"type":"Point","coordinates":[8.375,5.375]}},{"type":"Feature","properties":{"cell_id":"nga_5.375_8.625","population_estimate":14963.0,"settlement_count":26.0,"population_with_nightlight_signal":0.0,"population_without_nightlight_signal":14963.0,"nightlight_population_share_pct":0.0,"total_buildings":3518.0,"modeled_demand":1543.7,"population_weighted_distance_transmission_km":0.8750892200761878,"population_weighted_distance_gridlight_km":25.90190276014168,"_label":"nga_5.375_8.625","_status_group":"unknown","_year":2025,"_year_label":"Source release year","_states":["Cross River"]},"geometry":{"type":"Point","coordinates":[8.625,5.375]}},{"type":"Feature","properties":{"cell_id":"nga_5.375_8.875","population_estimate":562.0,"settlement_count":2.0,"population_with_nightlight_signal":0.0,"population_without_nightlight_signal":562.0,"nightlight_population_share_pct":0.0,"total_buildings":132.0,"modeled_demand":51.7,"population_weighted_distance_transmission_km":12.028790035587187,"population_weighted_distance_gridlight_km":42.73733096085409,"_label":"nga_5.375_8.875","_status_group":"unknown","_year":2025,"_year_label":"Source release year","_states":[]},"geometry":{"type":"Point","coordinates":[8.875,5.375]}},{"type":"Feature","properties":{"cell_id":"nga_5.625_5.125","population_estimate":33875.0,"settlement_count":32.0,"population_with_nightlight_signal":9736.0,"population_without_nightlight_signal":24139.0,"nightlight_population_share_pct":28.740959409594097,"total_buildings":7315.0,"modeled_demand":3341.4000000000005,"population_weighted_distance_transmission_km":1.119782140221402,"population_weighted_distance_gridlight_km":3.906257328413284,"_label":"nga_5.625_5.125","_status_group":"unknown","_year":2025,"_year_label":"Source release year","_states":[]},"geometry":{"type":"Point","coordinates":[5.125,5.625]}},{"type":"Feature","properties":{"cell_id":"nga_5.625_5.375","population_estimate":17200.0,"settlement_count":37.0,"population_with_nightlight_signal":11020.0,"population_without_nightlight_signal":6180.0,"nightlight_population_share_pct":64.06976744186046,"total_buildings":3849.0,"modeled_demand":1857.1999999999996,"population_weighted_distance_transmission_km":0.9753447674418604,"population_weighted_distance_gridlight_km":1.3697592441860462,"_label":"nga_5.625_5.375","_status_group":"unknown","_year":2025,"_year_label":"Source release year","_states":["Delta"]},"geometry":{"type":"Point","coordinates":[5.375,5.625]}},{"type":"Feature","properties":{"cell_id":"nga_5.625_5.625","population_estimate":78865.0,"settlement_count":64.0,"population_with_nightlight_signal":50921.0,"population_without_nightlight_signal":27944.0,"nightlight_population_share_pct":64.56729854815191,"total_buildings":17166.0,"modeled_demand":9806.8,"population_weighted_distance_transmission_km":0.3705779496608127,"population_weighted_distance_gridlight_km":0.4525006656945413,"_label":"nga_5.625_5.625","_status_group":"unknown","_year":2025,"_year_label":"Source release year","_states":["Delta"]},"geometry":{"type":"Point","coordinates":[5.625,5.625]}},{"type":"Feature","properties":{"cell_id":"nga_5.625_5.875","population_estimate":1240586.0,"settlement_count":105.0,"population_with_nightlight_signal":1166034.0,"population_without_nightlight_signal":74552.0,"nightlight_population_share_pct":93.9905818701807,"total_buildings":259899.0,"modeled_demand":171543.79999999996,"population_weighted_distance_transmission_km":0.0546647068401545,"population_weighted_distance_gridlight_km":0.1380184823946103,"_label":"nga_5.625_5.875","_status_group":"unknown","_year":2025,"_year_label":"Source release year","_states":["Delta"]},"geometry":{"type":"Point","coordinates":[5.875,5.625]}},{"type":"Feature","properties":{"cell_id":"nga_5.625_6.125","population_estimate":525470.0,"settlement_count":99.0,"population_with_nightlight_signal":439647.0,"population_without_nightlight_signal":85823.0,"nightlight_population_share_pct":83.66738348526081,"total_buildings":111320.0,"modeled_demand":74596.10000000002,"population_weighted_distance_transmission_km":0.4364936342702723,"population_weighted_distance_gridlight_km":0.6097785582430968,"_label":"nga_5.625_6.125","_status_group":"unknown","_year":2025,"_year_label":"Source release year","_states":["Delta"]},"geometry":{"type":"Point","coordinates":[6.125,5.625]}},{"type":"Feature","properties":{"cell_id":"nga_5.625_6.375","population_estimate":183619.0,"settlement_count":56.0,"population_with_nightlight_signal":97676.0,"population_without_nightlight_signal":85943.0,"nightlight_population_share_pct":53.194930807814,"total_buildings":39095.0,"modeled_demand":25000.4,"population_weighted_distance_transmission_km":1.3253779292992556,"population_weighted_distance_gridlight_km":2.7422119987582985,"_label":"nga_5.625_6.375","_status_group":"unknown","_year":2025,"_year_label":"Source release year","_states":["Delta"]},"geometry":{"type":"Point","coordinates":[6.375,5.625]}},{"type":"Feature","properties":{"cell_id":"nga_5.625_6.625","population_estimate":77854.0,"settlement_count":102.0,"population_with_nightlight_signal":32574.0,"population_without_nightlight_signal":45280.0,"nightlight_population_share_pct":41.839854085853005,"total_buildings":17389.0,"modeled_demand":8943.7,"population_weighted_distance_transmission_km":2.330239550954351,"population_weighted_distance_gridlight_km":1.3728382742055645,"_label":"nga_5.625_6.625","_status_group":"unknown","_year":2025,"_year_label":"Source release year","_states":["Rivers"]},"geometry":{"type":"Point","coordinates":[6.625,5.625]}},{"type":"Feature","properties":{"cell_id":"nga_5.625_6.875","population_estimate":187547.0,"settlement_count":57.0,"population_with_nightlight_signal":32965.0,"population_without_nightlight_signal":154582.0,"nightlight_population_share_pct":17.57692738353586,"total_buildings":40690.0,"modeled_demand":22921.599999999995,"population_weighted_distance_transmission_km":2.513570891563181,"population_weighted_distance_gridlight_km":2.158015457458664,"_label":"nga_5.625_6.875","_status_group":"unknown","_year":2025,"_year_label":"Source release year","_states":["Imo"]},"geometry":{"type":"Point","coordinates":[6.875,5.625]}},{"type":"Feature","properties":{"cell_id":"nga_5.625_7.125","population_estimate":3985856.0,"settlement_count":104.0,"population_with_nightlight_signal":3895717.0,"population_without_nightlight_signal":90139.0,"nightlight_population_share_pct":97.73852843655165,"total_buildings":824309.0,"modeled_demand":484616.8000000001,"population_weighted_distance_transmission_km":0.0265711029199248,"population_weighted_distance_gridlight_km":0.0338095759104192,"_label":"nga_5.625_7.125","_status_group":"unknown","_year":2025,"_year_label":"Source release year","_states":["Imo"]},"geometry":{"type":"Point","coordinates":[7.125,5.625]}},{"type":"Feature","properties":{"cell_id":"nga_5.625_7.375","population_estimate":1861935.0,"settlement_count":238.0,"population_with_nightlight_signal":1700182.0,"population_without_nightlight_signal":161753.0,"nightlight_population_share_pct":91.31263980751208,"total_buildings":387027.0,"modeled_demand":217521.4999999999,"population_weighted_distance_transmission_km":0.1158205844994589,"population_weighted_distance_gridlight_km":0.1735153686890251,"_label":"nga_5.625_7.375","_status_group":"unknown","_year":2025,"_year_label":"Source release year","_states":["Imo"]},"geometry":{"type":"Point","coordinates":[7.375,5.625]}},{"type":"Feature","properties":{"cell_id":"nga_5.625_7.625","population_estimate":308200.0,"settlement_count":100.0,"population_with_nightlight_signal":211929.0,"population_without_nightlight_signal":96271.0,"nightlight_population_share_pct":68.76346528228423,"total_buildings":66262.0,"modeled_demand":36540.2,"population_weighted_distance_transmission_km":0.1710749837767683,"population_weighted_distance_gridlight_km":0.7411369630110317,"_label":"nga_5.625_7.625","_status_group":"unknown","_year":2025,"_year_label":"Source release year","_states":["Abia"]},"geometry":{"type":"Point","coordinates":[7.625,5.625]}},{"type":"Feature","properties":{"cell_id":"nga_5.625_7.875","population_estimate":180447.0,"settlement_count":54.0,"population_with_nightlight_signal":112397.0,"population_without_nightlight_signal":68050.0,"nightlight_population_share_pct":62.288095673521866,"total_buildings":38852.0,"modeled_demand":21604.2,"population_weighted_distance_transmission_km":0.5700697711793491,"population_weighted_distance_gridlight_km":1.6385420372741022,"_label":"nga_5.625_7.875","_status_group":"unknown","_year":2025,"_year_label":"Source release year","_states":["Abia"]},"geometry":{"type":"Point","coordinates":[7.875,5.625]}},{"type":"Feature","properties":{"cell_id":"nga_5.625_8.125","population_estimate":65309.0,"settlement_count":30.0,"population_with_nightlight_signal":2560.0,"population_without_nightlight_signal":62749.0,"nightlight_population_share_pct":3.91982728261036,"total_buildings":14155.0,"modeled_demand":7210.0,"population_weighted_distance_transmission_km":2.914472277940253,"population_weighted_distance_gridlight_km":11.434058965839316,"_label":"nga_5.625_8.125","_status_group":"unknown","_year":2025,"_year_label":"Source release year","_states":["Cross River"]},"geometry":{"type":"Point","coordinates":[8.125,5.625]}},{"type":"Feature","properties":{"cell_id":"nga_5.625_8.375","population_estimate":5601.0,"settlement_count":4.0,"population_with_nightlight_signal":0.0,"population_without_nightlight_signal":5601.0,"nightlight_population_share_pct":0.0,"total_buildings":1317.0,"modeled_demand":606.7,"population_weighted_distance_transmission_km":14.761294411712193,"population_weighted_distance_gridlight_km":15.425521871094448,"_label":"nga_5.625_8.375","_status_group":"unknown","_year":2025,"_year_label":"Source release year","_states":["Cross River"]},"geometry":{"type":"Point","coordinates":[8.375,5.625]}},{"type":"Feature","properties":{"cell_id":"nga_5.625_8.625","population_estimate":438.0,"settlement_count":1.0,"population_with_nightlight_signal":0.0,"population_without_nightlight_signal":438.0,"nightlight_population_share_pct":0.0,"total_buildings":103.0,"modeled_demand":49.3,"population_weighted_distance_transmission_km":15.55,"population_weighted_distance_gridlight_km":21.766,"_label":"nga_5.625_8.625","_status_group":"unknown","_year":2025,"_year_label":"Source release year","_states":["Cross River"]},"geometry":{"type":"Point","coordinates":[8.625,5.625]}},{"type":"Feature","properties":{"cell_id":"nga_5.625_8.875","population_estimate":8064.0,"settlement_count":12.0,"population_with_nightlight_signal":0.0,"population_without_nightlight_signal":8064.0,"nightlight_population_share_pct":0.0,"total_buildings":1896.0,"modeled_demand":863.1999999999999,"population_weighted_distance_transmission_km":8.626860119047619,"population_weighted_distance_gridlight_km":24.429642733134923,"_label":"nga_5.625_8.875","_status_group":"unknown","_year":2025,"_year_label":"Source release year","_states":["Cross River"]},"geometry":{"type":"Point","coordinates":[8.875,5.625]}},{"type":"Feature","properties":{"cell_id":"nga_5.875_4.875","population_estimate":54607.0,"settlement_count":7.0,"population_with_nightlight_signal":0.0,"population_without_nightlight_signal":54607.0,"nightlight_population_share_pct":0.0,"total_buildings":11709.0,"modeled_demand":4944.8,"population_weighted_distance_transmission_km":5.301591371069643,"population_weighted_distance_gridlight_km":13.238149284890216,"_label":"nga_5.875_4.875","_status_group":"unknown","_year":2025,"_year_label":"Source release year","_states":[]},"geometry":{"type":"Point","coordinates":[4.875,5.875]}},{"type":"Feature","properties":{"cell_id":"nga_5.875_5.125","population_estimate":17272.0,"settlement_count":52.0,"population_with_nightlight_signal":3779.0,"population_without_nightlight_signal":13493.0,"nightlight_population_share_pct":21.879342288096343,"total_buildings":3839.0,"modeled_demand":1682.6,"population_weighted_distance_transmission_km":3.1391130152848543,"population_weighted_distance_gridlight_km":7.936193723946273,"_label":"nga_5.875_5.125","_status_group":"unknown","_year":2025,"_year_label":"Source release year","_states":["Delta"]},"geometry":{"type":"Point","coordinates":[5.125,5.875]}},{"type":"Feature","properties":{"cell_id":"nga_5.875_5.375","population_estimate":2594.0,"settlement_count":13.0,"population_with_nightlight_signal":0.0,"population_without_nightlight_signal":2594.0,"nightlight_population_share_pct":0.0,"total_buildings":610.0,"modeled_demand":257.7,"population_weighted_distance_transmission_km":7.995605242868155,"population_weighted_distance_gridlight_km":17.835309946029298,"_label":"nga_5.875_5.375","_status_group":"unknown","_year":2025,"_year_label":"Source release year","_states":["Delta"]},"geometry":{"type":"Point","coordinates":[5.375,5.875]}},{"type":"Feature","properties":{"cell_id":"nga_5.875_5.625","population_estimate":421308.0,"settlement_count":60.0,"population_with_nightlight_signal":391464.0,"population_without_nightlight_signal":29844.0,"nightlight_population_share_pct":92.91634623600788,"total_buildings":88587.0,"modeled_demand":59184.600000000006,"population_weighted_distance_transmission_km":0.2421225564195315,"population_weighted_distance_gridlight_km":0.3507146695529162,"_label":"nga_5.875_5.625","_status_group":"unknown","_year":2025,"_year_label":"Source release year","_states":["Delta"]},"geometry":{"type":"Point","coordinates":[5.625,5.875]}},{"type":"Feature","properties":{"cell_id":"nga_5.875_5.875","population_estimate":121861.0,"settlement_count":54.0,"population_with_nightlight_signal":67423.0,"population_without_nightlight_signal":54438.0,"nightlight_population_share_pct":55.32779150015181,"total_buildings":27175.0,"modeled_demand":16298.8,"population_weighted_distance_transmission_km":0.8636947834007598,"population_weighted_distance_gridlight_km":1.829067659054168,"_label":"nga_5.875_5.875","_status_group":"unknown","_year":2025,"_year_label":"Source release year","_states":["Delta"]},"geometry":{"type":"Point","coordinates":[5.875,5.875]}},{"type":"Feature","properties":{"cell_id":"nga_5.875_6.125","population_estimate":303841.0,"settlement_count":35.0,"population_with_nightlight_signal":261891.0,"population_without_nightlight_signal":41950.0,"nightlight_population_share_pct":86.1934366987997,"total_buildings":65221.0,"modeled_demand":41188.7,"population_weighted_distance_transmission_km":1.691651982451348,"population_weighted_distance_gridlight_km":0.8935937184250975,"_label":"nga_5.875_6.125","_status_group":"unknown","_year":2025,"_year_label":"Source release year","_states":["Edo"]},"geometry":{"type":"Point","coordinates":[6.125,5.875]}},{"type":"Feature","properties":{"cell_id":"nga_5.875_6.375","population_estimate":84102.0,"settlement_count":42.0,"population_with_nightlight_signal":5061.0,"population_without_nightlight_signal":79041.0,"nightlight_population_share_pct":6.017692801598059,"total_buildings":18916.0,"modeled_demand":10441.4,"population_weighted_distance_transmission_km":4.8212376637892085,"population_weighted_distance_gridlight_km":7.195447563672684,"_label":"nga_5.875_6.375","_status_group":"unknown","_year":2025,"_year_label":"Source release year","_states":["Delta"]},"geometry":{"type":"Point","coordinates":[6.375,5.875]}},{"type":"Feature","properties":{"cell_id":"nga_5.875_6.625","population_estimate":49884.0,"settlement_count":80.0,"population_with_nightlight_signal":17234.0,"population_without_nightlight_signal":32650.0,"nightlight_population_share_pct":34.54815171197178,"total_buildings":11032.0,"modeled_demand":5742.799999999999,"population_weighted_distance_transmission_km":1.2988842113703791,"population_weighted_distance_gridlight_km":3.3871817015475902,"_label":"nga_5.875_6.625","_status_group":"unknown","_year":2025,"_year_label":"Source release year","_states":["Delta"]},"geometry":{"type":"Point","coordinates":[6.625,5.875]}},{"type":"Feature","properties":{"cell_id":"nga_5.875_6.875","population_estimate":59396.0,"settlement_count":48.0,"population_with_nightlight_signal":1441.0,"population_without_nightlight_signal":57955.0,"nightlight_population_share_pct":2.42608929894269,"total_buildings":13516.0,"modeled_demand":7844.9,"population_weighted_distance_transmission_km":0.2930842144252138,"population_weighted_distance_gridlight_km":1.8915227961478889,"_label":"nga_5.875_6.875","_status_group":"unknown","_year":2025,"_year_label":"Source release year","_states":["Anambra"]},"geometry":{"type":"Point","coordinates":[6.875,5.875]}},{"type":"Feature","properties":{"cell_id":"nga_5.875_7.125","population_estimate":2832673.0,"settlement_count":237.0,"population_with_nightlight_signal":2671341.0,"population_without_nightlight_signal":161332.0,"nightlight_population_share_pct":94.30460204901873,"total_buildings":584617.0,"modeled_demand":326528.70000000007,"population_weighted_distance_transmission_km":0.0606039242792938,"population_weighted_distance_gridlight_km":0.1726931386008904,"_label":"nga_5.875_7.125","_status_group":"unknown","_year":2025,"_year_label":"Source release year","_states":["Imo"]},"geometry":{"type":"Point","coordinates":[7.125,5.875]}},{"type":"Feature","properties":{"cell_id":"nga_5.875_7.375","population_estimate":400272.0,"settlement_count":216.0,"population_with_nightlight_signal":186198.0,"population_without_nightlight_signal":214074.0,"nightlight_population_share_pct":46.51786784986209,"total_buildings":86297.0,"modeled_demand":46501.3,"population_weighted_distance_transmission_km":1.145519846504377,"population_weighted_distance_gridlight_km":1.592445809349642,"_label":"nga_5.875_7.375","_status_group":"unknown","_year":2025,"_year_label":"Source release year","_states":["Imo"]},"geometry":{"type":"Point","coordinates":[7.375,5.875]}},{"type":"Feature","properties":{"cell_id":"nga_5.875_7.625","population_estimate":225398.0,"settlement_count":79.0,"population_with_nightlight_signal":103519.0,"population_without_nightlight_signal":121879.0,"nightlight_population_share_pct":45.92720432301972,"total_buildings":49021.0,"modeled_demand":23713.299999999992,"population_weighted_distance_transmission_km":0.1730781107197047,"population_weighted_distance_gridlight_km":1.9382289017648775,"_label":"nga_5.875_7.625","_status_group":"unknown","_year":2025,"_year_label":"Source release year","_states":["Ebonyi"]},"geometry":{"type":"Point","coordinates":[7.625,5.875]}},{"type":"Feature","properties":{"cell_id":"nga_5.875_7.875","population_estimate":338781.0,"settlement_count":137.0,"population_with_nightlight_signal":219557.0,"population_without_nightlight_signal":119224.0,"nightlight_population_share_pct":64.80794377488702,"total_buildings":71794.0,"modeled_demand":36960.899999999994,"population_weighted_distance_transmission_km":0.2278329068041005,"population_weighted_distance_gridlight_km":1.340066742231707,"_label":"nga_5.875_7.875","_status_group":"unknown","_year":2025,"_year_label":"Source release year","_states":["Ebonyi"]},"geometry":{"type":"Point","coordinates":[7.875,5.875]}},{"type":"Feature","properties":{"cell_id":"nga_5.875_8.125","population_estimate":182485.0,"settlement_count":95.0,"population_with_nightlight_signal":112019.0,"population_without_nightlight_signal":70466.0,"nightlight_population_share_pct":61.38531934131572,"total_buildings":39164.0,"modeled_demand":22618.3,"population_weighted_distance_transmission_km":0.3163063265473874,"population_weighted_distance_gridlight_km":1.063109181576568,"_label":"nga_5.875_8.125","_status_group":"unknown","_year":2025,"_year_label":"Source release year","_states":["Cross River"]},"geometry":{"type":"Point","coordinates":[8.125,5.875]}},{"type":"Feature","properties":{"cell_id":"nga_5.875_8.375","population_estimate":77568.0,"settlement_count":27.0,"population_with_nightlight_signal":37216.0,"population_without_nightlight_signal":40352.0,"nightlight_population_share_pct":47.978547854785475,"total_buildings":16794.0,"modeled_demand":9110.1,"population_weighted_distance_transmission_km":1.295698741749175,"population_weighted_distance_gridlight_km":2.454089070235149,"_label":"nga_5.875_8.375","_status_group":"unknown","_year":2025,"_year_label":"Source release year","_states":["Cross River"]},"geometry":{"type":"Point","coordinates":[8.375,5.875]}},{"type":"Feature","properties":{"cell_id":"nga_5.875_8.625","population_estimate":113800.0,"settlement_count":39.0,"population_with_nightlight_signal":92307.0,"population_without_nightlight_signal":21493.0,"nightlight_population_share_pct":81.11335676625659,"total_buildings":24630.0,"modeled_demand":15199.3,"population_weighted_distance_transmission_km":0.2222862038664324,"population_weighted_distance_gridlight_km":1.1778909402460458,"_label":"nga_5.875_8.625","_status_group":"unknown","_year":2025,"_year_label":"Source release year","_states":["Cross River"]},"geometry":{"type":"Point","coordinates":[8.625,5.875]}},{"type":"Feature","properties":{"cell_id":"nga_5.875_8.875","population_estimate":35268.0,"settlement_count":40.0,"population_with_nightlight_signal":6742.0,"population_without_nightlight_signal":28526.0,"nightlight_population_share_pct":19.11647952818419,"total_buildings":7754.0,"modeled_demand":3840.6,"population_weighted_distance_transmission_km":0.1405781444935919,"population_weighted_distance_gridlight_km":4.119651213564705,"_label":"nga_5.875_8.875","_status_group":"unknown","_year":2025,"_year_label":"Source release year","_states":["Cross River"]},"geometry":{"type":"Point","coordinates":[8.875,5.875]}},{"type":"Feature","properties":{"cell_id":"nga_6.125_4.625","population_estimate":52286.0,"settlement_count":9.0,"population_with_nightlight_signal":15001.0,"population_without_nightlight_signal":37285.0,"nightlight_population_share_pct":28.690280380981523,"total_buildings":11570.0,"modeled_demand":5008.5,"population_weighted_distance_transmission_km":0.6880472784301724,"population_weighted_distance_gridlight_km":3.1378022223922275,"_label":"nga_6.125_4.625","_status_group":"unknown","_year":2025,"_year_label":"Source release year","_states":[]},"geometry":{"type":"Point","coordinates":[4.625,6.125]}},{"type":"Feature","properties":{"cell_id":"nga_6.125_4.875","population_estimate":63945.0,"settlement_count":55.0,"population_with_nightlight_signal":10179.0,"population_without_nightlight_signal":53766.0,"nightlight_population_share_pct":15.918367346938776,"total_buildings":14315.0,"modeled_demand":6162.299999999999,"population_weighted_distance_transmission_km":2.0027759793572604,"population_weighted_distance_gridlight_km":9.014485620455082,"_label":"nga_6.125_4.875","_status_group":"unknown","_year":2025,"_year_label":"Source release year","_states":["Ondo"]},"geometry":{"type":"Point","coordinates":[4.875,6.125]}},{"type":"Feature","properties":{"cell_id":"nga_6.125_5.125","population_estimate":33706.0,"settlement_count":55.0,"population_with_nightlight_signal":3432.0,"population_without_nightlight_signal":30274.0,"nightlight_population_share_pct":10.182163413042188,"total_buildings":7925.0,"modeled_demand":3347.2000000000003,"population_weighted_distance_transmission_km":13.843691330920311,"population_weighted_distance_gridlight_km":5.108612739571591,"_label":"nga_6.125_5.125","_status_group":"unknown","_year":2025,"_year_label":"Source release year","_states":["Delta"]},"geometry":{"type":"Point","coordinates":[5.125,6.125]}},{"type":"Feature","properties":{"cell_id":"nga_6.125_5.375","population_estimate":40700.0,"settlement_count":52.0,"population_with_nightlight_signal":19239.0,"population_without_nightlight_signal":21461.0,"nightlight_population_share_pct":47.270270270270274,"total_buildings":9124.0,"modeled_demand":4730.799999999999,"population_weighted_distance_transmission_km":2.4453528255528254,"population_weighted_distance_gridlight_km":3.6552457739557744,"_label":"nga_6.125_5.375","_status_group":"unknown","_year":2025,"_year_label":"Source release year","_states":["Edo"]},"geometry":{"type":"Point","coordinates":[5.375,6.125]}},{"type":"Feature","properties":{"cell_id":"nga_6.125_5.625","population_estimate":71666.0,"settlement_count":88.0,"population_with_nightlight_signal":25903.0,"population_without_nightlight_signal":45763.0,"nightlight_population_share_pct":36.14405715402004,"total_buildings":16852.0,"modeled_demand":10140.4,"population_weighted_distance_transmission_km":1.2672805793542266,"population_weighted_distance_gridlight_km":0.9594318086679874,"_label":"nga_6.125_5.625","_status_group":"unknown","_year":2025,"_year_label":"Source release year","_states":["Edo"]},"geometry":{"type":"Point","coordinates":[5.625,6.125]}},{"type":"Feature","properties":{"cell_id":"nga_6.125_5.875","population_estimate":35302.0,"settlement_count":42.0,"population_with_nightlight_signal":995.0,"population_without_nightlight_signal":34307.0,"nightlight_population_share_pct":2.8185371933601497,"total_buildings":8094.0,"modeled_demand":4147.2,"population_weighted_distance_transmission_km":1.3236915755481278,"population_weighted_distance_gridlight_km":9.190299558098692,"_label":"nga_6.125_5.875","_status_group":"unknown","_year":2025,"_year_label":"Source release year","_states":["Edo"]},"geometry":{"type":"Point","coordinates":[5.875,6.125]}},{"type":"Feature","properties":{"cell_id":"nga_6.125_6.125","population_estimate":134863.0,"settlement_count":51.0,"population_with_nightlight_signal":85587.0,"population_without_nightlight_signal":49276.0,"nightlight_population_share_pct":63.46218013836263,"total_buildings":30048.0,"modeled_demand":15870.9,"population_weighted_distance_transmission_km":0.1621954872722689,"population_weighted_distance_gridlight_km":2.093843848943002,"_label":"nga_6.125_6.125","_status_group":"unknown","_year":2025,"_year_label":"Source release year","_states":["Edo"]},"geometry":{"type":"Point","coordinates":[6.125,6.125]}},{"type":"Feature","properties":{"cell_id":"nga_6.125_6.375","population_estimate":156686.0,"settlement_count":48.0,"population_with_nightlight_signal":68929.0,"population_without_nightlight_signal":87757.0,"nightlight_population_share_pct":43.99180526658412,"total_buildings":34451.0,"modeled_demand":18992.2,"population_weighted_distance_transmission_km":1.2391778461381362,"population_weighted_distance_gridlight_km":4.328062283803275,"_label":"nga_6.125_6.375","_status_group":"unknown","_year":2025,"_year_label":"Source release year","_states":["Delta"]},"geometry":{"type":"Point","coordinates":[6.375,6.125]}},{"type":"Feature","properties":{"cell_id":"nga_6.125_6.625","population_estimate":684176.0,"settlement_count":93.0,"population_with_nightlight_signal":653251.0,"population_without_nightlight_signal":30925.0,"nightlight_population_share_pct":95.47996421973292,"total_buildings":145043.0,"modeled_demand":92063.1,"population_weighted_distance_transmission_km":0.1409652340918126,"population_weighted_distance_gridlight_km":0.2419507729005401,"_label":"nga_6.125_6.625","_status_group":"unknown","_year":2025,"_year_label":"Source release year","_states":["Delta"]},"geometry":{"type":"Point","coordinates":[6.625,6.125]}},{"type":"Feature","properties":{"cell_id":"nga_6.125_6.875","population_estimate":2012455.0,"settlement_count":40.0,"population_with_nightlight_signal":1968836.0,"population_without_nightlight_signal":43619.0,"nightlight_population_share_pct":97.83254780852242,"total_buildings":411469.0,"modeled_demand":241377.3,"population_weighted_distance_transmission_km":0.006920865311274,"population_weighted_distance_gridlight_km":0.0160725889522995,"_label":"nga_6.125_6.875","_status_group":"unknown","_year":2025,"_year_label":"Source release year","_states":["Anambra"]},"geometry":{"type":"Point","coordinates":[6.875,6.125]}},{"type":"Feature","properties":{"cell_id":"nga_6.125_7.125","population_estimate":271364.0,"settlement_count":132.0,"population_with_nightlight_signal":187429.0,"population_without_nightlight_signal":83935.0,"nightlight_population_share_pct":69.06922067776124,"total_buildings":60227.0,"modeled_demand":33797.0,"population_weighted_distance_transmission_km":0.0250619831665217,"population_weighted_distance_gridlight_km":0.5902207588331541,"_label":"nga_6.125_7.125","_status_group":"unknown","_year":2025,"_year_label":"Source release year","_states":["Anambra"]},"geometry":{"type":"Point","coordinates":[7.125,6.125]}},{"type":"Feature","properties":{"cell_id":"nga_6.125_7.375","population_estimate":394116.0,"settlement_count":153.0,"population_with_nightlight_signal":211435.0,"population_without_nightlight_signal":182681.0,"nightlight_population_share_pct":53.64791076738828,"total_buildings":85486.0,"modeled_demand":43310.7,"population_weighted_distance_transmission_km":0.2756011935572268,"population_weighted_distance_gridlight_km":0.8982431695236935,"_label":"nga_6.125_7.375","_status_group":"unknown","_year":2025,"_year_label":"Source release year","_states":["Enugu"]},"geometry":{"type":"Point","coordinates":[7.375,6.125]}},{"type":"Feature","properties":{"cell_id":"nga_6.125_7.625","population_estimate":241146.0,"settlement_count":173.0,"population_with_nightlight_signal":102136.0,"population_without_nightlight_signal":139010.0,"nightlight_population_share_pct":42.35442429067868,"total_buildings":52074.0,"modeled_demand":26722.2,"population_weighted_distance_transmission_km":0.1606894578388196,"population_weighted_distance_gridlight_km":2.425099479153708,"_label":"nga_6.125_7.625","_status_group":"unknown","_year":2025,"_year_label":"Source release year","_states":["Enugu"]},"geometry":{"type":"Point","coordinates":[7.625,6.125]}},{"type":"Feature","properties":{"cell_id":"nga_6.125_7.875","population_estimate":318849.0,"settlement_count":533.0,"population_with_nightlight_signal":136491.0,"population_without_nightlight_signal":182358.0,"nightlight_population_share_pct":42.80741040429796,"total_buildings":69101.0,"modeled_demand":33546.3,"population_weighted_distance_transmission_km":0.2547941502090331,"population_weighted_distance_gridlight_km":1.7274198633208824,"_label":"nga_6.125_7.875","_status_group":"unknown","_year":2025,"_year_label":"Source release year","_states":["Ebonyi"]},"geometry":{"type":"Point","coordinates":[7.875,6.125]}},{"type":"Feature","properties":{"cell_id":"nga_6.125_8.125","population_estimate":331331.0,"settlement_count":512.0,"population_with_nightlight_signal":85048.0,"population_without_nightlight_signal":246283.0,"nightlight_population_share_pct":25.668591227503615,"total_buildings":74239.0,"modeled_demand":33263.899999999994,"population_weighted_distance_transmission_km":0.2389243988639759,"population_weighted_distance_gridlight_km":2.7442461979108503,"_label":"nga_6.125_8.125","_status_group":"unknown","_year":2025,"_year_label":"Source release year","_states":["Ebonyi"]},"geometry":{"type":"Point","coordinates":[8.125,6.125]}},{"type":"Feature","properties":{"cell_id":"nga_6.125_8.375","population_estimate":75063.0,"settlement_count":160.0,"population_with_nightlight_signal":0.0,"population_without_nightlight_signal":75063.0,"nightlight_population_share_pct":0.0,"total_buildings":16839.0,"modeled_demand":8225.800000000001,"population_weighted_distance_transmission_km":2.0212946458308356,"population_weighted_distance_gridlight_km":12.075514541118794,"_label":"nga_6.125_8.375","_status_group":"unknown","_year":2025,"_year_label":"Source release year","_states":["Cross River"]},"geometry":{"type":"Point","coordinates":[8.375,6.125]}},{"type":"Feature","properties":{"cell_id":"nga_6.125_8.625","population_estimate":48911.0,"settlement_count":46.0,"population_with_nightlight_signal":2658.0,"population_without_nightlight_signal":46253.0,"nightlight_population_share_pct":5.434360368833187,"total_buildings":11217.0,"modeled_demand":5924.0,"population_weighted_distance_transmission_km":1.4925869436323118,"population_weighted_distance_gridlight_km":5.012910674490401,"_label":"nga_6.125_8.625","_status_group":"unknown","_year":2025,"_year_label":"Source release year","_states":["Cross River"]},"geometry":{"type":"Point","coordinates":[8.625,6.125]}},{"type":"Feature","properties":{"cell_id":"nga_6.125_8.875","population_estimate":32014.0,"settlement_count":20.0,"population_with_nightlight_signal":9653.0,"population_without_nightlight_signal":22361.0,"nightlight_population_share_pct":30.152433310426687,"total_buildings":6947.0,"modeled_demand":3729.7,"population_weighted_distance_transmission_km":0.2106572124695445,"population_weighted_distance_gridlight_km":4.4349180358593125,"_label":"nga_6.125_8.875","_status_group":"unknown","_year":2025,"_year_label":"Source release year","_states":["Cross River"]},"geometry":{"type":"Point","coordinates":[8.875,6.125]}},{"type":"Feature","properties":{"cell_id":"nga_6.125_9.125","population_estimate":8850.0,"settlement_count":10.0,"population_with_nightlight_signal":0.0,"population_without_nightlight_signal":8850.0,"nightlight_population_share_pct":0.0,"total_buildings":2028.0,"modeled_demand":1018.3,"population_weighted_distance_transmission_km":4.081436158192091,"population_weighted_distance_gridlight_km":20.38201830508475,"_label":"nga_6.125_9.125","_status_group":"unknown","_year":2025,"_year_label":"Source release year","_states":["Cross River"]},"geometry":{"type":"Point","coordinates":[9.125,6.125]}},{"type":"Feature","properties":{"cell_id":"nga_6.375_2.625","population_estimate":56227.0,"settlement_count":17.0,"population_with_nightlight_signal":49809.0,"population_without_nightlight_signal":6418.0,"nightlight_population_share_pct":88.58555498248172,"total_buildings":12184.0,"modeled_demand":5367.0,"population_weighted_distance_transmission_km":1.6101728706849026,"population_weighted_distance_gridlight_km":0.2463948281074928,"_label":"nga_6.375_2.625","_status_group":"unknown","_year":2025,"_year_label":"Source release year","_states":[]},"geometry":{"type":"Point","coordinates":[2.625,6.375]}},{"type":"Feature","properties":{"cell_id":"nga_6.375_2.875","population_estimate":358343.0,"settlement_count":126.0,"population_with_nightlight_signal":303101.0,"population_without_nightlight_signal":55242.0,"nightlight_population_share_pct":84.58404377928409,"total_buildings":79489.0,"modeled_demand":41522.9,"population_weighted_distance_transmission_km":0.5306008768135557,"population_weighted_distance_gridlight_km":0.2966464560490925,"_label":"nga_6.375_2.875","_status_group":"unknown","_year":2025,"_year_label":"Source release year","_states":[]},"geometry":{"type":"Point","coordinates":[2.875,6.375]}},{"type":"Feature","properties":{"cell_id":"nga_6.375_3.125","population_estimate":40080.0,"settlement_count":55.0,"population_with_nightlight_signal":15939.0,"population_without_nightlight_signal":24141.0,"nightlight_population_share_pct":39.76796407185629,"total_buildings":9423.0,"modeled_demand":4380.0,"population_weighted_distance_transmission_km":1.8306591816367264,"population_weighted_distance_gridlight_km":1.4826308133732535,"_label":"nga_6.375_3.125","_status_group":"unknown","_year":2025,"_year_label":"Source release year","_states":[]},"geometry":{"type":"Point","coordinates":[3.125,6.375]}},{"type":"Feature","properties":{"cell_id":"nga_6.375_3.375","population_estimate":75509.0,"settlement_count":22.0,"population_with_nightlight_signal":54925.0,"population_without_nightlight_signal":20584.0,"nightlight_population_share_pct":72.73967341641394,"total_buildings":16499.0,"modeled_demand":7445.400000000001,"population_weighted_distance_transmission_km":0.619346303089698,"population_weighted_distance_gridlight_km":0.3060401806407183,"_label":"nga_6.375_3.375","_status_group":"unknown","_year":2025,"_year_label":"Source release year","_states":[]},"geometry":{"type":"Point","coordinates":[3.375,6.375]}},{"type":"Feature","properties":{"cell_id":"nga_6.375_3.625","population_estimate":1212227.0,"settlement_count":18.0,"population_with_nightlight_signal":1208479.0,"population_without_nightlight_signal":3748.0,"nightlight_population_share_pct":99.69081698394773,"total_buildings":254815.0,"modeled_demand":149227.69999999998,"population_weighted_distance_transmission_km":0.0066119629409343,"population_weighted_distance_gridlight_km":0.0027559252516236,"_label":"nga_6.375_3.625","_status_group":"unknown","_year":2025,"_year_label":"Source release year","_states":[]},"geometry":{"type":"Point","coordinates":[3.625,6.375]}},{"type":"Feature","properties":{"cell_id":"nga_6.375_3.875","population_estimate":92584.0,"settlement_count":31.0,"population_with_nightlight_signal":88433.0,"population_without_nightlight_signal":4151.0,"nightlight_population_share_pct":95.51650393156486,"total_buildings":21770.0,"modeled_demand":10893.2,"population_weighted_distance_transmission_km":0.0972327832022811,"population_weighted_distance_gridlight_km":0.045531949364901,"_label":"nga_6.375_3.875","_status_group":"unknown","_year":2025,"_year_label":"Source release year","_states":[]},"geometry":{"type":"Point","coordinates":[3.875,6.375]}},{"type":"Feature","properties":{"cell_id":"nga_6.375_4.125","population_estimate":63485.0,"settlement_count":39.0,"population_with_nightlight_signal":56356.0,"population_without_nightlight_signal":7129.0,"nightlight_population_share_pct":88.77057572654958,"total_buildings":14928.0,"modeled_demand":8051.5,"population_weighted_distance_transmission_km":0.4162570685988817,"population_weighted_distance_gridlight_km":0.2188389698353941,"_label":"nga_6.375_4.125","_status_group":"unknown","_year":2025,"_year_label":"Source release year","_states":[]},"geometry":{"type":"Point","coordinates":[4.125,6.375]}},{"type":"Feature","properties":{"cell_id":"nga_6.375_4.375","population_estimate":23472.0,"settlement_count":22.0,"population_with_nightlight_signal":0.0,"population_without_nightlight_signal":23472.0,"nightlight_population_share_pct":0.0,"total_buildings":5397.0,"modeled_demand":2791.3000000000006,"population_weighted_distance_transmission_km":3.725279481935925,"population_weighted_distance_gridlight_km":9.385532677232446,"_label":"nga_6.375_4.375","_status_group":"unknown","_year":2025,"_year_label":"Source release year","_states":["Ogun"]},"geometry":{"type":"Point","coordinates":[4.375,6.375]}},{"type":"Feature","properties":{"cell_id":"nga_6.375_4.625","population_estimate":55497.0,"settlement_count":47.0,"population_with_nightlight_signal":11440.0,"population_without_nightlight_signal":44057.0,"nightlight_population_share_pct":20.613726868119,"total_buildings":12266.0,"modeled_demand":6026.0,"population_weighted_distance_transmission_km":4.018727859163559,"population_weighted_distance_gridlight_km":3.8913577670865096,"_label":"nga_6.375_4.625","_status_group":"unknown","_year":2025,"_year_label":"Source release year","_states":["Ondo"]},"geometry":{"type":"Point","coordinates":[4.625,6.375]}},{"type":"Feature","properties":{"cell_id":"nga_6.375_4.875","population_estimate":331872.0,"settlement_count":68.0,"population_with_nightlight_signal":298289.0,"population_without_nightlight_signal":33583.0,"nightlight_population_share_pct":89.88073715167293,"total_buildings":68853.0,"modeled_demand":41081.8,"population_weighted_distance_transmission_km":0.4410630303249445,"population_weighted_distance_gridlight_km":0.4416460442580271,"_label":"nga_6.375_4.875","_status_group":"unknown","_year":2025,"_year_label":"Source release year","_states":["Ondo"]},"geometry":{"type":"Point","coordinates":[4.875,6.375]}},{"type":"Feature","properties":{"cell_id":"nga_6.375_5.125","population_estimate":50724.0,"settlement_count":79.0,"population_with_nightlight_signal":2917.0,"population_without_nightlight_signal":47807.0,"nightlight_population_share_pct":5.750729437741503,"total_buildings":11712.0,"modeled_demand":4953.4,"population_weighted_distance_transmission_km":5.8301754593486335,"population_weighted_distance_gridlight_km":7.0863337473385375,"_label":"nga_6.375_5.125","_status_group":"unknown","_year":2025,"_year_label":"Source release year","_states":["Edo"]},"geometry":{"type":"Point","coordinates":[5.125,6.375]}},{"type":"Feature","properties":{"cell_id":"nga_6.375_5.375","population_estimate":42599.0,"settlement_count":82.0,"population_with_nightlight_signal":18629.0,"population_without_nightlight_signal":23970.0,"nightlight_population_share_pct":43.73107349937792,"total_buildings":9863.0,"modeled_demand":4955.599999999999,"population_weighted_distance_transmission_km":2.0197746425972443,"population_weighted_distance_gridlight_km":2.4964798704194933,"_label":"nga_6.375_5.375","_status_group":"unknown","_year":2025,"_year_label":"Source release year","_states":["Edo"]},"geometry":{"type":"Point","coordinates":[5.375,6.375]}},{"type":"Feature","properties":{"cell_id":"nga_6.375_5.625","population_estimate":2810603.0,"settlement_count":72.0,"population_with_nightlight_signal":2789079.0,"population_without_nightlight_signal":21524.0,"nightlight_population_share_pct":99.23418568897849,"total_buildings":600565.0,"modeled_demand":428487.3000000001,"population_weighted_distance_transmission_km":0.0071169140572325,"population_weighted_distance_gridlight_km":0.0160365181421922,"_label":"nga_6.375_5.625","_status_group":"unknown","_year":2025,"_year_label":"Source release year","_states":["Edo"]},"geometry":{"type":"Point","coordinates":[5.625,6.375]}},{"type":"Feature","properties":{"cell_id":"nga_6.375_5.875","population_estimate":55440.0,"settlement_count":97.0,"population_with_nightlight_signal":24288.0,"population_without_nightlight_signal":31152.0,"nightlight_population_share_pct":43.80952380952381,"total_buildings":13036.0,"modeled_demand":7274.8,"population_weighted_distance_transmission_km":1.1354054834054834,"population_weighted_distance_gridlight_km":2.4846213383838385,"_label":"nga_6.375_5.875","_status_group":"unknown","_year":2025,"_year_label":"Source release year","_states":["Edo"]},"geometry":{"type":"Point","coordinates":[5.875,6.375]}},{"type":"Feature","properties":{"cell_id":"nga_6.375_6.125","population_estimate":452978.0,"settlement_count":54.0,"population_with_nightlight_signal":419936.0,"population_without_nightlight_signal":33042.0,"nightlight_population_share_pct":92.705606011771,"total_buildings":97665.0,"modeled_demand":62060.7,"population_weighted_distance_transmission_km":0.0102774748442529,"population_weighted_distance_gridlight_km":0.222491679507614,"_label":"nga_6.375_6.125","_status_group":"unknown","_year":2025,"_year_label":"Source release year","_states":["Edo"]},"geometry":{"type":"Point","coordinates":[6.125,6.375]}},{"type":"Feature","properties":{"cell_id":"nga_6.375_6.375","population_estimate":248157.0,"settlement_count":54.0,"population_with_nightlight_signal":235228.0,"population_without_nightlight_signal":12929.0,"nightlight_population_share_pct":94.7899918196948,"total_buildings":53363.0,"modeled_demand":30977.200000000004,"population_weighted_distance_transmission_km":0.5617141567636617,"population_weighted_distance_gridlight_km":0.1222006350818231,"_label":"nga_6.375_6.375","_status_group":"unknown","_year":2025,"_year_label":"Source release year","_states":["Delta"]},"geometry":{"type":"Point","coordinates":[6.375,6.375]}},{"type":"Feature","properties":{"cell_id":"nga_6.375_6.625","population_estimate":177121.0,"settlement_count":145.0,"population_with_nightlight_signal":124672.0,"population_without_nightlight_signal":52449.0,"nightlight_population_share_pct":70.38803981459003,"total_buildings":39592.0,"modeled_demand":21292.5,"population_weighted_distance_transmission_km":0.567309014741335,"population_weighted_distance_gridlight_km":0.6363723161002929,"_label":"nga_6.375_6.625","_status_group":"unknown","_year":2025,"_year_label":"Source release year","_states":["Delta"]},"geometry":{"type":"Point","coordinates":[6.625,6.375]}},{"type":"Feature","properties":{"cell_id":"nga_6.375_6.875","population_estimate":206568.0,"settlement_count":56.0,"population_with_nightlight_signal":161294.0,"population_without_nightlight_signal":45274.0,"nightlight_population_share_pct":78.08276209287014,"total_buildings":45127.0,"modeled_demand":25916.0,"population_weighted_distance_transmission_km":0.0222769257581038,"population_weighted_distance_gridlight_km":0.5152190416715077,"_label":"nga_6.375_6.875","_status_group":"unknown","_year":2025,"_year_label":"Source release year","_states":["Anambra"]},"geometry":{"type":"Point","coordinates":[6.875,6.375]}},{"type":"Feature","properties":{"cell_id":"nga_6.375_7.125","population_estimate":232770.0,"settlement_count":125.0,"population_with_nightlight_signal":141953.0,"population_without_nightlight_signal":90817.0,"nightlight_population_share_pct":60.984233363405934,"total_buildings":50340.0,"modeled_demand":27436.299999999992,"population_weighted_distance_transmission_km":0.131662886110753,"population_weighted_distance_gridlight_km":1.105436422219358,"_label":"nga_6.375_7.125","_status_group":"unknown","_year":2025,"_year_label":"Source release year","_states":["Anambra"]},"geometry":{"type":"Point","coordinates":[7.125,6.375]}},{"type":"Feature","properties":{"cell_id":"nga_6.375_7.375","population_estimate":457160.0,"settlement_count":147.0,"population_with_nightlight_signal":307040.0,"population_without_nightlight_signal":150120.0,"nightlight_population_share_pct":67.16248140694724,"total_buildings":98140.0,"modeled_demand":49791.600000000006,"population_weighted_distance_transmission_km":0.0573264065097558,"population_weighted_distance_gridlight_km":0.6017119673637238,"_label":"nga_6.375_7.375","_status_group":"unknown","_year":2025,"_year_label":"Source release year","_states":["Enugu"]},"geometry":{"type":"Point","coordinates":[7.375,6.375]}},{"type":"Feature","properties":{"cell_id":"nga_6.375_7.625","population_estimate":1492346.0,"settlement_count":267.0,"population_with_nightlight_signal":1376393.0,"population_without_nightlight_signal":115953.0,"nightlight_population_share_pct":92.23015306101937,"total_buildings":313978.0,"modeled_demand":174576.90000000002,"population_weighted_distance_transmission_km":0.0226652197278647,"population_weighted_distance_gridlight_km":0.1305254900673168,"_label":"nga_6.375_7.625","_status_group":"unknown","_year":2025,"_year_label":"Source release year","_states":["Enugu"]},"geometry":{"type":"Point","coordinates":[7.625,6.375]}},{"type":"Feature","properties":{"cell_id":"nga_6.375_7.875","population_estimate":185941.0,"settlement_count":386.0,"population_with_nightlight_signal":81408.0,"population_without_nightlight_signal":104533.0,"nightlight_population_share_pct":43.78162965671907,"total_buildings":42290.0,"modeled_demand":20337.6,"population_weighted_distance_transmission_km":0.4536174377894063,"population_weighted_distance_gridlight_km":2.344540558564276,"_label":"nga_6.375_7.875","_status_group":"unknown","_year":2025,"_year_label":"Source release year","_states":["Ebonyi"]},"geometry":{"type":"Point","coordinates":[7.875,6.375]}},{"type":"Feature","properties":{"cell_id":"nga_6.375_8.125","population_estimate":544560.0,"settlement_count":509.0,"population_with_nightlight_signal":373764.0,"population_without_nightlight_signal":170796.0,"nightlight_population_share_pct":68.63596297928603,"total_buildings":117935.0,"modeled_demand":58339.90000000001,"population_weighted_distance_transmission_km":0.186730240928456,"population_weighted_distance_gridlight_km":1.1170683285588363,"_label":"nga_6.375_8.125","_status_group":"unknown","_year":2025,"_year_label":"Source release year","_states":["Ebonyi"]},"geometry":{"type":"Point","coordinates":[8.125,6.375]}},{"type":"Feature","properties":{"cell_id":"nga_6.375_8.375","population_estimate":72947.0,"settlement_count":263.0,"population_with_nightlight_signal":6746.0,"population_without_nightlight_signal":66201.0,"nightlight_population_share_pct":9.247810053874732,"total_buildings":16943.0,"modeled_demand":7130.800000000001,"population_weighted_distance_transmission_km":1.1899080154084472,"population_weighted_distance_gridlight_km":7.292275569934336,"_label":"nga_6.375_8.375","_status_group":"unknown","_year":2025,"_year_label":"Source release year","_states":["Ebonyi"]},"geometry":{"type":"Point","coordinates":[8.375,6.375]}},{"type":"Feature","properties":{"cell_id":"nga_6.375_8.625","population_estimate":81821.0,"settlement_count":74.0,"population_with_nightlight_signal":26248.0,"population_without_nightlight_signal":55573.0,"nightlight_population_share_pct":32.079783918553915,"total_buildings":18490.0,"modeled_demand":8770.699999999999,"population_weighted_distance_transmission_km":0.8657860451473338,"population_weighted_distance_gridlight_km":3.684752422972098,"_label":"nga_6.375_8.625","_status_group":"unknown","_year":2025,"_year_label":"Source release year","_states":["Cross River"]},"geometry":{"type":"Point","coordinates":[8.625,6.375]}},{"type":"Feature","properties":{"cell_id":"nga_6.375_8.875","population_estimate":79783.0,"settlement_count":48.0,"population_with_nightlight_signal":8160.0,"population_without_nightlight_signal":71623.0,"nightlight_population_share_pct":10.227742752215384,"total_buildings":17405.0,"modeled_demand":9370.6,"population_weighted_distance_transmission_km":1.075500795908903,"population_weighted_distance_gridlight_km":6.773988030031461,"_label":"nga_6.375_8.875","_status_group":"unknown","_year":2025,"_year_label":"Source release year","_states":["Cross River"]},"geometry":{"type":"Point","coordinates":[8.875,6.375]}},{"type":"Feature","properties":{"cell_id":"nga_6.375_9.125","population_estimate":32647.0,"settlement_count":33.0,"population_with_nightlight_signal":0.0,"population_without_nightlight_signal":32647.0,"nightlight_population_share_pct":0.0,"total_buildings":7324.0,"modeled_demand":4069.6,"population_weighted_distance_transmission_km":2.8429730143657914,"population_weighted_distance_gridlight_km":12.112768186969706,"_label":"nga_6.375_9.125","_status_group":"unknown","_year":2025,"_year_label":"Source release year","_states":["Cross River"]},"geometry":{"type":"Point","coordinates":[9.125,6.375]}},{"type":"Feature","properties":{"cell_id":"nga_6.375_9.375","population_estimate":11365.0,"settlement_count":33.0,"population_with_nightlight_signal":0.0,"population_without_nightlight_signal":11365.0,"nightlight_population_share_pct":0.0,"total_buildings":2673.0,"modeled_demand":1299.1,"population_weighted_distance_transmission_km":2.1421275846898373,"population_weighted_distance_gridlight_km":21.895438451385832,"_label":"nga_6.375_9.375","_status_group":"unknown","_year":2025,"_year_label":"Source release year","_states":["Cross River"]},"geometry":{"type":"Point","coordinates":[9.375,6.375]}},{"type":"Feature","properties":{"cell_id":"nga_6.375_9.625","population_estimate":221.0,"settlement_count":2.0,"population_with_nightlight_signal":0.0,"population_without_nightlight_signal":221.0,"nightlight_population_share_pct":0.0,"total_buildings":52.0,"modeled_demand":17.4,"population_weighted_distance_transmission_km":12.202307692307691,"population_weighted_distance_gridlight_km":24.61476923076923,"_label":"nga_6.375_9.625","_status_group":"unknown","_year":2025,"_year_label":"Source release year","_states":[]},"geometry":{"type":"Point","coordinates":[9.625,6.375]}},{"type":"Feature","properties":{"cell_id":"nga_6.625_2.625","population_estimate":17390.0,"settlement_count":24.0,"population_with_nightlight_signal":0.0,"population_without_nightlight_signal":17390.0,"nightlight_population_share_pct":0.0,"total_buildings":4089.0,"modeled_demand":1988.9,"population_weighted_distance_transmission_km":7.831963772282921,"population_weighted_distance_gridlight_km":6.912004312823462,"_label":"nga_6.625_2.625","_status_group":"unknown","_year":2025,"_year_label":"Source release year","_states":[]},"geometry":{"type":"Point","coordinates":[2.625,6.625]}},{"type":"Feature","properties":{"cell_id":"nga_6.625_2.875","population_estimate":777821.0,"settlement_count":236.0,"population_with_nightlight_signal":678084.0,"population_without_nightlight_signal":99737.0,"nightlight_population_share_pct":87.17738399966059,"total_buildings":171873.0,"modeled_demand":90118.7,"population_weighted_distance_transmission_km":0.79533150943469,"population_weighted_distance_gridlight_km":0.3591374017929575,"_label":"nga_6.625_2.875","_status_group":"unknown","_year":2025,"_year_label":"Source release year","_states":["Ogun"]},"geometry":{"type":"Point","coordinates":[2.875,6.625]}},{"type":"Feature","properties":{"cell_id":"nga_6.625_3.125","population_estimate":471462.0,"settlement_count":58.0,"population_with_nightlight_signal":452233.0,"population_without_nightlight_signal":19229.0,"nightlight_population_share_pct":95.92141042120043,"total_buildings":101395.0,"modeled_demand":52130.90000000001,"population_weighted_distance_transmission_km":0.1347669165277371,"population_weighted_distance_gridlight_km":0.1186048122648272,"_label":"nga_6.625_3.125","_status_group":"unknown","_year":2025,"_year_label":"Source release year","_states":["Ogun"]},"geometry":{"type":"Point","coordinates":[3.125,6.625]}},{"type":"Feature","properties":{"cell_id":"nga_6.625_3.375","population_estimate":12346900.0,"settlement_count":13.0,"population_with_nightlight_signal":12341953.0,"population_without_nightlight_signal":4947.0,"nightlight_population_share_pct":99.95993326260032,"total_buildings":2616977.0,"modeled_demand":1428653.4,"population_weighted_distance_transmission_km":0.0009584300512679,"population_weighted_distance_gridlight_km":0.0004496021673456,"_label":"nga_6.625_3.375","_status_group":"unknown","_year":2025,"_year_label":"Source release year","_states":["Lagos"]},"geometry":{"type":"Point","coordinates":[3.375,6.625]}},{"type":"Feature","properties":{"cell_id":"nga_6.625_3.625","population_estimate":2790838.0,"settlement_count":75.0,"population_with_nightlight_signal":2763510.0,"population_without_nightlight_signal":27328.0,"nightlight_population_share_pct":99.0207959043126,"total_buildings":587704.0,"modeled_demand":315495.9000000001,"population_weighted_distance_transmission_km":0.0197992000968884,"population_weighted_distance_gridlight_km":0.0206226631570875,"_label":"nga_6.625_3.625","_status_group":"unknown","_year":2025,"_year_label":"Source release year","_states":["Lagos"]},"geometry":{"type":"Point","coordinates":[3.625,6.625]}},{"type":"Feature","properties":{"cell_id":"nga_6.625_3.875","population_estimate":293975.0,"settlement_count":110.0,"population_with_nightlight_signal":266408.0,"population_without_nightlight_signal":27567.0,"nightlight_population_share_pct":90.62267199591804,"total_buildings":63769.0,"modeled_demand":36095.6,"population_weighted_distance_transmission_km":0.8523462199166596,"population_weighted_distance_gridlight_km":0.1130078033846415,"_label":"nga_6.625_3.875","_status_group":"unknown","_year":2025,"_year_label":"Source release year","_states":["Lagos"]},"geometry":{"type":"Point","coordinates":[3.875,6.625]}},{"type":"Feature","properties":{"cell_id":"nga_6.625_4.125","population_estimate":49563.0,"settlement_count":82.0,"population_with_nightlight_signal":10249.0,"population_without_nightlight_signal":39314.0,"nightlight_population_share_pct":20.67873211871759,"total_buildings":11384.0,"modeled_demand":5852.9,"population_weighted_distance_transmission_km":2.5900421685531545,"population_weighted_distance_gridlight_km":5.753509472792205,"_label":"nga_6.625_4.125","_status_group":"unknown","_year":2025,"_year_label":"Source release year","_states":["Ogun"]},"geometry":{"type":"Point","coordinates":[4.125,6.625]}},{"type":"Feature","properties":{"cell_id":"nga_6.625_4.375","population_estimate":79038.0,"settlement_count":90.0,"population_with_nightlight_signal":36222.0,"population_without_nightlight_signal":42816.0,"nightlight_population_share_pct":45.828588780080466,"total_buildings":17901.0,"modeled_demand":8719.9,"population_weighted_distance_transmission_km":0.9267688959740884,"population_weighted_distance_gridlight_km":2.389684771881879,"_label":"nga_6.625_4.375","_status_group":"unknown","_year":2025,"_year_label":"Source release year","_states":["Ogun"]},"geometry":{"type":"Point","coordinates":[4.375,6.625]}},{"type":"Feature","properties":{"cell_id":"nga_6.625_4.625","population_estimate":153015.0,"settlement_count":75.0,"population_with_nightlight_signal":112070.0,"population_without_nightlight_signal":40945.0,"nightlight_population_share_pct":73.24118550468908,"total_buildings":32803.0,"modeled_demand":16692.499999999996,"population_weighted_distance_transmission_km":1.2859958174035224,"population_weighted_distance_gridlight_km":0.9454073456850636,"_label":"nga_6.625_4.625","_status_group":"unknown","_year":2025,"_year_label":"Source release year","_states":["Ondo"]},"geometry":{"type":"Point","coordinates":[4.625,6.625]}},{"type":"Feature","properties":{"cell_id":"nga_6.625_4.875","population_estimate":45480.0,"settlement_count":84.0,"population_with_nightlight_signal":5562.0,"population_without_nightlight_signal":39918.0,"nightlight_population_share_pct":12.229551451187335,"total_buildings":10602.0,"modeled_demand":4394.400000000001,"population_weighted_distance_transmission_km":3.7957902374670174,"population_weighted_distance_gridlight_km":6.191055123131047,"_label":"nga_6.625_4.875","_status_group":"unknown","_year":2025,"_year_label":"Source release year","_states":["Ondo"]},"geometry":{"type":"Point","coordinates":[4.875,6.625]}},{"type":"Feature","properties":{"cell_id":"nga_6.625_5.125","population_estimate":66674.0,"settlement_count":103.0,"population_with_nightlight_signal":17617.0,"population_without_nightlight_signal":49057.0,"nightlight_population_share_pct":26.42259351471338,"total_buildings":15338.0,"modeled_demand":6467.899999999999,"population_weighted_distance_transmission_km":2.6984208237093923,"population_weighted_distance_gridlight_km":6.107660197378289,"_label":"nga_6.625_5.125","_status_group":"unknown","_year":2025,"_year_label":"Source release year","_states":["Edo"]},"geometry":{"type":"Point","coordinates":[5.125,6.625]}},{"type":"Feature","properties":{"cell_id":"nga_6.625_5.375","population_estimate":103313.0,"settlement_count":95.0,"population_with_nightlight_signal":55864.0,"population_without_nightlight_signal":47449.0,"nightlight_population_share_pct":54.0725755713221,"total_buildings":23312.0,"modeled_demand":11981.6,"population_weighted_distance_transmission_km":0.940696717741233,"population_weighted_distance_gridlight_km":1.3189870490644933,"_label":"nga_6.625_5.375","_status_group":"unknown","_year":2025,"_year_label":"Source release year","_states":["Edo"]},"geometry":{"type":"Point","coordinates":[5.375,6.625]}},{"type":"Feature","properties":{"cell_id":"nga_6.625_5.625","population_estimate":44867.0,"settlement_count":70.0,"population_with_nightlight_signal":16664.0,"population_without_nightlight_signal":28203.0,"nightlight_population_share_pct":37.140883054360664,"total_buildings":10550.0,"modeled_demand":5640.4,"population_weighted_distance_transmission_km":0.5745911248802015,"population_weighted_distance_gridlight_km":3.30241636392003,"_label":"nga_6.625_5.625","_status_group":"unknown","_year":2025,"_year_label":"Source release year","_states":["Edo"]},"geometry":{"type":"Point","coordinates":[5.625,6.625]}},{"type":"Feature","properties":{"cell_id":"nga_6.625_5.875","population_estimate":31169.0,"settlement_count":42.0,"population_with_nightlight_signal":16144.0,"population_without_nightlight_signal":15025.0,"nightlight_population_share_pct":51.79505277679746,"total_buildings":7329.0,"modeled_demand":4172.2,"population_weighted_distance_transmission_km":0.8157778562032788,"population_weighted_distance_gridlight_km":2.8089404536558757,"_label":"nga_6.625_5.875","_status_group":"unknown","_year":2025,"_year_label":"Source release year","_states":["Edo"]},"geometry":{"type":"Point","coordinates":[5.875,6.625]}},{"type":"Feature","properties":{"cell_id":"nga_6.625_6.125","population_estimate":335079.0,"settlement_count":49.0,"population_with_nightlight_signal":297526.0,"population_without_nightlight_signal":37553.0,"nightlight_population_share_pct":88.79279214752341,"total_buildings":71812.0,"modeled_demand":45988.0,"population_weighted_distance_transmission_km":0.0261332103772543,"population_weighted_distance_gridlight_km":0.4544932359234688,"_label":"nga_6.625_6.125","_status_group":"unknown","_year":2025,"_year_label":"Source release year","_states":["Edo"]},"geometry":{"type":"Point","coordinates":[6.125,6.625]}},{"type":"Feature","properties":{"cell_id":"nga_6.625_6.375","population_estimate":353165.0,"settlement_count":45.0,"population_with_nightlight_signal":313375.0,"population_without_nightlight_signal":39790.0,"nightlight_population_share_pct":88.73331162487789,"total_buildings":75808.0,"modeled_demand":46646.100000000006,"population_weighted_distance_transmission_km":0.0232959947899706,"population_weighted_distance_gridlight_km":0.3586845185678083,"_label":"nga_6.625_6.375","_status_group":"unknown","_year":2025,"_year_label":"Source release year","_states":["Edo"]},"geometry":{"type":"Point","coordinates":[6.375,6.625]}},{"type":"Feature","properties":{"cell_id":"nga_6.625_6.625","population_estimate":49440.0,"settlement_count":89.0,"population_with_nightlight_signal":0.0,"population_without_nightlight_signal":49440.0,"nightlight_population_share_pct":0.0,"total_buildings":10901.0,"modeled_demand":4622.200000000001,"population_weighted_distance_transmission_km":4.314587985436893,"population_weighted_distance_gridlight_km":13.849554025080906,"_label":"nga_6.625_6.625","_status_group":"unknown","_year":2025,"_year_label":"Source release year","_states":["Edo"]},"geometry":{"type":"Point","coordinates":[6.625,6.625]}},{"type":"Feature","properties":{"cell_id":"nga_6.625_6.875","population_estimate":76764.0,"settlement_count":24.0,"population_with_nightlight_signal":44079.0,"population_without_nightlight_signal":32685.0,"nightlight_population_share_pct":57.42144755354072,"total_buildings":16137.0,"modeled_demand":8433.0,"population_weighted_distance_transmission_km":2.635515606273774,"population_weighted_distance_gridlight_km":4.126293835652128,"_label":"nga_6.625_6.875","_status_group":"unknown","_year":2025,"_year_label":"Source release year","_states":["Anambra"]},"geometry":{"type":"Point","coordinates":[6.875,6.625]}},{"type":"Feature","properties":{"cell_id":"nga_6.625_7.125","population_estimate":63953.0,"settlement_count":40.0,"population_with_nightlight_signal":34010.0,"population_without_nightlight_signal":29943.0,"nightlight_population_share_pct":53.17967882663832,"total_buildings":14351.0,"modeled_demand":6827.9,"population_weighted_distance_transmission_km":0.9081605241349116,"population_weighted_distance_gridlight_km":3.00128644473285,"_label":"nga_6.625_7.125","_status_group":"unknown","_year":2025,"_year_label":"Source release year","_states":["Enugu"]},"geometry":{"type":"Point","coordinates":[7.125,6.625]}},{"type":"Feature","properties":{"cell_id":"nga_6.625_7.375","population_estimate":301262.0,"settlement_count":121.0,"population_with_nightlight_signal":216196.0,"population_without_nightlight_signal":85066.0,"nightlight_population_share_pct":71.76344842695063,"total_buildings":66241.0,"modeled_demand":31563.7,"population_weighted_distance_transmission_km":0.1254267049943239,"population_weighted_distance_gridlight_km":0.4832396452257504,"_label":"nga_6.625_7.375","_status_group":"unknown","_year":2025,"_year_label":"Source release year","_states":["Enugu"]},"geometry":{"type":"Point","coordinates":[7.375,6.625]}},{"type":"Feature","properties":{"cell_id":"nga_6.625_7.625","population_estimate":96295.0,"settlement_count":209.0,"population_with_nightlight_signal":30582.0,"population_without_nightlight_signal":65713.0,"nightlight_population_share_pct":31.758658289630823,"total_buildings":22161.0,"modeled_demand":10090.1,"population_weighted_distance_transmission_km":1.3048629731554078,"population_weighted_distance_gridlight_km":2.809359634456618,"_label":"nga_6.625_7.625","_status_group":"unknown","_year":2025,"_year_label":"Source release year","_states":["Enugu"]},"geometry":{"type":"Point","coordinates":[7.625,6.625]}},{"type":"Feature","properties":{"cell_id":"nga_6.625_7.875","population_estimate":139227.0,"settlement_count":251.0,"population_with_nightlight_signal":55881.0,"population_without_nightlight_signal":83346.0,"nightlight_population_share_pct":40.13661143312719,"total_buildings":31647.0,"modeled_demand":14463.1,"population_weighted_distance_transmission_km":0.8053774770698211,"population_weighted_distance_gridlight_km":3.2308796425980595,"_label":"nga_6.625_7.875","_status_group":"unknown","_year":2025,"_year_label":"Source release year","_states":["Benue"]},"geometry":{"type":"Point","coordinates":[7.875,6.625]}},{"type":"Feature","properties":{"cell_id":"nga_6.625_8.125","population_estimate":148121.0,"settlement_count":498.0,"population_with_nightlight_signal":5211.0,"population_without_nightlight_signal":142910.0,"nightlight_population_share_pct":3.518069686270009,"total_buildings":33790.0,"modeled_demand":14578.0,"population_weighted_distance_transmission_km":1.416989960910337,"population_weighted_distance_gridlight_km":10.123130643190366,"_label":"nga_6.625_8.125","_status_group":"unknown","_year":2025,"_year_label":"Source release year","_states":["Ebonyi"]},"geometry":{"type":"Point","coordinates":[8.125,6.625]}},{"type":"Feature","properties":{"cell_id":"nga_6.625_8.375","population_estimate":58337.0,"settlement_count":179.0,"population_with_nightlight_signal":7249.0,"population_without_nightlight_signal":51088.0,"nightlight_population_share_pct":12.426076075218129,"total_buildings":13479.0,"modeled_demand":5854.9,"population_weighted_distance_transmission_km":2.782884447263315,"population_weighted_distance_gridlight_km":6.972293381558874,"_label":"nga_6.625_8.375","_status_group":"unknown","_year":2025,"_year_label":"Source release year","_states":["Cross River"]},"geometry":{"type":"Point","coordinates":[8.375,6.625]}},{"type":"Feature","properties":{"cell_id":"nga_6.625_8.625","population_estimate":72035.0,"settlement_count":99.0,"population_with_nightlight_signal":33035.0,"population_without_nightlight_signal":39000.0,"nightlight_population_share_pct":45.859651558270286,"total_buildings":16310.0,"modeled_demand":7390.8,"population_weighted_distance_transmission_km":1.4041986534323592,"population_weighted_distance_gridlight_km":3.8844431456930657,"_label":"nga_6.625_8.625","_status_group":"unknown","_year":2025,"_year_label":"Source release year","_states":["Cross River"]},"geometry":{"type":"Point","coordinates":[8.625,6.625]}},{"type":"Feature","properties":{"cell_id":"nga_6.625_8.875","population_estimate":248610.0,"settlement_count":148.0,"population_with_nightlight_signal":131679.0,"population_without_nightlight_signal":116931.0,"nightlight_population_share_pct":52.966091468565224,"total_buildings":54660.0,"modeled_demand":30937.0,"population_weighted_distance_transmission_km":0.2467076143357065,"population_weighted_distance_gridlight_km":1.9851234222275853,"_label":"nga_6.625_8.875","_status_group":"unknown","_year":2025,"_year_label":"Source release year","_states":["Cross River"]},"geometry":{"type":"Point","coordinates":[8.875,6.625]}},{"type":"Feature","properties":{"cell_id":"nga_6.625_9.125","population_estimate":307898.0,"settlement_count":319.0,"population_with_nightlight_signal":124727.0,"population_without_nightlight_signal":183171.0,"nightlight_population_share_pct":40.50919460340762,"total_buildings":69412.0,"modeled_demand":35474.5,"population_weighted_distance_transmission_km":1.3645826539958037,"population_weighted_distance_gridlight_km":2.1359472032945974,"_label":"nga_6.625_9.125","_status_group":"unknown","_year":2025,"_year_label":"Source release year","_states":["Cross River"]},"geometry":{"type":"Point","coordinates":[9.125,6.625]}},{"type":"Feature","properties":{"cell_id":"nga_6.625_9.375","population_estimate":94958.0,"settlement_count":242.0,"population_with_nightlight_signal":20583.0,"population_without_nightlight_signal":74375.0,"nightlight_population_share_pct":21.675898818424987,"total_buildings":21979.0,"modeled_demand":9015.8,"population_weighted_distance_transmission_km":0.950620379536216,"population_weighted_distance_gridlight_km":5.11991866930643,"_label":"nga_6.625_9.375","_status_group":"unknown","_year":2025,"_year_label":"Source release year","_states":["Cross River"]},"geometry":{"type":"Point","coordinates":[9.375,6.625]}},{"type":"Feature","properties":{"cell_id":"nga_6.625_9.625","population_estimate":8494.0,"settlement_count":51.0,"population_with_nightlight_signal":0.0,"population_without_nightlight_signal":8494.0,"nightlight_population_share_pct":0.0,"total_buildings":1997.0,"modeled_demand":719.1,"population_weighted_distance_transmission_km":13.586869554979984,"population_weighted_distance_gridlight_km":18.18325747586531,"_label":"nga_6.625_9.625","_status_group":"unknown","_year":2025,"_year_label":"Source release year","_states":["Taraba"]},"geometry":{"type":"Point","coordinates":[9.625,6.625]}},{"type":"Feature","properties":{"cell_id":"nga_6.625_10.875","population_estimate":2168.0,"settlement_count":7.0,"population_with_nightlight_signal":0.0,"population_without_nightlight_signal":2168.0,"nightlight_population_share_pct":0.0,"total_buildings":510.0,"modeled_demand":180.5,"population_weighted_distance_transmission_km":87.49452490774908,"population_weighted_distance_gridlight_km":21.424497232472323,"_label":"nga_6.625_10.875","_status_group":"unknown","_year":2025,"_year_label":"Source release year","_states":[]},"geometry":{"type":"Point","coordinates":[10.875,6.625]}},{"type":"Feature","properties":{"cell_id":"nga_6.625_11.125","population_estimate":84070.0,"settlement_count":156.0,"population_with_nightlight_signal":0.0,"population_without_nightlight_signal":84070.0,"nightlight_population_share_pct":0.0,"total_buildings":19595.0,"modeled_demand":7500.0,"population_weighted_distance_transmission_km":111.8067016771738,"population_weighted_distance_gridlight_km":12.607585916498156,"_label":"nga_6.625_11.125","_status_group":"unknown","_year":2025,"_year_label":"Source release year","_states":["Taraba"]},"geometry":{"type":"Point","coordinates":[11.125,6.625]}},{"type":"Feature","properties":{"cell_id":"nga_6.625_11.375","population_estimate":173400.0,"settlement_count":216.0,"population_with_nightlight_signal":89871.0,"population_without_nightlight_signal":83529.0,"nightlight_population_share_pct":51.82871972318339,"total_buildings":38263.0,"modeled_demand":15755.2,"population_weighted_distance_transmission_km":119.14458131487888,"population_weighted_distance_gridlight_km":7.207199273356402,"_label":"nga_6.625_11.375","_status_group":"unknown","_year":2025,"_year_label":"Source release year","_states":["Taraba"]},"geometry":{"type":"Point","coordinates":[11.375,6.625]}},{"type":"Feature","properties":{"cell_id":"nga_6.625_11.625","population_estimate":6239.0,"settlement_count":28.0,"population_with_nightlight_signal":0.0,"population_without_nightlight_signal":6239.0,"nightlight_population_share_pct":0.0,"total_buildings":1466.0,"modeled_demand":511.2999999999999,"population_weighted_distance_transmission_km":135.13354543997434,"population_weighted_distance_gridlight_km":29.136729443821125,"_label":"nga_6.625_11.625","_status_group":"unknown","_year":2025,"_year_label":"Source release year","_states":[]},"geometry":{"type":"Point","coordinates":[11.625,6.625]}},{"type":"Feature","properties":{"cell_id":"nga_6.875_2.625","population_estimate":21965.0,"settlement_count":16.0,"population_with_nightlight_signal":13064.0,"population_without_nightlight_signal":8901.0,"nightlight_population_share_pct":59.47643979057592,"total_buildings":4995.0,"modeled_demand":2060.7999999999997,"population_weighted_distance_transmission_km":2.6744671067607557,"population_weighted_distance_gridlight_km":2.489346687912588,"_label":"nga_6.875_2.625","_status_group":"unknown","_year":2025,"_year_label":"Source release year","_states":[]},"geometry":{"type":"Point","coordinates":[2.625,6.875]}},{"type":"Feature","properties":{"cell_id":"nga_6.875_2.875","population_estimate":141580.0,"settlement_count":123.0,"population_with_nightlight_signal":87773.0,"population_without_nightlight_signal":53807.0,"nightlight_population_share_pct":61.995338324622125,"total_buildings":31004.0,"modeled_demand":14166.8,"population_weighted_distance_transmission_km":0.9113843056928944,"population_weighted_distance_gridlight_km":2.3753295733860713,"_label":"nga_6.875_2.875","_status_group":"unknown","_year":2025,"_year_label":"Source release year","_states":["Ogun"]},"geometry":{"type":"Point","coordinates":[2.875,6.875]}},{"type":"Feature","properties":{"cell_id":"nga_6.875_3.125","population_estimate":291850.0,"settlement_count":127.0,"population_with_nightlight_signal":248950.0,"population_without_nightlight_signal":42900.0,"nightlight_population_share_pct":85.30066815144767,"total_buildings":63640.0,"modeled_demand":32993.49999999999,"population_weighted_distance_transmission_km":0.1577530923419564,"population_weighted_distance_gridlight_km":0.3219650334075724,"_label":"nga_6.875_3.125","_status_group":"unknown","_year":2025,"_year_label":"Source release year","_states":["Ogun"]},"geometry":{"type":"Point","coordinates":[3.125,6.875]}},{"type":"Feature","properties":{"cell_id":"nga_6.875_3.375","population_estimate":68393.0,"settlement_count":149.0,"population_with_nightlight_signal":40463.0,"population_without_nightlight_signal":27930.0,"nightlight_population_share_pct":59.16248738906028,"total_buildings":16075.0,"modeled_demand":8128.099999999999,"population_weighted_distance_transmission_km":1.1798526164958405,"population_weighted_distance_gridlight_km":0.8549644408053455,"_label":"nga_6.875_3.375","_status_group":"unknown","_year":2025,"_year_label":"Source release year","_states":["Ogun"]},"geometry":{"type":"Point","coordinates":[3.375,6.875]}},{"type":"Feature","properties":{"cell_id":"nga_6.875_3.625","population_estimate":806028.0,"settlement_count":193.0,"population_with_nightlight_signal":767361.0,"population_without_nightlight_signal":38667.0,"nightlight_population_share_pct":95.20277211213508,"total_buildings":175012.0,"modeled_demand":98979.5,"population_weighted_distance_transmission_km":0.1287807619586416,"population_weighted_distance_gridlight_km":0.0534118976015721,"_label":"nga_6.875_3.625","_status_group":"unknown","_year":2025,"_year_label":"Source release year","_states":["Ogun"]},"geometry":{"type":"Point","coordinates":[3.625,6.875]}},{"type":"Feature","properties":{"cell_id":"nga_6.875_3.875","population_estimate":1005103.0,"settlement_count":117.0,"population_with_nightlight_signal":971666.0,"population_without_nightlight_signal":33437.0,"nightlight_population_share_pct":96.67327627118812,"total_buildings":210375.0,"modeled_demand":124765.7,"population_weighted_distance_transmission_km":0.045107396953347,"population_weighted_distance_gridlight_km":0.0721164149345888,"_label":"nga_6.875_3.875","_status_group":"unknown","_year":2025,"_year_label":"Source release year","_states":["Ogun"]},"geometry":{"type":"Point","coordinates":[3.875,6.875]}},{"type":"Feature","properties":{"cell_id":"nga_6.875_4.125","population_estimate":101764.0,"settlement_count":185.0,"population_with_nightlight_signal":23784.0,"population_without_nightlight_signal":77980.0,"nightlight_population_share_pct":23.371722809637987,"total_buildings":23322.0,"modeled_demand":10958.6,"population_weighted_distance_transmission_km":4.750065347274085,"population_weighted_distance_gridlight_km":4.33535966550057,"_label":"nga_6.875_4.125","_status_group":"unknown","_year":2025,"_year_label":"Source release year","_states":["Ogun"]},"geometry":{"type":"Point","coordinates":[4.125,6.875]}},{"type":"Feature","properties":{"cell_id":"nga_6.875_4.375","population_estimate":51223.0,"settlement_count":77.0,"population_with_nightlight_signal":272.0,"population_without_nightlight_signal":50951.0,"nightlight_population_share_pct":0.5310114596958397,"total_buildings":12044.0,"modeled_demand":4399.599999999999,"population_weighted_distance_transmission_km":13.816651504207096,"population_weighted_distance_gridlight_km":13.645566561896024,"_label":"nga_6.875_4.375","_status_group":"unknown","_year":2025,"_year_label":"Source release year","_states":["Ogun"]},"geometry":{"type":"Point","coordinates":[4.375,6.875]}},{"type":"Feature","properties":{"cell_id":"nga_6.875_4.625","population_estimate":52857.0,"settlement_count":100.0,"population_with_nightlight_signal":0.0,"population_without_nightlight_signal":52857.0,"nightlight_population_share_pct":0.0,"total_buildings":12429.0,"modeled_demand":4763.399999999999,"population_weighted_distance_transmission_km":7.973113116521935,"population_weighted_distance_gridlight_km":14.38894261876384,"_label":"nga_6.875_4.625","_status_group":"unknown","_year":2025,"_year_label":"Source release year","_states":["Ondo"]},"geometry":{"type":"Point","coordinates":[4.625,6.875]}},{"type":"Feature","properties":{"cell_id":"nga_6.875_4.875","population_estimate":348087.0,"settlement_count":139.0,"population_with_nightlight_signal":303557.0,"population_without_nightlight_signal":44530.0,"nightlight_population_share_pct":87.20722118320994,"total_buildings":75350.0,"modeled_demand":40974.5,"population_weighted_distance_transmission_km":0.6652171727183146,"population_weighted_distance_gridlight_km":0.6983345571653063,"_label":"nga_6.875_4.875","_status_group":"unknown","_year":2025,"_year_label":"Source release year","_states":["Ondo"]},"geometry":{"type":"Point","coordinates":[4.875,6.875]}},{"type":"Feature","properties":{"cell_id":"nga_6.875_5.125","population_estimate":65681.0,"settlement_count":116.0,"population_with_nightlight_signal":13202.0,"population_without_nightlight_signal":52479.0,"nightlight_population_share_pct":20.100181178727485,"total_buildings":15223.0,"modeled_demand":5957.6,"population_weighted_distance_transmission_km":8.19606141806611,"population_weighted_distance_gridlight_km":6.977434813720862,"_label":"nga_6.875_5.125","_status_group":"unknown","_year":2025,"_year_label":"Source release year","_states":["Ondo"]},"geometry":{"type":"Point","coordinates":[5.125,6.875]}},{"type":"Feature","properties":{"cell_id":"nga_6.875_5.375","population_estimate":40062.0,"settlement_count":84.0,"population_with_nightlight_signal":0.0,"population_without_nightlight_signal":40062.0,"nightlight_population_share_pct":0.0,"total_buildings":9420.0,"modeled_demand":3347.3,"population_weighted_distance_transmission_km":8.788527033098696,"population_weighted_distance_gridlight_km":9.704391368379012,"_label":"nga_6.875_5.375","_status_group":"unknown","_year":2025,"_year_label":"Source release year","_states":["Edo"]},"geometry":{"type":"Point","coordinates":[5.375,6.875]}},{"type":"Feature","properties":{"cell_id":"nga_6.875_5.625","population_estimate":61181.0,"settlement_count":83.0,"population_with_nightlight_signal":16665.0,"population_without_nightlight_signal":44516.0,"nightlight_population_share_pct":27.23884866216636,"total_buildings":14091.0,"modeled_demand":7025.3,"population_weighted_distance_transmission_km":2.5448801098380223,"population_weighted_distance_gridlight_km":7.053588842941436,"_label":"nga_6.875_5.625","_status_group":"unknown","_year":2025,"_year_label":"Source release year","_states":["Ondo"]},"geometry":{"type":"Point","coordinates":[5.625,6.875]}},{"type":"Feature","properties":{"cell_id":"nga_6.875_5.875","population_estimate":120219.0,"settlement_count":35.0,"population_with_nightlight_signal":85480.0,"population_without_nightlight_signal":34739.0,"nightlight_population_share_pct":71.10356931932556,"total_buildings":26043.0,"modeled_demand":17351.000000000004,"population_weighted_distance_transmission_km":0.249185736031742,"population_weighted_distance_gridlight_km":1.217025736364468,"_label":"nga_6.875_5.875","_status_group":"unknown","_year":2025,"_year_label":"Source release year","_states":["Edo"]},"geometry":{"type":"Point","coordinates":[5.875,6.875]}},{"type":"Feature","properties":{"cell_id":"nga_6.875_6.125","population_estimate":132521.0,"settlement_count":39.0,"population_with_nightlight_signal":108229.0,"population_without_nightlight_signal":24292.0,"nightlight_population_share_pct":81.66932033413572,"total_buildings":28683.0,"modeled_demand":18288.9,"population_weighted_distance_transmission_km":0.1107491642833966,"population_weighted_distance_gridlight_km":0.4649984832592571,"_label":"nga_6.875_6.125","_status_group":"unknown","_year":2025,"_year_label":"Source release year","_states":["Edo"]},"geometry":{"type":"Point","coordinates":[6.125,6.875]}},{"type":"Feature","properties":{"cell_id":"nga_6.875_6.375","population_estimate":72756.0,"settlement_count":70.0,"population_with_nightlight_signal":20936.0,"population_without_nightlight_signal":51820.0,"nightlight_population_share_pct":28.775633624718235,"total_buildings":16421.0,"modeled_demand":9500.1,"population_weighted_distance_transmission_km":0.1372510858211006,"population_weighted_distance_gridlight_km":2.749434218483699,"_label":"nga_6.875_6.375","_status_group":"unknown","_year":2025,"_year_label":"Source release year","_states":["Edo"]},"geometry":{"type":"Point","coordinates":[6.375,6.875]}},{"type":"Feature","properties":{"cell_id":"nga_6.875_6.625","population_estimate":56601.0,"settlement_count":100.0,"population_with_nightlight_signal":4304.0,"population_without_nightlight_signal":52297.0,"nightlight_population_share_pct":7.604105934524125,"total_buildings":12583.0,"modeled_demand":6225.499999999999,"population_weighted_distance_transmission_km":2.972495185597428,"population_weighted_distance_gridlight_km":9.279569230225611,"_label":"nga_6.875_6.625","_status_group":"unknown","_year":2025,"_year_label":"Source release year","_states":["Edo"]},"geometry":{"type":"Point","coordinates":[6.625,6.875]}},{"type":"Feature","properties":{"cell_id":"nga_6.875_6.875","population_estimate":30252.0,"settlement_count":42.0,"population_with_nightlight_signal":0.0,"population_without_nightlight_signal":30252.0,"nightlight_population_share_pct":0.0,"total_buildings":6976.0,"modeled_demand":3059.6,"population_weighted_distance_transmission_km":8.225571863017322,"population_weighted_distance_gridlight_km":16.05469985455507,"_label":"nga_6.875_6.875","_status_group":"unknown","_year":2025,"_year_label":"Source release year","_states":["Kogi"]},"geometry":{"type":"Point","coordinates":[6.875,6.875]}},{"type":"Feature","properties":{"cell_id":"nga_6.875_7.125","population_estimate":66191.0,"settlement_count":75.0,"population_with_nightlight_signal":11815.0,"population_without_nightlight_signal":54376.0,"nightlight_population_share_pct":17.84985874212506,"total_buildings":14853.0,"modeled_demand":6512.2,"population_weighted_distance_transmission_km":1.0419620492211934,"population_weighted_distance_gridlight_km":3.5691319363659715,"_label":"nga_6.875_7.125","_status_group":"unknown","_year":2025,"_year_label":"Source release year","_states":["Kogi"]},"geometry":{"type":"Point","coordinates":[7.125,6.875]}},{"type":"Feature","properties":{"cell_id":"nga_6.875_7.375","population_estimate":1552571.0,"settlement_count":161.0,"population_with_nightlight_signal":1459060.0,"population_without_nightlight_signal":93511.0,"nightlight_population_share_pct":93.9770226289168,"total_buildings":335363.0,"modeled_demand":162217.8,"population_weighted_distance_transmission_km":0.0237897010829134,"population_weighted_distance_gridlight_km":0.1356507998668015,"_label":"nga_6.875_7.375","_status_group":"unknown","_year":2025,"_year_label":"Source release year","_states":["Enugu"]},"geometry":{"type":"Point","coordinates":[7.375,6.875]}},{"type":"Feature","properties":{"cell_id":"nga_6.875_7.625","population_estimate":309496.0,"settlement_count":289.0,"population_with_nightlight_signal":88153.0,"population_without_nightlight_signal":221343.0,"nightlight_population_share_pct":28.48275906635304,"total_buildings":69924.0,"modeled_demand":30535.6,"population_weighted_distance_transmission_km":0.5256129643032543,"population_weighted_distance_gridlight_km":2.4669060601752526,"_label":"nga_6.875_7.625","_status_group":"unknown","_year":2025,"_year_label":"Source release year","_states":["Enugu"]},"geometry":{"type":"Point","coordinates":[7.625,6.875]}},{"type":"Feature","properties":{"cell_id":"nga_6.875_7.875","population_estimate":87543.0,"settlement_count":120.0,"population_with_nightlight_signal":21264.0,"population_without_nightlight_signal":66279.0,"nightlight_population_share_pct":24.289777595010452,"total_buildings":19746.0,"modeled_demand":7778.799999999999,"population_weighted_distance_transmission_km":6.036359274870635,"population_weighted_distance_gridlight_km":8.813433741132929,"_label":"nga_6.875_7.875","_status_group":"unknown","_year":2025,"_year_label":"Source release year","_states":["Benue"]},"geometry":{"type":"Point","coordinates":[7.875,6.875]}},{"type":"Feature","properties":{"cell_id":"nga_6.875_8.125","population_estimate":81452.0,"settlement_count":165.0,"population_with_nightlight_signal":28314.0,"population_without_nightlight_signal":53138.0,"nightlight_population_share_pct":34.761577370721405,"total_buildings":18418.0,"modeled_demand":7053.300000000001,"population_weighted_distance_transmission_km":4.459322300250454,"population_weighted_distance_gridlight_km":3.322998980994942,"_label":"nga_6.875_8.125","_status_group":"unknown","_year":2025,"_year_label":"Source release year","_states":["Benue"]},"geometry":{"type":"Point","coordinates":[8.125,6.875]}},{"type":"Feature","properties":{"cell_id":"nga_6.875_8.375","population_estimate":219655.0,"settlement_count":197.0,"population_with_nightlight_signal":104961.0,"population_without_nightlight_signal":114694.0,"nightlight_population_share_pct":47.78448020759828,"total_buildings":48758.0,"modeled_demand":21675.9,"population_weighted_distance_transmission_km":2.009447497211536,"population_weighted_distance_gridlight_km":1.4568344221620266,"_label":"nga_6.875_8.375","_status_group":"unknown","_year":2025,"_year_label":"Source release year","_states":["Benue"]},"geometry":{"type":"Point","coordinates":[8.375,6.875]}},{"type":"Feature","properties":{"cell_id":"nga_6.875_8.625","population_estimate":92445.0,"settlement_count":175.0,"population_with_nightlight_signal":4727.0,"population_without_nightlight_signal":87718.0,"nightlight_population_share_pct":5.1133106171236955,"total_buildings":21290.0,"modeled_demand":7915.400000000001,"population_weighted_distance_transmission_km":3.5861723186759695,"population_weighted_distance_gridlight_km":10.53564335550868,"_label":"nga_6.875_8.625","_status_group":"unknown","_year":2025,"_year_label":"Source release year","_states":["Benue"]},"geometry":{"type":"Point","coordinates":[8.625,6.875]}},{"type":"Feature","properties":{"cell_id":"nga_6.875_8.875","population_estimate":354676.0,"settlement_count":548.0,"population_with_nightlight_signal":92708.0,"population_without_nightlight_signal":261968.0,"nightlight_population_share_pct":26.138785821425753,"total_buildings":82074.0,"modeled_demand":30244.9,"population_weighted_distance_transmission_km":1.1888711105346854,"population_weighted_distance_gridlight_km":2.8938421940024135,"_label":"nga_6.875_8.875","_status_group":"unknown","_year":2025,"_year_label":"Source release year","_states":["Benue"]},"geometry":{"type":"Point","coordinates":[8.875,6.875]}},{"type":"Feature","properties":{"cell_id":"nga_6.875_9.125","population_estimate":543560.0,"settlement_count":804.0,"population_with_nightlight_signal":237300.0,"population_without_nightlight_signal":306260.0,"nightlight_population_share_pct":43.65663404224005,"total_buildings":123528.0,"modeled_demand":46693.8,"population_weighted_distance_transmission_km":1.3177039149311944,"population_weighted_distance_gridlight_km":1.6553001655750974,"_label":"nga_6.875_9.125","_status_group":"unknown","_year":2025,"_year_label":"Source release year","_states":["Benue"]},"geometry":{"type":"Point","coordinates":[9.125,6.875]}},{"type":"Feature","properties":{"cell_id":"nga_6.875_9.375","population_estimate":243855.0,"settlement_count":613.0,"population_with_nightlight_signal":60575.0,"population_without_nightlight_signal":183280.0,"nightlight_population_share_pct":24.84058149310041,"total_buildings":56453.0,"modeled_demand":20511.6,"population_weighted_distance_transmission_km":1.8839492731336247,"population_weighted_distance_gridlight_km":5.996450550532079,"_label":"nga_6.875_9.375","_status_group":"unknown","_year":2025,"_year_label":"Source release year","_states":["Benue"]},"geometry":{"type":"Point","coordinates":[9.375,6.875]}},{"type":"Feature","properties":{"cell_id":"nga_6.875_9.625","population_estimate":37265.0,"settlement_count":128.0,"population_with_nightlight_signal":5419.0,"population_without_nightlight_signal":31846.0,"nightlight_population_share_pct":14.541795250234804,"total_buildings":8762.0,"modeled_demand":3131.3,"population_weighted_distance_transmission_km":6.842594659868508,"population_weighted_distance_gridlight_km":6.96226926070039,"_label":"nga_6.875_9.625","_status_group":"unknown","_year":2025,"_year_label":"Source release year","_states":["Benue"]},"geometry":{"type":"Point","coordinates":[9.625,6.875]}},{"type":"Feature","properties":{"cell_id":"nga_6.875_9.875","population_estimate":9854.0,"settlement_count":16.0,"population_with_nightlight_signal":1995.0,"population_without_nightlight_signal":7859.0,"nightlight_population_share_pct":20.24558554901563,"total_buildings":2317.0,"modeled_demand":852.5,"population_weighted_distance_transmission_km":6.66759792977471,"population_weighted_distance_gridlight_km":10.11440714430688,"_label":"nga_6.875_9.875","_status_group":"unknown","_year":2025,"_year_label":"Source release year","_states":["Taraba"]},"geometry":{"type":"Point","coordinates":[9.875,6.875]}},{"type":"Feature","properties":{"cell_id":"nga_6.875_10.125","population_estimate":4796.0,"settlement_count":11.0,"population_with_nightlight_signal":621.0,"population_without_nightlight_signal":4175.0,"nightlight_population_share_pct":12.948290241868223,"total_buildings":1128.0,"modeled_demand":389.19999999999993,"population_weighted_distance_transmission_km":13.335923686405335,"population_weighted_distance_gridlight_km":6.2716292743953295,"_label":"nga_6.875_10.125","_status_group":"unknown","_year":2025,"_year_label":"Source release year","_states":[]},"geometry":{"type":"Point","coordinates":[10.125,6.875]}},{"type":"Feature","properties":{"cell_id":"nga_6.875_10.375","population_estimate":4125.0,"settlement_count":3.0,"population_with_nightlight_signal":0.0,"population_without_nightlight_signal":4125.0,"nightlight_population_share_pct":0.0,"total_buildings":970.0,"modeled_demand":349.7,"population_weighted_distance_transmission_km":23.170007272727275,"population_weighted_distance_gridlight_km":28.41449309090909,"_label":"nga_6.875_10.375","_status_group":"unknown","_year":2025,"_year_label":"Source release year","_states":[]},"geometry":{"type":"Point","coordinates":[10.375,6.875]}},{"type":"Feature","properties":{"cell_id":"nga_6.875_10.625","population_estimate":6647.0,"settlement_count":4.0,"population_with_nightlight_signal":0.0,"population_without_nightlight_signal":6647.0,"nightlight_population_share_pct":0.0,"total_buildings":1563.0,"modeled_demand":618.6000000000001,"population_weighted_distance_transmission_km":46.37274559951858,"population_weighted_distance_gridlight_km":39.60494930043629,"_label":"nga_6.875_10.625","_status_group":"unknown","_year":2025,"_year_label":"Source release year","_states":[]},"geometry":{"type":"Point","coordinates":[10.625,6.875]}},{"type":"Feature","properties":{"cell_id":"nga_6.875_10.875","population_estimate":8695.0,"settlement_count":31.0,"population_with_nightlight_signal":0.0,"population_without_nightlight_signal":8695.0,"nightlight_population_share_pct":0.0,"total_buildings":2045.0,"modeled_demand":708.2000000000002,"population_weighted_distance_transmission_km":68.49397814836112,"population_weighted_distance_gridlight_km":24.613802415181137,"_label":"nga_6.875_10.875","_status_group":"unknown","_year":2025,"_year_label":"Source release year","_states":["Taraba"]},"geometry":{"type":"Point","coordinates":[10.875,6.875]}},{"type":"Feature","properties":{"cell_id":"nga_6.875_11.125","population_estimate":107952.0,"settlement_count":156.0,"population_with_nightlight_signal":27829.0,"population_without_nightlight_signal":80123.0,"nightlight_population_share_pct":25.779049948125092,"total_buildings":24609.0,"modeled_demand":9668.8,"population_weighted_distance_transmission_km":91.3039813065066,"population_weighted_distance_gridlight_km":4.206748971765228,"_label":"nga_6.875_11.125","_status_group":"unknown","_year":2025,"_year_label":"Source release year","_states":["Taraba"]},"geometry":{"type":"Point","coordinates":[11.125,6.875]}},{"type":"Feature","properties":{"cell_id":"nga_6.875_11.375","population_estimate":93961.0,"settlement_count":189.0,"population_with_nightlight_signal":0.0,"population_without_nightlight_signal":93961.0,"nightlight_population_share_pct":0.0,"total_buildings":21581.0,"modeled_demand":7822.799999999999,"population_weighted_distance_transmission_km":117.34331435382764,"population_weighted_distance_gridlight_km":22.002479166888392,"_label":"nga_6.875_11.375","_status_group":"unknown","_year":2025,"_year_label":"Source release year","_states":["Taraba"]},"geometry":{"type":"Point","coordinates":[11.375,6.875]}},{"type":"Feature","properties":{"cell_id":"nga_6.875_11.625","population_estimate":27224.0,"settlement_count":52.0,"population_with_nightlight_signal":0.0,"population_without_nightlight_signal":27224.0,"nightlight_population_share_pct":0.0,"total_buildings":6401.0,"modeled_demand":2352.6,"population_weighted_distance_transmission_km":117.43719034675286,"population_weighted_distance_gridlight_km":35.254394394651776,"_label":"nga_6.875_11.625","_status_group":"unknown","_year":2025,"_year_label":"Source release year","_states":[]},"geometry":{"type":"Point","coordinates":[11.625,6.875]}},{"type":"Feature","properties":{"cell_id":"nga_7.125_2.625","population_estimate":944.0,"settlement_count":3.0,"population_with_nightlight_signal":0.0,"population_without_nightlight_signal":944.0,"nightlight_population_share_pct":0.0,"total_buildings":222.0,"modeled_demand":77.4,"population_weighted_distance_transmission_km":12.99927966101695,"population_weighted_distance_gridlight_km":12.87375741525424,"_label":"nga_7.125_2.625","_status_group":"unknown","_year":2025,"_year_label":"Source release year","_states":[]},"geometry":{"type":"Point","coordinates":[2.625,7.125]}},{"type":"Feature","properties":{"cell_id":"nga_7.125_2.875","population_estimate":80862.0,"settlement_count":80.0,"population_with_nightlight_signal":40482.0,"population_without_nightlight_signal":40380.0,"nightlight_population_share_pct":50.06307041626475,"total_buildings":18066.0,"modeled_demand":8775.5,"population_weighted_distance_transmission_km":2.052849793475304,"population_weighted_distance_gridlight_km":3.186375367910762,"_label":"nga_7.125_2.875","_status_group":"unknown","_year":2025,"_year_label":"Source release year","_states":["Ogun"]},"geometry":{"type":"Point","coordinates":[2.875,7.125]}},{"type":"Feature","properties":{"cell_id":"nga_7.125_3.125","population_estimate":138781.0,"settlement_count":102.0,"population_with_nightlight_signal":106236.0,"population_without_nightlight_signal":32545.0,"nightlight_population_share_pct":76.54938356115031,"total_buildings":30399.0,"modeled_demand":16590.499999999996,"population_weighted_distance_transmission_km":0.3613993269972114,"population_weighted_distance_gridlight_km":0.8510697862099278,"_label":"nga_7.125_3.125","_status_group":"unknown","_year":2025,"_year_label":"Source release year","_states":["Ogun"]},"geometry":{"type":"Point","coordinates":[3.125,7.125]}},{"type":"Feature","properties":{"cell_id":"nga_7.125_3.375","population_estimate":1563174.0,"settlement_count":185.0,"population_with_nightlight_signal":1526014.0,"population_without_nightlight_signal":37160.0,"nightlight_population_share_pct":97.62278543527464,"total_buildings":332599.0,"modeled_demand":193715.80000000008,"population_weighted_distance_transmission_km":0.0323195562362219,"population_weighted_distance_gridlight_km":0.04959725980601,"_label":"nga_7.125_3.375","_status_group":"unknown","_year":2025,"_year_label":"Source release year","_states":["Ogun"]},"geometry":{"type":"Point","coordinates":[3.375,7.125]}},{"type":"Feature","properties":{"cell_id":"nga_7.125_3.625","population_estimate":67551.0,"settlement_count":253.0,"population_with_nightlight_signal":19567.0,"population_without_nightlight_signal":47984.0,"nightlight_population_share_pct":28.96626252757176,"total_buildings":15882.0,"modeled_demand":7068.299999999999,"population_weighted_distance_transmission_km":5.937577830083937,"population_weighted_distance_gridlight_km":3.732359831830765,"_label":"nga_7.125_3.625","_status_group":"unknown","_year":2025,"_year_label":"Source release year","_states":["Ogun"]},"geometry":{"type":"Point","coordinates":[3.625,7.125]}},{"type":"Feature","properties":{"cell_id":"nga_7.125_3.875","population_estimate":63191.0,"settlement_count":149.0,"population_with_nightlight_signal":31192.0,"population_without_nightlight_signal":31999.0,"nightlight_population_share_pct":49.36145970153978,"total_buildings":14622.0,"modeled_demand":7322.799999999999,"population_weighted_distance_transmission_km":2.2168832586919023,"population_weighted_distance_gridlight_km":1.9828456425756829,"_label":"nga_7.125_3.875","_status_group":"unknown","_year":2025,"_year_label":"Source release year","_states":["Oyo"]},"geometry":{"type":"Point","coordinates":[3.875,7.125]}},{"type":"Feature","properties":{"cell_id":"nga_7.125_4.125","population_estimate":30744.0,"settlement_count":121.0,"population_with_nightlight_signal":5117.0,"population_without_nightlight_signal":25627.0,"nightlight_population_share_pct":16.643897996357012,"total_buildings":7155.0,"modeled_demand":2818.6,"population_weighted_distance_transmission_km":1.9055705178246165,"population_weighted_distance_gridlight_km":5.589931824095759,"_label":"nga_7.125_4.125","_status_group":"unknown","_year":2025,"_year_label":"Source release year","_states":["Ogun"]},"geometry":{"type":"Point","coordinates":[4.125,7.125]}},{"type":"Feature","properties":{"cell_id":"nga_7.125_4.375","population_estimate":35246.0,"settlement_count":100.0,"population_with_nightlight_signal":3568.0,"population_without_nightlight_signal":31678.0,"nightlight_population_share_pct":10.123134540089657,"total_buildings":8280.0,"modeled_demand":3362.7,"population_weighted_distance_transmission_km":6.294621517335299,"population_weighted_distance_gridlight_km":8.145682290188958,"_label":"nga_7.125_4.375","_status_group":"unknown","_year":2025,"_year_label":"Source release year","_states":["Osun"]},"geometry":{"type":"Point","coordinates":[4.375,7.125]}},{"type":"Feature","properties":{"cell_id":"nga_7.125_4.625","population_estimate":115294.0,"settlement_count":162.0,"population_with_nightlight_signal":41010.0,"population_without_nightlight_signal":74284.0,"nightlight_population_share_pct":35.56993425503495,"total_buildings":26104.0,"modeled_demand":12485.9,"population_weighted_distance_transmission_km":1.6007581487328049,"population_weighted_distance_gridlight_km":6.9446379429979,"_label":"nga_7.125_4.625","_status_group":"unknown","_year":2025,"_year_label":"Source release year","_states":["Osun"]},"geometry":{"type":"Point","coordinates":[4.625,7.125]}},{"type":"Feature","properties":{"cell_id":"nga_7.125_4.875","population_estimate":578788.0,"settlement_count":153.0,"population_with_nightlight_signal":529122.0,"population_without_nightlight_signal":49666.0,"nightlight_population_share_pct":91.4189651478607,"total_buildings":120264.0,"modeled_demand":71761.6,"population_weighted_distance_transmission_km":0.4256710401736041,"population_weighted_distance_gridlight_km":0.4712775454916135,"_label":"nga_7.125_4.875","_status_group":"unknown","_year":2025,"_year_label":"Source release year","_states":["Ondo"]},"geometry":{"type":"Point","coordinates":[4.875,7.125]}},{"type":"Feature","properties":{"cell_id":"nga_7.125_5.125","population_estimate":163573.0,"settlement_count":155.0,"population_with_nightlight_signal":111401.0,"population_without_nightlight_signal":52172.0,"nightlight_population_share_pct":68.10476056561902,"total_buildings":35779.0,"modeled_demand":20628.3,"population_weighted_distance_transmission_km":1.4846390908034943,"population_weighted_distance_gridlight_km":1.963044591711346,"_label":"nga_7.125_5.125","_status_group":"unknown","_year":2025,"_year_label":"Source release year","_states":["Ondo"]},"geometry":{"type":"Point","coordinates":[5.125,7.125]}},{"type":"Feature","properties":{"cell_id":"nga_7.125_5.375","population_estimate":46628.0,"settlement_count":142.0,"population_with_nightlight_signal":9730.0,"population_without_nightlight_signal":36898.0,"nightlight_population_share_pct":20.867290040319123,"total_buildings":10780.0,"modeled_demand":4935.000000000001,"population_weighted_distance_transmission_km":2.6193795573475165,"population_weighted_distance_gridlight_km":9.840035944067942,"_label":"nga_7.125_5.375","_status_group":"unknown","_year":2025,"_year_label":"Source release year","_states":["Ondo"]},"geometry":{"type":"Point","coordinates":[5.375,7.125]}},{"type":"Feature","properties":{"cell_id":"nga_7.125_5.625","population_estimate":294715.0,"settlement_count":172.0,"population_with_nightlight_signal":232923.0,"population_without_nightlight_signal":61792.0,"nightlight_population_share_pct":79.03330336087406,"total_buildings":62665.0,"modeled_demand":36713.9,"population_weighted_distance_transmission_km":0.4826923298780178,"population_weighted_distance_gridlight_km":1.2640298050659111,"_label":"nga_7.125_5.625","_status_group":"unknown","_year":2025,"_year_label":"Source release year","_states":["Ondo"]},"geometry":{"type":"Point","coordinates":[5.625,7.125]}},{"type":"Feature","properties":{"cell_id":"nga_7.125_5.875","population_estimate":36562.0,"settlement_count":66.0,"population_with_nightlight_signal":16183.0,"population_without_nightlight_signal":20379.0,"nightlight_population_share_pct":44.26180187079481,"total_buildings":8215.0,"modeled_demand":4541.4,"population_weighted_distance_transmission_km":1.6977648925113509,"population_weighted_distance_gridlight_km":3.721747087139654,"_label":"nga_7.125_5.875","_status_group":"unknown","_year":2025,"_year_label":"Source release year","_states":["Edo"]},"geometry":{"type":"Point","coordinates":[5.875,7.125]}},{"type":"Feature","properties":{"cell_id":"nga_7.125_6.125","population_estimate":92470.0,"settlement_count":53.0,"population_with_nightlight_signal":61758.0,"population_without_nightlight_signal":30712.0,"nightlight_population_share_pct":66.78706607548393,"total_buildings":20045.0,"modeled_demand":12766.6,"population_weighted_distance_transmission_km":0.1929408456796799,"population_weighted_distance_gridlight_km":1.149395457986374,"_label":"nga_7.125_6.125","_status_group":"unknown","_year":2025,"_year_label":"Source release year","_states":["Edo"]},"geometry":{"type":"Point","coordinates":[6.125,7.125]}},{"type":"Feature","properties":{"cell_id":"nga_7.125_6.375","population_estimate":391009.0,"settlement_count":47.0,"population_with_nightlight_signal":363000.0,"population_without_nightlight_signal":28009.0,"nightlight_population_share_pct":92.83673777329932,"total_buildings":84016.0,"modeled_demand":56715.20000000001,"population_weighted_distance_transmission_km":0.5301157518113394,"population_weighted_distance_gridlight_km":0.084781158489958,"_label":"nga_7.125_6.375","_status_group":"unknown","_year":2025,"_year_label":"Source release year","_states":["Edo"]},"geometry":{"type":"Point","coordinates":[6.375,7.125]}},{"type":"Feature","properties":{"cell_id":"nga_7.125_6.625","population_estimate":77174.0,"settlement_count":74.0,"population_with_nightlight_signal":46782.0,"population_without_nightlight_signal":30392.0,"nightlight_population_share_pct":60.61886127452251,"total_buildings":17276.0,"modeled_demand":9986.9,"population_weighted_distance_transmission_km":0.8857312048099101,"population_weighted_distance_gridlight_km":1.4670446782595172,"_label":"nga_7.125_6.625","_status_group":"unknown","_year":2025,"_year_label":"Source release year","_states":["Edo"]},"geometry":{"type":"Point","coordinates":[6.625,7.125]}},{"type":"Feature","properties":{"cell_id":"nga_7.125_6.875","population_estimate":263025.0,"settlement_count":155.0,"population_with_nightlight_signal":190313.0,"population_without_nightlight_signal":72712.0,"nightlight_population_share_pct":72.35547951715617,"total_buildings":58273.0,"modeled_demand":28399.800000000003,"population_weighted_distance_transmission_km":0.7730684155498527,"population_weighted_distance_gridlight_km":1.322284261952286,"_label":"nga_7.125_6.875","_status_group":"unknown","_year":2025,"_year_label":"Source release year","_states":["Kogi"]},"geometry":{"type":"Point","coordinates":[6.875,7.125]}},{"type":"Feature","properties":{"cell_id":"nga_7.125_7.125","population_estimate":25543.0,"settlement_count":48.0,"population_with_nightlight_signal":0.0,"population_without_nightlight_signal":25543.0,"nightlight_population_share_pct":0.0,"total_buildings":6006.0,"modeled_demand":2190.5,"population_weighted_distance_transmission_km":7.906944368320088,"population_weighted_distance_gridlight_km":11.513721998199117,"_label":"nga_7.125_7.125","_status_group":"unknown","_year":2025,"_year_label":"Source release year","_states":["Kogi"]},"geometry":{"type":"Point","coordinates":[7.125,7.125]}},{"type":"Feature","properties":{"cell_id":"nga_7.125_7.375","population_estimate":175066.0,"settlement_count":257.0,"population_with_nightlight_signal":43727.0,"population_without_nightlight_signal":131339.0,"nightlight_population_share_pct":24.977437080872356,"total_buildings":40265.0,"modeled_demand":17232.4,"population_weighted_distance_transmission_km":2.9481249357385217,"population_weighted_distance_gridlight_km":3.436408565912284,"_label":"nga_7.125_7.375","_status_group":"unknown","_year":2025,"_year_label":"Source release year","_states":["Kogi"]},"geometry":{"type":"Point","coordinates":[7.375,7.125]}},{"type":"Feature","properties":{"cell_id":"nga_7.125_7.625","population_estimate":332426.0,"settlement_count":304.0,"population_with_nightlight_signal":164913.0,"population_without_nightlight_signal":167513.0,"nightlight_population_share_pct":49.608935522492224,"total_buildings":76137.0,"modeled_demand":31424.5,"population_weighted_distance_transmission_km":0.9278306450157328,"population_weighted_distance_gridlight_km":1.919083534380584,"_label":"nga_7.125_7.625","_status_group":"unknown","_year":2025,"_year_label":"Source release year","_states":["Benue"]},"geometry":{"type":"Point","coordinates":[7.625,7.125]}},{"type":"Feature","properties":{"cell_id":"nga_7.125_7.875","population_estimate":257135.0,"settlement_count":168.0,"population_with_nightlight_signal":64225.0,"population_without_nightlight_signal":192910.0,"nightlight_population_share_pct":24.97715207964688,"total_buildings":56215.0,"modeled_demand":22714.1,"population_weighted_distance_transmission_km":1.0742636747233945,"population_weighted_distance_gridlight_km":4.863604176794291,"_label":"nga_7.125_7.875","_status_group":"unknown","_year":2025,"_year_label":"Source release year","_states":["Benue"]},"geometry":{"type":"Point","coordinates":[7.875,7.125]}},{"type":"Feature","properties":{"cell_id":"nga_7.125_8.125","population_estimate":326198.0,"settlement_count":90.0,"population_with_nightlight_signal":279658.0,"population_without_nightlight_signal":46540.0,"nightlight_population_share_pct":85.7325918613848,"total_buildings":69619.0,"modeled_demand":33543.8,"population_weighted_distance_transmission_km":0.1794023875069743,"population_weighted_distance_gridlight_km":0.4331941213618722,"_label":"nga_7.125_8.125","_status_group":"unknown","_year":2025,"_year_label":"Source release year","_states":["Benue"]},"geometry":{"type":"Point","coordinates":[8.125,7.125]}},{"type":"Feature","properties":{"cell_id":"nga_7.125_8.375","population_estimate":189303.0,"settlement_count":250.0,"population_with_nightlight_signal":29820.0,"population_without_nightlight_signal":159483.0,"nightlight_population_share_pct":15.752523731795058,"total_buildings":43102.0,"modeled_demand":16302.4,"population_weighted_distance_transmission_km":5.359752301865264,"population_weighted_distance_gridlight_km":6.163508423004388,"_label":"nga_7.125_8.375","_status_group":"unknown","_year":2025,"_year_label":"Source release year","_states":["Benue"]},"geometry":{"type":"Point","coordinates":[8.375,7.125]}},{"type":"Feature","properties":{"cell_id":"nga_7.125_8.625","population_estimate":161469.0,"settlement_count":440.0,"population_with_nightlight_signal":49458.0,"population_without_nightlight_signal":112011.0,"nightlight_population_share_pct":30.630028054920757,"total_buildings":37013.0,"modeled_demand":13021.4,"population_weighted_distance_transmission_km":3.504321262904954,"population_weighted_distance_gridlight_km":4.139262911147031,"_label":"nga_7.125_8.625","_status_group":"unknown","_year":2025,"_year_label":"Source release year","_states":["Benue"]},"geometry":{"type":"Point","coordinates":[8.625,7.125]}},{"type":"Feature","properties":{"cell_id":"nga_7.125_8.875","population_estimate":140027.0,"settlement_count":494.0,"population_with_nightlight_signal":17075.0,"population_without_nightlight_signal":122952.0,"nightlight_population_share_pct":12.194076856606229,"total_buildings":32924.0,"modeled_demand":11599.5,"population_weighted_distance_transmission_km":3.1862190149042684,"population_weighted_distance_gridlight_km":4.7109978289901235,"_label":"nga_7.125_8.875","_status_group":"unknown","_year":2025,"_year_label":"Source release year","_states":["Benue"]},"geometry":{"type":"Point","coordinates":[8.875,7.125]}},{"type":"Feature","properties":{"cell_id":"nga_7.125_9.125","population_estimate":257284.0,"settlement_count":574.0,"population_with_nightlight_signal":128737.0,"population_without_nightlight_signal":128547.0,"nightlight_population_share_pct":50.036924177173866,"total_buildings":58490.0,"modeled_demand":21707.8,"population_weighted_distance_transmission_km":1.6018241320874986,"population_weighted_distance_gridlight_km":2.136689918533605,"_label":"nga_7.125_9.125","_status_group":"unknown","_year":2025,"_year_label":"Source release year","_states":["Benue"]},"geometry":{"type":"Point","coordinates":[9.125,7.125]}},{"type":"Feature","properties":{"cell_id":"nga_7.125_9.375","population_estimate":265593.0,"settlement_count":508.0,"population_with_nightlight_signal":162011.0,"population_without_nightlight_signal":103582.0,"nightlight_population_share_pct":60.99972514335845,"total_buildings":59851.0,"modeled_demand":22828.0,"population_weighted_distance_transmission_km":1.5534903781349658,"population_weighted_distance_gridlight_km":2.4610556942389294,"_label":"nga_7.125_9.375","_status_group":"unknown","_year":2025,"_year_label":"Source release year","_states":["Benue"]},"geometry":{"type":"Point","coordinates":[9.375,7.125]}},{"type":"Feature","properties":{"cell_id":"nga_7.125_9.625","population_estimate":110137.0,"settlement_count":323.0,"population_with_nightlight_signal":39817.0,"population_without_nightlight_signal":70320.0,"nightlight_population_share_pct":36.152246747232994,"total_buildings":25246.0,"modeled_demand":8905.599999999999,"population_weighted_distance_transmission_km":3.8567513188120257,"population_weighted_distance_gridlight_km":4.353990030598254,"_label":"nga_7.125_9.625","_status_group":"unknown","_year":2025,"_year_label":"Source release year","_states":["Benue"]},"geometry":{"type":"Point","coordinates":[9.625,7.125]}},{"type":"Feature","properties":{"cell_id":"nga_7.125_9.875","population_estimate":87533.0,"settlement_count":100.0,"population_with_nightlight_signal":38077.0,"population_without_nightlight_signal":49456.0,"nightlight_population_share_pct":43.500165651811315,"total_buildings":20395.0,"modeled_demand":7526.2,"population_weighted_distance_transmission_km":4.007435481475557,"population_weighted_distance_gridlight_km":5.118201741057659,"_label":"nga_7.125_9.875","_status_group":"unknown","_year":2025,"_year_label":"Source release year","_states":["Taraba"]},"geometry":{"type":"Point","coordinates":[9.875,7.125]}},{"type":"Feature","properties":{"cell_id":"nga_7.125_10.125","population_estimate":150194.0,"settlement_count":151.0,"population_with_nightlight_signal":48938.0,"population_without_nightlight_signal":101256.0,"nightlight_population_share_pct":32.58319240449019,"total_buildings":34599.0,"modeled_demand":12480.8,"population_weighted_distance_transmission_km":2.5084137848382757,"population_weighted_distance_gridlight_km":7.187160772068125,"_label":"nga_7.125_10.125","_status_group":"unknown","_year":2025,"_year_label":"Source release year","_states":["Taraba"]},"geometry":{"type":"Point","coordinates":[10.125,7.125]}},{"type":"Feature","properties":{"cell_id":"nga_7.125_10.375","population_estimate":12253.0,"settlement_count":23.0,"population_with_nightlight_signal":0.0,"population_without_nightlight_signal":12253.0,"nightlight_population_share_pct":0.0,"total_buildings":2881.0,"modeled_demand":1011.3,"population_weighted_distance_transmission_km":8.216674283848853,"population_weighted_distance_gridlight_km":20.64587439810658,"_label":"nga_7.125_10.375","_status_group":"unknown","_year":2025,"_year_label":"Source release year","_states":["Taraba"]},"geometry":{"type":"Point","coordinates":[10.375,7.125]}},{"type":"Feature","properties":{"cell_id":"nga_7.125_10.625","population_estimate":70723.0,"settlement_count":43.0,"population_with_nightlight_signal":0.0,"population_without_nightlight_signal":70723.0,"nightlight_population_share_pct":0.0,"total_buildings":15525.0,"modeled_demand":5808.599999999999,"population_weighted_distance_transmission_km":32.578123524171765,"population_weighted_distance_gridlight_km":41.33083900569828,"_label":"nga_7.125_10.625","_status_group":"unknown","_year":2025,"_year_label":"Source release year","_states":["Taraba"]},"geometry":{"type":"Point","coordinates":[10.625,7.125]}},{"type":"Feature","properties":{"cell_id":"nga_7.125_10.875","population_estimate":27605.0,"settlement_count":56.0,"population_with_nightlight_signal":0.0,"population_without_nightlight_signal":27605.0,"nightlight_population_share_pct":0.0,"total_buildings":6491.0,"modeled_demand":2304.3999999999996,"population_weighted_distance_transmission_km":58.21909110668357,"population_weighted_distance_gridlight_km":31.20368962144539,"_label":"nga_7.125_10.875","_status_group":"unknown","_year":2025,"_year_label":"Source release year","_states":["Taraba"]},"geometry":{"type":"Point","coordinates":[10.875,7.125]}},{"type":"Feature","properties":{"cell_id":"nga_7.125_11.125","population_estimate":20917.0,"settlement_count":33.0,"population_with_nightlight_signal":0.0,"population_without_nightlight_signal":20917.0,"nightlight_population_share_pct":0.0,"total_buildings":4645.0,"modeled_demand":1899.5999999999997,"population_weighted_distance_transmission_km":81.72818712052397,"population_weighted_distance_gridlight_km":18.10291079026629,"_label":"nga_7.125_11.125","_status_group":"unknown","_year":2025,"_year_label":"Source release year","_states":["Taraba"]},"geometry":{"type":"Point","coordinates":[11.125,7.125]}},{"type":"Feature","properties":{"cell_id":"nga_7.125_11.375","population_estimate":3512.0,"settlement_count":7.0,"population_with_nightlight_signal":0.0,"population_without_nightlight_signal":3512.0,"nightlight_population_share_pct":0.0,"total_buildings":826.0,"modeled_demand":293.90000000000003,"population_weighted_distance_transmission_km":103.63089407744874,"population_weighted_distance_gridlight_km":27.47433029612756,"_label":"nga_7.125_11.375","_status_group":"unknown","_year":2025,"_year_label":"Source release year","_states":["Taraba"]},"geometry":{"type":"Point","coordinates":[11.375,7.125]}},{"type":"Feature","properties":{"cell_id":"nga_7.125_11.625","population_estimate":488.0,"settlement_count":3.0,"population_with_nightlight_signal":0.0,"population_without_nightlight_signal":488.0,"nightlight_population_share_pct":0.0,"total_buildings":115.0,"modeled_demand":38.6,"population_weighted_distance_transmission_km":97.31745901639346,"population_weighted_distance_gridlight_km":50.382870901639336,"_label":"nga_7.125_11.625","_status_group":"unknown","_year":2025,"_year_label":"Source release year","_states":["Taraba"]},"geometry":{"type":"Point","coordinates":[11.625,7.125]}},{"type":"Feature","properties":{"cell_id":"nga_7.125_11.875","population_estimate":694.0,"settlement_count":3.0,"population_with_nightlight_signal":0.0,"population_without_nightlight_signal":694.0,"nightlight_population_share_pct":0.0,"total_buildings":163.0,"modeled_demand":54.6,"population_weighted_distance_transmission_km":73.45701729106628,"population_weighted_distance_gridlight_km":56.12054610951009,"_label":"nga_7.125_11.875","_status_group":"unknown","_year":2025,"_year_label":"Source release year","_states":["Taraba"]},"geometry":{"type":"Point","coordinates":[11.875,7.125]}},{"type":"Feature","properties":{"cell_id":"nga_7.375_2.875","population_estimate":115318.0,"settlement_count":89.0,"population_with_nightlight_signal":94941.0,"population_without_nightlight_signal":20377.0,"nightlight_population_share_pct":82.32973169843389,"total_buildings":24701.0,"modeled_demand":12852.2,"population_weighted_distance_transmission_km":2.7488757175809497,"population_weighted_distance_gridlight_km":1.4693242425293531,"_label":"nga_7.375_2.875","_status_group":"unknown","_year":2025,"_year_label":"Source release year","_states":["Ogun"]},"geometry":{"type":"Point","coordinates":[2.875,7.375]}},{"type":"Feature","properties":{"cell_id":"nga_7.375_3.125","population_estimate":14294.0,"settlement_count":41.0,"population_with_nightlight_signal":4495.0,"population_without_nightlight_signal":9799.0,"nightlight_population_share_pct":31.44676087869036,"total_buildings":3361.0,"modeled_demand":1453.4999999999998,"population_weighted_distance_transmission_km":2.1590212676647544,"population_weighted_distance_gridlight_km":4.393282496152231,"_label":"nga_7.375_3.125","_status_group":"unknown","_year":2025,"_year_label":"Source release year","_states":["Ogun"]},"geometry":{"type":"Point","coordinates":[3.125,7.375]}},{"type":"Feature","properties":{"cell_id":"nga_7.375_3.375","population_estimate":130921.0,"settlement_count":85.0,"population_with_nightlight_signal":112346.0,"population_without_nightlight_signal":18575.0,"nightlight_population_share_pct":85.8120545978109,"total_buildings":28056.0,"modeled_demand":16201.9,"population_weighted_distance_transmission_km":0.6938743975374463,"population_weighted_distance_gridlight_km":0.7813425348110693,"_label":"nga_7.375_3.375","_status_group":"unknown","_year":2025,"_year_label":"Source release year","_states":["Ogun"]},"geometry":{"type":"Point","coordinates":[3.375,7.375]}},{"type":"Feature","properties":{"cell_id":"nga_7.375_3.625","population_estimate":66985.0,"settlement_count":202.0,"population_with_nightlight_signal":98.0,"population_without_nightlight_signal":66887.0,"nightlight_population_share_pct":0.1463014107636037,"total_buildings":15750.0,"modeled_demand":7002.900000000001,"population_weighted_distance_transmission_km":1.8706982160185115,"population_weighted_distance_gridlight_km":7.348150854668956,"_label":"nga_7.375_3.625","_status_group":"unknown","_year":2025,"_year_label":"Source release year","_states":["Ogun"]},"geometry":{"type":"Point","coordinates":[3.625,7.375]}},{"type":"Feature","properties":{"cell_id":"nga_7.375_3.875","population_estimate":5029061.0,"settlement_count":91.0,"population_with_nightlight_signal":5000511.0,"population_without_nightlight_signal":28550.0,"nightlight_population_share_pct":99.4322995883327,"total_buildings":1054780.0,"modeled_demand":630279.7000000001,"population_weighted_distance_transmission_km":0.0040800419800038,"population_weighted_distance_gridlight_km":0.007397885012729,"_label":"nga_7.375_3.875","_status_group":"unknown","_year":2025,"_year_label":"Source release year","_states":["Oyo"]},"geometry":{"type":"Point","coordinates":[3.875,7.375]}},{"type":"Feature","properties":{"cell_id":"nga_7.375_4.125","population_estimate":319562.0,"settlement_count":183.0,"population_with_nightlight_signal":258407.0,"population_without_nightlight_signal":61155.0,"nightlight_population_share_pct":80.86286855132963,"total_buildings":68614.0,"modeled_demand":40091.9,"population_weighted_distance_transmission_km":0.132111577722007,"population_weighted_distance_gridlight_km":0.5815484475626014,"_label":"nga_7.375_4.125","_status_group":"unknown","_year":2025,"_year_label":"Source release year","_states":["Osun"]},"geometry":{"type":"Point","coordinates":[4.125,7.375]}},{"type":"Feature","properties":{"cell_id":"nga_7.375_4.375","population_estimate":142295.0,"settlement_count":200.0,"population_with_nightlight_signal":94996.0,"population_without_nightlight_signal":47299.0,"nightlight_population_share_pct":66.75990020731578,"total_buildings":31036.0,"modeled_demand":16315.0,"population_weighted_distance_transmission_km":0.5726371973716575,"population_weighted_distance_gridlight_km":2.501142766787308,"_label":"nga_7.375_4.375","_status_group":"unknown","_year":2025,"_year_label":"Source release year","_states":["Osun"]},"geometry":{"type":"Point","coordinates":[4.375,7.375]}},{"type":"Feature","properties":{"cell_id":"nga_7.375_4.625","population_estimate":718982.0,"settlement_count":184.0,"population_with_nightlight_signal":658262.0,"population_without_nightlight_signal":60720.0,"nightlight_population_share_pct":91.55472598757687,"total_buildings":150728.0,"modeled_demand":92966.5,"population_weighted_distance_transmission_km":0.1057827734213095,"population_weighted_distance_gridlight_km":0.6087664739868314,"_label":"nga_7.375_4.625","_status_group":"unknown","_year":2025,"_year_label":"Source release year","_states":["Osun"]},"geometry":{"type":"Point","coordinates":[4.625,7.375]}},{"type":"Feature","properties":{"cell_id":"nga_7.375_4.875","population_estimate":149817.0,"settlement_count":188.0,"population_with_nightlight_signal":63026.0,"population_without_nightlight_signal":86791.0,"nightlight_population_share_pct":42.06865709498922,"total_buildings":33913.0,"modeled_demand":16543.3,"population_weighted_distance_transmission_km":1.9234554156070407,"population_weighted_distance_gridlight_km":4.533142573940206,"_label":"nga_7.375_4.875","_status_group":"unknown","_year":2025,"_year_label":"Source release year","_states":[]},"geometry":{"type":"Point","coordinates":[4.875,7.375]}},{"type":"Feature","properties":{"cell_id":"nga_7.375_5.125","population_estimate":1363404.0,"settlement_count":87.0,"population_with_nightlight_signal":1331523.0,"population_without_nightlight_signal":31881.0,"nightlight_population_share_pct":97.66166154712764,"total_buildings":285219.0,"modeled_demand":178098.39999999997,"population_weighted_distance_transmission_km":0.0407170948596307,"population_weighted_distance_gridlight_km":0.0543185138080862,"_label":"nga_7.375_5.125","_status_group":"unknown","_year":2025,"_year_label":"Source release year","_states":["Ondo"]},"geometry":{"type":"Point","coordinates":[5.125,7.375]}},{"type":"Feature","properties":{"cell_id":"nga_7.375_5.375","population_estimate":196606.0,"settlement_count":78.0,"population_with_nightlight_signal":180000.0,"population_without_nightlight_signal":16606.0,"nightlight_population_share_pct":91.5536657070486,"total_buildings":42267.0,"modeled_demand":24968.199999999997,"population_weighted_distance_transmission_km":0.1016995920775561,"population_weighted_distance_gridlight_km":0.3493620896615566,"_label":"nga_7.375_5.375","_status_group":"unknown","_year":2025,"_year_label":"Source release year","_states":["Ekiti"]},"geometry":{"type":"Point","coordinates":[5.375,7.375]}},{"type":"Feature","properties":{"cell_id":"nga_7.375_5.625","population_estimate":156662.0,"settlement_count":137.0,"population_with_nightlight_signal":109547.0,"population_without_nightlight_signal":47115.0,"nightlight_population_share_pct":69.92569991446554,"total_buildings":33604.0,"modeled_demand":20072.1,"population_weighted_distance_transmission_km":1.012398475699276,"population_weighted_distance_gridlight_km":1.3941340018638853,"_label":"nga_7.375_5.625","_status_group":"unknown","_year":2025,"_year_label":"Source release year","_states":["Ondo"]},"geometry":{"type":"Point","coordinates":[5.625,7.375]}},{"type":"Feature","properties":{"cell_id":"nga_7.375_5.875","population_estimate":143884.0,"settlement_count":70.0,"population_with_nightlight_signal":81929.0,"population_without_nightlight_signal":61955.0,"nightlight_population_share_pct":56.94100803424981,"total_buildings":30617.0,"modeled_demand":19265.60000000001,"population_weighted_distance_transmission_km":0.7784245642322983,"population_weighted_distance_gridlight_km":1.4942804550888211,"_label":"nga_7.375_5.875","_status_group":"unknown","_year":2025,"_year_label":"Source release year","_states":["Ondo"]},"geometry":{"type":"Point","coordinates":[5.875,7.375]}},{"type":"Feature","properties":{"cell_id":"nga_7.375_6.125","population_estimate":202397.0,"settlement_count":73.0,"population_with_nightlight_signal":178268.0,"population_without_nightlight_signal":24129.0,"nightlight_population_share_pct":88.07838060840822,"total_buildings":43106.0,"modeled_demand":25786.9,"population_weighted_distance_transmission_km":0.0564796909045094,"population_weighted_distance_gridlight_km":0.3239776034229756,"_label":"nga_7.375_6.125","_status_group":"unknown","_year":2025,"_year_label":"Source release year","_states":["Edo"]},"geometry":{"type":"Point","coordinates":[6.125,7.375]}},{"type":"Feature","properties":{"cell_id":"nga_7.375_6.375","population_estimate":91429.0,"settlement_count":46.0,"population_with_nightlight_signal":82292.0,"population_without_nightlight_signal":9137.0,"nightlight_population_share_pct":90.00645309475112,"total_buildings":19631.0,"modeled_demand":11899.2,"population_weighted_distance_transmission_km":0.5797027201434994,"population_weighted_distance_gridlight_km":0.2411506961686117,"_label":"nga_7.375_6.375","_status_group":"unknown","_year":2025,"_year_label":"Source release year","_states":["Edo"]},"geometry":{"type":"Point","coordinates":[6.375,7.375]}},{"type":"Feature","properties":{"cell_id":"nga_7.375_6.625","population_estimate":44959.0,"settlement_count":80.0,"population_with_nightlight_signal":30583.0,"population_without_nightlight_signal":14376.0,"nightlight_population_share_pct":68.02419982650859,"total_buildings":9920.0,"modeled_demand":4723.400000000001,"population_weighted_distance_transmission_km":2.092761849685269,"population_weighted_distance_gridlight_km":1.92345677172535,"_label":"nga_7.375_6.625","_status_group":"unknown","_year":2025,"_year_label":"Source release year","_states":["Kogi"]},"geometry":{"type":"Point","coordinates":[6.625,7.375]}},{"type":"Feature","properties":{"cell_id":"nga_7.375_6.875","population_estimate":90227.0,"settlement_count":136.0,"population_with_nightlight_signal":25220.0,"population_without_nightlight_signal":65007.0,"nightlight_population_share_pct":27.95172176842852,"total_buildings":21217.0,"modeled_demand":8047.200000000001,"population_weighted_distance_transmission_km":3.404003014618684,"population_weighted_distance_gridlight_km":3.078462422556441,"_label":"nga_7.375_6.875","_status_group":"unknown","_year":2025,"_year_label":"Source release year","_states":["Kogi"]},"geometry":{"type":"Point","coordinates":[6.875,7.375]}},{"type":"Feature","properties":{"cell_id":"nga_7.375_7.125","population_estimate":316040.0,"settlement_count":96.0,"population_with_nightlight_signal":263664.0,"population_without_nightlight_signal":52376.0,"nightlight_population_share_pct":83.42741425136059,"total_buildings":69134.0,"modeled_demand":32806.7,"population_weighted_distance_transmission_km":0.5740952411087205,"population_weighted_distance_gridlight_km":0.5806392481964309,"_label":"nga_7.375_7.125","_status_group":"unknown","_year":2025,"_year_label":"Source release year","_states":["Kogi"]},"geometry":{"type":"Point","coordinates":[7.125,7.375]}},{"type":"Feature","properties":{"cell_id":"nga_7.375_7.375","population_estimate":142310.0,"settlement_count":118.0,"population_with_nightlight_signal":46272.0,"population_without_nightlight_signal":96038.0,"nightlight_population_share_pct":32.5149321902888,"total_buildings":32323.0,"modeled_demand":12846.799999999996,"population_weighted_distance_transmission_km":2.2057681821375867,"population_weighted_distance_gridlight_km":3.6265811959806062,"_label":"nga_7.375_7.375","_status_group":"unknown","_year":2025,"_year_label":"Source release year","_states":["Kogi"]},"geometry":{"type":"Point","coordinates":[7.375,7.375]}},{"type":"Feature","properties":{"cell_id":"nga_7.375_7.625","population_estimate":420161.0,"settlement_count":179.0,"population_with_nightlight_signal":188506.0,"population_without_nightlight_signal":231655.0,"nightlight_population_share_pct":44.86518263237188,"total_buildings":92219.0,"modeled_demand":40143.90000000001,"population_weighted_distance_transmission_km":1.772998374432658,"population_weighted_distance_gridlight_km":2.1807403780931596,"_label":"nga_7.375_7.625","_status_group":"unknown","_year":2025,"_year_label":"Source release year","_states":["Kogi"]},"geometry":{"type":"Point","coordinates":[7.625,7.375]}},{"type":"Feature","properties":{"cell_id":"nga_7.375_7.875","population_estimate":227425.0,"settlement_count":132.0,"population_with_nightlight_signal":69989.0,"population_without_nightlight_signal":157436.0,"nightlight_population_share_pct":30.77454105749148,"total_buildings":52577.0,"modeled_demand":21092.4,"population_weighted_distance_transmission_km":3.3886604814774097,"population_weighted_distance_gridlight_km":3.7026482180938767,"_label":"nga_7.375_7.875","_status_group":"unknown","_year":2025,"_year_label":"Source release year","_states":["Benue"]},"geometry":{"type":"Point","coordinates":[7.875,7.375]}},{"type":"Feature","properties":{"cell_id":"nga_7.375_8.125","population_estimate":114884.0,"settlement_count":147.0,"population_with_nightlight_signal":32004.0,"population_without_nightlight_signal":82880.0,"nightlight_population_share_pct":27.85766512308067,"total_buildings":26135.0,"modeled_demand":10200.0,"population_weighted_distance_transmission_km":0.7668599630932069,"population_weighted_distance_gridlight_km":3.39662642317468,"_label":"nga_7.375_8.125","_status_group":"unknown","_year":2025,"_year_label":"Source release year","_states":["Benue"]},"geometry":{"type":"Point","coordinates":[8.125,7.375]}},{"type":"Feature","properties":{"cell_id":"nga_7.375_8.375","population_estimate":213961.0,"settlement_count":274.0,"population_with_nightlight_signal":116243.0,"population_without_nightlight_signal":97718.0,"nightlight_population_share_pct":54.32905996887283,"total_buildings":47431.0,"modeled_demand":17326.899999999998,"population_weighted_distance_transmission_km":2.873396132940115,"population_weighted_distance_gridlight_km":3.685395698281462,"_label":"nga_7.375_8.375","_status_group":"unknown","_year":2025,"_year_label":"Source release year","_states":["Benue"]},"geometry":{"type":"Point","coordinates":[8.375,7.375]}},{"type":"Feature","properties":{"cell_id":"nga_7.375_8.625","population_estimate":205424.0,"settlement_count":466.0,"population_with_nightlight_signal":52643.0,"population_without_nightlight_signal":152781.0,"nightlight_population_share_pct":25.626509073915415,"total_buildings":47445.0,"modeled_demand":16482.2,"population_weighted_distance_transmission_km":4.244737469818522,"population_weighted_distance_gridlight_km":2.767060348352675,"_label":"nga_7.375_8.625","_status_group":"unknown","_year":2025,"_year_label":"Source release year","_states":["Benue"]},"geometry":{"type":"Point","coordinates":[8.625,7.375]}},{"type":"Feature","properties":{"cell_id":"nga_7.375_8.875","population_estimate":194398.0,"settlement_count":605.0,"population_with_nightlight_signal":62285.0,"population_without_nightlight_signal":132113.0,"nightlight_population_share_pct":32.03993868249673,"total_buildings":44694.0,"modeled_demand":16007.1,"population_weighted_distance_transmission_km":1.660410086523524,"population_weighted_distance_gridlight_km":2.358530298665624,"_label":"nga_7.375_8.875","_status_group":"unknown","_year":2025,"_year_label":"Source release year","_states":["Benue"]},"geometry":{"type":"Point","coordinates":[8.875,7.375]}},{"type":"Feature","properties":{"cell_id":"nga_7.375_9.125","population_estimate":716866.0,"settlement_count":764.0,"population_with_nightlight_signal":548829.0,"population_without_nightlight_signal":168037.0,"nightlight_population_share_pct":76.55949647493395,"total_buildings":155557.0,"modeled_demand":64103.100000000006,"population_weighted_distance_transmission_km":0.6408540229275763,"population_weighted_distance_gridlight_km":0.6422332402429464,"_label":"nga_7.375_9.125","_status_group":"unknown","_year":2025,"_year_label":"Source release year","_states":["Benue"]},"geometry":{"type":"Point","coordinates":[9.125,7.375]}},{"type":"Feature","properties":{"cell_id":"nga_7.375_9.375","population_estimate":238010.0,"settlement_count":820.0,"population_with_nightlight_signal":35677.0,"population_without_nightlight_signal":202333.0,"nightlight_population_share_pct":14.98970631486072,"total_buildings":55961.0,"modeled_demand":19334.4,"population_weighted_distance_transmission_km":3.4893101550355023,"population_weighted_distance_gridlight_km":4.54489022309987,"_label":"nga_7.375_9.375","_status_group":"unknown","_year":2025,"_year_label":"Source release year","_states":["Benue"]},"geometry":{"type":"Point","coordinates":[9.375,7.375]}},{"type":"Feature","properties":{"cell_id":"nga_7.375_9.625","population_estimate":145598.0,"settlement_count":650.0,"population_with_nightlight_signal":4100.0,"population_without_nightlight_signal":141498.0,"nightlight_population_share_pct":2.815972746878391,"total_buildings":34210.0,"modeled_demand":11720.5,"population_weighted_distance_transmission_km":5.516073709803706,"population_weighted_distance_gridlight_km":6.401194631794392,"_label":"nga_7.375_9.625","_status_group":"unknown","_year":2025,"_year_label":"Source release year","_states":["Benue"]},"geometry":{"type":"Point","coordinates":[9.625,7.375]}},{"type":"Feature","properties":{"cell_id":"nga_7.375_9.875","population_estimate":198250.0,"settlement_count":381.0,"population_with_nightlight_signal":110778.0,"population_without_nightlight_signal":87472.0,"nightlight_population_share_pct":55.877931904161414,"total_buildings":43758.0,"modeled_demand":16884.0,"population_weighted_distance_transmission_km":3.609384766708702,"population_weighted_distance_gridlight_km":7.166081836065573,"_label":"nga_7.375_9.875","_status_group":"unknown","_year":2025,"_year_label":"Source release year","_states":["Taraba"]},"geometry":{"type":"Point","coordinates":[9.875,7.375]}},{"type":"Feature","properties":{"cell_id":"nga_7.375_10.125","population_estimate":66175.0,"settlement_count":232.0,"population_with_nightlight_signal":6498.0,"population_without_nightlight_signal":59677.0,"nightlight_population_share_pct":9.81941820929354,"total_buildings":15560.0,"modeled_demand":5352.0,"population_weighted_distance_transmission_km":1.343098753305629,"population_weighted_distance_gridlight_km":13.036904556101248,"_label":"nga_7.375_10.125","_status_group":"unknown","_year":2025,"_year_label":"Source release year","_states":["Taraba"]},"geometry":{"type":"Point","coordinates":[10.125,7.375]}},{"type":"Feature","properties":{"cell_id":"nga_7.375_10.375","population_estimate":90329.0,"settlement_count":41.0,"population_with_nightlight_signal":56269.0,"population_without_nightlight_signal":34060.0,"nightlight_population_share_pct":62.293394148058766,"total_buildings":19863.0,"modeled_demand":7522.6,"population_weighted_distance_transmission_km":1.7918361766431603,"population_weighted_distance_gridlight_km":4.030455103012322,"_label":"nga_7.375_10.375","_status_group":"unknown","_year":2025,"_year_label":"Source release year","_states":["Taraba"]},"geometry":{"type":"Point","coordinates":[10.375,7.375]}},{"type":"Feature","properties":{"cell_id":"nga_7.375_10.625","population_estimate":35135.0,"settlement_count":34.0,"population_with_nightlight_signal":0.0,"population_without_nightlight_signal":35135.0,"nightlight_population_share_pct":0.0,"total_buildings":8261.0,"modeled_demand":2894.4999999999995,"population_weighted_distance_transmission_km":25.12604923865092,"population_weighted_distance_gridlight_km":31.772341596698443,"_label":"nga_7.375_10.625","_status_group":"unknown","_year":2025,"_year_label":"Source release year","_states":["Taraba"]},"geometry":{"type":"Point","coordinates":[10.625,7.375]}},{"type":"Feature","properties":{"cell_id":"nga_7.375_10.875","population_estimate":7435.0,"settlement_count":21.0,"population_with_nightlight_signal":0.0,"population_without_nightlight_signal":7435.0,"nightlight_population_share_pct":0.0,"total_buildings":1748.0,"modeled_demand":594.8,"population_weighted_distance_transmission_km":51.20594620040349,"population_weighted_distance_gridlight_km":46.244072494956285,"_label":"nga_7.375_10.875","_status_group":"unknown","_year":2025,"_year_label":"Source release year","_states":["Taraba"]},"geometry":{"type":"Point","coordinates":[10.875,7.375]}},{"type":"Feature","properties":{"cell_id":"nga_7.375_11.125","population_estimate":18912.0,"settlement_count":19.0,"population_with_nightlight_signal":0.0,"population_without_nightlight_signal":18912.0,"nightlight_population_share_pct":0.0,"total_buildings":4447.0,"modeled_demand":1574.1,"population_weighted_distance_transmission_km":80.1882519035533,"population_weighted_distance_gridlight_km":28.62407349830795,"_label":"nga_7.375_11.125","_status_group":"unknown","_year":2025,"_year_label":"Source release year","_states":["Taraba"]},"geometry":{"type":"Point","coordinates":[11.125,7.375]}},{"type":"Feature","properties":{"cell_id":"nga_7.375_11.375","population_estimate":8403.0,"settlement_count":22.0,"population_with_nightlight_signal":0.0,"population_without_nightlight_signal":8403.0,"nightlight_population_share_pct":0.0,"total_buildings":1976.0,"modeled_demand":685.8000000000001,"population_weighted_distance_transmission_km":70.27567773414258,"population_weighted_distance_gridlight_km":9.930457693680829,"_label":"nga_7.375_11.375","_status_group":"unknown","_year":2025,"_year_label":"Source release year","_states":["Taraba"]},"geometry":{"type":"Point","coordinates":[11.375,7.375]}},{"type":"Feature","properties":{"cell_id":"nga_7.375_11.625","population_estimate":659.0,"settlement_count":3.0,"population_with_nightlight_signal":0.0,"population_without_nightlight_signal":659.0,"nightlight_population_share_pct":0.0,"total_buildings":155.0,"modeled_demand":53.0,"population_weighted_distance_transmission_km":60.25553869499242,"population_weighted_distance_gridlight_km":34.15632018209408,"_label":"nga_7.375_11.625","_status_group":"unknown","_year":2025,"_year_label":"Source release year","_states":["Taraba"]},"geometry":{"type":"Point","coordinates":[11.625,7.375]}},{"type":"Feature","properties":{"cell_id":"nga_7.375_11.875","population_estimate":1047.0,"settlement_count":3.0,"population_with_nightlight_signal":0.0,"population_without_nightlight_signal":1047.0,"nightlight_population_share_pct":0.0,"total_buildings":246.0,"modeled_demand":83.80000000000001,"population_weighted_distance_transmission_km":67.73860553963706,"population_weighted_distance_gridlight_km":48.59516236867239,"_label":"nga_7.375_11.875","_status_group":"unknown","_year":2025,"_year_label":"Source release year","_states":[]},"geometry":{"type":"Point","coordinates":[11.875,7.375]}},{"type":"Feature","properties":{"cell_id":"nga_7.625_2.625","population_estimate":8659.0,"settlement_count":4.0,"population_with_nightlight_signal":8285.0,"population_without_nightlight_signal":374.0,"nightlight_population_share_pct":95.68079454902414,"total_buildings":1821.0,"modeled_demand":838.1000000000001,"population_weighted_distance_transmission_km":0.3545871347730684,"population_weighted_distance_gridlight_km":0.3618689225083728,"_label":"nga_7.625_2.625","_status_group":"unknown","_year":2025,"_year_label":"Source release year","_states":[]},"geometry":{"type":"Point","coordinates":[2.625,7.625]}},{"type":"Feature","properties":{"cell_id":"nga_7.625_2.875","population_estimate":6751.0,"settlement_count":31.0,"population_with_nightlight_signal":0.0,"population_without_nightlight_signal":6751.0,"nightlight_population_share_pct":0.0,"total_buildings":1587.0,"modeled_demand":647.0000000000001,"population_weighted_distance_transmission_km":6.32576803436528,"population_weighted_distance_gridlight_km":8.318120870982076,"_label":"nga_7.625_2.875","_status_group":"unknown","_year":2025,"_year_label":"Source release year","_states":["Ogun"]},"geometry":{"type":"Point","coordinates":[2.875,7.625]}},{"type":"Feature","properties":{"cell_id":"nga_7.625_3.125","population_estimate":70208.0,"settlement_count":53.0,"population_with_nightlight_signal":58160.0,"population_without_nightlight_signal":12048.0,"nightlight_population_share_pct":82.83956244302644,"total_buildings":14798.0,"modeled_demand":8039.900000000001,"population_weighted_distance_transmission_km":1.321103577939836,"population_weighted_distance_gridlight_km":1.431005355515041,"_label":"nga_7.625_3.125","_status_group":"unknown","_year":2025,"_year_label":"Source release year","_states":["Oyo"]},"geometry":{"type":"Point","coordinates":[3.125,7.625]}},{"type":"Feature","properties":{"cell_id":"nga_7.625_3.375","population_estimate":93755.0,"settlement_count":53.0,"population_with_nightlight_signal":83086.0,"population_without_nightlight_signal":10669.0,"nightlight_population_share_pct":88.62034024852008,"total_buildings":20043.0,"modeled_demand":12002.200000000004,"population_weighted_distance_transmission_km":0.4581341795104261,"population_weighted_distance_gridlight_km":0.6217094661618047,"_label":"nga_7.625_3.375","_status_group":"unknown","_year":2025,"_year_label":"Source release year","_states":["Oyo"]},"geometry":{"type":"Point","coordinates":[3.375,7.625]}},{"type":"Feature","properties":{"cell_id":"nga_7.625_3.625","population_estimate":30782.0,"settlement_count":108.0,"population_with_nightlight_signal":859.0,"population_without_nightlight_signal":29923.0,"nightlight_population_share_pct":2.7905919043596907,"total_buildings":7238.0,"modeled_demand":2828.5,"population_weighted_distance_transmission_km":4.742597621986874,"population_weighted_distance_gridlight_km":9.81071899161848,"_label":"nga_7.625_3.625","_status_group":"unknown","_year":2025,"_year_label":"Source release year","_states":["Oyo"]},"geometry":{"type":"Point","coordinates":[3.625,7.625]}},{"type":"Feature","properties":{"cell_id":"nga_7.625_3.875","population_estimate":104741.0,"settlement_count":203.0,"population_with_nightlight_signal":46629.0,"population_without_nightlight_signal":58112.0,"nightlight_population_share_pct":44.51838344105938,"total_buildings":24157.0,"modeled_demand":12554.2,"population_weighted_distance_transmission_km":0.6200183309305812,"population_weighted_distance_gridlight_km":2.600276720672898,"_label":"nga_7.625_3.875","_status_group":"unknown","_year":2025,"_year_label":"Source release year","_states":["Oyo"]},"geometry":{"type":"Point","coordinates":[3.875,7.625]}},{"type":"Feature","properties":{"cell_id":"nga_7.625_4.125","population_estimate":377397.0,"settlement_count":208.0,"population_with_nightlight_signal":325792.0,"population_without_nightlight_signal":51605.0,"nightlight_population_share_pct":86.32607042451318,"total_buildings":79671.0,"modeled_demand":46898.600000000006,"population_weighted_distance_transmission_km":0.1199423948786026,"population_weighted_distance_gridlight_km":0.6577666860096927,"_label":"nga_7.625_4.125","_status_group":"unknown","_year":2025,"_year_label":"Source release year","_states":["Osun"]},"geometry":{"type":"Point","coordinates":[4.125,7.625]}},{"type":"Feature","properties":{"cell_id":"nga_7.625_4.375","population_estimate":527100.0,"settlement_count":132.0,"population_with_nightlight_signal":507221.0,"population_without_nightlight_signal":19879.0,"nightlight_population_share_pct":96.22860937203566,"total_buildings":112429.0,"modeled_demand":69950.4,"population_weighted_distance_transmission_km":0.0377929235439195,"population_weighted_distance_gridlight_km":0.1199389812179852,"_label":"nga_7.625_4.375","_status_group":"unknown","_year":2025,"_year_label":"Source release year","_states":["Osun"]},"geometry":{"type":"Point","coordinates":[4.375,7.625]}},{"type":"Feature","properties":{"cell_id":"nga_7.625_4.625","population_estimate":570676.0,"settlement_count":196.0,"population_with_nightlight_signal":509595.0,"population_without_nightlight_signal":61081.0,"nightlight_population_share_pct":89.29672879181882,"total_buildings":119980.0,"modeled_demand":72594.00000000001,"population_weighted_distance_transmission_km":0.0418232587317497,"population_weighted_distance_gridlight_km":0.3634236466926943,"_label":"nga_7.625_4.625","_status_group":"unknown","_year":2025,"_year_label":"Source release year","_states":["Osun"]},"geometry":{"type":"Point","coordinates":[4.625,7.625]}},{"type":"Feature","properties":{"cell_id":"nga_7.625_4.875","population_estimate":175769.0,"settlement_count":89.0,"population_with_nightlight_signal":139698.0,"population_without_nightlight_signal":36071.0,"nightlight_population_share_pct":79.47817874596772,"total_buildings":38275.0,"modeled_demand":22126.999999999996,"population_weighted_distance_transmission_km":0.0532846520148604,"population_weighted_distance_gridlight_km":0.416252194641831,"_label":"nga_7.625_4.875","_status_group":"unknown","_year":2025,"_year_label":"Source release year","_states":["Ekiti"]},"geometry":{"type":"Point","coordinates":[4.875,7.625]}},{"type":"Feature","properties":{"cell_id":"nga_7.625_5.125","population_estimate":882415.0,"settlement_count":64.0,"population_with_nightlight_signal":853831.0,"population_without_nightlight_signal":28584.0,"nightlight_population_share_pct":96.76070783021594,"total_buildings":184166.0,"modeled_demand":108561.5,"population_weighted_distance_transmission_km":0.0234098921709173,"population_weighted_distance_gridlight_km":0.0737888306522441,"_label":"nga_7.625_5.125","_status_group":"unknown","_year":2025,"_year_label":"Source release year","_states":["Ekiti"]},"geometry":{"type":"Point","coordinates":[5.125,7.625]}},{"type":"Feature","properties":{"cell_id":"nga_7.625_5.375","population_estimate":128445.0,"settlement_count":85.0,"population_with_nightlight_signal":83731.0,"population_without_nightlight_signal":44714.0,"nightlight_population_share_pct":65.18821285375063,"total_buildings":27899.0,"modeled_demand":16357.5,"population_weighted_distance_transmission_km":0.1575596558838413,"population_weighted_distance_gridlight_km":1.3113039199657444,"_label":"nga_7.625_5.375","_status_group":"unknown","_year":2025,"_year_label":"Source release year","_states":["Ekiti"]},"geometry":{"type":"Point","coordinates":[5.375,7.625]}},{"type":"Feature","properties":{"cell_id":"nga_7.625_5.625","population_estimate":178823.0,"settlement_count":77.0,"population_with_nightlight_signal":152577.0,"population_without_nightlight_signal":26246.0,"nightlight_population_share_pct":85.32291707442555,"total_buildings":37409.0,"modeled_demand":22670.0,"population_weighted_distance_transmission_km":1.035086929533673,"population_weighted_distance_gridlight_km":0.7633732405786727,"_label":"nga_7.625_5.625","_status_group":"unknown","_year":2025,"_year_label":"Source release year","_states":["Ekiti"]},"geometry":{"type":"Point","coordinates":[5.625,7.625]}},{"type":"Feature","properties":{"cell_id":"nga_7.625_5.875","population_estimate":229633.0,"settlement_count":56.0,"population_with_nightlight_signal":205656.0,"population_without_nightlight_signal":23977.0,"nightlight_population_share_pct":89.55855647925168,"total_buildings":47443.0,"modeled_demand":30591.700000000004,"population_weighted_distance_transmission_km":2.430717579790361,"population_weighted_distance_gridlight_km":0.4740010451459503,"_label":"nga_7.625_5.875","_status_group":"unknown","_year":2025,"_year_label":"Source release year","_states":["Ondo"]},"geometry":{"type":"Point","coordinates":[5.875,7.625]}},{"type":"Feature","properties":{"cell_id":"nga_7.625_6.125","population_estimate":464795.0,"settlement_count":70.0,"population_with_nightlight_signal":441470.0,"population_without_nightlight_signal":23325.0,"nightlight_population_share_pct":94.9816585806646,"total_buildings":95861.0,"modeled_demand":54866.4,"population_weighted_distance_transmission_km":0.1995038242666121,"population_weighted_distance_gridlight_km":0.1261146634537806,"_label":"nga_7.625_6.125","_status_group":"unknown","_year":2025,"_year_label":"Source release year","_states":["Kogi"]},"geometry":{"type":"Point","coordinates":[6.125,7.625]}},{"type":"Feature","properties":{"cell_id":"nga_7.625_6.375","population_estimate":49770.0,"settlement_count":82.0,"population_with_nightlight_signal":38857.0,"population_without_nightlight_signal":10913.0,"nightlight_population_share_pct":78.07313642756681,"total_buildings":11092.0,"modeled_demand":5973.599999999999,"population_weighted_distance_transmission_km":0.7615569620253165,"population_weighted_distance_gridlight_km":0.6918975487241312,"_label":"nga_7.625_6.375","_status_group":"unknown","_year":2025,"_year_label":"Source release year","_states":["Kogi"]},"geometry":{"type":"Point","coordinates":[6.375,7.625]}},{"type":"Feature","properties":{"cell_id":"nga_7.625_6.625","population_estimate":79027.0,"settlement_count":108.0,"population_with_nightlight_signal":61200.0,"population_without_nightlight_signal":17827.0,"nightlight_population_share_pct":77.44188695002974,"total_buildings":17167.0,"modeled_demand":8665.8,"population_weighted_distance_transmission_km":0.6766217874903514,"population_weighted_distance_gridlight_km":0.6105755501284371,"_label":"nga_7.625_6.625","_status_group":"unknown","_year":2025,"_year_label":"Source release year","_states":["Kogi"]},"geometry":{"type":"Point","coordinates":[6.625,7.625]}},{"type":"Feature","properties":{"cell_id":"nga_7.625_6.875","population_estimate":127303.0,"settlement_count":128.0,"population_with_nightlight_signal":56236.0,"population_without_nightlight_signal":71067.0,"nightlight_population_share_pct":44.1749212508739,"total_buildings":28724.0,"modeled_demand":11434.5,"population_weighted_distance_transmission_km":4.008063046432527,"population_weighted_distance_gridlight_km":3.1970132989795994,"_label":"nga_7.625_6.875","_status_group":"unknown","_year":2025,"_year_label":"Source release year","_states":["Kogi"]},"geometry":{"type":"Point","coordinates":[6.875,7.625]}},{"type":"Feature","properties":{"cell_id":"nga_7.625_7.125","population_estimate":157876.0,"settlement_count":92.0,"population_with_nightlight_signal":68404.0,"population_without_nightlight_signal":89472.0,"nightlight_population_share_pct":43.32767488408624,"total_buildings":35818.0,"modeled_demand":14660.6,"population_weighted_distance_transmission_km":0.9869026324457169,"population_weighted_distance_gridlight_km":1.2054639843928143,"_label":"nga_7.625_7.125","_status_group":"unknown","_year":2025,"_year_label":"Source release year","_states":["Kogi"]},"geometry":{"type":"Point","coordinates":[7.125,7.625]}},{"type":"Feature","properties":{"cell_id":"nga_7.625_7.375","population_estimate":110000.0,"settlement_count":51.0,"population_with_nightlight_signal":34888.0,"population_without_nightlight_signal":75112.0,"nightlight_population_share_pct":31.716363636363635,"total_buildings":24580.0,"modeled_demand":9675.000000000002,"population_weighted_distance_transmission_km":1.4291643636363636,"population_weighted_distance_gridlight_km":3.766637227272728,"_label":"nga_7.625_7.375","_status_group":"unknown","_year":2025,"_year_label":"Source release year","_states":["Kogi"]},"geometry":{"type":"Point","coordinates":[7.375,7.625]}},{"type":"Feature","properties":{"cell_id":"nga_7.625_7.625","population_estimate":147883.0,"settlement_count":60.0,"population_with_nightlight_signal":6133.0,"population_without_nightlight_signal":141750.0,"nightlight_population_share_pct":4.1471974466301065,"total_buildings":32767.0,"modeled_demand":12754.6,"population_weighted_distance_transmission_km":3.418799118221837,"population_weighted_distance_gridlight_km":6.765560916400128,"_label":"nga_7.625_7.625","_status_group":"unknown","_year":2025,"_year_label":"Source release year","_states":["Kogi"]},"geometry":{"type":"Point","coordinates":[7.625,7.625]}},{"type":"Feature","properties":{"cell_id":"nga_7.625_7.875","population_estimate":127289.0,"settlement_count":82.0,"population_with_nightlight_signal":40824.0,"population_without_nightlight_signal":86465.0,"nightlight_population_share_pct":32.07189937857945,"total_buildings":28730.0,"modeled_demand":12545.6,"population_weighted_distance_transmission_km":3.2175231166872234,"population_weighted_distance_gridlight_km":4.450629111706432,"_label":"nga_7.625_7.875","_status_group":"unknown","_year":2025,"_year_label":"Source release year","_states":["Benue"]},"geometry":{"type":"Point","coordinates":[7.875,7.625]}},{"type":"Feature","properties":{"cell_id":"nga_7.625_8.125","population_estimate":141698.0,"settlement_count":189.0,"population_with_nightlight_signal":77380.0,"population_without_nightlight_signal":64318.0,"nightlight_population_share_pct":54.60909822298127,"total_buildings":31012.0,"modeled_demand":11668.4,"population_weighted_distance_transmission_km":1.3272945983711837,"population_weighted_distance_gridlight_km":2.6173855029711075,"_label":"nga_7.625_8.125","_status_group":"unknown","_year":2025,"_year_label":"Source release year","_states":["Benue"]},"geometry":{"type":"Point","coordinates":[8.125,7.625]}},{"type":"Feature","properties":{"cell_id":"nga_7.625_8.375","population_estimate":47388.0,"settlement_count":190.0,"population_with_nightlight_signal":0.0,"population_without_nightlight_signal":47388.0,"nightlight_population_share_pct":0.0,"total_buildings":11144.0,"modeled_demand":3918.8,"population_weighted_distance_transmission_km":6.672861483919978,"population_weighted_distance_gridlight_km":10.509619355111,"_label":"nga_7.625_8.375","_status_group":"unknown","_year":2025,"_year_label":"Source release year","_states":["Benue"]},"geometry":{"type":"Point","coordinates":[8.375,7.625]}},{"type":"Feature","properties":{"cell_id":"nga_7.625_8.625","population_estimate":867677.0,"settlement_count":287.0,"population_with_nightlight_signal":795310.0,"population_without_nightlight_signal":72367.0,"nightlight_population_share_pct":91.65968442173758,"total_buildings":184730.0,"modeled_demand":84076.2,"population_weighted_distance_transmission_km":0.4131907841281952,"population_weighted_distance_gridlight_km":0.3963130300791654,"_label":"nga_7.625_8.625","_status_group":"unknown","_year":2025,"_year_label":"Source release year","_states":["Benue"]},"geometry":{"type":"Point","coordinates":[8.625,7.625]}},{"type":"Feature","properties":{"cell_id":"nga_7.625_8.875","population_estimate":192621.0,"settlement_count":505.0,"population_with_nightlight_signal":96618.0,"population_without_nightlight_signal":96003.0,"nightlight_population_share_pct":50.15963991465105,"total_buildings":43821.0,"modeled_demand":15963.299999999996,"population_weighted_distance_transmission_km":1.0838667123522356,"population_weighted_distance_gridlight_km":1.7959656008431062,"_label":"nga_7.625_8.875","_status_group":"unknown","_year":2025,"_year_label":"Source release year","_states":["Benue"]},"geometry":{"type":"Point","coordinates":[8.875,7.625]}},{"type":"Feature","properties":{"cell_id":"nga_7.625_9.125","population_estimate":86641.0,"settlement_count":275.0,"population_with_nightlight_signal":1131.0,"population_without_nightlight_signal":85510.0,"nightlight_population_share_pct":1.3053865952609045,"total_buildings":20373.0,"modeled_demand":6978.200000000001,"population_weighted_distance_transmission_km":7.637589016747269,"population_weighted_distance_gridlight_km":8.539376334529841,"_label":"nga_7.625_9.125","_status_group":"unknown","_year":2025,"_year_label":"Source release year","_states":["Benue"]},"geometry":{"type":"Point","coordinates":[9.125,7.625]}},{"type":"Feature","properties":{"cell_id":"nga_7.625_9.375","population_estimate":289079.0,"settlement_count":578.0,"population_with_nightlight_signal":100316.0,"population_without_nightlight_signal":188763.0,"nightlight_population_share_pct":34.701932689679985,"total_buildings":65344.0,"modeled_demand":22868.4,"population_weighted_distance_transmission_km":2.8563746934229055,"population_weighted_distance_gridlight_km":5.71716488572328,"_label":"nga_7.625_9.375","_status_group":"unknown","_year":2025,"_year_label":"Source release year","_states":["Benue"]},"geometry":{"type":"Point","coordinates":[9.375,7.625]}},{"type":"Feature","properties":{"cell_id":"nga_7.625_9.625","population_estimate":590653.0,"settlement_count":905.0,"population_with_nightlight_signal":276371.0,"population_without_nightlight_signal":314282.0,"nightlight_population_share_pct":46.79075531657335,"total_buildings":132879.0,"modeled_demand":47388.3,"population_weighted_distance_transmission_km":2.445827363951423,"population_weighted_distance_gridlight_km":4.300017663501244,"_label":"nga_7.625_9.625","_status_group":"unknown","_year":2025,"_year_label":"Source release year","_states":["Benue"]},"geometry":{"type":"Point","coordinates":[9.625,7.625]}},{"type":"Feature","properties":{"cell_id":"nga_7.625_9.875","population_estimate":293144.0,"settlement_count":708.0,"population_with_nightlight_signal":9055.0,"population_without_nightlight_signal":284089.0,"nightlight_population_share_pct":3.088925579237508,"total_buildings":67945.0,"modeled_demand":23472.7,"population_weighted_distance_transmission_km":7.471273265016509,"population_weighted_distance_gridlight_km":10.35133306156701,"_label":"nga_7.625_9.875","_status_group":"unknown","_year":2025,"_year_label":"Source release year","_states":["Taraba"]},"geometry":{"type":"Point","coordinates":[9.875,7.625]}},{"type":"Feature","properties":{"cell_id":"nga_7.625_10.125","population_estimate":134753.0,"settlement_count":324.0,"population_with_nightlight_signal":50851.0,"population_without_nightlight_signal":83902.0,"nightlight_population_share_pct":37.73645113652386,"total_buildings":30508.0,"modeled_demand":11097.0,"population_weighted_distance_transmission_km":1.6129048703924955,"population_weighted_distance_gridlight_km":8.654074862897302,"_label":"nga_7.625_10.125","_status_group":"unknown","_year":2025,"_year_label":"Source release year","_states":["Taraba"]},"geometry":{"type":"Point","coordinates":[10.125,7.625]}},{"type":"Feature","properties":{"cell_id":"nga_7.625_10.375","population_estimate":21282.0,"settlement_count":59.0,"population_with_nightlight_signal":6460.0,"population_without_nightlight_signal":14822.0,"nightlight_population_share_pct":30.354290010337376,"total_buildings":5002.0,"modeled_demand":1821.0,"population_weighted_distance_transmission_km":12.894063997744572,"population_weighted_distance_gridlight_km":6.682805140494315,"_label":"nga_7.625_10.375","_status_group":"unknown","_year":2025,"_year_label":"Source release year","_states":["Taraba"]},"geometry":{"type":"Point","coordinates":[10.375,7.625]}},{"type":"Feature","properties":{"cell_id":"nga_7.625_10.625","population_estimate":21842.0,"settlement_count":41.0,"population_with_nightlight_signal":0.0,"population_without_nightlight_signal":21842.0,"nightlight_population_share_pct":0.0,"total_buildings":5021.0,"modeled_demand":1730.3000000000002,"population_weighted_distance_transmission_km":25.10514330189543,"population_weighted_distance_gridlight_km":21.278481824008793,"_label":"nga_7.625_10.625","_status_group":"unknown","_year":2025,"_year_label":"Source release year","_states":["Taraba"]},"geometry":{"type":"Point","coordinates":[10.625,7.625]}},{"type":"Feature","properties":{"cell_id":"nga_7.625_10.875","population_estimate":4686.0,"settlement_count":15.0,"population_with_nightlight_signal":0.0,"population_without_nightlight_signal":4686.0,"nightlight_population_share_pct":0.0,"total_buildings":1102.0,"modeled_demand":373.6,"population_weighted_distance_transmission_km":51.03318181818182,"population_weighted_distance_gridlight_km":33.60195091762697,"_label":"nga_7.625_10.875","_status_group":"unknown","_year":2025,"_year_label":"Source release year","_states":["Taraba"]},"geometry":{"type":"Point","coordinates":[10.875,7.625]}},{"type":"Feature","properties":{"cell_id":"nga_7.625_11.125","population_estimate":1875.0,"settlement_count":9.0,"population_with_nightlight_signal":0.0,"population_without_nightlight_signal":1875.0,"nightlight_population_share_pct":0.0,"total_buildings":441.0,"modeled_demand":148.8,"population_weighted_distance_transmission_km":48.546336,"population_weighted_distance_gridlight_km":25.745445333333336,"_label":"nga_7.625_11.125","_status_group":"unknown","_year":2025,"_year_label":"Source release year","_states":["Taraba"]},"geometry":{"type":"Point","coordinates":[11.125,7.625]}},{"type":"Feature","properties":{"cell_id":"nga_7.625_11.375","population_estimate":81954.0,"settlement_count":27.0,"population_with_nightlight_signal":70582.0,"population_without_nightlight_signal":11372.0,"nightlight_population_share_pct":86.12392317641604,"total_buildings":17231.0,"modeled_demand":6541.200000000001,"population_weighted_distance_transmission_km":59.31245881836152,"population_weighted_distance_gridlight_km":2.266484259462625,"_label":"nga_7.625_11.375","_status_group":"unknown","_year":2025,"_year_label":"Source release year","_states":["Taraba"]},"geometry":{"type":"Point","coordinates":[11.375,7.625]}},{"type":"Feature","properties":{"cell_id":"nga_7.625_11.625","population_estimate":2030.0,"settlement_count":6.0,"population_with_nightlight_signal":0.0,"population_without_nightlight_signal":2030.0,"nightlight_population_share_pct":0.0,"total_buildings":477.0,"modeled_demand":163.29999999999998,"population_weighted_distance_transmission_km":34.203738916256164,"population_weighted_distance_gridlight_km":27.147445812807884,"_label":"nga_7.625_11.625","_status_group":"unknown","_year":2025,"_year_label":"Source release year","_states":["Taraba"]},"geometry":{"type":"Point","coordinates":[11.625,7.625]}},{"type":"Feature","properties":{"cell_id":"nga_7.625_11.875","population_estimate":906.0,"settlement_count":1.0,"population_with_nightlight_signal":0.0,"population_without_nightlight_signal":906.0,"nightlight_population_share_pct":0.0,"total_buildings":213.0,"modeled_demand":72.8,"population_weighted_distance_transmission_km":28.679999999999996,"population_weighted_distance_gridlight_km":44.455,"_label":"nga_7.625_11.875","_status_group":"unknown","_year":2025,"_year_label":"Source release year","_states":["Adamawa"]},"geometry":{"type":"Point","coordinates":[11.875,7.625]}},{"type":"Feature","properties":{"cell_id":"nga_7.875_2.625","population_estimate":774.0,"settlement_count":6.0,"population_with_nightlight_signal":0.0,"population_without_nightlight_signal":774.0,"nightlight_population_share_pct":0.0,"total_buildings":182.0,"modeled_demand":61.599999999999994,"population_weighted_distance_transmission_km":26.715852713178293,"population_weighted_distance_gridlight_km":26.57851550387597,"_label":"nga_7.875_2.625","_status_group":"unknown","_year":2025,"_year_label":"Source release year","_states":[]},"geometry":{"type":"Point","coordinates":[2.625,7.875]}},{"type":"Feature","properties":{"cell_id":"nga_7.875_2.875","population_estimate":10101.0,"settlement_count":18.0,"population_with_nightlight_signal":5789.0,"population_without_nightlight_signal":4312.0,"nightlight_population_share_pct":57.31115731115731,"total_buildings":2218.0,"modeled_demand":1083.9,"population_weighted_distance_transmission_km":4.762645282645283,"population_weighted_distance_gridlight_km":4.60304851004851,"_label":"nga_7.875_2.875","_status_group":"unknown","_year":2025,"_year_label":"Source release year","_states":["Ogun"]},"geometry":{"type":"Point","coordinates":[2.875,7.875]}},{"type":"Feature","properties":{"cell_id":"nga_7.875_3.125","population_estimate":52190.0,"settlement_count":47.0,"population_with_nightlight_signal":33176.0,"population_without_nightlight_signal":19014.0,"nightlight_population_share_pct":63.567733282237974,"total_buildings":11549.0,"modeled_demand":6306.300000000001,"population_weighted_distance_transmission_km":3.60880015328607,"population_weighted_distance_gridlight_km":3.766029794979882,"_label":"nga_7.875_3.125","_status_group":"unknown","_year":2025,"_year_label":"Source release year","_states":["Oyo"]},"geometry":{"type":"Point","coordinates":[3.125,7.875]}},{"type":"Feature","properties":{"cell_id":"nga_7.875_3.375","population_estimate":31539.0,"settlement_count":72.0,"population_with_nightlight_signal":12270.0,"population_without_nightlight_signal":19269.0,"nightlight_population_share_pct":38.90421383049558,"total_buildings":7068.0,"modeled_demand":3622.3,"population_weighted_distance_transmission_km":1.9093852056184408,"population_weighted_distance_gridlight_km":3.614548019911855,"_label":"nga_7.875_3.375","_status_group":"unknown","_year":2025,"_year_label":"Source release year","_states":["Oyo"]},"geometry":{"type":"Point","coordinates":[3.375,7.875]}},{"type":"Feature","properties":{"cell_id":"nga_7.875_3.625","population_estimate":278869.0,"settlement_count":120.0,"population_with_nightlight_signal":255454.0,"population_without_nightlight_signal":23415.0,"nightlight_population_share_pct":91.60358447873374,"total_buildings":58153.0,"modeled_demand":35374.1,"population_weighted_distance_transmission_km":0.3791769253663907,"population_weighted_distance_gridlight_km":0.6476753206702789,"_label":"nga_7.875_3.625","_status_group":"unknown","_year":2025,"_year_label":"Source release year","_states":["Oyo"]},"geometry":{"type":"Point","coordinates":[3.625,7.875]}},{"type":"Feature","properties":{"cell_id":"nga_7.875_3.875","population_estimate":753706.0,"settlement_count":126.0,"population_with_nightlight_signal":730827.0,"population_without_nightlight_signal":22879.0,"nightlight_population_share_pct":96.9644662507662,"total_buildings":156303.0,"modeled_demand":94301.0,"population_weighted_distance_transmission_km":0.0851766205921141,"population_weighted_distance_gridlight_km":0.1286938567558172,"_label":"nga_7.875_3.875","_status_group":"unknown","_year":2025,"_year_label":"Source release year","_states":["Oyo"]},"geometry":{"type":"Point","coordinates":[3.875,7.875]}},{"type":"Feature","properties":{"cell_id":"nga_7.875_4.125","population_estimate":78015.0,"settlement_count":133.0,"population_with_nightlight_signal":37914.0,"population_without_nightlight_signal":40101.0,"nightlight_population_share_pct":48.59834647183234,"total_buildings":17512.0,"modeled_demand":9359.4,"population_weighted_distance_transmission_km":0.4667670319810293,"population_weighted_distance_gridlight_km":2.1394259052746265,"_label":"nga_7.875_4.125","_status_group":"unknown","_year":2025,"_year_label":"Source release year","_states":["Oyo"]},"geometry":{"type":"Point","coordinates":[4.125,7.875]}},{"type":"Feature","properties":{"cell_id":"nga_7.875_4.375","population_estimate":208922.0,"settlement_count":124.0,"population_with_nightlight_signal":165597.0,"population_without_nightlight_signal":43325.0,"nightlight_population_share_pct":79.26259560984482,"total_buildings":45226.0,"modeled_demand":27930.7,"population_weighted_distance_transmission_km":0.1534307061965709,"population_weighted_distance_gridlight_km":0.6164044906711595,"_label":"nga_7.875_4.375","_status_group":"unknown","_year":2025,"_year_label":"Source release year","_states":["Oyo"]},"geometry":{"type":"Point","coordinates":[4.375,7.875]}},{"type":"Feature","properties":{"cell_id":"nga_7.875_4.625","population_estimate":1478169.0,"settlement_count":73.0,"population_with_nightlight_signal":1454387.0,"population_without_nightlight_signal":23782.0,"nightlight_population_share_pct":98.3911176597534,"total_buildings":306450.0,"modeled_demand":195725.99999999997,"population_weighted_distance_transmission_km":0.0052570578871563,"population_weighted_distance_gridlight_km":0.0253167276542803,"_label":"nga_7.875_4.625","_status_group":"unknown","_year":2025,"_year_label":"Source release year","_states":["Osun"]},"geometry":{"type":"Point","coordinates":[4.625,7.875]}},{"type":"Feature","properties":{"cell_id":"nga_7.875_4.875","population_estimate":163216.0,"settlement_count":89.0,"population_with_nightlight_signal":135365.0,"population_without_nightlight_signal":27851.0,"nightlight_population_share_pct":82.9361092049799,"total_buildings":35554.0,"modeled_demand":20165.200000000004,"population_weighted_distance_transmission_km":0.1626014606411136,"population_weighted_distance_gridlight_km":0.559138987599255,"_label":"nga_7.875_4.875","_status_group":"unknown","_year":2025,"_year_label":"Source release year","_states":["Osun"]},"geometry":{"type":"Point","coordinates":[4.875,7.875]}},{"type":"Feature","properties":{"cell_id":"nga_7.875_5.125","population_estimate":336103.0,"settlement_count":76.0,"population_with_nightlight_signal":287213.0,"population_without_nightlight_signal":48890.0,"nightlight_population_share_pct":85.45386384530933,"total_buildings":70925.0,"modeled_demand":41861.40000000001,"population_weighted_distance_transmission_km":0.0768279069213901,"population_weighted_distance_gridlight_km":0.3086441418255713,"_label":"nga_7.875_5.125","_status_group":"unknown","_year":2025,"_year_label":"Source release year","_states":["Ekiti"]},"geometry":{"type":"Point","coordinates":[5.125,7.875]}},{"type":"Feature","properties":{"cell_id":"nga_7.875_5.375","population_estimate":134159.0,"settlement_count":60.0,"population_with_nightlight_signal":111022.0,"population_without_nightlight_signal":23137.0,"nightlight_population_share_pct":82.75404557279049,"total_buildings":29163.0,"modeled_demand":16996.1,"population_weighted_distance_transmission_km":0.0955698834964482,"population_weighted_distance_gridlight_km":1.0859224278654434,"_label":"nga_7.875_5.375","_status_group":"unknown","_year":2025,"_year_label":"Source release year","_states":["Ekiti"]},"geometry":{"type":"Point","coordinates":[5.375,7.875]}},{"type":"Feature","properties":{"cell_id":"nga_7.875_5.625","population_estimate":138090.0,"settlement_count":56.0,"population_with_nightlight_signal":106900.0,"population_without_nightlight_signal":31190.0,"nightlight_population_share_pct":77.41328119342458,"total_buildings":29277.0,"modeled_demand":16705.199999999997,"population_weighted_distance_transmission_km":1.0523172568614672,"population_weighted_distance_gridlight_km":1.165024237815917,"_label":"nga_7.875_5.625","_status_group":"unknown","_year":2025,"_year_label":"Source release year","_states":["Kogi"]},"geometry":{"type":"Point","coordinates":[5.625,7.875]}},{"type":"Feature","properties":{"cell_id":"nga_7.875_5.875","population_estimate":99978.0,"settlement_count":55.0,"population_with_nightlight_signal":84284.0,"population_without_nightlight_signal":15694.0,"nightlight_population_share_pct":84.30254656024326,"total_buildings":21513.0,"modeled_demand":11292.2,"population_weighted_distance_transmission_km":1.7534208525875687,"population_weighted_distance_gridlight_km":0.6242378423253115,"_label":"nga_7.875_5.875","_status_group":"unknown","_year":2025,"_year_label":"Source release year","_states":["Kogi"]},"geometry":{"type":"Point","coordinates":[5.875,7.875]}},{"type":"Feature","properties":{"cell_id":"nga_7.875_6.125","population_estimate":156779.0,"settlement_count":88.0,"population_with_nightlight_signal":134259.0,"population_without_nightlight_signal":22520.0,"nightlight_population_share_pct":85.63583132945101,"total_buildings":33899.0,"modeled_demand":18438.1,"population_weighted_distance_transmission_km":0.4809820192755407,"population_weighted_distance_gridlight_km":0.648733982229763,"_label":"nga_7.875_6.125","_status_group":"unknown","_year":2025,"_year_label":"Source release year","_states":["Kogi"]},"geometry":{"type":"Point","coordinates":[6.125,7.875]}},{"type":"Feature","properties":{"cell_id":"nga_7.875_6.375","population_estimate":42576.0,"settlement_count":42.0,"population_with_nightlight_signal":36591.0,"population_without_nightlight_signal":5985.0,"nightlight_population_share_pct":85.94278466741827,"total_buildings":9397.0,"modeled_demand":4392.9,"population_weighted_distance_transmission_km":0.4653462044344231,"population_weighted_distance_gridlight_km":0.5132940388951521,"_label":"nga_7.875_6.375","_status_group":"unknown","_year":2025,"_year_label":"Source release year","_states":["Kogi"]},"geometry":{"type":"Point","coordinates":[6.375,7.875]}},{"type":"Feature","properties":{"cell_id":"nga_7.875_6.625","population_estimate":471560.0,"settlement_count":77.0,"population_with_nightlight_signal":458188.0,"population_without_nightlight_signal":13372.0,"nightlight_population_share_pct":97.16430570871152,"total_buildings":97143.0,"modeled_demand":51526.4,"population_weighted_distance_transmission_km":0.188566354228518,"population_weighted_distance_gridlight_km":0.0688733374332004,"_label":"nga_7.875_6.625","_status_group":"unknown","_year":2025,"_year_label":"Source release year","_states":["Kogi"]},"geometry":{"type":"Point","coordinates":[6.625,7.875]}},{"type":"Feature","properties":{"cell_id":"nga_7.875_6.875","population_estimate":35337.0,"settlement_count":93.0,"population_with_nightlight_signal":8216.0,"population_without_nightlight_signal":27121.0,"nightlight_population_share_pct":23.250417409514107,"total_buildings":8309.0,"modeled_demand":3265.7999999999993,"population_weighted_distance_transmission_km":1.826570450236296,"population_weighted_distance_gridlight_km":5.16033460678609,"_label":"nga_7.875_6.875","_status_group":"unknown","_year":2025,"_year_label":"Source release year","_states":["Kogi"]},"geometry":{"type":"Point","coordinates":[6.875,7.875]}},{"type":"Feature","properties":{"cell_id":"nga_7.875_7.125","population_estimate":53550.0,"settlement_count":69.0,"population_with_nightlight_signal":17159.0,"population_without_nightlight_signal":36391.0,"nightlight_population_share_pct":32.04295051353875,"total_buildings":12151.0,"modeled_demand":5051.6,"population_weighted_distance_transmission_km":2.706611391223156,"population_weighted_distance_gridlight_km":3.298839570494864,"_label":"nga_7.875_7.125","_status_group":"unknown","_year":2025,"_year_label":"Source release year","_states":["Kogi"]},"geometry":{"type":"Point","coordinates":[7.125,7.875]}},{"type":"Feature","properties":{"cell_id":"nga_7.875_7.375","population_estimate":27232.0,"settlement_count":36.0,"population_with_nightlight_signal":0.0,"population_without_nightlight_signal":27232.0,"nightlight_population_share_pct":0.0,"total_buildings":6278.0,"modeled_demand":2461.3,"population_weighted_distance_transmission_km":10.019786648061103,"population_weighted_distance_gridlight_km":16.95364332403055,"_label":"nga_7.875_7.375","_status_group":"unknown","_year":2025,"_year_label":"Source release year","_states":["Kogi"]},"geometry":{"type":"Point","coordinates":[7.375,7.875]}},{"type":"Feature","properties":{"cell_id":"nga_7.875_7.625","population_estimate":60412.0,"settlement_count":37.0,"population_with_nightlight_signal":34232.0,"population_without_nightlight_signal":26180.0,"nightlight_population_share_pct":56.66423889293518,"total_buildings":13096.0,"modeled_demand":5923.799999999999,"population_weighted_distance_transmission_km":2.214645269151824,"population_weighted_distance_gridlight_km":4.489211762563729,"_label":"nga_7.875_7.625","_status_group":"unknown","_year":2025,"_year_label":"Source release year","_states":["Kogi"]},"geometry":{"type":"Point","coordinates":[7.625,7.875]}},{"type":"Feature","properties":{"cell_id":"nga_7.875_7.875","population_estimate":91764.0,"settlement_count":60.0,"population_with_nightlight_signal":33923.0,"population_without_nightlight_signal":57841.0,"nightlight_population_share_pct":36.967656161457654,"total_buildings":20192.0,"modeled_demand":9276.000000000002,"population_weighted_distance_transmission_km":1.938058606861078,"population_weighted_distance_gridlight_km":3.420883963209974,"_label":"nga_7.875_7.875","_status_group":"unknown","_year":2025,"_year_label":"Source release year","_states":["Benue"]},"geometry":{"type":"Point","coordinates":[7.875,7.875]}},{"type":"Feature","properties":{"cell_id":"nga_7.875_8.125","population_estimate":52958.0,"settlement_count":76.0,"population_with_nightlight_signal":0.0,"population_without_nightlight_signal":52958.0,"nightlight_population_share_pct":0.0,"total_buildings":11942.0,"modeled_demand":4588.900000000001,"population_weighted_distance_transmission_km":15.201650175610862,"population_weighted_distance_gridlight_km":14.803419313418182,"_label":"nga_7.875_8.125","_status_group":"unknown","_year":2025,"_year_label":"Source release year","_states":["Nasarawa"]},"geometry":{"type":"Point","coordinates":[8.125,7.875]}},{"type":"Feature","properties":{"cell_id":"nga_7.875_8.375","population_estimate":34977.0,"settlement_count":88.0,"population_with_nightlight_signal":7846.0,"population_without_nightlight_signal":27131.0,"nightlight_population_share_pct":22.431883809360436,"total_buildings":8162.0,"modeled_demand":2913.0,"population_weighted_distance_transmission_km":10.574094404894646,"population_weighted_distance_gridlight_km":6.825895845841553,"_label":"nga_7.875_8.375","_status_group":"unknown","_year":2025,"_year_label":"Source release year","_states":["Nasarawa"]},"geometry":{"type":"Point","coordinates":[8.375,7.875]}},{"type":"Feature","properties":{"cell_id":"nga_7.875_8.625","population_estimate":321603.0,"settlement_count":218.0,"population_with_nightlight_signal":241766.0,"population_without_nightlight_signal":79837.0,"nightlight_population_share_pct":75.17529376280694,"total_buildings":70932.0,"modeled_demand":28833.1,"population_weighted_distance_transmission_km":0.4545238073027925,"population_weighted_distance_gridlight_km":1.0994892647145704,"_label":"nga_7.875_8.625","_status_group":"unknown","_year":2025,"_year_label":"Source release year","_states":["Benue"]},"geometry":{"type":"Point","coordinates":[8.625,7.875]}},{"type":"Feature","properties":{"cell_id":"nga_7.875_8.875","population_estimate":50565.0,"settlement_count":117.0,"population_with_nightlight_signal":21177.0,"population_without_nightlight_signal":29388.0,"nightlight_population_share_pct":41.880747552654995,"total_buildings":11426.0,"modeled_demand":4067.4,"population_weighted_distance_transmission_km":5.368136260259074,"population_weighted_distance_gridlight_km":6.693936972213981,"_label":"nga_7.875_8.875","_status_group":"unknown","_year":2025,"_year_label":"Source release year","_states":["Benue"]},"geometry":{"type":"Point","coordinates":[8.875,7.875]}},{"type":"Feature","properties":{"cell_id":"nga_7.875_9.125","population_estimate":95918.0,"settlement_count":78.0,"population_with_nightlight_signal":75188.0,"population_without_nightlight_signal":20730.0,"nightlight_population_share_pct":78.38778957025792,"total_buildings":20657.0,"modeled_demand":7453.1,"population_weighted_distance_transmission_km":1.2807973477345234,"population_weighted_distance_gridlight_km":1.5900087157780602,"_label":"nga_7.875_9.125","_status_group":"unknown","_year":2025,"_year_label":"Source release year","_states":["Benue"]},"geometry":{"type":"Point","coordinates":[9.125,7.875]}},{"type":"Feature","properties":{"cell_id":"nga_7.875_9.375","population_estimate":165357.0,"settlement_count":289.0,"population_with_nightlight_signal":804.0,"population_without_nightlight_signal":164553.0,"nightlight_population_share_pct":0.4862207224369092,"total_buildings":37775.0,"modeled_demand":13027.0,"population_weighted_distance_transmission_km":2.7928775316436556,"population_weighted_distance_gridlight_km":14.814265413620223,"_label":"nga_7.875_9.375","_status_group":"unknown","_year":2025,"_year_label":"Source release year","_states":["Taraba"]},"geometry":{"type":"Point","coordinates":[9.375,7.875]}},{"type":"Feature","properties":{"cell_id":"nga_7.875_9.625","population_estimate":177388.0,"settlement_count":417.0,"population_with_nightlight_signal":0.0,"population_without_nightlight_signal":177388.0,"nightlight_population_share_pct":0.0,"total_buildings":41227.0,"modeled_demand":14013.7,"population_weighted_distance_transmission_km":5.435402000135297,"population_weighted_distance_gridlight_km":17.844858722123256,"_label":"nga_7.875_9.625","_status_group":"unknown","_year":2025,"_year_label":"Source release year","_states":["Taraba"]},"geometry":{"type":"Point","coordinates":[9.625,7.875]}},{"type":"Feature","properties":{"cell_id":"nga_7.875_9.875","population_estimate":252103.0,"settlement_count":143.0,"population_with_nightlight_signal":162487.0,"population_without_nightlight_signal":89616.0,"nightlight_population_share_pct":64.45262452251659,"total_buildings":54689.0,"modeled_demand":22232.2,"population_weighted_distance_transmission_km":0.6585248489704606,"population_weighted_distance_gridlight_km":2.560220858141316,"_label":"nga_7.875_9.875","_status_group":"unknown","_year":2025,"_year_label":"Source release year","_states":["Taraba"]},"geometry":{"type":"Point","coordinates":[9.875,7.875]}},{"type":"Feature","properties":{"cell_id":"nga_7.875_10.125","population_estimate":28891.0,"settlement_count":72.0,"population_with_nightlight_signal":0.0,"population_without_nightlight_signal":28891.0,"nightlight_population_share_pct":0.0,"total_buildings":6793.0,"modeled_demand":2328.3999999999996,"population_weighted_distance_transmission_km":2.9163241147762275,"population_weighted_distance_gridlight_km":16.962579419196288,"_label":"nga_7.875_10.125","_status_group":"unknown","_year":2025,"_year_label":"Source release year","_states":["Taraba"]},"geometry":{"type":"Point","coordinates":[10.125,7.875]}},{"type":"Feature","properties":{"cell_id":"nga_7.875_10.375","population_estimate":37432.0,"settlement_count":108.0,"population_with_nightlight_signal":0.0,"population_without_nightlight_signal":37432.0,"nightlight_population_share_pct":0.0,"total_buildings":8802.0,"modeled_demand":3006.8999999999996,"population_weighted_distance_transmission_km":4.538008922846762,"population_weighted_distance_gridlight_km":26.407768005984185,"_label":"nga_7.875_10.375","_status_group":"unknown","_year":2025,"_year_label":"Source release year","_states":["Taraba"]},"geometry":{"type":"Point","coordinates":[10.375,7.875]}},{"type":"Feature","properties":{"cell_id":"nga_7.875_10.625","population_estimate":37409.0,"settlement_count":61.0,"population_with_nightlight_signal":0.0,"population_without_nightlight_signal":37409.0,"nightlight_population_share_pct":0.0,"total_buildings":8535.0,"modeled_demand":2925.6000000000004,"population_weighted_distance_transmission_km":26.160560827608332,"population_weighted_distance_gridlight_km":30.6173169023497,"_label":"nga_7.875_10.625","_status_group":"unknown","_year":2025,"_year_label":"Source release year","_states":["Taraba"]},"geometry":{"type":"Point","coordinates":[10.625,7.875]}},{"type":"Feature","properties":{"cell_id":"nga_7.875_10.875","population_estimate":124122.0,"settlement_count":86.0,"population_with_nightlight_signal":1234.0,"population_without_nightlight_signal":122888.0,"nightlight_population_share_pct":0.9941831423921624,"total_buildings":26472.0,"modeled_demand":9854.2,"population_weighted_distance_transmission_km":22.685227115257568,"population_weighted_distance_gridlight_km":5.621632168350493,"_label":"nga_7.875_10.875","_status_group":"unknown","_year":2025,"_year_label":"Source release year","_states":["Taraba"]},"geometry":{"type":"Point","coordinates":[10.875,7.875]}},{"type":"Feature","properties":{"cell_id":"nga_7.875_11.125","population_estimate":31427.0,"settlement_count":85.0,"population_with_nightlight_signal":0.0,"population_without_nightlight_signal":31427.0,"nightlight_population_share_pct":0.0,"total_buildings":7389.0,"modeled_demand":2567.8000000000006,"population_weighted_distance_transmission_km":26.15448754255894,"population_weighted_distance_gridlight_km":13.736390810449612,"_label":"nga_7.875_11.125","_status_group":"unknown","_year":2025,"_year_label":"Source release year","_states":["Taraba"]},"geometry":{"type":"Point","coordinates":[11.125,7.875]}},{"type":"Feature","properties":{"cell_id":"nga_7.875_11.375","population_estimate":8174.0,"settlement_count":31.0,"population_with_nightlight_signal":0.0,"population_without_nightlight_signal":8174.0,"nightlight_population_share_pct":0.0,"total_buildings":1922.0,"modeled_demand":655.7,"population_weighted_distance_transmission_km":34.70677881086372,"population_weighted_distance_gridlight_km":33.82969207242476,"_label":"nga_7.875_11.375","_status_group":"unknown","_year":2025,"_year_label":"Source release year","_states":["Taraba"]},"geometry":{"type":"Point","coordinates":[11.375,7.875]}},{"type":"Feature","properties":{"cell_id":"nga_7.875_11.625","population_estimate":2424.0,"settlement_count":8.0,"population_with_nightlight_signal":0.0,"population_without_nightlight_signal":2424.0,"nightlight_population_share_pct":0.0,"total_buildings":570.0,"modeled_demand":192.0,"population_weighted_distance_transmission_km":17.528110561056106,"population_weighted_distance_gridlight_km":43.44608127062707,"_label":"nga_7.875_11.625","_status_group":"unknown","_year":2025,"_year_label":"Source release year","_states":["Adamawa","Taraba"]},"geometry":{"type":"Point","coordinates":[11.625,7.875]}},{"type":"Feature","properties":{"cell_id":"nga_7.875_11.875","population_estimate":1995.0,"settlement_count":10.0,"population_with_nightlight_signal":0.0,"population_without_nightlight_signal":1995.0,"nightlight_population_share_pct":0.0,"total_buildings":469.0,"modeled_demand":157.79999999999998,"population_weighted_distance_transmission_km":0.7640401002506265,"population_weighted_distance_gridlight_km":20.63358245614035,"_label":"nga_7.875_11.875","_status_group":"unknown","_year":2025,"_year_label":"Source release year","_states":["Adamawa"]},"geometry":{"type":"Point","coordinates":[11.875,7.875]}},{"type":"Feature","properties":{"cell_id":"nga_7.875_12.125","population_estimate":238.0,"settlement_count":1.0,"population_with_nightlight_signal":0.0,"population_without_nightlight_signal":238.0,"nightlight_population_share_pct":0.0,"total_buildings":56.0,"modeled_demand":20.2,"population_weighted_distance_transmission_km":21.92,"population_weighted_distance_gridlight_km":21.41,"_label":"nga_7.875_12.125","_status_group":"unknown","_year":2025,"_year_label":"Source release year","_states":["Adamawa"]},"geometry":{"type":"Point","coordinates":[12.125,7.875]}},{"type":"Feature","properties":{"cell_id":"nga_8.125_2.625","population_estimate":3292.0,"settlement_count":7.0,"population_with_nightlight_signal":0.0,"population_without_nightlight_signal":3292.0,"nightlight_population_share_pct":0.0,"total_buildings":774.0,"modeled_demand":304.2,"population_weighted_distance_transmission_km":29.084668894289187,"population_weighted_distance_gridlight_km":28.581417071688943,"_label":"nga_8.125_2.625","_status_group":"unknown","_year":2025,"_year_label":"Source release year","_states":[]},"geometry":{"type":"Point","coordinates":[2.625,8.125]}},{"type":"Feature","properties":{"cell_id":"nga_8.125_2.875","population_estimate":6115.0,"settlement_count":21.0,"population_with_nightlight_signal":0.0,"population_without_nightlight_signal":6115.0,"nightlight_population_share_pct":0.0,"total_buildings":1364.0,"modeled_demand":472.1,"population_weighted_distance_transmission_km":13.57025838103025,"population_weighted_distance_gridlight_km":15.310527718724448,"_label":"nga_8.125_2.875","_status_group":"unknown","_year":2025,"_year_label":"Source release year","_states":["Oyo"]},"geometry":{"type":"Point","coordinates":[2.875,8.125]}},{"type":"Feature","properties":{"cell_id":"nga_8.125_3.125","population_estimate":25011.0,"settlement_count":66.0,"population_with_nightlight_signal":3682.0,"population_without_nightlight_signal":21329.0,"nightlight_population_share_pct":14.721522530086762,"total_buildings":5565.0,"modeled_demand":2562.7000000000003,"population_weighted_distance_transmission_km":4.046581504138179,"population_weighted_distance_gridlight_km":6.304796409579785,"_label":"nga_8.125_3.125","_status_group":"unknown","_year":2025,"_year_label":"Source release year","_states":["Oyo"]},"geometry":{"type":"Point","coordinates":[3.125,8.125]}},{"type":"Feature","properties":{"cell_id":"nga_8.125_3.375","population_estimate":155284.0,"settlement_count":96.0,"population_with_nightlight_signal":138056.0,"population_without_nightlight_signal":17228.0,"nightlight_population_share_pct":88.90548929702996,"total_buildings":32359.0,"modeled_demand":19242.9,"population_weighted_distance_transmission_km":0.3254532340743412,"population_weighted_distance_gridlight_km":0.419933618402411,"_label":"nga_8.125_3.375","_status_group":"unknown","_year":2025,"_year_label":"Source release year","_states":["Oyo"]},"geometry":{"type":"Point","coordinates":[3.375,8.125]}},{"type":"Feature","properties":{"cell_id":"nga_8.125_3.625","population_estimate":33763.0,"settlement_count":98.0,"population_with_nightlight_signal":14827.0,"population_without_nightlight_signal":18936.0,"nightlight_population_share_pct":43.91493646891568,"total_buildings":7519.0,"modeled_demand":3368.4,"population_weighted_distance_transmission_km":2.5290163788762845,"population_weighted_distance_gridlight_km":5.022466250037024,"_label":"nga_8.125_3.625","_status_group":"unknown","_year":2025,"_year_label":"Source release year","_states":["Oyo"]},"geometry":{"type":"Point","coordinates":[3.625,8.125]}},{"type":"Feature","properties":{"cell_id":"nga_8.125_3.875","population_estimate":25398.0,"settlement_count":112.0,"population_with_nightlight_signal":0.0,"population_without_nightlight_signal":25398.0,"nightlight_population_share_pct":0.0,"total_buildings":5971.0,"modeled_demand":2232.5,"population_weighted_distance_transmission_km":6.346467438380976,"population_weighted_distance_gridlight_km":21.68829667690369,"_label":"nga_8.125_3.875","_status_group":"unknown","_year":2025,"_year_label":"Source release year","_states":["Oyo"]},"geometry":{"type":"Point","coordinates":[3.875,8.125]}},{"type":"Feature","properties":{"cell_id":"nga_8.125_4.125","population_estimate":651668.0,"settlement_count":164.0,"population_with_nightlight_signal":607053.0,"population_without_nightlight_signal":44615.0,"nightlight_population_share_pct":93.1537224476267,"total_buildings":138943.0,"modeled_demand":84655.5,"population_weighted_distance_transmission_km":0.3790692653314264,"population_weighted_distance_gridlight_km":0.5431703244596943,"_label":"nga_8.125_4.125","_status_group":"unknown","_year":2025,"_year_label":"Source release year","_states":["Oyo"]},"geometry":{"type":"Point","coordinates":[4.125,8.125]}},{"type":"Feature","properties":{"cell_id":"nga_8.125_4.375","population_estimate":64638.0,"settlement_count":181.0,"population_with_nightlight_signal":18478.0,"population_without_nightlight_signal":46160.0,"nightlight_population_share_pct":28.586899347133265,"total_buildings":14695.0,"modeled_demand":7586.799999999999,"population_weighted_distance_transmission_km":1.5538837835329062,"population_weighted_distance_gridlight_km":3.8242194065410433,"_label":"nga_8.125_4.375","_status_group":"unknown","_year":2025,"_year_label":"Source release year","_states":["Oyo"]},"geometry":{"type":"Point","coordinates":[4.375,8.125]}},{"type":"Feature","properties":{"cell_id":"nga_8.125_4.625","population_estimate":433070.0,"settlement_count":189.0,"population_with_nightlight_signal":378226.0,"population_without_nightlight_signal":54844.0,"nightlight_population_share_pct":87.3359964901748,"total_buildings":93144.0,"modeled_demand":55543.19999999999,"population_weighted_distance_transmission_km":0.0941256840695499,"population_weighted_distance_gridlight_km":0.4297326229016095,"_label":"nga_8.125_4.625","_status_group":"unknown","_year":2025,"_year_label":"Source release year","_states":["Kwara"]},"geometry":{"type":"Point","coordinates":[4.625,8.125]}},{"type":"Feature","properties":{"cell_id":"nga_8.125_4.875","population_estimate":243894.0,"settlement_count":129.0,"population_with_nightlight_signal":208096.0,"population_without_nightlight_signal":35798.0,"nightlight_population_share_pct":85.32231215200046,"total_buildings":52909.0,"modeled_demand":32509.9,"population_weighted_distance_transmission_km":0.2928750604770925,"population_weighted_distance_gridlight_km":0.3530110580826097,"_label":"nga_8.125_4.875","_status_group":"unknown","_year":2025,"_year_label":"Source release year","_states":["Kwara"]},"geometry":{"type":"Point","coordinates":[4.875,8.125]}},{"type":"Feature","properties":{"cell_id":"nga_8.125_5.125","population_estimate":219861.0,"settlement_count":76.0,"population_with_nightlight_signal":198105.0,"population_without_nightlight_signal":21756.0,"nightlight_population_share_pct":90.1046570333074,"total_buildings":46787.0,"modeled_demand":28723.1,"population_weighted_distance_transmission_km":0.0519176206785196,"population_weighted_distance_gridlight_km":0.1764841286085299,"_label":"nga_8.125_5.125","_status_group":"unknown","_year":2025,"_year_label":"Source release year","_states":["Kwara"]},"geometry":{"type":"Point","coordinates":[5.125,8.125]}},{"type":"Feature","properties":{"cell_id":"nga_8.125_5.375","population_estimate":28935.0,"settlement_count":28.0,"population_with_nightlight_signal":18916.0,"population_without_nightlight_signal":10019.0,"nightlight_population_share_pct":65.37411439433212,"total_buildings":6395.0,"modeled_demand":3570.4,"population_weighted_distance_transmission_km":0.2665146016934508,"population_weighted_distance_gridlight_km":1.764280940038016,"_label":"nga_8.125_5.375","_status_group":"unknown","_year":2025,"_year_label":"Source release year","_states":["Kwara"]},"geometry":{"type":"Point","coordinates":[5.375,8.125]}},{"type":"Feature","properties":{"cell_id":"nga_8.125_5.625","population_estimate":72651.0,"settlement_count":34.0,"population_with_nightlight_signal":57592.0,"population_without_nightlight_signal":15059.0,"nightlight_population_share_pct":79.27213665331516,"total_buildings":15653.0,"modeled_demand":8231.099999999999,"population_weighted_distance_transmission_km":0.4812784407647519,"population_weighted_distance_gridlight_km":1.2404219487687715,"_label":"nga_8.125_5.625","_status_group":"unknown","_year":2025,"_year_label":"Source release year","_states":["Kogi"]},"geometry":{"type":"Point","coordinates":[5.625,8.125]}},{"type":"Feature","properties":{"cell_id":"nga_8.125_5.875","population_estimate":64296.0,"settlement_count":36.0,"population_with_nightlight_signal":27541.0,"population_without_nightlight_signal":36755.0,"nightlight_population_share_pct":42.83470200323504,"total_buildings":14209.0,"modeled_demand":6952.799999999999,"population_weighted_distance_transmission_km":0.6457309941520467,"population_weighted_distance_gridlight_km":1.9539961272863005,"_label":"nga_8.125_5.875","_status_group":"unknown","_year":2025,"_year_label":"Source release year","_states":["Kogi"]},"geometry":{"type":"Point","coordinates":[5.875,8.125]}},{"type":"Feature","properties":{"cell_id":"nga_8.125_6.125","population_estimate":25139.0,"settlement_count":34.0,"population_with_nightlight_signal":2331.0,"population_without_nightlight_signal":22808.0,"nightlight_population_share_pct":9.27244520466208,"total_buildings":5648.0,"modeled_demand":2538.3999999999996,"population_weighted_distance_transmission_km":1.9844806873781773,"population_weighted_distance_gridlight_km":6.992901149608178,"_label":"nga_8.125_6.125","_status_group":"unknown","_year":2025,"_year_label":"Source release year","_states":["Kogi"]},"geometry":{"type":"Point","coordinates":[6.125,8.125]}},{"type":"Feature","properties":{"cell_id":"nga_8.125_6.375","population_estimate":1239.0,"settlement_count":9.0,"population_with_nightlight_signal":0.0,"population_without_nightlight_signal":1239.0,"nightlight_population_share_pct":0.0,"total_buildings":291.0,"modeled_demand":102.4,"population_weighted_distance_transmission_km":5.174826472962066,"population_weighted_distance_gridlight_km":7.853058111380146,"_label":"nga_8.125_6.375","_status_group":"unknown","_year":2025,"_year_label":"Source release year","_states":["Kogi"]},"geometry":{"type":"Point","coordinates":[6.375,8.125]}},{"type":"Feature","properties":{"cell_id":"nga_8.125_6.625","population_estimate":21808.0,"settlement_count":84.0,"population_with_nightlight_signal":0.0,"population_without_nightlight_signal":21808.0,"nightlight_population_share_pct":0.0,"total_buildings":5126.0,"modeled_demand":1836.2,"population_weighted_distance_transmission_km":9.698753668378576,"population_weighted_distance_gridlight_km":8.704240783198825,"_label":"nga_8.125_6.625","_status_group":"unknown","_year":2025,"_year_label":"Source release year","_states":["Kogi"]},"geometry":{"type":"Point","coordinates":[6.625,8.125]}},{"type":"Feature","properties":{"cell_id":"nga_8.125_6.875","population_estimate":66979.0,"settlement_count":84.0,"population_with_nightlight_signal":46972.0,"population_without_nightlight_signal":20007.0,"nightlight_population_share_pct":70.12944355693575,"total_buildings":14743.0,"modeled_demand":6816.9000000000015,"population_weighted_distance_transmission_km":1.2289001030173634,"population_weighted_distance_gridlight_km":1.2692338494154882,"_label":"nga_8.125_6.875","_status_group":"unknown","_year":2025,"_year_label":"Source release year","_states":["Kogi"]},"geometry":{"type":"Point","coordinates":[6.875,8.125]}},{"type":"Feature","properties":{"cell_id":"nga_8.125_7.125","population_estimate":28463.0,"settlement_count":31.0,"population_with_nightlight_signal":8252.0,"population_without_nightlight_signal":20211.0,"nightlight_population_share_pct":28.99202473386502,"total_buildings":6173.0,"modeled_demand":2469.399999999999,"population_weighted_distance_transmission_km":1.3137845624143625,"population_weighted_distance_gridlight_km":9.275049854196675,"_label":"nga_8.125_7.125","_status_group":"unknown","_year":2025,"_year_label":"Source release year","_states":["Nasarawa"]},"geometry":{"type":"Point","coordinates":[7.125,8.125]}},{"type":"Feature","properties":{"cell_id":"nga_8.125_7.375","population_estimate":22608.0,"settlement_count":60.0,"population_with_nightlight_signal":0.0,"population_without_nightlight_signal":22608.0,"nightlight_population_share_pct":0.0,"total_buildings":5316.0,"modeled_demand":1857.3,"population_weighted_distance_transmission_km":17.025536535739565,"population_weighted_distance_gridlight_km":17.627053565109694,"_label":"nga_8.125_7.375","_status_group":"unknown","_year":2025,"_year_label":"Source release year","_states":["Nasarawa"]},"geometry":{"type":"Point","coordinates":[7.375,8.125]}},{"type":"Feature","properties":{"cell_id":"nga_8.125_7.625","population_estimate":46435.0,"settlement_count":50.0,"population_with_nightlight_signal":5384.0,"population_without_nightlight_signal":41051.0,"nightlight_population_share_pct":11.594702271993109,"total_buildings":10918.0,"modeled_demand":4078.6,"population_weighted_distance_transmission_km":18.516596748142565,"population_weighted_distance_gridlight_km":7.851018455906106,"_label":"nga_8.125_7.625","_status_group":"unknown","_year":2025,"_year_label":"Source release year","_states":["Nasarawa"]},"geometry":{"type":"Point","coordinates":[7.625,8.125]}},{"type":"Feature","properties":{"cell_id":"nga_8.125_7.875","population_estimate":46702.0,"settlement_count":46.0,"population_with_nightlight_signal":22429.0,"population_without_nightlight_signal":24273.0,"nightlight_population_share_pct":48.02578048049334,"total_buildings":10463.0,"modeled_demand":4405.0999999999985,"population_weighted_distance_transmission_km":9.942345081581088,"population_weighted_distance_gridlight_km":3.169220611536979,"_label":"nga_8.125_7.875","_status_group":"unknown","_year":2025,"_year_label":"Source release year","_states":["Nasarawa"]},"geometry":{"type":"Point","coordinates":[7.875,8.125]}},{"type":"Feature","properties":{"cell_id":"nga_8.125_8.125","population_estimate":36827.0,"settlement_count":79.0,"population_with_nightlight_signal":0.0,"population_without_nightlight_signal":36827.0,"nightlight_population_share_pct":0.0,"total_buildings":8659.0,"modeled_demand":3244.7000000000003,"population_weighted_distance_transmission_km":25.809271458440815,"population_weighted_distance_gridlight_km":17.404304667770923,"_label":"nga_8.125_8.125","_status_group":"unknown","_year":2025,"_year_label":"Source release year","_states":["Nasarawa"]},"geometry":{"type":"Point","coordinates":[8.125,8.125]}},{"type":"Feature","properties":{"cell_id":"nga_8.125_8.375","population_estimate":27878.0,"settlement_count":54.0,"population_with_nightlight_signal":0.0,"population_without_nightlight_signal":27878.0,"nightlight_population_share_pct":0.0,"total_buildings":6555.0,"modeled_demand":2324.499999999999,"population_weighted_distance_transmission_km":17.897453547600254,"population_weighted_distance_gridlight_km":17.133035260779106,"_label":"nga_8.125_8.375","_status_group":"unknown","_year":2025,"_year_label":"Source release year","_states":["Nasarawa"]},"geometry":{"type":"Point","coordinates":[8.375,8.125]}},{"type":"Feature","properties":{"cell_id":"nga_8.125_8.625","population_estimate":91445.0,"settlement_count":142.0,"population_with_nightlight_signal":7787.0,"population_without_nightlight_signal":83658.0,"nightlight_population_share_pct":8.51550112089234,"total_buildings":20847.0,"modeled_demand":7477.1,"population_weighted_distance_transmission_km":1.9223724643228168,"population_weighted_distance_gridlight_km":7.751430586691452,"_label":"nga_8.125_8.625","_status_group":"unknown","_year":2025,"_year_label":"Source release year","_states":["Benue","Nasarawa"]},"geometry":{"type":"Point","coordinates":[8.625,8.125]}},{"type":"Feature","properties":{"cell_id":"nga_8.125_8.875","population_estimate":38618.0,"settlement_count":77.0,"population_with_nightlight_signal":18649.0,"population_without_nightlight_signal":19969.0,"nightlight_population_share_pct":48.290952405613965,"total_buildings":8621.0,"modeled_demand":3472.8,"population_weighted_distance_transmission_km":4.0310932725671975,"population_weighted_distance_gridlight_km":3.902875705629499,"_label":"nga_8.125_8.875","_status_group":"unknown","_year":2025,"_year_label":"Source release year","_states":["Nasarawa"]},"geometry":{"type":"Point","coordinates":[8.875,8.125]}},{"type":"Feature","properties":{"cell_id":"nga_8.125_9.125","population_estimate":60452.0,"settlement_count":83.0,"population_with_nightlight_signal":32430.0,"population_without_nightlight_signal":28022.0,"nightlight_population_share_pct":53.64586779593727,"total_buildings":13517.0,"modeled_demand":5161.0,"population_weighted_distance_transmission_km":1.967461291603255,"population_weighted_distance_gridlight_km":2.229053778204195,"_label":"nga_8.125_9.125","_status_group":"unknown","_year":2025,"_year_label":"Source release year","_states":["Nasarawa"]},"geometry":{"type":"Point","coordinates":[9.125,8.125]}},{"type":"Feature","properties":{"cell_id":"nga_8.125_9.375","population_estimate":30366.0,"settlement_count":76.0,"population_with_nightlight_signal":1599.0,"population_without_nightlight_signal":28767.0,"nightlight_population_share_pct":5.265757755384311,"total_buildings":7140.0,"modeled_demand":2563.6,"population_weighted_distance_transmission_km":13.922788974510963,"population_weighted_distance_gridlight_km":7.165857109925575,"_label":"nga_8.125_9.375","_status_group":"unknown","_year":2025,"_year_label":"Source release year","_states":["Nasarawa"]},"geometry":{"type":"Point","coordinates":[9.375,8.125]}},{"type":"Feature","properties":{"cell_id":"nga_8.125_9.625","population_estimate":59437.0,"settlement_count":36.0,"population_with_nightlight_signal":43633.0,"population_without_nightlight_signal":15804.0,"nightlight_population_share_pct":73.41050187593586,"total_buildings":12777.0,"modeled_demand":5142.599999999999,"population_weighted_distance_transmission_km":2.136567121489981,"population_weighted_distance_gridlight_km":3.203375052576678,"_label":"nga_8.125_9.625","_status_group":"unknown","_year":2025,"_year_label":"Source release year","_states":["Taraba"]},"geometry":{"type":"Point","coordinates":[9.625,8.125]}},{"type":"Feature","properties":{"cell_id":"nga_8.125_9.875","population_estimate":10232.0,"settlement_count":26.0,"population_with_nightlight_signal":0.0,"population_without_nightlight_signal":10232.0,"nightlight_population_share_pct":0.0,"total_buildings":2406.0,"modeled_demand":840.3999999999999,"population_weighted_distance_transmission_km":1.851469898358092,"population_weighted_distance_gridlight_km":9.975760652853792,"_label":"nga_8.125_9.875","_status_group":"unknown","_year":2025,"_year_label":"Source release year","_states":["Taraba"]},"geometry":{"type":"Point","coordinates":[9.875,8.125]}},{"type":"Feature","properties":{"cell_id":"nga_8.125_10.125","population_estimate":74050.0,"settlement_count":63.0,"population_with_nightlight_signal":21164.0,"population_without_nightlight_signal":52886.0,"nightlight_population_share_pct":28.580688723835248,"total_buildings":16487.0,"modeled_demand":5945.099999999998,"population_weighted_distance_transmission_km":0.9044103983794732,"population_weighted_distance_gridlight_km":5.888100850776501,"_label":"nga_8.125_10.125","_status_group":"unknown","_year":2025,"_year_label":"Source release year","_states":["Taraba"]},"geometry":{"type":"Point","coordinates":[10.125,8.125]}},{"type":"Feature","properties":{"cell_id":"nga_8.125_10.375","population_estimate":46131.0,"settlement_count":71.0,"population_with_nightlight_signal":0.0,"population_without_nightlight_signal":46131.0,"nightlight_population_share_pct":0.0,"total_buildings":10387.0,"modeled_demand":3647.8,"population_weighted_distance_transmission_km":5.024682534521254,"population_weighted_distance_gridlight_km":17.246519173657628,"_label":"nga_8.125_10.375","_status_group":"unknown","_year":2025,"_year_label":"Source release year","_states":["Taraba"]},"geometry":{"type":"Point","coordinates":[10.375,8.125]}},{"type":"Feature","properties":{"cell_id":"nga_8.125_10.625","population_estimate":28176.0,"settlement_count":30.0,"population_with_nightlight_signal":0.0,"population_without_nightlight_signal":28176.0,"nightlight_population_share_pct":0.0,"total_buildings":6625.0,"modeled_demand":2260.4999999999995,"population_weighted_distance_transmission_km":6.686884937535489,"population_weighted_distance_gridlight_km":25.36598704571266,"_label":"nga_8.125_10.625","_status_group":"unknown","_year":2025,"_year_label":"Source release year","_states":["Taraba"]},"geometry":{"type":"Point","coordinates":[10.625,8.125]}},{"type":"Feature","properties":{"cell_id":"nga_8.125_10.875","population_estimate":39749.0,"settlement_count":63.0,"population_with_nightlight_signal":0.0,"population_without_nightlight_signal":39749.0,"nightlight_population_share_pct":0.0,"total_buildings":8983.0,"modeled_demand":3054.0000000000005,"population_weighted_distance_transmission_km":6.003527132758058,"population_weighted_distance_gridlight_km":25.119412463206626,"_label":"nga_8.125_10.875","_status_group":"unknown","_year":2025,"_year_label":"Source release year","_states":["Taraba"]},"geometry":{"type":"Point","coordinates":[10.875,8.125]}},{"type":"Feature","properties":{"cell_id":"nga_8.125_11.125","population_estimate":37472.0,"settlement_count":79.0,"population_with_nightlight_signal":0.0,"population_without_nightlight_signal":37472.0,"nightlight_population_share_pct":0.0,"total_buildings":8418.0,"modeled_demand":2860.0,"population_weighted_distance_transmission_km":3.1993475128095645,"population_weighted_distance_gridlight_km":31.861588252561916,"_label":"nga_8.125_11.125","_status_group":"unknown","_year":2025,"_year_label":"Source release year","_states":["Taraba"]},"geometry":{"type":"Point","coordinates":[11.125,8.125]}},{"type":"Feature","properties":{"cell_id":"nga_8.125_11.375","population_estimate":2373.0,"settlement_count":11.0,"population_with_nightlight_signal":0.0,"population_without_nightlight_signal":2373.0,"nightlight_population_share_pct":0.0,"total_buildings":558.0,"modeled_demand":187.0,"population_weighted_distance_transmission_km":7.198048883270121,"population_weighted_distance_gridlight_km":47.70134766118837,"_label":"nga_8.125_11.375","_status_group":"unknown","_year":2025,"_year_label":"Source release year","_states":["Taraba"]},"geometry":{"type":"Point","coordinates":[11.375,8.125]}},{"type":"Feature","properties":{"cell_id":"nga_8.125_11.625","population_estimate":4436.0,"settlement_count":13.0,"population_with_nightlight_signal":0.0,"population_without_nightlight_signal":4436.0,"nightlight_population_share_pct":0.0,"total_buildings":1043.0,"modeled_demand":351.5,"population_weighted_distance_transmission_km":19.24498872858431,"population_weighted_distance_gridlight_km":35.58978606853021,"_label":"nga_8.125_11.625","_status_group":"unknown","_year":2025,"_year_label":"Source release year","_states":["Adamawa"]},"geometry":{"type":"Point","coordinates":[11.625,8.125]}},{"type":"Feature","properties":{"cell_id":"nga_8.125_11.875","population_estimate":12591.0,"settlement_count":40.0,"population_with_nightlight_signal":2420.0,"population_without_nightlight_signal":10171.0,"nightlight_population_share_pct":19.220077833373043,"total_buildings":2960.0,"modeled_demand":1016.8,"population_weighted_distance_transmission_km":7.433622428718926,"population_weighted_distance_gridlight_km":6.390849098562465,"_label":"nga_8.125_11.875","_status_group":"unknown","_year":2025,"_year_label":"Source release year","_states":["Adamawa"]},"geometry":{"type":"Point","coordinates":[11.875,8.125]}},{"type":"Feature","properties":{"cell_id":"nga_8.125_12.125","population_estimate":74850.0,"settlement_count":93.0,"population_with_nightlight_signal":42333.0,"population_without_nightlight_signal":32517.0,"nightlight_population_share_pct":56.55711422845691,"total_buildings":16693.0,"modeled_demand":5803.900000000001,"population_weighted_distance_transmission_km":2.4288732130928525,"population_weighted_distance_gridlight_km":2.3406504208416834,"_label":"nga_8.125_12.125","_status_group":"unknown","_year":2025,"_year_label":"Source release year","_states":["Adamawa"]},"geometry":{"type":"Point","coordinates":[12.125,8.125]}},{"type":"Feature","properties":{"cell_id":"nga_8.375_2.625","population_estimate":251.0,"settlement_count":2.0,"population_with_nightlight_signal":0.0,"population_without_nightlight_signal":251.0,"nightlight_population_share_pct":0.0,"total_buildings":59.0,"modeled_demand":19.7,"population_weighted_distance_transmission_km":48.88808764940239,"population_weighted_distance_gridlight_km":34.52431474103585,"_label":"nga_8.375_2.625","_status_group":"unknown","_year":2025,"_year_label":"Source release year","_states":[]},"geometry":{"type":"Point","coordinates":[2.625,8.375]}},{"type":"Feature","properties":{"cell_id":"nga_8.375_2.875","population_estimate":12431.0,"settlement_count":19.0,"population_with_nightlight_signal":0.0,"population_without_nightlight_signal":12431.0,"nightlight_population_share_pct":0.0,"total_buildings":2715.0,"modeled_demand":925.1,"population_weighted_distance_transmission_km":27.42943850052289,"population_weighted_distance_gridlight_km":8.300984393854074,"_label":"nga_8.375_2.875","_status_group":"unknown","_year":2025,"_year_label":"Source release year","_states":["Oyo"]},"geometry":{"type":"Point","coordinates":[2.875,8.375]}},{"type":"Feature","properties":{"cell_id":"nga_8.375_3.125","population_estimate":17352.0,"settlement_count":55.0,"population_with_nightlight_signal":5012.0,"population_without_nightlight_signal":12340.0,"nightlight_population_share_pct":28.88427846934071,"total_buildings":3915.0,"modeled_demand":1331.6,"population_weighted_distance_transmission_km":15.880372291378515,"population_weighted_distance_gridlight_km":9.333366413093591,"_label":"nga_8.375_3.125","_status_group":"unknown","_year":2025,"_year_label":"Source release year","_states":["Oyo"]},"geometry":{"type":"Point","coordinates":[3.125,8.375]}},{"type":"Feature","properties":{"cell_id":"nga_8.375_3.375","population_estimate":46877.0,"settlement_count":119.0,"population_with_nightlight_signal":0.0,"population_without_nightlight_signal":46877.0,"nightlight_population_share_pct":0.0,"total_buildings":10805.0,"modeled_demand":4446.299999999998,"population_weighted_distance_transmission_km":3.7287563197303584,"population_weighted_distance_gridlight_km":13.84291959809715,"_label":"nga_8.375_3.375","_status_group":"unknown","_year":2025,"_year_label":"Source release year","_states":["Oyo"]},"geometry":{"type":"Point","coordinates":[3.375,8.375]}},{"type":"Feature","properties":{"cell_id":"nga_8.375_3.625","population_estimate":11804.0,"settlement_count":52.0,"population_with_nightlight_signal":0.0,"population_without_nightlight_signal":11804.0,"nightlight_population_share_pct":0.0,"total_buildings":2776.0,"modeled_demand":960.1,"population_weighted_distance_transmission_km":13.429087597424598,"population_weighted_distance_gridlight_km":14.846594628939345,"_label":"nga_8.375_3.625","_status_group":"unknown","_year":2025,"_year_label":"Source release year","_states":["Oyo"]},"geometry":{"type":"Point","coordinates":[3.625,8.375]}},{"type":"Feature","properties":{"cell_id":"nga_8.375_4.125","population_estimate":42313.0,"settlement_count":97.0,"population_with_nightlight_signal":13246.0,"population_without_nightlight_signal":29067.0,"nightlight_population_share_pct":31.304799943279843,"total_buildings":9706.0,"modeled_demand":4569.3,"population_weighted_distance_transmission_km":5.496769787063077,"population_weighted_distance_gridlight_km":5.660765556684707,"_label":"nga_8.375_4.125","_status_group":"unknown","_year":2025,"_year_label":"Source release year","_states":["Oyo"]},"geometry":{"type":"Point","coordinates":[4.125,8.375]}},{"type":"Feature","properties":{"cell_id":"nga_8.375_4.375","population_estimate":146247.0,"settlement_count":189.0,"population_with_nightlight_signal":105357.0,"population_without_nightlight_signal":40890.0,"nightlight_population_share_pct":72.04045211183819,"total_buildings":33244.0,"modeled_demand":17866.1,"population_weighted_distance_transmission_km":0.4337879067604805,"population_weighted_distance_gridlight_km":1.1248997039255506,"_label":"nga_8.375_4.375","_status_group":"unknown","_year":2025,"_year_label":"Source release year","_states":["Kwara"]},"geometry":{"type":"Point","coordinates":[4.375,8.375]}},{"type":"Feature","properties":{"cell_id":"nga_8.375_4.625","population_estimate":1811207.0,"settlement_count":153.0,"population_with_nightlight_signal":1771038.0,"population_without_nightlight_signal":40169.0,"nightlight_population_share_pct":97.78219717569554,"total_buildings":380722.0,"modeled_demand":234337.1,"population_weighted_distance_transmission_km":0.0284749838091394,"population_weighted_distance_gridlight_km":0.0562793082182213,"_label":"nga_8.375_4.625","_status_group":"unknown","_year":2025,"_year_label":"Source release year","_states":["Kwara"]},"geometry":{"type":"Point","coordinates":[4.625,8.375]}},{"type":"Feature","properties":{"cell_id":"nga_8.375_4.875","population_estimate":51463.0,"settlement_count":124.0,"population_with_nightlight_signal":19280.0,"population_without_nightlight_signal":32183.0,"nightlight_population_share_pct":37.46380895011951,"total_buildings":11594.0,"modeled_demand":6345.000000000001,"population_weighted_distance_transmission_km":1.0343852865165264,"population_weighted_distance_gridlight_km":3.2056828400987114,"_label":"nga_8.375_4.875","_status_group":"unknown","_year":2025,"_year_label":"Source release year","_states":["Kwara"]},"geometry":{"type":"Point","coordinates":[4.875,8.375]}},{"type":"Feature","properties":{"cell_id":"nga_8.375_5.125","population_estimate":44347.0,"settlement_count":58.0,"population_with_nightlight_signal":16798.0,"population_without_nightlight_signal":27549.0,"nightlight_population_share_pct":37.87854871806436,"total_buildings":10167.0,"modeled_demand":5496.799999999999,"population_weighted_distance_transmission_km":1.2070379056080456,"population_weighted_distance_gridlight_km":5.535043001781406,"_label":"nga_8.375_5.125","_status_group":"unknown","_year":2025,"_year_label":"Source release year","_states":["Kwara"]},"geometry":{"type":"Point","coordinates":[5.125,8.375]}},{"type":"Feature","properties":{"cell_id":"nga_8.375_5.375","population_estimate":9326.0,"settlement_count":23.0,"population_with_nightlight_signal":0.0,"population_without_nightlight_signal":9326.0,"nightlight_population_share_pct":0.0,"total_buildings":2192.0,"modeled_demand":865.8000000000001,"population_weighted_distance_transmission_km":2.262243191078704,"population_weighted_distance_gridlight_km":15.657810208020583,"_label":"nga_8.375_5.375","_status_group":"unknown","_year":2025,"_year_label":"Source release year","_states":["Kogi"]},"geometry":{"type":"Point","coordinates":[5.375,8.375]}},{"type":"Feature","properties":{"cell_id":"nga_8.375_5.625","population_estimate":38914.0,"settlement_count":16.0,"population_with_nightlight_signal":32819.0,"population_without_nightlight_signal":6095.0,"nightlight_population_share_pct":84.33725651436501,"total_buildings":8368.0,"modeled_demand":4292.5,"population_weighted_distance_transmission_km":0.439725805622655,"population_weighted_distance_gridlight_km":1.0055426838669888,"_label":"nga_8.375_5.625","_status_group":"unknown","_year":2025,"_year_label":"Source release year","_states":["Kogi"]},"geometry":{"type":"Point","coordinates":[5.625,8.375]}},{"type":"Feature","properties":{"cell_id":"nga_8.375_5.875","population_estimate":54157.0,"settlement_count":24.0,"population_with_nightlight_signal":48209.0,"population_without_nightlight_signal":5948.0,"nightlight_population_share_pct":89.0171169008623,"total_buildings":11273.0,"modeled_demand":5822.400000000001,"population_weighted_distance_transmission_km":0.6736887198330779,"population_weighted_distance_gridlight_km":1.0757259080081982,"_label":"nga_8.375_5.875","_status_group":"unknown","_year":2025,"_year_label":"Source release year","_states":["Kogi"]},"geometry":{"type":"Point","coordinates":[5.875,8.375]}},{"type":"Feature","properties":{"cell_id":"nga_8.375_6.125","population_estimate":5621.0,"settlement_count":23.0,"population_with_nightlight_signal":0.0,"population_without_nightlight_signal":5621.0,"nightlight_population_share_pct":0.0,"total_buildings":1322.0,"modeled_demand":467.3,"population_weighted_distance_transmission_km":16.344700231275574,"population_weighted_distance_gridlight_km":22.899641700764985,"_label":"nga_8.375_6.125","_status_group":"unknown","_year":2025,"_year_label":"Source release year","_states":["Kogi"]},"geometry":{"type":"Point","coordinates":[6.125,8.375]}},{"type":"Feature","properties":{"cell_id":"nga_8.375_6.375","population_estimate":14302.0,"settlement_count":31.0,"population_with_nightlight_signal":0.0,"population_without_nightlight_signal":14302.0,"nightlight_population_share_pct":0.0,"total_buildings":3363.0,"modeled_demand":1365.9,"population_weighted_distance_transmission_km":9.913845615997763,"population_weighted_distance_gridlight_km":19.79060369179136,"_label":"nga_8.375_6.375","_status_group":"unknown","_year":2025,"_year_label":"Source release year","_states":["Kogi"]},"geometry":{"type":"Point","coordinates":[6.375,8.375]}},{"type":"Feature","properties":{"cell_id":"nga_8.375_6.625","population_estimate":44707.0,"settlement_count":93.0,"population_with_nightlight_signal":15844.0,"population_without_nightlight_signal":28863.0,"nightlight_population_share_pct":35.43964032478135,"total_buildings":10371.0,"modeled_demand":4618.100000000001,"population_weighted_distance_transmission_km":1.868347686044691,"population_weighted_distance_gridlight_km":5.210987518733084,"_label":"nga_8.375_6.625","_status_group":"unknown","_year":2025,"_year_label":"Source release year","_states":["Niger"]},"geometry":{"type":"Point","coordinates":[6.625,8.375]}},{"type":"Feature","properties":{"cell_id":"nga_8.375_6.875","population_estimate":77466.0,"settlement_count":60.0,"population_with_nightlight_signal":58876.0,"population_without_nightlight_signal":18590.0,"nightlight_population_share_pct":76.00237523558722,"total_buildings":16828.0,"modeled_demand":8500.9,"population_weighted_distance_transmission_km":0.6328378901711719,"population_weighted_distance_gridlight_km":1.021168241551132,"_label":"nga_8.375_6.875","_status_group":"unknown","_year":2025,"_year_label":"Source release year","_states":["Kogi"]},"geometry":{"type":"Point","coordinates":[6.875,8.375]}},{"type":"Feature","properties":{"cell_id":"nga_8.375_7.125","population_estimate":61970.0,"settlement_count":59.0,"population_with_nightlight_signal":27013.0,"population_without_nightlight_signal":34957.0,"nightlight_population_share_pct":43.590446990479265,"total_buildings":13658.0,"modeled_demand":6187.3,"population_weighted_distance_transmission_km":0.9406779086654832,"population_weighted_distance_gridlight_km":3.433294513474262,"_label":"nga_8.375_7.125","_status_group":"unknown","_year":2025,"_year_label":"Source release year","_states":["Nasarawa"]},"geometry":{"type":"Point","coordinates":[7.125,8.375]}},{"type":"Feature","properties":{"cell_id":"nga_8.375_7.375","population_estimate":78257.0,"settlement_count":76.0,"population_with_nightlight_signal":37207.0,"population_without_nightlight_signal":41050.0,"nightlight_population_share_pct":47.544628595525,"total_buildings":17099.0,"modeled_demand":6885.3,"population_weighted_distance_transmission_km":2.489027435245409,"population_weighted_distance_gridlight_km":3.436412934306196,"_label":"nga_8.375_7.375","_status_group":"unknown","_year":2025,"_year_label":"Source release year","_states":["Nasarawa"]},"geometry":{"type":"Point","coordinates":[7.375,8.375]}},{"type":"Feature","properties":{"cell_id":"nga_8.375_7.625","population_estimate":15218.0,"settlement_count":28.0,"population_with_nightlight_signal":0.0,"population_without_nightlight_signal":15218.0,"nightlight_population_share_pct":0.0,"total_buildings":3578.0,"modeled_demand":1360.9,"population_weighted_distance_transmission_km":8.724392824287028,"population_weighted_distance_gridlight_km":10.738566237350504,"_label":"nga_8.375_7.625","_status_group":"unknown","_year":2025,"_year_label":"Source release year","_states":["Nasarawa"]},"geometry":{"type":"Point","coordinates":[7.625,8.375]}},{"type":"Feature","properties":{"cell_id":"nga_8.375_7.875","population_estimate":60534.0,"settlement_count":37.0,"population_with_nightlight_signal":34046.0,"population_without_nightlight_signal":26488.0,"nightlight_population_share_pct":56.2427726566888,"total_buildings":13752.0,"modeled_demand":5732.799999999999,"population_weighted_distance_transmission_km":7.808415270756931,"population_weighted_distance_gridlight_km":2.398321158357287,"_label":"nga_8.375_7.875","_status_group":"unknown","_year":2025,"_year_label":"Source release year","_states":["Nasarawa"]},"geometry":{"type":"Point","coordinates":[7.875,8.375]}},{"type":"Feature","properties":{"cell_id":"nga_8.375_8.125","population_estimate":38264.0,"settlement_count":77.0,"population_with_nightlight_signal":12699.0,"population_without_nightlight_signal":25565.0,"nightlight_population_share_pct":33.18785281204265,"total_buildings":8997.0,"modeled_demand":3229.6,"population_weighted_distance_transmission_km":17.924885532092826,"population_weighted_distance_gridlight_km":5.363431632866402,"_label":"nga_8.375_8.125","_status_group":"unknown","_year":2025,"_year_label":"Source release year","_states":["Nasarawa"]},"geometry":{"type":"Point","coordinates":[8.125,8.375]}},{"type":"Feature","properties":{"cell_id":"nga_8.375_8.375","population_estimate":183051.0,"settlement_count":100.0,"population_with_nightlight_signal":123378.0,"population_without_nightlight_signal":59673.0,"nightlight_population_share_pct":67.40088827703755,"total_buildings":39814.0,"modeled_demand":16984.099999999995,"population_weighted_distance_transmission_km":1.6887342325362873,"population_weighted_distance_gridlight_km":2.2051543012603045,"_label":"nga_8.375_8.375","_status_group":"unknown","_year":2025,"_year_label":"Source release year","_states":["Nasarawa"]},"geometry":{"type":"Point","coordinates":[8.375,8.375]}},{"type":"Feature","properties":{"cell_id":"nga_8.375_8.625","population_estimate":249778.0,"settlement_count":124.0,"population_with_nightlight_signal":143822.0,"population_without_nightlight_signal":105956.0,"nightlight_population_share_pct":57.57993097870909,"total_buildings":54686.0,"modeled_demand":22402.0,"population_weighted_distance_transmission_km":1.019850186966026,"population_weighted_distance_gridlight_km":1.5015322686545656,"_label":"nga_8.375_8.625","_status_group":"unknown","_year":2025,"_year_label":"Source release year","_states":["Nasarawa"]},"geometry":{"type":"Point","coordinates":[8.625,8.375]}},{"type":"Feature","properties":{"cell_id":"nga_8.375_8.875","population_estimate":67004.0,"settlement_count":91.0,"population_with_nightlight_signal":33611.0,"population_without_nightlight_signal":33393.0,"nightlight_population_share_pct":50.162676855113126,"total_buildings":15104.0,"modeled_demand":5862.200000000001,"population_weighted_distance_transmission_km":1.5897353889320038,"population_weighted_distance_gridlight_km":2.5440111336636617,"_label":"nga_8.375_8.875","_status_group":"unknown","_year":2025,"_year_label":"Source release year","_states":["Nasarawa"]},"geometry":{"type":"Point","coordinates":[8.875,8.375]}},{"type":"Feature","properties":{"cell_id":"nga_8.375_9.125","population_estimate":62011.0,"settlement_count":72.0,"population_with_nightlight_signal":22451.0,"population_without_nightlight_signal":39560.0,"nightlight_population_share_pct":36.20486687845705,"total_buildings":14180.0,"modeled_demand":5155.0,"population_weighted_distance_transmission_km":4.847439970327844,"population_weighted_distance_gridlight_km":6.287723049136443,"_label":"nga_8.375_9.125","_status_group":"unknown","_year":2025,"_year_label":"Source release year","_states":["Nasarawa"]},"geometry":{"type":"Point","coordinates":[9.125,8.375]}},{"type":"Feature","properties":{"cell_id":"nga_8.375_9.375","population_estimate":21499.0,"settlement_count":64.0,"population_with_nightlight_signal":0.0,"population_without_nightlight_signal":21499.0,"nightlight_population_share_pct":0.0,"total_buildings":5004.0,"modeled_demand":1779.6,"population_weighted_distance_transmission_km":7.62198753430392,"population_weighted_distance_gridlight_km":12.038569514861155,"_label":"nga_8.375_9.375","_status_group":"unknown","_year":2025,"_year_label":"Source release year","_states":["Nasarawa"]},"geometry":{"type":"Point","coordinates":[9.375,8.375]}},{"type":"Feature","properties":{"cell_id":"nga_8.375_9.625","population_estimate":62993.0,"settlement_count":100.0,"population_with_nightlight_signal":0.0,"population_without_nightlight_signal":62993.0,"nightlight_population_share_pct":0.0,"total_buildings":14223.0,"modeled_demand":5026.400000000001,"population_weighted_distance_transmission_km":7.246704078230915,"population_weighted_distance_gridlight_km":23.14140980743893,"_label":"nga_8.375_9.625","_status_group":"unknown","_year":2025,"_year_label":"Source release year","_states":["Plateau","Taraba"]},"geometry":{"type":"Point","coordinates":[9.625,8.375]}},{"type":"Feature","properties":{"cell_id":"nga_8.375_9.875","population_estimate":22155.0,"settlement_count":35.0,"population_with_nightlight_signal":0.0,"population_without_nightlight_signal":22155.0,"nightlight_population_share_pct":0.0,"total_buildings":5027.0,"modeled_demand":1730.9,"population_weighted_distance_transmission_km":21.476735274204465,"population_weighted_distance_gridlight_km":26.22421868652674,"_label":"nga_8.375_9.875","_status_group":"unknown","_year":2025,"_year_label":"Source release year","_states":["Taraba"]},"geometry":{"type":"Point","coordinates":[9.875,8.375]}},{"type":"Feature","properties":{"cell_id":"nga_8.375_10.125","population_estimate":29289.0,"settlement_count":27.0,"population_with_nightlight_signal":0.0,"population_without_nightlight_signal":29289.0,"nightlight_population_share_pct":0.0,"total_buildings":6887.0,"modeled_demand":2371.3,"population_weighted_distance_transmission_km":8.913394448427738,"population_weighted_distance_gridlight_km":24.527541909932054,"_label":"nga_8.375_10.125","_status_group":"unknown","_year":2025,"_year_label":"Source release year","_states":["Taraba"]},"geometry":{"type":"Point","coordinates":[10.125,8.375]}},{"type":"Feature","properties":{"cell_id":"nga_8.375_10.375","population_estimate":47390.0,"settlement_count":54.0,"population_with_nightlight_signal":19319.0,"population_without_nightlight_signal":28071.0,"nightlight_population_share_pct":40.765984384891325,"total_buildings":10747.0,"modeled_demand":3754.5,"population_weighted_distance_transmission_km":2.7219417598649502,"population_weighted_distance_gridlight_km":3.206455117113315,"_label":"nga_8.375_10.375","_status_group":"unknown","_year":2025,"_year_label":"Source release year","_states":["Taraba"]},"geometry":{"type":"Point","coordinates":[10.375,8.375]}},{"type":"Feature","properties":{"cell_id":"nga_8.375_10.625","population_estimate":111108.0,"settlement_count":90.0,"population_with_nightlight_signal":62481.0,"population_without_nightlight_signal":48627.0,"nightlight_population_share_pct":56.234474565287826,"total_buildings":24551.0,"modeled_demand":8618.699999999999,"population_weighted_distance_transmission_km":3.337107499009972,"population_weighted_distance_gridlight_km":4.139310580696259,"_label":"nga_8.375_10.625","_status_group":"unknown","_year":2025,"_year_label":"Source release year","_states":["Taraba"]},"geometry":{"type":"Point","coordinates":[10.625,8.375]}},{"type":"Feature","properties":{"cell_id":"nga_8.375_10.875","population_estimate":24539.0,"settlement_count":68.0,"population_with_nightlight_signal":0.0,"population_without_nightlight_signal":24539.0,"nightlight_population_share_pct":0.0,"total_buildings":5770.0,"modeled_demand":1945.4000000000003,"population_weighted_distance_transmission_km":7.280661396144912,"population_weighted_distance_gridlight_km":29.89701169566812,"_label":"nga_8.375_10.875","_status_group":"unknown","_year":2025,"_year_label":"Source release year","_states":["Taraba"]},"geometry":{"type":"Point","coordinates":[10.875,8.375]}},{"type":"Feature","properties":{"cell_id":"nga_8.375_11.125","population_estimate":92119.0,"settlement_count":89.0,"population_with_nightlight_signal":0.0,"population_without_nightlight_signal":92119.0,"nightlight_population_share_pct":0.0,"total_buildings":20697.0,"modeled_demand":7167.1,"population_weighted_distance_transmission_km":0.9025908878732942,"population_weighted_distance_gridlight_km":22.786043118140668,"_label":"nga_8.375_11.125","_status_group":"unknown","_year":2025,"_year_label":"Source release year","_states":["Taraba"]},"geometry":{"type":"Point","coordinates":[11.125,8.375]}},{"type":"Feature","properties":{"cell_id":"nga_8.375_11.375","population_estimate":22298.0,"settlement_count":49.0,"population_with_nightlight_signal":0.0,"population_without_nightlight_signal":22298.0,"nightlight_population_share_pct":0.0,"total_buildings":5243.0,"modeled_demand":1804.9,"population_weighted_distance_transmission_km":11.006379944389632,"population_weighted_distance_gridlight_km":23.857391156157504,"_label":"nga_8.375_11.375","_status_group":"unknown","_year":2025,"_year_label":"Source release year","_states":["Taraba"]},"geometry":{"type":"Point","coordinates":[11.375,8.375]}},{"type":"Feature","properties":{"cell_id":"nga_8.375_11.625","population_estimate":3696.0,"settlement_count":17.0,"population_with_nightlight_signal":0.0,"population_without_nightlight_signal":3696.0,"nightlight_population_share_pct":0.0,"total_buildings":869.0,"modeled_demand":295.30000000000007,"population_weighted_distance_transmission_km":25.429688852813857,"population_weighted_distance_gridlight_km":36.76896996753247,"_label":"nga_8.375_11.625","_status_group":"unknown","_year":2025,"_year_label":"Source release year","_states":["Adamawa"]},"geometry":{"type":"Point","coordinates":[11.625,8.375]}},{"type":"Feature","properties":{"cell_id":"nga_8.375_11.875","population_estimate":55039.0,"settlement_count":129.0,"population_with_nightlight_signal":0.0,"population_without_nightlight_signal":55039.0,"nightlight_population_share_pct":0.0,"total_buildings":12808.0,"modeled_demand":4358.7,"population_weighted_distance_transmission_km":5.763735351296353,"population_weighted_distance_gridlight_km":8.943773142680644,"_label":"nga_8.375_11.875","_status_group":"unknown","_year":2025,"_year_label":"Source release year","_states":["Adamawa"]},"geometry":{"type":"Point","coordinates":[11.875,8.375]}},{"type":"Feature","properties":{"cell_id":"nga_8.375_12.125","population_estimate":243555.0,"settlement_count":182.0,"population_with_nightlight_signal":169613.0,"population_without_nightlight_signal":73942.0,"nightlight_population_share_pct":69.64053293917185,"total_buildings":52937.0,"modeled_demand":19197.0,"population_weighted_distance_transmission_km":1.5710196875449076,"population_weighted_distance_gridlight_km":1.5060246145634455,"_label":"nga_8.375_12.125","_status_group":"unknown","_year":2025,"_year_label":"Source release year","_states":["Adamawa"]},"geometry":{"type":"Point","coordinates":[12.125,8.375]}},{"type":"Feature","properties":{"cell_id":"nga_8.375_12.375","population_estimate":5622.0,"settlement_count":14.0,"population_with_nightlight_signal":0.0,"population_without_nightlight_signal":5622.0,"nightlight_population_share_pct":0.0,"total_buildings":1322.0,"modeled_demand":450.5,"population_weighted_distance_transmission_km":14.680209889718958,"population_weighted_distance_gridlight_km":13.591344361437208,"_label":"nga_8.375_12.375","_status_group":"unknown","_year":2025,"_year_label":"Source release year","_states":[]},"geometry":{"type":"Point","coordinates":[12.375,8.375]}},{"type":"Feature","properties":{"cell_id":"nga_8.625_2.875","population_estimate":17821.0,"settlement_count":44.0,"population_with_nightlight_signal":0.0,"population_without_nightlight_signal":17821.0,"nightlight_population_share_pct":0.0,"total_buildings":4190.0,"modeled_demand":1600.5,"population_weighted_distance_transmission_km":54.02784131081308,"population_weighted_distance_gridlight_km":26.460231131810783,"_label":"nga_8.625_2.875","_status_group":"unknown","_year":2025,"_year_label":"Source release year","_states":["Kwara"]},"geometry":{"type":"Point","coordinates":[2.875,8.625]}},{"type":"Feature","properties":{"cell_id":"nga_8.625_3.125","population_estimate":13300.0,"settlement_count":51.0,"population_with_nightlight_signal":0.0,"population_without_nightlight_signal":13300.0,"nightlight_population_share_pct":0.0,"total_buildings":3128.0,"modeled_demand":1137.6,"population_weighted_distance_transmission_km":24.369426315789465,"population_weighted_distance_gridlight_km":20.77287887218045,"_label":"nga_8.625_3.125","_status_group":"unknown","_year":2025,"_year_label":"Source release year","_states":["Oyo"]},"geometry":{"type":"Point","coordinates":[3.125,8.625]}},{"type":"Feature","properties":{"cell_id":"nga_8.625_3.375","population_estimate":387130.0,"settlement_count":108.0,"population_with_nightlight_signal":329420.0,"population_without_nightlight_signal":57710.0,"nightlight_population_share_pct":85.09286286260429,"total_buildings":81896.0,"modeled_demand":49634.3,"population_weighted_distance_transmission_km":0.1827563867434712,"population_weighted_distance_gridlight_km":0.7902525895693956,"_label":"nga_8.625_3.375","_status_group":"unknown","_year":2025,"_year_label":"Source release year","_states":["Oyo"]},"geometry":{"type":"Point","coordinates":[3.375,8.625]}},{"type":"Feature","properties":{"cell_id":"nga_8.625_3.625","population_estimate":51006.0,"settlement_count":100.0,"population_with_nightlight_signal":20775.0,"population_without_nightlight_signal":30231.0,"nightlight_population_share_pct":40.730502293847785,"total_buildings":11740.0,"modeled_demand":6001.099999999999,"population_weighted_distance_transmission_km":2.229052464415951,"population_weighted_distance_gridlight_km":4.2089199701995845,"_label":"nga_8.625_3.625","_status_group":"unknown","_year":2025,"_year_label":"Source release year","_states":["Oyo"]},"geometry":{"type":"Point","coordinates":[3.625,8.625]}},{"type":"Feature","properties":{"cell_id":"nga_8.625_3.875","population_estimate":2923.0,"settlement_count":15.0,"population_with_nightlight_signal":0.0,"population_without_nightlight_signal":2923.0,"nightlight_population_share_pct":0.0,"total_buildings":687.0,"modeled_demand":230.8,"population_weighted_distance_transmission_km":12.471792678754705,"population_weighted_distance_gridlight_km":15.051625042764284,"_label":"nga_8.625_3.875","_status_group":"unknown","_year":2025,"_year_label":"Source release year","_states":["Oyo"]},"geometry":{"type":"Point","coordinates":[3.875,8.625]}},{"type":"Feature","properties":{"cell_id":"nga_8.625_4.125","population_estimate":13886.0,"settlement_count":62.0,"population_with_nightlight_signal":2604.0,"population_without_nightlight_signal":11282.0,"nightlight_population_share_pct":18.752700561716836,"total_buildings":3259.0,"modeled_demand":1413.6,"population_weighted_distance_transmission_km":2.826839982716405,"population_weighted_distance_gridlight_km":7.233991646262423,"_label":"nga_8.625_4.125","_status_group":"unknown","_year":2025,"_year_label":"Source release year","_states":["Oyo"]},"geometry":{"type":"Point","coordinates":[4.125,8.625]}},{"type":"Feature","properties":{"cell_id":"nga_8.625_4.375","population_estimate":39555.0,"settlement_count":107.0,"population_with_nightlight_signal":20489.0,"population_without_nightlight_signal":19066.0,"nightlight_population_share_pct":51.79876121855644,"total_buildings":9029.0,"modeled_demand":4992.000000000001,"population_weighted_distance_transmission_km":0.8140528378207559,"population_weighted_distance_gridlight_km":1.9976403488813048,"_label":"nga_8.625_4.375","_status_group":"unknown","_year":2025,"_year_label":"Source release year","_states":["Kwara"]},"geometry":{"type":"Point","coordinates":[4.375,8.625]}},{"type":"Feature","properties":{"cell_id":"nga_8.625_4.625","population_estimate":93986.0,"settlement_count":179.0,"population_with_nightlight_signal":54780.0,"population_without_nightlight_signal":39206.0,"nightlight_population_share_pct":58.2852765305471,"total_buildings":21498.0,"modeled_demand":11604.1,"population_weighted_distance_transmission_km":0.7677244483220906,"population_weighted_distance_gridlight_km":1.2332170642436109,"_label":"nga_8.625_4.625","_status_group":"unknown","_year":2025,"_year_label":"Source release year","_states":["Kwara"]},"geometry":{"type":"Point","coordinates":[4.625,8.625]}},{"type":"Feature","properties":{"cell_id":"nga_8.625_4.875","population_estimate":28416.0,"settlement_count":95.0,"population_with_nightlight_signal":2887.0,"population_without_nightlight_signal":25529.0,"nightlight_population_share_pct":10.159769144144144,"total_buildings":6681.0,"modeled_demand":3118.5000000000005,"population_weighted_distance_transmission_km":3.442337063626126,"population_weighted_distance_gridlight_km":6.82871748310811,"_label":"nga_8.625_4.875","_status_group":"unknown","_year":2025,"_year_label":"Source release year","_states":["Kwara"]},"geometry":{"type":"Point","coordinates":[4.875,8.625]}},{"type":"Feature","properties":{"cell_id":"nga_8.625_5.125","population_estimate":27435.0,"settlement_count":73.0,"population_with_nightlight_signal":8857.0,"population_without_nightlight_signal":18578.0,"nightlight_population_share_pct":32.283579369418625,"total_buildings":6274.0,"modeled_demand":3036.3999999999996,"population_weighted_distance_transmission_km":1.5526057955166754,"population_weighted_distance_gridlight_km":7.87540688901039,"_label":"nga_8.625_5.125","_status_group":"unknown","_year":2025,"_year_label":"Source release year","_states":["Kwara"]},"geometry":{"type":"Point","coordinates":[5.125,8.625]}},{"type":"Feature","properties":{"cell_id":"nga_8.625_5.375","population_estimate":12698.0,"settlement_count":43.0,"population_with_nightlight_signal":0.0,"population_without_nightlight_signal":12698.0,"nightlight_population_share_pct":0.0,"total_buildings":2986.0,"modeled_demand":1085.2,"population_weighted_distance_transmission_km":4.607983146952275,"population_weighted_distance_gridlight_km":13.986340604819658,"_label":"nga_8.625_5.375","_status_group":"unknown","_year":2025,"_year_label":"Source release year","_states":["Kwara"]},"geometry":{"type":"Point","coordinates":[5.375,8.625]}},{"type":"Feature","properties":{"cell_id":"nga_8.625_5.625","population_estimate":21177.0,"settlement_count":44.0,"population_with_nightlight_signal":238.0,"population_without_nightlight_signal":20939.0,"nightlight_population_share_pct":1.1238607923690798,"total_buildings":4980.0,"modeled_demand":1953.3,"population_weighted_distance_transmission_km":3.123602493271002,"population_weighted_distance_gridlight_km":6.097790480237993,"_label":"nga_8.625_5.625","_status_group":"unknown","_year":2025,"_year_label":"Source release year","_states":["Kwara"]},"geometry":{"type":"Point","coordinates":[5.625,8.625]}},{"type":"Feature","properties":{"cell_id":"nga_8.625_5.875","population_estimate":64313.0,"settlement_count":62.0,"population_with_nightlight_signal":37994.0,"population_without_nightlight_signal":26319.0,"nightlight_population_share_pct":59.07670299939359,"total_buildings":14147.0,"modeled_demand":6398.299999999999,"population_weighted_distance_transmission_km":1.9557820347363677,"population_weighted_distance_gridlight_km":5.3234013030025045,"_label":"nga_8.625_5.875","_status_group":"unknown","_year":2025,"_year_label":"Source release year","_states":["Kwara"]},"geometry":{"type":"Point","coordinates":[5.875,8.625]}},{"type":"Feature","properties":{"cell_id":"nga_8.625_6.125","population_estimate":30807.0,"settlement_count":58.0,"population_with_nightlight_signal":0.0,"population_without_nightlight_signal":30807.0,"nightlight_population_share_pct":0.0,"total_buildings":7130.0,"modeled_demand":2841.6,"population_weighted_distance_transmission_km":6.129768559093713,"population_weighted_distance_gridlight_km":20.49613444996267,"_label":"nga_8.625_6.125","_status_group":"unknown","_year":2025,"_year_label":"Source release year","_states":["Kwara"]},"geometry":{"type":"Point","coordinates":[6.125,8.625]}},{"type":"Feature","properties":{"cell_id":"nga_8.625_6.375","population_estimate":34268.0,"settlement_count":72.0,"population_with_nightlight_signal":3913.0,"population_without_nightlight_signal":30355.0,"nightlight_population_share_pct":11.418816388467375,"total_buildings":8057.0,"modeled_demand":3227.8,"population_weighted_distance_transmission_km":5.997000992179292,"population_weighted_distance_gridlight_km":7.819073275358936,"_label":"nga_8.625_6.375","_status_group":"unknown","_year":2025,"_year_label":"Source release year","_states":["Kogi"]},"geometry":{"type":"Point","coordinates":[6.375,8.625]}},{"type":"Feature","properties":{"cell_id":"nga_8.625_6.625","population_estimate":46156.0,"settlement_count":46.0,"population_with_nightlight_signal":23185.0,"population_without_nightlight_signal":22971.0,"nightlight_population_share_pct":50.2318225149493,"total_buildings":10492.0,"modeled_demand":4373.8,"population_weighted_distance_transmission_km":0.607665958921917,"population_weighted_distance_gridlight_km":2.1040989037178264,"_label":"nga_8.625_6.625","_status_group":"unknown","_year":2025,"_year_label":"Source release year","_states":["Niger"]},"geometry":{"type":"Point","coordinates":[6.625,8.625]}},{"type":"Feature","properties":{"cell_id":"nga_8.625_6.875","population_estimate":77684.0,"settlement_count":115.0,"population_with_nightlight_signal":40259.0,"population_without_nightlight_signal":37425.0,"nightlight_population_share_pct":51.82405643375727,"total_buildings":17517.0,"modeled_demand":6821.6,"population_weighted_distance_transmission_km":2.0323146336439937,"population_weighted_distance_gridlight_km":3.223844678440863,"_label":"nga_8.625_6.875","_status_group":"unknown","_year":2025,"_year_label":"Source release year","_states":["Abuja Federal Capital Territory"]},"geometry":{"type":"Point","coordinates":[6.875,8.625]}},{"type":"Feature","properties":{"cell_id":"nga_8.625_7.125","population_estimate":44772.0,"settlement_count":48.0,"population_with_nightlight_signal":3547.0,"population_without_nightlight_signal":41225.0,"nightlight_population_share_pct":7.922362190654874,"total_buildings":9913.0,"modeled_demand":4019.1,"population_weighted_distance_transmission_km":7.678653846153846,"population_weighted_distance_gridlight_km":7.487683663897079,"_label":"nga_8.625_7.125","_status_group":"unknown","_year":2025,"_year_label":"Source release year","_states":["Abuja Federal Capital Territory"]},"geometry":{"type":"Point","coordinates":[7.125,8.625]}},{"type":"Feature","properties":{"cell_id":"nga_8.625_7.375","population_estimate":24735.0,"settlement_count":46.0,"population_with_nightlight_signal":0.0,"population_without_nightlight_signal":24735.0,"nightlight_population_share_pct":0.0,"total_buildings":5718.0,"modeled_demand":2095.8,"population_weighted_distance_transmission_km":10.94798746715181,"population_weighted_distance_gridlight_km":10.724597210430565,"_label":"nga_8.625_7.375","_status_group":"unknown","_year":2025,"_year_label":"Source release year","_states":["Abuja Federal Capital Territory"]},"geometry":{"type":"Point","coordinates":[7.375,8.625]}},{"type":"Feature","properties":{"cell_id":"nga_8.625_7.625","population_estimate":216452.0,"settlement_count":153.0,"population_with_nightlight_signal":140735.0,"population_without_nightlight_signal":75717.0,"nightlight_population_share_pct":65.01903424315783,"total_buildings":47846.0,"modeled_demand":21237.5,"population_weighted_distance_transmission_km":3.462725685140355,"population_weighted_distance_gridlight_km":2.0263421035610665,"_label":"nga_8.625_7.625","_status_group":"unknown","_year":2025,"_year_label":"Source release year","_states":["Nasarawa"]},"geometry":{"type":"Point","coordinates":[7.625,8.625]}},{"type":"Feature","properties":{"cell_id":"nga_8.625_7.875","population_estimate":86986.0,"settlement_count":138.0,"population_with_nightlight_signal":57454.0,"population_without_nightlight_signal":29532.0,"nightlight_population_share_pct":66.04970914859862,"total_buildings":20305.0,"modeled_demand":8746.1,"population_weighted_distance_transmission_km":7.540260156806842,"population_weighted_distance_gridlight_km":1.4752993815096682,"_label":"nga_8.625_7.875","_status_group":"unknown","_year":2025,"_year_label":"Source release year","_states":["Nasarawa"]},"geometry":{"type":"Point","coordinates":[7.875,8.625]}},{"type":"Feature","properties":{"cell_id":"nga_8.625_8.125","population_estimate":49674.0,"settlement_count":94.0,"population_with_nightlight_signal":5082.0,"population_without_nightlight_signal":44592.0,"nightlight_population_share_pct":10.230704191327456,"total_buildings":11680.0,"modeled_demand":4276.899999999999,"population_weighted_distance_transmission_km":4.79946410597093,"population_weighted_distance_gridlight_km":8.911608608124974,"_label":"nga_8.625_8.125","_status_group":"unknown","_year":2025,"_year_label":"Source release year","_states":["Nasarawa"]},"geometry":{"type":"Point","coordinates":[8.125,8.625]}},{"type":"Feature","properties":{"cell_id":"nga_8.625_8.375","population_estimate":130692.0,"settlement_count":271.0,"population_with_nightlight_signal":25074.0,"population_without_nightlight_signal":105618.0,"nightlight_population_share_pct":19.18556606372234,"total_buildings":30730.0,"modeled_demand":11954.3,"population_weighted_distance_transmission_km":4.987493725706241,"population_weighted_distance_gridlight_km":3.582396971505525,"_label":"nga_8.625_8.375","_status_group":"unknown","_year":2025,"_year_label":"Source release year","_states":["Nasarawa"]},"geometry":{"type":"Point","coordinates":[8.375,8.625]}},{"type":"Feature","properties":{"cell_id":"nga_8.625_8.625","population_estimate":711057.0,"settlement_count":180.0,"population_with_nightlight_signal":613819.0,"population_without_nightlight_signal":97238.0,"nightlight_population_share_pct":86.32486565774614,"total_buildings":152472.0,"modeled_demand":70747.9,"population_weighted_distance_transmission_km":0.7133084126870278,"population_weighted_distance_gridlight_km":0.4548683059164032,"_label":"nga_8.625_8.625","_status_group":"unknown","_year":2025,"_year_label":"Source release year","_states":["Nasarawa"]},"geometry":{"type":"Point","coordinates":[8.625,8.625]}},{"type":"Feature","properties":{"cell_id":"nga_8.625_8.875","population_estimate":70935.0,"settlement_count":61.0,"population_with_nightlight_signal":28869.0,"population_without_nightlight_signal":42066.0,"nightlight_population_share_pct":40.69782194967223,"total_buildings":16322.0,"modeled_demand":6094.799999999998,"population_weighted_distance_transmission_km":4.522858109536901,"population_weighted_distance_gridlight_km":3.758075548036936,"_label":"nga_8.625_8.875","_status_group":"unknown","_year":2025,"_year_label":"Source release year","_states":["Nasarawa"]},"geometry":{"type":"Point","coordinates":[8.875,8.625]}},{"type":"Feature","properties":{"cell_id":"nga_8.625_9.125","population_estimate":75193.0,"settlement_count":96.0,"population_with_nightlight_signal":0.0,"population_without_nightlight_signal":75193.0,"nightlight_population_share_pct":0.0,"total_buildings":16376.0,"modeled_demand":6165.5,"population_weighted_distance_transmission_km":3.803460960461745,"population_weighted_distance_gridlight_km":19.93448630856596,"_label":"nga_8.625_9.125","_status_group":"unknown","_year":2025,"_year_label":"Source release year","_states":["Plateau"]},"geometry":{"type":"Point","coordinates":[9.125,8.625]}},{"type":"Feature","properties":{"cell_id":"nga_8.625_9.375","population_estimate":62791.0,"settlement_count":155.0,"population_with_nightlight_signal":0.0,"population_without_nightlight_signal":62791.0,"nightlight_population_share_pct":0.0,"total_buildings":14357.0,"modeled_demand":5209.6,"population_weighted_distance_transmission_km":2.3392443184532814,"population_weighted_distance_gridlight_km":23.68065633609912,"_label":"nga_8.625_9.375","_status_group":"unknown","_year":2025,"_year_label":"Source release year","_states":["Plateau"]},"geometry":{"type":"Point","coordinates":[9.375,8.625]}},{"type":"Feature","properties":{"cell_id":"nga_8.625_9.625","population_estimate":91758.0,"settlement_count":86.0,"population_with_nightlight_signal":0.0,"population_without_nightlight_signal":91758.0,"nightlight_population_share_pct":0.0,"total_buildings":21369.0,"modeled_demand":7623.6,"population_weighted_distance_transmission_km":1.7382174851239127,"population_weighted_distance_gridlight_km":20.0420760696615,"_label":"nga_8.625_9.625","_status_group":"unknown","_year":2025,"_year_label":"Source release year","_states":["Plateau"]},"geometry":{"type":"Point","coordinates":[9.625,8.625]}},{"type":"Feature","properties":{"cell_id":"nga_8.625_9.875","population_estimate":70716.0,"settlement_count":39.0,"population_with_nightlight_signal":0.0,"population_without_nightlight_signal":70716.0,"nightlight_population_share_pct":0.0,"total_buildings":15667.0,"modeled_demand":5692.9,"population_weighted_distance_transmission_km":6.151664686916682,"population_weighted_distance_gridlight_km":21.043204762712826,"_label":"nga_8.625_9.875","_status_group":"unknown","_year":2025,"_year_label":"Source release year","_states":["Plateau"]},"geometry":{"type":"Point","coordinates":[9.875,8.625]}},{"type":"Feature","properties":{"cell_id":"nga_8.625_10.125","population_estimate":22266.0,"settlement_count":22.0,"population_with_nightlight_signal":0.0,"population_without_nightlight_signal":22266.0,"nightlight_population_share_pct":0.0,"total_buildings":4933.0,"modeled_demand":1733.4000000000003,"population_weighted_distance_transmission_km":19.81632668642774,"population_weighted_distance_gridlight_km":30.90205245666037,"_label":"nga_8.625_10.125","_status_group":"unknown","_year":2025,"_year_label":"Source release year","_states":["Taraba"]},"geometry":{"type":"Point","coordinates":[10.125,8.625]}},{"type":"Feature","properties":{"cell_id":"nga_8.625_10.375","population_estimate":42045.0,"settlement_count":38.0,"population_with_nightlight_signal":15666.0,"population_without_nightlight_signal":26379.0,"nightlight_population_share_pct":37.260078487335,"total_buildings":9658.0,"modeled_demand":3399.7,"population_weighted_distance_transmission_km":18.91799976215959,"population_weighted_distance_gridlight_km":7.240816292068024,"_label":"nga_8.625_10.375","_status_group":"unknown","_year":2025,"_year_label":"Source release year","_states":["Taraba"]},"geometry":{"type":"Point","coordinates":[10.375,8.625]}},{"type":"Feature","properties":{"cell_id":"nga_8.625_10.625","population_estimate":48630.0,"settlement_count":65.0,"population_with_nightlight_signal":0.0,"population_without_nightlight_signal":48630.0,"nightlight_population_share_pct":0.0,"total_buildings":11434.0,"modeled_demand":3906.6,"population_weighted_distance_transmission_km":3.401044417026527,"population_weighted_distance_gridlight_km":10.38456456919597,"_label":"nga_8.625_10.625","_status_group":"unknown","_year":2025,"_year_label":"Source release year","_states":["Taraba"]},"geometry":{"type":"Point","coordinates":[10.625,8.625]}},{"type":"Feature","properties":{"cell_id":"nga_8.625_10.875","population_estimate":179785.0,"settlement_count":157.0,"population_with_nightlight_signal":95052.0,"population_without_nightlight_signal":84733.0,"nightlight_population_share_pct":52.86981672553328,"total_buildings":39916.0,"modeled_demand":14146.1,"population_weighted_distance_transmission_km":1.62344188892288,"population_weighted_distance_gridlight_km":6.287268676474678,"_label":"nga_8.625_10.875","_status_group":"unknown","_year":2025,"_year_label":"Source release year","_states":["Taraba"]},"geometry":{"type":"Point","coordinates":[10.875,8.625]}},{"type":"Feature","properties":{"cell_id":"nga_8.625_11.125","population_estimate":55652.0,"settlement_count":153.0,"population_with_nightlight_signal":3449.0,"population_without_nightlight_signal":52203.0,"nightlight_population_share_pct":6.197441242003881,"total_buildings":13083.0,"modeled_demand":4447.799999999999,"population_weighted_distance_transmission_km":5.806370840221376,"population_weighted_distance_gridlight_km":11.953401099690936,"_label":"nga_8.625_11.125","_status_group":"unknown","_year":2025,"_year_label":"Source release year","_states":["Taraba"]},"geometry":{"type":"Point","coordinates":[11.125,8.625]}},{"type":"Feature","properties":{"cell_id":"nga_8.625_11.375","population_estimate":43905.0,"settlement_count":52.0,"population_with_nightlight_signal":0.0,"population_without_nightlight_signal":43905.0,"nightlight_population_share_pct":0.0,"total_buildings":10323.0,"modeled_demand":3624.1,"population_weighted_distance_transmission_km":1.4711385946930875,"population_weighted_distance_gridlight_km":7.99860350757317,"_label":"nga_8.625_11.375","_status_group":"unknown","_year":2025,"_year_label":"Source release year","_states":["Taraba"]},"geometry":{"type":"Point","coordinates":[11.375,8.625]}},{"type":"Feature","properties":{"cell_id":"nga_8.625_11.625","population_estimate":1995.0,"settlement_count":12.0,"population_with_nightlight_signal":0.0,"population_without_nightlight_signal":1995.0,"nightlight_population_share_pct":0.0,"total_buildings":469.0,"modeled_demand":161.5,"population_weighted_distance_transmission_km":14.557769423558897,"population_weighted_distance_gridlight_km":23.959007017543858,"_label":"nga_8.625_11.625","_status_group":"unknown","_year":2025,"_year_label":"Source release year","_states":["Taraba"]},"geometry":{"type":"Point","coordinates":[11.625,8.625]}},{"type":"Feature","properties":{"cell_id":"nga_8.625_11.875","population_estimate":73948.0,"settlement_count":229.0,"population_with_nightlight_signal":0.0,"population_without_nightlight_signal":73948.0,"nightlight_population_share_pct":0.0,"total_buildings":17386.0,"modeled_demand":5914.5,"population_weighted_distance_transmission_km":7.311471980310488,"population_weighted_distance_gridlight_km":9.67153862173419,"_label":"nga_8.625_11.875","_status_group":"unknown","_year":2025,"_year_label":"Source release year","_states":["Adamawa"]},"geometry":{"type":"Point","coordinates":[11.875,8.625]}},{"type":"Feature","properties":{"cell_id":"nga_8.625_12.125","population_estimate":126101.0,"settlement_count":265.0,"population_with_nightlight_signal":7337.0,"population_without_nightlight_signal":118764.0,"nightlight_population_share_pct":5.8183519559718,"total_buildings":29451.0,"modeled_demand":10035.2,"population_weighted_distance_transmission_km":5.5878052513461425,"population_weighted_distance_gridlight_km":6.899924631842729,"_label":"nga_8.625_12.125","_status_group":"unknown","_year":2025,"_year_label":"Source release year","_states":["Adamawa"]},"geometry":{"type":"Point","coordinates":[12.125,8.625]}},{"type":"Feature","properties":{"cell_id":"nga_8.625_12.375","population_estimate":113496.0,"settlement_count":261.0,"population_with_nightlight_signal":24257.0,"population_without_nightlight_signal":89239.0,"nightlight_population_share_pct":21.372559385352787,"total_buildings":25562.0,"modeled_demand":8749.400000000001,"population_weighted_distance_transmission_km":5.705417283428491,"population_weighted_distance_gridlight_km":6.202415512440967,"_label":"nga_8.625_12.375","_status_group":"unknown","_year":2025,"_year_label":"Source release year","_states":["Adamawa"]},"geometry":{"type":"Point","coordinates":[12.375,8.625]}},{"type":"Feature","properties":{"cell_id":"nga_8.625_12.625","population_estimate":23664.0,"settlement_count":39.0,"population_with_nightlight_signal":0.0,"population_without_nightlight_signal":23664.0,"nightlight_population_share_pct":0.0,"total_buildings":5391.0,"modeled_demand":1840.4,"population_weighted_distance_transmission_km":13.073528566599052,"population_weighted_distance_gridlight_km":23.941727349560512,"_label":"nga_8.625_12.625","_status_group":"unknown","_year":2025,"_year_label":"Source release year","_states":["Adamawa"]},"geometry":{"type":"Point","coordinates":[12.625,8.625]}},{"type":"Feature","properties":{"cell_id":"nga_8.875_2.625","population_estimate":285.0,"settlement_count":1.0,"population_with_nightlight_signal":0.0,"population_without_nightlight_signal":285.0,"nightlight_population_share_pct":0.0,"total_buildings":67.0,"modeled_demand":22.4,"population_weighted_distance_transmission_km":68.42,"population_weighted_distance_gridlight_km":11.589,"_label":"nga_8.875_2.625","_status_group":"unknown","_year":2025,"_year_label":"Source release year","_states":[]},"geometry":{"type":"Point","coordinates":[2.625,8.875]}},{"type":"Feature","properties":{"cell_id":"nga_8.875_2.875","population_estimate":16111.0,"settlement_count":45.0,"population_with_nightlight_signal":0.0,"population_without_nightlight_signal":16111.0,"nightlight_population_share_pct":0.0,"total_buildings":3789.0,"modeled_demand":1395.7000000000005,"population_weighted_distance_transmission_km":51.71958537645087,"population_weighted_distance_gridlight_km":11.365697846192043,"_label":"nga_8.875_2.875","_status_group":"unknown","_year":2025,"_year_label":"Source release year","_states":["Kwara"]},"geometry":{"type":"Point","coordinates":[2.875,8.875]}},{"type":"Feature","properties":{"cell_id":"nga_8.875_3.125","population_estimate":36494.0,"settlement_count":82.0,"population_with_nightlight_signal":6531.0,"population_without_nightlight_signal":29963.0,"nightlight_population_share_pct":17.896092508357537,"total_buildings":8360.0,"modeled_demand":3865.8,"population_weighted_distance_transmission_km":25.42886529292486,"population_weighted_distance_gridlight_km":6.743172631117443,"_label":"nga_8.875_3.125","_status_group":"unknown","_year":2025,"_year_label":"Source release year","_states":["Kwara"]},"geometry":{"type":"Point","coordinates":[3.125,8.875]}},{"type":"Feature","properties":{"cell_id":"nga_8.875_3.375","population_estimate":58778.0,"settlement_count":162.0,"population_with_nightlight_signal":20913.0,"population_without_nightlight_signal":37865.0,"nightlight_population_share_pct":35.5796386403076,"total_buildings":13333.0,"modeled_demand":5584.2,"population_weighted_distance_transmission_km":4.679961380108204,"population_weighted_distance_gridlight_km":5.776479124842629,"_label":"nga_8.875_3.375","_status_group":"unknown","_year":2025,"_year_label":"Source release year","_states":["Kwara"]},"geometry":{"type":"Point","coordinates":[3.375,8.875]}},{"type":"Feature","properties":{"cell_id":"nga_8.875_3.625","population_estimate":29742.0,"settlement_count":102.0,"population_with_nightlight_signal":11640.0,"population_without_nightlight_signal":18102.0,"nightlight_population_share_pct":39.13657454105306,"total_buildings":6840.0,"modeled_demand":2928.7,"population_weighted_distance_transmission_km":3.5273508842714008,"population_weighted_distance_gridlight_km":5.813980566202676,"_label":"nga_8.875_3.625","_status_group":"unknown","_year":2025,"_year_label":"Source release year","_states":["Oyo"]},"geometry":{"type":"Point","coordinates":[3.625,8.875]}},{"type":"Feature","properties":{"cell_id":"nga_8.875_3.875","population_estimate":92881.0,"settlement_count":67.0,"population_with_nightlight_signal":76931.0,"population_without_nightlight_signal":15950.0,"nightlight_population_share_pct":82.8274889374576,"total_buildings":19880.0,"modeled_demand":10795.1,"population_weighted_distance_transmission_km":0.4047091439583984,"population_weighted_distance_gridlight_km":1.3615661653082978,"_label":"nga_8.875_3.875","_status_group":"unknown","_year":2025,"_year_label":"Source release year","_states":["Oyo"]},"geometry":{"type":"Point","coordinates":[3.875,8.875]}},{"type":"Feature","properties":{"cell_id":"nga_8.875_4.125","population_estimate":53943.0,"settlement_count":45.0,"population_with_nightlight_signal":46768.0,"population_without_nightlight_signal":7175.0,"nightlight_population_share_pct":86.69892293717443,"total_buildings":11427.0,"modeled_demand":6642.800000000001,"population_weighted_distance_transmission_km":0.6289283132195096,"population_weighted_distance_gridlight_km":1.0822910294199437,"_label":"nga_8.875_4.125","_status_group":"unknown","_year":2025,"_year_label":"Source release year","_states":["Oyo"]},"geometry":{"type":"Point","coordinates":[4.125,8.875]}},{"type":"Feature","properties":{"cell_id":"nga_8.875_4.375","population_estimate":7593.0,"settlement_count":38.0,"population_with_nightlight_signal":0.0,"population_without_nightlight_signal":7593.0,"nightlight_population_share_pct":0.0,"total_buildings":1785.0,"modeled_demand":729.8,"population_weighted_distance_transmission_km":11.755253522981691,"population_weighted_distance_gridlight_km":13.926728038983278,"_label":"nga_8.875_4.375","_status_group":"unknown","_year":2025,"_year_label":"Source release year","_states":["Kwara"]},"geometry":{"type":"Point","coordinates":[4.375,8.875]}},{"type":"Feature","properties":{"cell_id":"nga_8.875_4.625","population_estimate":24571.0,"settlement_count":105.0,"population_with_nightlight_signal":3163.0,"population_without_nightlight_signal":21408.0,"nightlight_population_share_pct":12.872898945911848,"total_buildings":5778.0,"modeled_demand":2141.0999999999995,"population_weighted_distance_transmission_km":4.124273330348784,"population_weighted_distance_gridlight_km":8.117756094583045,"_label":"nga_8.875_4.625","_status_group":"unknown","_year":2025,"_year_label":"Source release year","_states":["Kwara"]},"geometry":{"type":"Point","coordinates":[4.625,8.875]}},{"type":"Feature","properties":{"cell_id":"nga_8.875_4.875","population_estimate":118786.0,"settlement_count":118.0,"population_with_nightlight_signal":70129.0,"population_without_nightlight_signal":48657.0,"nightlight_population_share_pct":59.038102133248024,"total_buildings":26503.0,"modeled_demand":12142.1,"population_weighted_distance_transmission_km":2.727346067718418,"population_weighted_distance_gridlight_km":2.0210477413163166,"_label":"nga_8.875_4.875","_status_group":"unknown","_year":2025,"_year_label":"Source release year","_states":["Kwara"]},"geometry":{"type":"Point","coordinates":[4.875,8.875]}},{"type":"Feature","properties":{"cell_id":"nga_8.875_5.125","population_estimate":93794.0,"settlement_count":106.0,"population_with_nightlight_signal":4333.0,"population_without_nightlight_signal":89461.0,"nightlight_population_share_pct":4.6196984881762155,"total_buildings":21752.0,"modeled_demand":8397.999999999998,"population_weighted_distance_transmission_km":3.698429856920485,"population_weighted_distance_gridlight_km":6.966386997036058,"_label":"nga_8.875_5.125","_status_group":"unknown","_year":2025,"_year_label":"Source release year","_states":["Kwara"]},"geometry":{"type":"Point","coordinates":[5.125,8.875]}},{"type":"Feature","properties":{"cell_id":"nga_8.875_5.375","population_estimate":97810.0,"settlement_count":74.0,"population_with_nightlight_signal":56395.0,"population_without_nightlight_signal":41415.0,"nightlight_population_share_pct":57.657703711276966,"total_buildings":21254.0,"modeled_demand":9879.000000000002,"population_weighted_distance_transmission_km":2.0108191391473262,"population_weighted_distance_gridlight_km":3.4797209998977614,"_label":"nga_8.875_5.375","_status_group":"unknown","_year":2025,"_year_label":"Source release year","_states":["Kwara"]},"geometry":{"type":"Point","coordinates":[5.375,8.875]}},{"type":"Feature","properties":{"cell_id":"nga_8.875_5.625","population_estimate":70318.0,"settlement_count":75.0,"population_with_nightlight_signal":25528.0,"population_without_nightlight_signal":44790.0,"nightlight_population_share_pct":36.30364913677863,"total_buildings":15749.0,"modeled_demand":6072.999999999998,"population_weighted_distance_transmission_km":2.7917260160982966,"population_weighted_distance_gridlight_km":4.070459569384796,"_label":"nga_8.875_5.625","_status_group":"unknown","_year":2025,"_year_label":"Source release year","_states":["Niger"]},"geometry":{"type":"Point","coordinates":[5.625,8.875]}},{"type":"Feature","properties":{"cell_id":"nga_8.875_5.875","population_estimate":139676.0,"settlement_count":124.0,"population_with_nightlight_signal":46690.0,"population_without_nightlight_signal":92986.0,"nightlight_population_share_pct":33.4273604627853,"total_buildings":32375.0,"modeled_demand":11925.7,"population_weighted_distance_transmission_km":1.2203571837681493,"population_weighted_distance_gridlight_km":2.6123457143675366,"_label":"nga_8.875_5.875","_status_group":"unknown","_year":2025,"_year_label":"Source release year","_states":["Niger"]},"geometry":{"type":"Point","coordinates":[5.875,8.875]}},{"type":"Feature","properties":{"cell_id":"nga_8.875_6.125","population_estimate":128751.0,"settlement_count":179.0,"population_with_nightlight_signal":13471.0,"population_without_nightlight_signal":115280.0,"nightlight_population_share_pct":10.462831356649655,"total_buildings":29943.0,"modeled_demand":10762.3,"population_weighted_distance_transmission_km":2.1297879628119394,"population_weighted_distance_gridlight_km":3.634941988800087,"_label":"nga_8.875_6.125","_status_group":"unknown","_year":2025,"_year_label":"Source release year","_states":["Niger"]},"geometry":{"type":"Point","coordinates":[6.125,8.875]}},{"type":"Feature","properties":{"cell_id":"nga_8.875_6.375","population_estimate":111911.0,"settlement_count":136.0,"population_with_nightlight_signal":32956.0,"population_without_nightlight_signal":78955.0,"nightlight_population_share_pct":29.448400961478317,"total_buildings":25456.0,"modeled_demand":9501.8,"population_weighted_distance_transmission_km":1.2480562232488317,"population_weighted_distance_gridlight_km":4.098419842553457,"_label":"nga_8.875_6.375","_status_group":"unknown","_year":2025,"_year_label":"Source release year","_states":["Niger"]},"geometry":{"type":"Point","coordinates":[6.375,8.875]}},{"type":"Feature","properties":{"cell_id":"nga_8.875_6.625","population_estimate":45113.0,"settlement_count":63.0,"population_with_nightlight_signal":7293.0,"population_without_nightlight_signal":37820.0,"nightlight_population_share_pct":16.16607186398599,"total_buildings":10609.0,"modeled_demand":3873.9,"population_weighted_distance_transmission_km":3.683072063485027,"population_weighted_distance_gridlight_km":6.521985015405759,"_label":"nga_8.875_6.625","_status_group":"unknown","_year":2025,"_year_label":"Source release year","_states":["Niger"]},"geometry":{"type":"Point","coordinates":[6.625,8.875]}},{"type":"Feature","properties":{"cell_id":"nga_8.875_6.875","population_estimate":66355.0,"settlement_count":110.0,"population_with_nightlight_signal":21485.0,"population_without_nightlight_signal":44870.0,"nightlight_population_share_pct":32.37887122296737,"total_buildings":15043.0,"modeled_demand":5612.500000000001,"population_weighted_distance_transmission_km":5.070804008740862,"population_weighted_distance_gridlight_km":7.344817195388441,"_label":"nga_8.875_6.875","_status_group":"unknown","_year":2025,"_year_label":"Source release year","_states":["Abuja Federal Capital Territory"]},"geometry":{"type":"Point","coordinates":[6.875,8.875]}},{"type":"Feature","properties":{"cell_id":"nga_8.875_7.125","population_estimate":696778.0,"settlement_count":209.0,"population_with_nightlight_signal":634525.0,"population_without_nightlight_signal":62253.0,"nightlight_population_share_pct":91.065590475015,"total_buildings":149409.0,"modeled_demand":71247.20000000001,"population_weighted_distance_transmission_km":0.2153872969582851,"population_weighted_distance_gridlight_km":0.200378698810812,"_label":"nga_8.875_7.125","_status_group":"unknown","_year":2025,"_year_label":"Source release year","_states":["Abuja Federal Capital Territory"]},"geometry":{"type":"Point","coordinates":[7.125,8.875]}},{"type":"Feature","properties":{"cell_id":"nga_8.875_7.375","population_estimate":676156.0,"settlement_count":206.0,"population_with_nightlight_signal":607060.0,"population_without_nightlight_signal":69096.0,"nightlight_population_share_pct":89.78105644259608,"total_buildings":148019.0,"modeled_demand":71662.70000000001,"population_weighted_distance_transmission_km":0.3830974656736019,"population_weighted_distance_gridlight_km":0.2179571223208845,"_label":"nga_8.875_7.375","_status_group":"unknown","_year":2025,"_year_label":"Source release year","_states":["Abuja Federal Capital Territory"]},"geometry":{"type":"Point","coordinates":[7.375,8.875]}},{"type":"Feature","properties":{"cell_id":"nga_8.875_7.625","population_estimate":257102.0,"settlement_count":214.0,"population_with_nightlight_signal":178616.0,"population_without_nightlight_signal":78486.0,"nightlight_population_share_pct":69.47281623635756,"total_buildings":59671.0,"modeled_demand":26777.5,"population_weighted_distance_transmission_km":0.57415337103562,"population_weighted_distance_gridlight_km":0.5917264626490654,"_label":"nga_8.875_7.625","_status_group":"unknown","_year":2025,"_year_label":"Source release year","_states":["Nasarawa"]},"geometry":{"type":"Point","coordinates":[7.625,8.875]}},{"type":"Feature","properties":{"cell_id":"nga_8.875_7.875","population_estimate":433682.0,"settlement_count":273.0,"population_with_nightlight_signal":362418.0,"population_without_nightlight_signal":71264.0,"nightlight_population_share_pct":83.56768323333687,"total_buildings":94106.0,"modeled_demand":42769.6,"population_weighted_distance_transmission_km":0.4828165107152246,"population_weighted_distance_gridlight_km":0.449046342711941,"_label":"nga_8.875_7.875","_status_group":"unknown","_year":2025,"_year_label":"Source release year","_states":["Nasarawa"]},"geometry":{"type":"Point","coordinates":[7.875,8.875]}},{"type":"Feature","properties":{"cell_id":"nga_8.875_8.125","population_estimate":106282.0,"settlement_count":176.0,"population_with_nightlight_signal":48378.0,"population_without_nightlight_signal":57904.0,"nightlight_population_share_pct":45.51852618505485,"total_buildings":24572.0,"modeled_demand":9784.4,"population_weighted_distance_transmission_km":2.05612286182044,"population_weighted_distance_gridlight_km":2.981627142884025,"_label":"nga_8.875_8.125","_status_group":"unknown","_year":2025,"_year_label":"Source release year","_states":["Nasarawa"]},"geometry":{"type":"Point","coordinates":[8.125,8.875]}},{"type":"Feature","properties":{"cell_id":"nga_8.875_8.375","population_estimate":194745.0,"settlement_count":170.0,"population_with_nightlight_signal":142509.0,"population_without_nightlight_signal":52236.0,"nightlight_population_share_pct":73.17723176461527,"total_buildings":42932.0,"modeled_demand":20267.199999999997,"population_weighted_distance_transmission_km":0.6817928573262472,"population_weighted_distance_gridlight_km":0.8261515777041771,"_label":"nga_8.875_8.375","_status_group":"unknown","_year":2025,"_year_label":"Source release year","_states":["Nasarawa"]},"geometry":{"type":"Point","coordinates":[8.375,8.875]}},{"type":"Feature","properties":{"cell_id":"nga_8.875_8.625","population_estimate":90403.0,"settlement_count":103.0,"population_with_nightlight_signal":29558.0,"population_without_nightlight_signal":60845.0,"nightlight_population_share_pct":32.69581761667202,"total_buildings":20360.0,"modeled_demand":8409.5,"population_weighted_distance_transmission_km":2.4843670010950967,"population_weighted_distance_gridlight_km":5.9719697797639455,"_label":"nga_8.875_8.625","_status_group":"unknown","_year":2025,"_year_label":"Source release year","_states":["Nasarawa"]},"geometry":{"type":"Point","coordinates":[8.625,8.875]}},{"type":"Feature","properties":{"cell_id":"nga_8.875_8.875","population_estimate":33408.0,"settlement_count":31.0,"population_with_nightlight_signal":0.0,"population_without_nightlight_signal":33408.0,"nightlight_population_share_pct":0.0,"total_buildings":7855.0,"modeled_demand":2880.0,"population_weighted_distance_transmission_km":14.011563697318008,"population_weighted_distance_gridlight_km":17.139298132183914,"_label":"nga_8.875_8.875","_status_group":"unknown","_year":2025,"_year_label":"Source release year","_states":["Nasarawa"]},"geometry":{"type":"Point","coordinates":[8.875,8.875]}},{"type":"Feature","properties":{"cell_id":"nga_8.875_9.125","population_estimate":41951.0,"settlement_count":122.0,"population_with_nightlight_signal":0.0,"population_without_nightlight_signal":41951.0,"nightlight_population_share_pct":0.0,"total_buildings":9652.0,"modeled_demand":3577.5999999999995,"population_weighted_distance_transmission_km":4.8491885771495316,"population_weighted_distance_gridlight_km":17.39369333269767,"_label":"nga_8.875_9.125","_status_group":"unknown","_year":2025,"_year_label":"Source release year","_states":["Plateau"]},"geometry":{"type":"Point","coordinates":[9.125,8.875]}},{"type":"Feature","properties":{"cell_id":"nga_8.875_9.375","population_estimate":128445.0,"settlement_count":231.0,"population_with_nightlight_signal":14776.0,"population_without_nightlight_signal":113669.0,"nightlight_population_share_pct":11.50375647164156,"total_buildings":28533.0,"modeled_demand":10652.7,"population_weighted_distance_transmission_km":3.7232574253571578,"population_weighted_distance_gridlight_km":9.184025863209934,"_label":"nga_8.875_9.375","_status_group":"unknown","_year":2025,"_year_label":"Source release year","_states":["Plateau"]},"geometry":{"type":"Point","coordinates":[9.375,8.875]}},{"type":"Feature","properties":{"cell_id":"nga_8.875_9.625","population_estimate":176747.0,"settlement_count":147.0,"population_with_nightlight_signal":125931.0,"population_without_nightlight_signal":50816.0,"nightlight_population_share_pct":71.2492998466735,"total_buildings":38288.0,"modeled_demand":15352.600000000002,"population_weighted_distance_transmission_km":0.5939874509892672,"population_weighted_distance_gridlight_km":1.543415792064363,"_label":"nga_8.875_9.625","_status_group":"unknown","_year":2025,"_year_label":"Source release year","_states":["Plateau"]},"geometry":{"type":"Point","coordinates":[9.625,8.875]}},{"type":"Feature","properties":{"cell_id":"nga_8.875_9.875","population_estimate":71774.0,"settlement_count":85.0,"population_with_nightlight_signal":15605.0,"population_without_nightlight_signal":56169.0,"nightlight_population_share_pct":21.741856382534067,"total_buildings":16248.0,"modeled_demand":6012.900000000001,"population_weighted_distance_transmission_km":2.2811134951375154,"population_weighted_distance_gridlight_km":10.26554147741522,"_label":"nga_8.875_9.875","_status_group":"unknown","_year":2025,"_year_label":"Source release year","_states":["Plateau"]},"geometry":{"type":"Point","coordinates":[9.875,8.875]}},{"type":"Feature","properties":{"cell_id":"nga_8.875_10.125","population_estimate":8829.0,"settlement_count":21.0,"population_with_nightlight_signal":4925.0,"population_without_nightlight_signal":3904.0,"nightlight_population_share_pct":55.782081775965565,"total_buildings":2076.0,"modeled_demand":731.9999999999999,"population_weighted_distance_transmission_km":9.635289387246576,"population_weighted_distance_gridlight_km":5.318065126288368,"_label":"nga_8.875_10.125","_status_group":"unknown","_year":2025,"_year_label":"Source release year","_states":["Plateau"]},"geometry":{"type":"Point","coordinates":[10.125,8.875]}},{"type":"Feature","properties":{"cell_id":"nga_8.875_10.375","population_estimate":12487.0,"settlement_count":13.0,"population_with_nightlight_signal":0.0,"population_without_nightlight_signal":12487.0,"nightlight_population_share_pct":0.0,"total_buildings":2936.0,"modeled_demand":1008.4,"population_weighted_distance_transmission_km":5.4997020901737805,"population_weighted_distance_gridlight_km":30.89346576439497,"_label":"nga_8.875_10.375","_status_group":"unknown","_year":2025,"_year_label":"Source release year","_states":["Taraba"]},"geometry":{"type":"Point","coordinates":[10.375,8.875]}},{"type":"Feature","properties":{"cell_id":"nga_8.875_10.625","population_estimate":7959.0,"settlement_count":20.0,"population_with_nightlight_signal":0.0,"population_without_nightlight_signal":7959.0,"nightlight_population_share_pct":0.0,"total_buildings":1871.0,"modeled_demand":633.5999999999999,"population_weighted_distance_transmission_km":17.638555094861164,"population_weighted_distance_gridlight_km":23.257232189973617,"_label":"nga_8.875_10.625","_status_group":"unknown","_year":2025,"_year_label":"Source release year","_states":["Taraba"]},"geometry":{"type":"Point","coordinates":[10.625,8.875]}},{"type":"Feature","properties":{"cell_id":"nga_8.875_10.875","population_estimate":47245.0,"settlement_count":48.0,"population_with_nightlight_signal":0.0,"population_without_nightlight_signal":47245.0,"nightlight_population_share_pct":0.0,"total_buildings":10797.0,"modeled_demand":3732.8,"population_weighted_distance_transmission_km":7.813975447137263,"population_weighted_distance_gridlight_km":18.915061784315803,"_label":"nga_8.875_10.875","_status_group":"unknown","_year":2025,"_year_label":"Source release year","_states":["Taraba"]},"geometry":{"type":"Point","coordinates":[10.875,8.875]}},{"type":"Feature","properties":{"cell_id":"nga_8.875_11.125","population_estimate":78044.0,"settlement_count":118.0,"population_with_nightlight_signal":40011.0,"population_without_nightlight_signal":38033.0,"nightlight_population_share_pct":51.26723386807442,"total_buildings":17458.0,"modeled_demand":6023.9,"population_weighted_distance_transmission_km":1.684691840500231,"population_weighted_distance_gridlight_km":3.712864256060685,"_label":"nga_8.875_11.125","_status_group":"unknown","_year":2025,"_year_label":"Source release year","_states":["Taraba"]},"geometry":{"type":"Point","coordinates":[11.125,8.875]}},{"type":"Feature","properties":{"cell_id":"nga_8.875_11.375","population_estimate":744679.0,"settlement_count":167.0,"population_with_nightlight_signal":700324.0,"population_without_nightlight_signal":44355.0,"nightlight_population_share_pct":94.04374233730238,"total_buildings":158172.0,"modeled_demand":67565.69999999998,"population_weighted_distance_transmission_km":0.2390059206718599,"population_weighted_distance_gridlight_km":0.2062739959096469,"_label":"nga_8.875_11.375","_status_group":"unknown","_year":2025,"_year_label":"Source release year","_states":["Taraba"]},"geometry":{"type":"Point","coordinates":[11.375,8.875]}},{"type":"Feature","properties":{"cell_id":"nga_8.875_11.625","population_estimate":106776.0,"settlement_count":117.0,"population_with_nightlight_signal":76780.0,"population_without_nightlight_signal":29996.0,"nightlight_population_share_pct":71.90754476661422,"total_buildings":23024.0,"modeled_demand":8865.5,"population_weighted_distance_transmission_km":0.7515845321045926,"population_weighted_distance_gridlight_km":1.471323471566644,"_label":"nga_8.875_11.625","_status_group":"unknown","_year":2025,"_year_label":"Source release year","_states":["Taraba"]},"geometry":{"type":"Point","coordinates":[11.625,8.875]}},{"type":"Feature","properties":{"cell_id":"nga_8.875_11.875","population_estimate":77824.0,"settlement_count":237.0,"population_with_nightlight_signal":17090.0,"population_without_nightlight_signal":60734.0,"nightlight_population_share_pct":21.95980674342105,"total_buildings":17972.0,"modeled_demand":6241.999999999999,"population_weighted_distance_transmission_km":5.144891164679277,"population_weighted_distance_gridlight_km":5.108670166015625,"_label":"nga_8.875_11.875","_status_group":"unknown","_year":2025,"_year_label":"Source release year","_states":["Adamawa"]},"geometry":{"type":"Point","coordinates":[11.875,8.875]}},{"type":"Feature","properties":{"cell_id":"nga_8.875_12.125","population_estimate":136512.0,"settlement_count":233.0,"population_with_nightlight_signal":71692.0,"population_without_nightlight_signal":64820.0,"nightlight_population_share_pct":52.51699484294421,"total_buildings":30478.0,"modeled_demand":10923.4,"population_weighted_distance_transmission_km":1.2621953381387716,"population_weighted_distance_gridlight_km":2.7996697579699954,"_label":"nga_8.875_12.125","_status_group":"unknown","_year":2025,"_year_label":"Source release year","_states":["Adamawa"]},"geometry":{"type":"Point","coordinates":[12.125,8.875]}},{"type":"Feature","properties":{"cell_id":"nga_8.875_12.375","population_estimate":17824.0,"settlement_count":68.0,"population_with_nightlight_signal":0.0,"population_without_nightlight_signal":17824.0,"nightlight_population_share_pct":0.0,"total_buildings":4191.0,"modeled_demand":1424.9,"population_weighted_distance_transmission_km":9.169629151705568,"population_weighted_distance_gridlight_km":20.726905913375223,"_label":"nga_8.875_12.375","_status_group":"unknown","_year":2025,"_year_label":"Source release year","_states":["Adamawa"]},"geometry":{"type":"Point","coordinates":[12.375,8.875]}},{"type":"Feature","properties":{"cell_id":"nga_8.875_12.625","population_estimate":42125.0,"settlement_count":139.0,"population_with_nightlight_signal":0.0,"population_without_nightlight_signal":42125.0,"nightlight_population_share_pct":0.0,"total_buildings":9906.0,"modeled_demand":3390.1000000000004,"population_weighted_distance_transmission_km":7.260616735905044,"population_weighted_distance_gridlight_km":24.92673934718101,"_label":"nga_8.875_12.625","_status_group":"unknown","_year":2025,"_year_label":"Source release year","_states":["Adamawa"]},"geometry":{"type":"Point","coordinates":[12.625,8.875]}},{"type":"Feature","properties":{"cell_id":"nga_8.875_12.875","population_estimate":4330.0,"settlement_count":15.0,"population_with_nightlight_signal":0.0,"population_without_nightlight_signal":4330.0,"nightlight_population_share_pct":0.0,"total_buildings":1018.0,"modeled_demand":342.7,"population_weighted_distance_transmission_km":17.895512702078523,"population_weighted_distance_gridlight_km":23.883888452655885,"_label":"nga_8.875_12.875","_status_group":"unknown","_year":2025,"_year_label":"Source release year","_states":[]},"geometry":{"type":"Point","coordinates":[12.875,8.875]}},{"type":"Feature","properties":{"cell_id":"nga_9.125_2.875","population_estimate":16488.0,"settlement_count":23.0,"population_with_nightlight_signal":0.0,"population_without_nightlight_signal":16488.0,"nightlight_population_share_pct":0.0,"total_buildings":3666.0,"modeled_demand":1771.6999999999998,"population_weighted_distance_transmission_km":35.30546639980592,"population_weighted_distance_gridlight_km":25.00130131004367,"_label":"nga_9.125_2.875","_status_group":"unknown","_year":2025,"_year_label":"Source release year","_states":[]},"geometry":{"type":"Point","coordinates":[2.875,9.125]}},{"type":"Feature","properties":{"cell_id":"nga_9.125_3.125","population_estimate":43110.0,"settlement_count":46.0,"population_with_nightlight_signal":24491.0,"population_without_nightlight_signal":18619.0,"nightlight_population_share_pct":56.81048480630944,"total_buildings":9651.0,"modeled_demand":4834.499999999999,"population_weighted_distance_transmission_km":4.677891208536303,"population_weighted_distance_gridlight_km":5.161041034562746,"_label":"nga_9.125_3.125","_status_group":"unknown","_year":2025,"_year_label":"Source release year","_states":["Kwara"]},"geometry":{"type":"Point","coordinates":[3.125,9.125]}},{"type":"Feature","properties":{"cell_id":"nga_9.125_3.375","population_estimate":28732.0,"settlement_count":77.0,"population_with_nightlight_signal":0.0,"population_without_nightlight_signal":28732.0,"nightlight_population_share_pct":0.0,"total_buildings":6693.0,"modeled_demand":2728.7999999999997,"population_weighted_distance_transmission_km":5.192848740080746,"population_weighted_distance_gridlight_km":13.685708896004456,"_label":"nga_9.125_3.375","_status_group":"unknown","_year":2025,"_year_label":"Source release year","_states":["Kwara"]},"geometry":{"type":"Point","coordinates":[3.375,9.125]}},{"type":"Feature","properties":{"cell_id":"nga_9.125_3.625","population_estimate":20009.0,"settlement_count":71.0,"population_with_nightlight_signal":0.0,"population_without_nightlight_signal":20009.0,"nightlight_population_share_pct":0.0,"total_buildings":4705.0,"modeled_demand":1736.5000000000005,"population_weighted_distance_transmission_km":16.85721675246139,"population_weighted_distance_gridlight_km":21.36176005797391,"_label":"nga_9.125_3.625","_status_group":"unknown","_year":2025,"_year_label":"Source release year","_states":["Kwara"]},"geometry":{"type":"Point","coordinates":[3.625,9.125]}},{"type":"Feature","properties":{"cell_id":"nga_9.125_3.875","population_estimate":108498.0,"settlement_count":122.0,"population_with_nightlight_signal":81450.0,"population_without_nightlight_signal":27048.0,"nightlight_population_share_pct":75.07050821213294,"total_buildings":23126.0,"modeled_demand":12339.300000000005,"population_weighted_distance_transmission_km":1.0062342162989175,"population_weighted_distance_gridlight_km":2.351792097550186,"_label":"nga_9.125_3.875","_status_group":"unknown","_year":2025,"_year_label":"Source release year","_states":["Oyo"]},"geometry":{"type":"Point","coordinates":[3.875,9.125]}},{"type":"Feature","properties":{"cell_id":"nga_9.125_4.125","population_estimate":22703.0,"settlement_count":65.0,"population_with_nightlight_signal":12100.0,"population_without_nightlight_signal":10603.0,"nightlight_population_share_pct":53.296921111747345,"total_buildings":5024.0,"modeled_demand":2198.3,"population_weighted_distance_transmission_km":19.168876359952428,"population_weighted_distance_gridlight_km":7.1986807470378364,"_label":"nga_9.125_4.125","_status_group":"unknown","_year":2025,"_year_label":"Source release year","_states":["Kwara"]},"geometry":{"type":"Point","coordinates":[4.125,9.125]}},{"type":"Feature","properties":{"cell_id":"nga_9.125_4.375","population_estimate":8447.0,"settlement_count":41.0,"population_with_nightlight_signal":0.0,"population_without_nightlight_signal":8447.0,"nightlight_population_share_pct":0.0,"total_buildings":1986.0,"modeled_demand":675.0,"population_weighted_distance_transmission_km":30.10528590031964,"population_weighted_distance_gridlight_km":23.16455309577365,"_label":"nga_9.125_4.375","_status_group":"unknown","_year":2025,"_year_label":"Source release year","_states":["Kwara"]},"geometry":{"type":"Point","coordinates":[4.375,9.125]}},{"type":"Feature","properties":{"cell_id":"nga_9.125_4.625","population_estimate":37879.0,"settlement_count":141.0,"population_with_nightlight_signal":6723.0,"population_without_nightlight_signal":31156.0,"nightlight_population_share_pct":17.748620607724597,"total_buildings":8907.0,"modeled_demand":3107.6,"population_weighted_distance_transmission_km":7.159531930621189,"population_weighted_distance_gridlight_km":6.940508170754244,"_label":"nga_9.125_4.625","_status_group":"unknown","_year":2025,"_year_label":"Source release year","_states":["Kwara"]},"geometry":{"type":"Point","coordinates":[4.625,9.125]}},{"type":"Feature","properties":{"cell_id":"nga_9.125_4.875","population_estimate":113569.0,"settlement_count":130.0,"population_with_nightlight_signal":80913.0,"population_without_nightlight_signal":32656.0,"nightlight_population_share_pct":71.24567443580554,"total_buildings":25164.0,"modeled_demand":10741.9,"population_weighted_distance_transmission_km":4.164796995659026,"population_weighted_distance_gridlight_km":1.035765270452324,"_label":"nga_9.125_4.875","_status_group":"unknown","_year":2025,"_year_label":"Source release year","_states":["Kwara"]},"geometry":{"type":"Point","coordinates":[4.875,9.125]}},{"type":"Feature","properties":{"cell_id":"nga_9.125_5.125","population_estimate":51222.0,"settlement_count":63.0,"population_with_nightlight_signal":19738.0,"population_without_nightlight_signal":31484.0,"nightlight_population_share_pct":38.53422357580727,"total_buildings":11707.0,"modeled_demand":4799.8,"population_weighted_distance_transmission_km":3.3675690133145912,"population_weighted_distance_gridlight_km":3.3159866268400298,"_label":"nga_9.125_5.125","_status_group":"unknown","_year":2025,"_year_label":"Source release year","_states":["Kwara"]},"geometry":{"type":"Point","coordinates":[5.125,9.125]}},{"type":"Feature","properties":{"cell_id":"nga_9.125_5.375","population_estimate":27422.0,"settlement_count":49.0,"population_with_nightlight_signal":5562.0,"population_without_nightlight_signal":21860.0,"nightlight_population_share_pct":20.28298446502808,"total_buildings":6335.0,"modeled_demand":2477.0,"population_weighted_distance_transmission_km":4.564568229888411,"population_weighted_distance_gridlight_km":4.205996280358836,"_label":"nga_9.125_5.375","_status_group":"unknown","_year":2025,"_year_label":"Source release year","_states":["Niger"]},"geometry":{"type":"Point","coordinates":[5.375,9.125]}},{"type":"Feature","properties":{"cell_id":"nga_9.125_5.625","population_estimate":102375.0,"settlement_count":153.0,"population_with_nightlight_signal":42442.0,"population_without_nightlight_signal":59933.0,"nightlight_population_share_pct":41.45738705738706,"total_buildings":23210.0,"modeled_demand":9479.1,"population_weighted_distance_transmission_km":0.8534494749694751,"population_weighted_distance_gridlight_km":2.7559150769230767,"_label":"nga_9.125_5.625","_status_group":"unknown","_year":2025,"_year_label":"Source release year","_states":["Niger"]},"geometry":{"type":"Point","coordinates":[5.625,9.125]}},{"type":"Feature","properties":{"cell_id":"nga_9.125_5.875","population_estimate":132360.0,"settlement_count":240.0,"population_with_nightlight_signal":16723.0,"population_without_nightlight_signal":115637.0,"nightlight_population_share_pct":12.634481716530674,"total_buildings":30930.0,"modeled_demand":11154.4,"population_weighted_distance_transmission_km":2.035182834693261,"population_weighted_distance_gridlight_km":3.5742092323964947,"_label":"nga_9.125_5.875","_status_group":"unknown","_year":2025,"_year_label":"Source release year","_states":["Niger"]},"geometry":{"type":"Point","coordinates":[5.875,9.125]}},{"type":"Feature","properties":{"cell_id":"nga_9.125_6.125","population_estimate":477148.0,"settlement_count":261.0,"population_with_nightlight_signal":372496.0,"population_without_nightlight_signal":104652.0,"nightlight_population_share_pct":78.06718250941007,"total_buildings":102211.0,"modeled_demand":46803.6,"population_weighted_distance_transmission_km":0.2753207181000444,"population_weighted_distance_gridlight_km":0.7198285311894842,"_label":"nga_9.125_6.125","_status_group":"unknown","_year":2025,"_year_label":"Source release year","_states":["Niger"]},"geometry":{"type":"Point","coordinates":[6.125,9.125]}},{"type":"Feature","properties":{"cell_id":"nga_9.125_6.375","population_estimate":134242.0,"settlement_count":124.0,"population_with_nightlight_signal":78339.0,"population_without_nightlight_signal":55903.0,"nightlight_population_share_pct":58.35655011099358,"total_buildings":29540.0,"modeled_demand":11795.100000000002,"population_weighted_distance_transmission_km":0.8033592318350442,"population_weighted_distance_gridlight_km":1.161015777476498,"_label":"nga_9.125_6.375","_status_group":"unknown","_year":2025,"_year_label":"Source release year","_states":["Niger"]},"geometry":{"type":"Point","coordinates":[6.375,9.125]}},{"type":"Feature","properties":{"cell_id":"nga_9.125_6.625","population_estimate":123983.0,"settlement_count":109.0,"population_with_nightlight_signal":69574.0,"population_without_nightlight_signal":54409.0,"nightlight_population_share_pct":56.115757805505595,"total_buildings":27478.0,"modeled_demand":11418.600000000002,"population_weighted_distance_transmission_km":0.492094480694934,"population_weighted_distance_gridlight_km":1.5772688029810538,"_label":"nga_9.125_6.625","_status_group":"unknown","_year":2025,"_year_label":"Source release year","_states":["Niger"]},"geometry":{"type":"Point","coordinates":[6.625,9.125]}},{"type":"Feature","properties":{"cell_id":"nga_9.125_6.875","population_estimate":103318.0,"settlement_count":114.0,"population_with_nightlight_signal":34939.0,"population_without_nightlight_signal":68379.0,"nightlight_population_share_pct":33.81695348342012,"total_buildings":23306.0,"modeled_demand":8598.900000000001,"population_weighted_distance_transmission_km":1.831148589790743,"population_weighted_distance_gridlight_km":3.904459842428231,"_label":"nga_9.125_6.875","_status_group":"unknown","_year":2025,"_year_label":"Source release year","_states":["Abuja Federal Capital Territory"]},"geometry":{"type":"Point","coordinates":[6.875,9.125]}},{"type":"Feature","properties":{"cell_id":"nga_9.125_7.125","population_estimate":1212362.0,"settlement_count":184.0,"population_with_nightlight_signal":1146043.0,"population_without_nightlight_signal":66319.0,"nightlight_population_share_pct":94.5297691613561,"total_buildings":256486.0,"modeled_demand":115144.2,"population_weighted_distance_transmission_km":0.2024868727327316,"population_weighted_distance_gridlight_km":0.1833031198602397,"_label":"nga_9.125_7.125","_status_group":"unknown","_year":2025,"_year_label":"Source release year","_states":["Abuja Federal Capital Territory"]},"geometry":{"type":"Point","coordinates":[7.125,9.125]}},{"type":"Feature","properties":{"cell_id":"nga_9.125_7.375","population_estimate":3912887.0,"settlement_count":137.0,"population_with_nightlight_signal":3841228.0,"population_without_nightlight_signal":71659.0,"nightlight_population_share_pct":98.1686412104413,"total_buildings":818809.0,"modeled_demand":414930.00000000006,"population_weighted_distance_transmission_km":0.0485403462967369,"population_weighted_distance_gridlight_km":0.0225160828820254,"_label":"nga_9.125_7.375","_status_group":"unknown","_year":2025,"_year_label":"Source release year","_states":["Abuja Federal Capital Territory"]},"geometry":{"type":"Point","coordinates":[7.375,9.125]}},{"type":"Feature","properties":{"cell_id":"nga_9.125_7.625","population_estimate":121044.0,"settlement_count":177.0,"population_with_nightlight_signal":20733.0,"population_without_nightlight_signal":100311.0,"nightlight_population_share_pct":17.128482204818084,"total_buildings":28237.0,"modeled_demand":11835.2,"population_weighted_distance_transmission_km":4.594965632332045,"population_weighted_distance_gridlight_km":5.646196168335481,"_label":"nga_9.125_7.625","_status_group":"unknown","_year":2025,"_year_label":"Source release year","_states":["Nasarawa"]},"geometry":{"type":"Point","coordinates":[7.625,9.125]}},{"type":"Feature","properties":{"cell_id":"nga_9.125_7.875","population_estimate":65484.0,"settlement_count":195.0,"population_with_nightlight_signal":9233.0,"population_without_nightlight_signal":56251.0,"nightlight_population_share_pct":14.099627389896767,"total_buildings":15397.0,"modeled_demand":5626.6,"population_weighted_distance_transmission_km":6.359289292040804,"population_weighted_distance_gridlight_km":5.584228116791888,"_label":"nga_9.125_7.875","_status_group":"unknown","_year":2025,"_year_label":"Source release year","_states":["Nasarawa"]},"geometry":{"type":"Point","coordinates":[7.875,9.125]}},{"type":"Feature","properties":{"cell_id":"nga_9.125_8.125","population_estimate":62395.0,"settlement_count":127.0,"population_with_nightlight_signal":0.0,"population_without_nightlight_signal":62395.0,"nightlight_population_share_pct":0.0,"total_buildings":14193.0,"modeled_demand":5287.599999999999,"population_weighted_distance_transmission_km":9.336404519592918,"population_weighted_distance_gridlight_km":13.90772109944707,"_label":"nga_9.125_8.125","_status_group":"unknown","_year":2025,"_year_label":"Source release year","_states":["Kaduna"]},"geometry":{"type":"Point","coordinates":[8.125,9.125]}},{"type":"Feature","properties":{"cell_id":"nga_9.125_8.375","population_estimate":133133.0,"settlement_count":148.0,"population_with_nightlight_signal":47190.0,"population_without_nightlight_signal":85943.0,"nightlight_population_share_pct":35.44575725026853,"total_buildings":30234.0,"modeled_demand":11852.4,"population_weighted_distance_transmission_km":3.61094522019334,"population_weighted_distance_gridlight_km":3.9860406210331023,"_label":"nga_9.125_8.375","_status_group":"unknown","_year":2025,"_year_label":"Source release year","_states":["Nasarawa"]},"geometry":{"type":"Point","coordinates":[8.375,9.125]}},{"type":"Feature","properties":{"cell_id":"nga_9.125_8.625","population_estimate":74481.0,"settlement_count":137.0,"population_with_nightlight_signal":21875.0,"population_without_nightlight_signal":52606.0,"nightlight_population_share_pct":29.369906419086742,"total_buildings":17367.0,"modeled_demand":6838.299999999999,"population_weighted_distance_transmission_km":1.6356500315516709,"population_weighted_distance_gridlight_km":3.6766576442314145,"_label":"nga_9.125_8.625","_status_group":"unknown","_year":2025,"_year_label":"Source release year","_states":["Nasarawa"]},"geometry":{"type":"Point","coordinates":[8.625,9.125]}},{"type":"Feature","properties":{"cell_id":"nga_9.125_8.875","population_estimate":82650.0,"settlement_count":221.0,"population_with_nightlight_signal":0.0,"population_without_nightlight_signal":82650.0,"nightlight_population_share_pct":0.0,"total_buildings":19087.0,"modeled_demand":7158.799999999999,"population_weighted_distance_transmission_km":4.76940810647308,"population_weighted_distance_gridlight_km":10.521591990320628,"_label":"nga_9.125_8.875","_status_group":"unknown","_year":2025,"_year_label":"Source release year","_states":["Plateau"]},"geometry":{"type":"Point","coordinates":[8.875,9.125]}},{"type":"Feature","properties":{"cell_id":"nga_9.125_9.125","population_estimate":84068.0,"settlement_count":234.0,"population_with_nightlight_signal":19963.0,"population_without_nightlight_signal":64105.0,"nightlight_population_share_pct":23.74625303325879,"total_buildings":19064.0,"modeled_demand":7425.799999999999,"population_weighted_distance_transmission_km":2.002156349621735,"population_weighted_distance_gridlight_km":6.894129419041728,"_label":"nga_9.125_9.125","_status_group":"unknown","_year":2025,"_year_label":"Source release year","_states":["Plateau"]},"geometry":{"type":"Point","coordinates":[9.125,9.125]}},{"type":"Feature","properties":{"cell_id":"nga_9.125_9.375","population_estimate":73526.0,"settlement_count":153.0,"population_with_nightlight_signal":0.0,"population_without_nightlight_signal":73526.0,"nightlight_population_share_pct":0.0,"total_buildings":16683.0,"modeled_demand":6263.4,"population_weighted_distance_transmission_km":1.9963878083943096,"population_weighted_distance_gridlight_km":15.299555204961507,"_label":"nga_9.125_9.375","_status_group":"unknown","_year":2025,"_year_label":"Source release year","_states":["Plateau"]},"geometry":{"type":"Point","coordinates":[9.375,9.125]}},{"type":"Feature","properties":{"cell_id":"nga_9.125_9.625","population_estimate":36273.0,"settlement_count":79.0,"population_with_nightlight_signal":0.0,"population_without_nightlight_signal":36273.0,"nightlight_population_share_pct":0.0,"total_buildings":8296.0,"modeled_demand":3079.5,"population_weighted_distance_transmission_km":4.1599994486257,"population_weighted_distance_gridlight_km":13.28501224050947,"_label":"nga_9.125_9.625","_status_group":"unknown","_year":2025,"_year_label":"Source release year","_states":["Plateau"]},"geometry":{"type":"Point","coordinates":[9.625,9.125]}},{"type":"Feature","properties":{"cell_id":"nga_9.125_9.875","population_estimate":239112.0,"settlement_count":165.0,"population_with_nightlight_signal":153608.0,"population_without_nightlight_signal":85504.0,"nightlight_population_share_pct":64.24102512630064,"total_buildings":52417.0,"modeled_demand":20918.6,"population_weighted_distance_transmission_km":1.3391966107932682,"population_weighted_distance_gridlight_km":1.7416477006591051,"_label":"nga_9.125_9.875","_status_group":"unknown","_year":2025,"_year_label":"Source release year","_states":["Plateau"]},"geometry":{"type":"Point","coordinates":[9.875,9.125]}},{"type":"Feature","properties":{"cell_id":"nga_9.125_10.125","population_estimate":18232.0,"settlement_count":25.0,"population_with_nightlight_signal":10904.0,"population_without_nightlight_signal":7328.0,"nightlight_population_share_pct":59.80693286529179,"total_buildings":4287.0,"modeled_demand":1522.7,"population_weighted_distance_transmission_km":4.881010860026327,"population_weighted_distance_gridlight_km":1.679599550241334,"_label":"nga_9.125_10.125","_status_group":"unknown","_year":2025,"_year_label":"Source release year","_states":["Plateau"]},"geometry":{"type":"Point","coordinates":[10.125,9.125]}},{"type":"Feature","properties":{"cell_id":"nga_9.125_10.375","population_estimate":7237.0,"settlement_count":20.0,"population_with_nightlight_signal":0.0,"population_without_nightlight_signal":7237.0,"nightlight_population_share_pct":0.0,"total_buildings":1702.0,"modeled_demand":583.1999999999999,"population_weighted_distance_transmission_km":8.141384551609782,"population_weighted_distance_gridlight_km":18.916889733314907,"_label":"nga_9.125_10.375","_status_group":"unknown","_year":2025,"_year_label":"Source release year","_states":["Plateau"]},"geometry":{"type":"Point","coordinates":[10.375,9.125]}},{"type":"Feature","properties":{"cell_id":"nga_9.125_10.625","population_estimate":21751.0,"settlement_count":41.0,"population_with_nightlight_signal":8761.0,"population_without_nightlight_signal":12990.0,"nightlight_population_share_pct":40.27860788009747,"total_buildings":5115.0,"modeled_demand":1757.5000000000002,"population_weighted_distance_transmission_km":4.207829065330329,"population_weighted_distance_gridlight_km":5.673932370925475,"_label":"nga_9.125_10.625","_status_group":"unknown","_year":2025,"_year_label":"Source release year","_states":["Plateau"]},"geometry":{"type":"Point","coordinates":[10.625,9.125]}},{"type":"Feature","properties":{"cell_id":"nga_9.125_10.875","population_estimate":30373.0,"settlement_count":44.0,"population_with_nightlight_signal":0.0,"population_without_nightlight_signal":30373.0,"nightlight_population_share_pct":0.0,"total_buildings":6942.0,"modeled_demand":2386.5,"population_weighted_distance_transmission_km":25.60210351298851,"population_weighted_distance_gridlight_km":27.502628288282356,"_label":"nga_9.125_10.875","_status_group":"unknown","_year":2025,"_year_label":"Source release year","_states":["Taraba"]},"geometry":{"type":"Point","coordinates":[10.875,9.125]}},{"type":"Feature","properties":{"cell_id":"nga_9.125_11.125","population_estimate":43745.0,"settlement_count":52.0,"population_with_nightlight_signal":0.0,"population_without_nightlight_signal":43745.0,"nightlight_population_share_pct":0.0,"total_buildings":9842.0,"modeled_demand":3383.9,"population_weighted_distance_transmission_km":11.18462018516402,"population_weighted_distance_gridlight_km":18.37316703623271,"_label":"nga_9.125_11.125","_status_group":"unknown","_year":2025,"_year_label":"Source release year","_states":["Taraba"]},"geometry":{"type":"Point","coordinates":[11.125,9.125]}},{"type":"Feature","properties":{"cell_id":"nga_9.125_11.375","population_estimate":87556.0,"settlement_count":99.0,"population_with_nightlight_signal":50009.0,"population_without_nightlight_signal":37547.0,"nightlight_population_share_pct":57.11658824066883,"total_buildings":19608.0,"modeled_demand":7064.9,"population_weighted_distance_transmission_km":1.3165765909817717,"population_weighted_distance_gridlight_km":2.299733450591621,"_label":"nga_9.125_11.375","_status_group":"unknown","_year":2025,"_year_label":"Source release year","_states":["Taraba"]},"geometry":{"type":"Point","coordinates":[11.375,9.125]}},{"type":"Feature","properties":{"cell_id":"nga_9.125_11.625","population_estimate":49132.0,"settlement_count":108.0,"population_with_nightlight_signal":8850.0,"population_without_nightlight_signal":40282.0,"nightlight_population_share_pct":18.01270048033868,"total_buildings":11103.0,"modeled_demand":4016.4,"population_weighted_distance_transmission_km":4.881467882439144,"population_weighted_distance_gridlight_km":4.813036452820971,"_label":"nga_9.125_11.625","_status_group":"unknown","_year":2025,"_year_label":"Source release year","_states":["Taraba"]},"geometry":{"type":"Point","coordinates":[11.625,9.125]}},{"type":"Feature","properties":{"cell_id":"nga_9.125_11.875","population_estimate":51506.0,"settlement_count":180.0,"population_with_nightlight_signal":0.0,"population_without_nightlight_signal":51506.0,"nightlight_population_share_pct":0.0,"total_buildings":12110.0,"modeled_demand":4207.8,"population_weighted_distance_transmission_km":11.685004271347026,"population_weighted_distance_gridlight_km":12.532776744456957,"_label":"nga_9.125_11.875","_status_group":"unknown","_year":2025,"_year_label":"Source release year","_states":["Adamawa"]},"geometry":{"type":"Point","coordinates":[11.875,9.125]}},{"type":"Feature","properties":{"cell_id":"nga_9.125_12.125","population_estimate":151375.0,"settlement_count":217.0,"population_with_nightlight_signal":88396.0,"population_without_nightlight_signal":62979.0,"nightlight_population_share_pct":58.39537572254335,"total_buildings":33532.0,"modeled_demand":12051.2,"population_weighted_distance_transmission_km":2.623237588769612,"population_weighted_distance_gridlight_km":3.6871548934764657,"_label":"nga_9.125_12.125","_status_group":"unknown","_year":2025,"_year_label":"Source release year","_states":["Adamawa"]},"geometry":{"type":"Point","coordinates":[12.125,9.125]}},{"type":"Feature","properties":{"cell_id":"nga_9.125_12.375","population_estimate":976688.0,"settlement_count":112.0,"population_with_nightlight_signal":941139.0,"population_without_nightlight_signal":35549.0,"nightlight_population_share_pct":96.36025015153253,"total_buildings":203479.0,"modeled_demand":86707.9,"population_weighted_distance_transmission_km":0.1907565056599446,"population_weighted_distance_gridlight_km":0.3243009395016627,"_label":"nga_9.125_12.375","_status_group":"unknown","_year":2025,"_year_label":"Source release year","_states":["Adamawa"]},"geometry":{"type":"Point","coordinates":[12.375,9.125]}},{"type":"Feature","properties":{"cell_id":"nga_9.125_12.625","population_estimate":116323.0,"settlement_count":120.0,"population_with_nightlight_signal":63276.0,"population_without_nightlight_signal":53047.0,"nightlight_population_share_pct":54.39680888560302,"total_buildings":26110.0,"modeled_demand":9326.0,"population_weighted_distance_transmission_km":1.0019852479733156,"population_weighted_distance_gridlight_km":1.5608714785554016,"_label":"nga_9.125_12.625","_status_group":"unknown","_year":2025,"_year_label":"Source release year","_states":["Adamawa"]},"geometry":{"type":"Point","coordinates":[12.625,9.125]}},{"type":"Feature","properties":{"cell_id":"nga_9.125_12.875","population_estimate":65873.0,"settlement_count":38.0,"population_with_nightlight_signal":55351.0,"population_without_nightlight_signal":10522.0,"nightlight_population_share_pct":84.02683952453964,"total_buildings":14328.0,"modeled_demand":4971.199999999999,"population_weighted_distance_transmission_km":2.875642524251211,"population_weighted_distance_gridlight_km":0.3329595433637454,"_label":"nga_9.125_12.875","_status_group":"unknown","_year":2025,"_year_label":"Source release year","_states":["Adamawa"]},"geometry":{"type":"Point","coordinates":[12.875,9.125]}},{"type":"Feature","properties":{"cell_id":"nga_9.375_3.125","population_estimate":31324.0,"settlement_count":37.0,"population_with_nightlight_signal":13390.0,"population_without_nightlight_signal":17934.0,"nightlight_population_share_pct":42.74677563529562,"total_buildings":6974.0,"modeled_demand":3131.8999999999996,"population_weighted_distance_transmission_km":1.018612246200996,"population_weighted_distance_gridlight_km":4.130762673987997,"_label":"nga_9.375_3.125","_status_group":"unknown","_year":2025,"_year_label":"Source release year","_states":[]},"geometry":{"type":"Point","coordinates":[3.125,9.375]}},{"type":"Feature","properties":{"cell_id":"nga_9.375_3.375","population_estimate":10421.0,"settlement_count":42.0,"population_with_nightlight_signal":0.0,"population_without_nightlight_signal":10421.0,"nightlight_population_share_pct":0.0,"total_buildings":2450.0,"modeled_demand":973.3,"population_weighted_distance_transmission_km":18.181723443047694,"population_weighted_distance_gridlight_km":18.08745062853853,"_label":"nga_9.375_3.375","_status_group":"unknown","_year":2025,"_year_label":"Source release year","_states":["Kwara"]},"geometry":{"type":"Point","coordinates":[3.375,9.375]}},{"type":"Feature","properties":{"cell_id":"nga_9.375_3.625","population_estimate":20360.0,"settlement_count":36.0,"population_with_nightlight_signal":0.0,"population_without_nightlight_signal":20360.0,"nightlight_population_share_pct":0.0,"total_buildings":4788.0,"modeled_demand":1784.2000000000005,"population_weighted_distance_transmission_km":25.140820235756387,"population_weighted_distance_gridlight_km":25.298618418467587,"_label":"nga_9.375_3.625","_status_group":"unknown","_year":2025,"_year_label":"Source release year","_states":["Kwara"]},"geometry":{"type":"Point","coordinates":[3.625,9.375]}},{"type":"Feature","properties":{"cell_id":"nga_9.375_3.875","population_estimate":27904.0,"settlement_count":86.0,"population_with_nightlight_signal":10226.0,"population_without_nightlight_signal":17678.0,"nightlight_population_share_pct":36.64707568807339,"total_buildings":6224.0,"modeled_demand":2218.0999999999995,"population_weighted_distance_transmission_km":2.708917717889909,"population_weighted_distance_gridlight_km":4.748306049311927,"_label":"nga_9.375_3.875","_status_group":"unknown","_year":2025,"_year_label":"Source release year","_states":["Kwara"]},"geometry":{"type":"Point","coordinates":[3.875,9.375]}},{"type":"Feature","properties":{"cell_id":"nga_9.375_4.125","population_estimate":10076.0,"settlement_count":38.0,"population_with_nightlight_signal":0.0,"population_without_nightlight_signal":10076.0,"nightlight_population_share_pct":0.0,"total_buildings":2369.0,"modeled_demand":803.2000000000002,"population_weighted_distance_transmission_km":26.639932512901943,"population_weighted_distance_gridlight_km":23.574210797935688,"_label":"nga_9.375_4.125","_status_group":"unknown","_year":2025,"_year_label":"Source release year","_states":["Kwara"]},"geometry":{"type":"Point","coordinates":[4.125,9.375]}},{"type":"Feature","properties":{"cell_id":"nga_9.375_4.375","population_estimate":4861.0,"settlement_count":16.0,"population_with_nightlight_signal":0.0,"population_without_nightlight_signal":4861.0,"nightlight_population_share_pct":0.0,"total_buildings":1143.0,"modeled_demand":387.0,"population_weighted_distance_transmission_km":37.07973256531577,"population_weighted_distance_gridlight_km":35.836821024480564,"_label":"nga_9.375_4.375","_status_group":"unknown","_year":2025,"_year_label":"Source release year","_states":["Kwara"]},"geometry":{"type":"Point","coordinates":[4.375,9.375]}},{"type":"Feature","properties":{"cell_id":"nga_9.375_4.625","population_estimate":34804.0,"settlement_count":73.0,"population_with_nightlight_signal":0.0,"population_without_nightlight_signal":34804.0,"nightlight_population_share_pct":0.0,"total_buildings":8185.0,"modeled_demand":2766.1,"population_weighted_distance_transmission_km":18.133151649235717,"population_weighted_distance_gridlight_km":16.938378807033676,"_label":"nga_9.375_4.625","_status_group":"unknown","_year":2025,"_year_label":"Source release year","_states":["Niger"]},"geometry":{"type":"Point","coordinates":[4.625,9.375]}},{"type":"Feature","properties":{"cell_id":"nga_9.375_4.875","population_estimate":94459.0,"settlement_count":51.0,"population_with_nightlight_signal":67726.0,"population_without_nightlight_signal":26733.0,"nightlight_population_share_pct":71.69883229761061,"total_buildings":20569.0,"modeled_demand":7309.4,"population_weighted_distance_transmission_km":2.6258932446881715,"population_weighted_distance_gridlight_km":2.560256068770577,"_label":"nga_9.375_4.875","_status_group":"unknown","_year":2025,"_year_label":"Source release year","_states":["Niger"]},"geometry":{"type":"Point","coordinates":[4.875,9.375]}},{"type":"Feature","properties":{"cell_id":"nga_9.375_5.125","population_estimate":152378.0,"settlement_count":62.0,"population_with_nightlight_signal":102069.0,"population_without_nightlight_signal":50309.0,"nightlight_population_share_pct":66.98407906653192,"total_buildings":33297.0,"modeled_demand":14130.5,"population_weighted_distance_transmission_km":1.1911586318234917,"population_weighted_distance_gridlight_km":2.3567545643071837,"_label":"nga_9.375_5.125","_status_group":"unknown","_year":2025,"_year_label":"Source release year","_states":["Niger"]},"geometry":{"type":"Point","coordinates":[5.125,9.375]}},{"type":"Feature","properties":{"cell_id":"nga_9.375_5.375","population_estimate":53356.0,"settlement_count":49.0,"population_with_nightlight_signal":10397.0,"population_without_nightlight_signal":42959.0,"nightlight_population_share_pct":19.486093410300622,"total_buildings":12382.0,"modeled_demand":4597.799999999999,"population_weighted_distance_transmission_km":4.8448504385636095,"population_weighted_distance_gridlight_km":8.841010308119051,"_label":"nga_9.375_5.375","_status_group":"unknown","_year":2025,"_year_label":"Source release year","_states":["Niger"]},"geometry":{"type":"Point","coordinates":[5.375,9.375]}},{"type":"Feature","properties":{"cell_id":"nga_9.375_5.625","population_estimate":36253.0,"settlement_count":49.0,"population_with_nightlight_signal":6128.0,"population_without_nightlight_signal":30125.0,"nightlight_population_share_pct":16.903428681764268,"total_buildings":8525.0,"modeled_demand":3150.6,"population_weighted_distance_transmission_km":8.443780100957163,"population_weighted_distance_gridlight_km":11.121166441397955,"_label":"nga_9.375_5.625","_status_group":"unknown","_year":2025,"_year_label":"Source release year","_states":["Niger"]},"geometry":{"type":"Point","coordinates":[5.625,9.375]}},{"type":"Feature","properties":{"cell_id":"nga_9.375_5.875","population_estimate":66739.0,"settlement_count":103.0,"population_with_nightlight_signal":3117.0,"population_without_nightlight_signal":63622.0,"nightlight_population_share_pct":4.670432580649995,"total_buildings":15693.0,"modeled_demand":5470.0,"population_weighted_distance_transmission_km":4.780936184240099,"population_weighted_distance_gridlight_km":8.624657516594496,"_label":"nga_9.375_5.875","_status_group":"unknown","_year":2025,"_year_label":"Source release year","_states":["Niger"]},"geometry":{"type":"Point","coordinates":[5.875,9.375]}},{"type":"Feature","properties":{"cell_id":"nga_9.375_6.125","population_estimate":93894.0,"settlement_count":157.0,"population_with_nightlight_signal":24354.0,"population_without_nightlight_signal":69540.0,"nightlight_population_share_pct":25.937759601252477,"total_buildings":21771.0,"modeled_demand":7832.4000000000015,"population_weighted_distance_transmission_km":1.8160527829254265,"population_weighted_distance_gridlight_km":3.712549481330011,"_label":"nga_9.375_6.125","_status_group":"unknown","_year":2025,"_year_label":"Source release year","_states":["Niger"]},"geometry":{"type":"Point","coordinates":[6.125,9.375]}},{"type":"Feature","properties":{"cell_id":"nga_9.375_6.375","population_estimate":76985.0,"settlement_count":155.0,"population_with_nightlight_signal":34441.0,"population_without_nightlight_signal":42544.0,"nightlight_population_share_pct":44.73728648438007,"total_buildings":17919.0,"modeled_demand":6527.8,"population_weighted_distance_transmission_km":2.946887705397155,"population_weighted_distance_gridlight_km":2.9954760148080792,"_label":"nga_9.375_6.375","_status_group":"unknown","_year":2025,"_year_label":"Source release year","_states":["Niger"]},"geometry":{"type":"Point","coordinates":[6.375,9.375]}},{"type":"Feature","properties":{"cell_id":"nga_9.375_6.625","population_estimate":144526.0,"settlement_count":241.0,"population_with_nightlight_signal":71015.0,"population_without_nightlight_signal":73511.0,"nightlight_population_share_pct":49.13648755241272,"total_buildings":32749.0,"modeled_demand":12488.4,"population_weighted_distance_transmission_km":1.832269418651315,"population_weighted_distance_gridlight_km":1.993947068347564,"_label":"nga_9.375_6.625","_status_group":"unknown","_year":2025,"_year_label":"Source release year","_states":["Niger"]},"geometry":{"type":"Point","coordinates":[6.625,9.375]}},{"type":"Feature","properties":{"cell_id":"nga_9.375_6.875","population_estimate":143964.0,"settlement_count":199.0,"population_with_nightlight_signal":79223.0,"population_without_nightlight_signal":64741.0,"nightlight_population_share_pct":55.02972965463588,"total_buildings":32301.0,"modeled_demand":12721.3,"population_weighted_distance_transmission_km":1.713999402628435,"population_weighted_distance_gridlight_km":2.411894167986442,"_label":"nga_9.375_6.875","_status_group":"unknown","_year":2025,"_year_label":"Source release year","_states":["Niger"]},"geometry":{"type":"Point","coordinates":[6.875,9.375]}},{"type":"Feature","properties":{"cell_id":"nga_9.375_7.125","population_estimate":225317.0,"settlement_count":232.0,"population_with_nightlight_signal":152981.0,"population_without_nightlight_signal":72336.0,"nightlight_population_share_pct":67.89589777957278,"total_buildings":50828.0,"modeled_demand":20587.5,"population_weighted_distance_transmission_km":1.4178955427242508,"population_weighted_distance_gridlight_km":1.1845294895635925,"_label":"nga_9.375_7.125","_status_group":"unknown","_year":2025,"_year_label":"Source release year","_states":["Niger"]},"geometry":{"type":"Point","coordinates":[7.125,9.375]}},{"type":"Feature","properties":{"cell_id":"nga_9.375_7.375","population_estimate":394725.0,"settlement_count":213.0,"population_with_nightlight_signal":307806.0,"population_without_nightlight_signal":86919.0,"nightlight_population_share_pct":77.97985939578187,"total_buildings":86310.0,"modeled_demand":38042.2,"population_weighted_distance_transmission_km":0.71740373677877,"population_weighted_distance_gridlight_km":0.5660253898283615,"_label":"nga_9.375_7.375","_status_group":"unknown","_year":2025,"_year_label":"Source release year","_states":["Kaduna"]},"geometry":{"type":"Point","coordinates":[7.375,9.375]}},{"type":"Feature","properties":{"cell_id":"nga_9.375_7.625","population_estimate":67940.0,"settlement_count":127.0,"population_with_nightlight_signal":26330.0,"population_without_nightlight_signal":41610.0,"nightlight_population_share_pct":38.75478363261701,"total_buildings":15166.0,"modeled_demand":5703.799999999999,"population_weighted_distance_transmission_km":6.4986745657933485,"population_weighted_distance_gridlight_km":7.053102561083308,"_label":"nga_9.375_7.625","_status_group":"unknown","_year":2025,"_year_label":"Source release year","_states":["Abuja Federal Capital Territory"]},"geometry":{"type":"Point","coordinates":[7.625,9.375]}},{"type":"Feature","properties":{"cell_id":"nga_9.375_7.875","population_estimate":109011.0,"settlement_count":134.0,"population_with_nightlight_signal":24306.0,"population_without_nightlight_signal":84705.0,"nightlight_population_share_pct":22.296832429754794,"total_buildings":24497.0,"modeled_demand":9640.8,"population_weighted_distance_transmission_km":3.234024272779811,"population_weighted_distance_gridlight_km":4.390508453275358,"_label":"nga_9.375_7.875","_status_group":"unknown","_year":2025,"_year_label":"Source release year","_states":["Kaduna"]},"geometry":{"type":"Point","coordinates":[7.875,9.375]}},{"type":"Feature","properties":{"cell_id":"nga_9.375_8.125","population_estimate":180405.0,"settlement_count":148.0,"population_with_nightlight_signal":59813.0,"population_without_nightlight_signal":120592.0,"nightlight_population_share_pct":33.154846040852526,"total_buildings":39319.0,"modeled_demand":16214.0,"population_weighted_distance_transmission_km":0.9335138161359164,"population_weighted_distance_gridlight_km":4.334686627310774,"_label":"nga_9.375_8.125","_status_group":"unknown","_year":2025,"_year_label":"Source release year","_states":["Kaduna"]},"geometry":{"type":"Point","coordinates":[8.125,9.375]}},{"type":"Feature","properties":{"cell_id":"nga_9.375_8.375","population_estimate":109740.0,"settlement_count":104.0,"population_with_nightlight_signal":48536.0,"population_without_nightlight_signal":61204.0,"nightlight_population_share_pct":44.2281756879898,"total_buildings":24504.0,"modeled_demand":9625.9,"population_weighted_distance_transmission_km":3.62437661745945,"population_weighted_distance_gridlight_km":2.333082303626754,"_label":"nga_9.375_8.375","_status_group":"unknown","_year":2025,"_year_label":"Source release year","_states":["Kaduna"]},"geometry":{"type":"Point","coordinates":[8.375,9.375]}},{"type":"Feature","properties":{"cell_id":"nga_9.375_8.625","population_estimate":123279.0,"settlement_count":144.0,"population_with_nightlight_signal":53310.0,"population_without_nightlight_signal":69969.0,"nightlight_population_share_pct":43.24337478402648,"total_buildings":27560.0,"modeled_demand":10300.5,"population_weighted_distance_transmission_km":1.0428138612415738,"population_weighted_distance_gridlight_km":2.393300010545186,"_label":"nga_9.375_8.625","_status_group":"unknown","_year":2025,"_year_label":"Source release year","_states":["Kaduna"]},"geometry":{"type":"Point","coordinates":[8.625,9.375]}},{"type":"Feature","properties":{"cell_id":"nga_9.375_8.875","population_estimate":211017.0,"settlement_count":387.0,"population_with_nightlight_signal":57458.0,"population_without_nightlight_signal":153559.0,"nightlight_population_share_pct":27.229085808252417,"total_buildings":48152.0,"modeled_demand":19603.4,"population_weighted_distance_transmission_km":1.5507166247269175,"population_weighted_distance_gridlight_km":3.3916879682679593,"_label":"nga_9.375_8.875","_status_group":"unknown","_year":2025,"_year_label":"Source release year","_states":["Plateau"]},"geometry":{"type":"Point","coordinates":[8.875,9.375]}},{"type":"Feature","properties":{"cell_id":"nga_9.375_9.125","population_estimate":400333.0,"settlement_count":458.0,"population_with_nightlight_signal":172181.0,"population_without_nightlight_signal":228152.0,"nightlight_population_share_pct":43.00944463733941,"total_buildings":89886.0,"modeled_demand":36218.3,"population_weighted_distance_transmission_km":1.8858930939992455,"population_weighted_distance_gridlight_km":2.558846073144107,"_label":"nga_9.375_9.125","_status_group":"unknown","_year":2025,"_year_label":"Source release year","_states":["Plateau"]},"geometry":{"type":"Point","coordinates":[9.125,9.375]}},{"type":"Feature","properties":{"cell_id":"nga_9.375_9.375","population_estimate":268077.0,"settlement_count":318.0,"population_with_nightlight_signal":115387.0,"population_without_nightlight_signal":152690.0,"nightlight_population_share_pct":43.0424840624149,"total_buildings":59393.0,"modeled_demand":23841.6,"population_weighted_distance_transmission_km":2.0210203411706336,"population_weighted_distance_gridlight_km":3.2776086124509,"_label":"nga_9.375_9.375","_status_group":"unknown","_year":2025,"_year_label":"Source release year","_states":["Plateau"]},"geometry":{"type":"Point","coordinates":[9.375,9.375]}},{"type":"Feature","properties":{"cell_id":"nga_9.375_9.625","population_estimate":179446.0,"settlement_count":223.0,"population_with_nightlight_signal":82237.0,"population_without_nightlight_signal":97209.0,"nightlight_population_share_pct":45.82827145770872,"total_buildings":40803.0,"modeled_demand":14817.999999999998,"population_weighted_distance_transmission_km":1.1001922583952837,"population_weighted_distance_gridlight_km":2.0447204395751366,"_label":"nga_9.375_9.625","_status_group":"unknown","_year":2025,"_year_label":"Source release year","_states":["Plateau"]},"geometry":{"type":"Point","coordinates":[9.625,9.375]}},{"type":"Feature","properties":{"cell_id":"nga_9.375_9.875","population_estimate":139767.0,"settlement_count":185.0,"population_with_nightlight_signal":46010.0,"population_without_nightlight_signal":93757.0,"nightlight_population_share_pct":32.919072456302274,"total_buildings":31671.0,"modeled_demand":11633.8,"population_weighted_distance_transmission_km":2.5375998626285172,"population_weighted_distance_gridlight_km":6.163794615324075,"_label":"nga_9.375_9.875","_status_group":"unknown","_year":2025,"_year_label":"Source release year","_states":["Plateau"]},"geometry":{"type":"Point","coordinates":[9.875,9.375]}},{"type":"Feature","properties":{"cell_id":"nga_9.375_10.125","population_estimate":101793.0,"settlement_count":103.0,"population_with_nightlight_signal":19399.0,"population_without_nightlight_signal":82394.0,"nightlight_population_share_pct":19.057302565009383,"total_buildings":23307.0,"modeled_demand":8154.1,"population_weighted_distance_transmission_km":3.3889872584558858,"population_weighted_distance_gridlight_km":4.863002898038177,"_label":"nga_9.375_10.125","_status_group":"unknown","_year":2025,"_year_label":"Source release year","_states":["Plateau"]},"geometry":{"type":"Point","coordinates":[10.125,9.375]}},{"type":"Feature","properties":{"cell_id":"nga_9.375_10.375","population_estimate":30607.0,"settlement_count":21.0,"population_with_nightlight_signal":0.0,"population_without_nightlight_signal":30607.0,"nightlight_population_share_pct":0.0,"total_buildings":6887.0,"modeled_demand":2366.3,"population_weighted_distance_transmission_km":6.421450321821805,"population_weighted_distance_gridlight_km":16.990516352468386,"_label":"nga_9.375_10.375","_status_group":"unknown","_year":2025,"_year_label":"Source release year","_states":["Plateau"]},"geometry":{"type":"Point","coordinates":[10.375,9.375]}},{"type":"Feature","properties":{"cell_id":"nga_9.375_10.625","population_estimate":9035.0,"settlement_count":29.0,"population_with_nightlight_signal":0.0,"population_without_nightlight_signal":9035.0,"nightlight_population_share_pct":0.0,"total_buildings":2125.0,"modeled_demand":712.8,"population_weighted_distance_transmission_km":18.769012728278916,"population_weighted_distance_gridlight_km":18.507561372440502,"_label":"nga_9.375_10.625","_status_group":"unknown","_year":2025,"_year_label":"Source release year","_states":["Taraba"]},"geometry":{"type":"Point","coordinates":[10.625,9.375]}},{"type":"Feature","properties":{"cell_id":"nga_9.375_10.875","population_estimate":37110.0,"settlement_count":87.0,"population_with_nightlight_signal":0.0,"population_without_nightlight_signal":37110.0,"nightlight_population_share_pct":0.0,"total_buildings":8514.0,"modeled_demand":2912.0,"population_weighted_distance_transmission_km":24.750080571274587,"population_weighted_distance_gridlight_km":27.36180439234707,"_label":"nga_9.375_10.875","_status_group":"unknown","_year":2025,"_year_label":"Source release year","_states":["Taraba"]},"geometry":{"type":"Point","coordinates":[10.875,9.375]}},{"type":"Feature","properties":{"cell_id":"nga_9.375_11.125","population_estimate":90185.0,"settlement_count":102.0,"population_with_nightlight_signal":29918.0,"population_without_nightlight_signal":60267.0,"nightlight_population_share_pct":33.17403115817486,"total_buildings":19952.0,"modeled_demand":7245.8,"population_weighted_distance_transmission_km":6.12336652436658,"population_weighted_distance_gridlight_km":7.282766801574541,"_label":"nga_9.375_11.125","_status_group":"unknown","_year":2025,"_year_label":"Source release year","_states":["Taraba"]},"geometry":{"type":"Point","coordinates":[11.125,9.375]}},{"type":"Feature","properties":{"cell_id":"nga_9.375_11.375","population_estimate":56760.0,"settlement_count":95.0,"population_with_nightlight_signal":0.0,"population_without_nightlight_signal":56760.0,"nightlight_population_share_pct":0.0,"total_buildings":12993.0,"modeled_demand":4771.699999999999,"population_weighted_distance_transmission_km":4.398973749119098,"population_weighted_distance_gridlight_km":13.014642389006342,"_label":"nga_9.375_11.375","_status_group":"unknown","_year":2025,"_year_label":"Source release year","_states":["Taraba"]},"geometry":{"type":"Point","coordinates":[11.375,9.375]}},{"type":"Feature","properties":{"cell_id":"nga_9.375_11.625","population_estimate":35245.0,"settlement_count":71.0,"population_with_nightlight_signal":10926.0,"population_without_nightlight_signal":24319.0,"nightlight_population_share_pct":31.000141864094196,"total_buildings":8037.0,"modeled_demand":2883.4,"population_weighted_distance_transmission_km":9.103106256206551,"population_weighted_distance_gridlight_km":8.397436260462477,"_label":"nga_9.375_11.625","_status_group":"unknown","_year":2025,"_year_label":"Source release year","_states":["Adamawa"]},"geometry":{"type":"Point","coordinates":[11.625,9.375]}},{"type":"Feature","properties":{"cell_id":"nga_9.375_11.875","population_estimate":49348.0,"settlement_count":92.0,"population_with_nightlight_signal":0.0,"population_without_nightlight_signal":49348.0,"nightlight_population_share_pct":0.0,"total_buildings":11604.0,"modeled_demand":4162.0999999999985,"population_weighted_distance_transmission_km":3.615055524033396,"population_weighted_distance_gridlight_km":15.27945677636378,"_label":"nga_9.375_11.875","_status_group":"unknown","_year":2025,"_year_label":"Source release year","_states":["Adamawa"]},"geometry":{"type":"Point","coordinates":[11.875,9.375]}},{"type":"Feature","properties":{"cell_id":"nga_9.375_12.125","population_estimate":270570.0,"settlement_count":147.0,"population_with_nightlight_signal":206305.0,"population_without_nightlight_signal":64265.0,"nightlight_population_share_pct":76.24829064567395,"total_buildings":59034.0,"modeled_demand":22539.1,"population_weighted_distance_transmission_km":0.4664990945041948,"population_weighted_distance_gridlight_km":1.524248261078464,"_label":"nga_9.375_12.125","_status_group":"unknown","_year":2025,"_year_label":"Source release year","_states":["Adamawa"]},"geometry":{"type":"Point","coordinates":[12.125,9.375]}},{"type":"Feature","properties":{"cell_id":"nga_9.375_12.375","population_estimate":171196.0,"settlement_count":134.0,"population_with_nightlight_signal":121181.0,"population_without_nightlight_signal":50015.0,"nightlight_population_share_pct":70.78494824645436,"total_buildings":38222.0,"modeled_demand":14997.8,"population_weighted_distance_transmission_km":1.7163596112058694,"population_weighted_distance_gridlight_km":1.7409173228346455,"_label":"nga_9.375_12.375","_status_group":"unknown","_year":2025,"_year_label":"Source release year","_states":["Adamawa"]},"geometry":{"type":"Point","coordinates":[12.375,9.375]}},{"type":"Feature","properties":{"cell_id":"nga_9.375_12.625","population_estimate":148661.0,"settlement_count":76.0,"population_with_nightlight_signal":126118.0,"population_without_nightlight_signal":22543.0,"nightlight_population_share_pct":84.83596908402338,"total_buildings":32512.0,"modeled_demand":12512.2,"population_weighted_distance_transmission_km":0.4219004311823545,"population_weighted_distance_gridlight_km":0.4568644163566773,"_label":"nga_9.375_12.625","_status_group":"unknown","_year":2025,"_year_label":"Source release year","_states":["Adamawa"]},"geometry":{"type":"Point","coordinates":[12.625,9.375]}},{"type":"Feature","properties":{"cell_id":"nga_9.375_12.875","population_estimate":54897.0,"settlement_count":88.0,"population_with_nightlight_signal":9621.0,"population_without_nightlight_signal":45276.0,"nightlight_population_share_pct":17.525547844144487,"total_buildings":12637.0,"modeled_demand":4301.4,"population_weighted_distance_transmission_km":7.019950452665901,"population_weighted_distance_gridlight_km":5.137753665956246,"_label":"nga_9.375_12.875","_status_group":"unknown","_year":2025,"_year_label":"Source release year","_states":["Adamawa"]},"geometry":{"type":"Point","coordinates":[12.875,9.375]}},{"type":"Feature","properties":{"cell_id":"nga_9.625_3.125","population_estimate":14123.0,"settlement_count":9.0,"population_with_nightlight_signal":0.0,"population_without_nightlight_signal":14123.0,"nightlight_population_share_pct":0.0,"total_buildings":3080.0,"modeled_demand":1360.1,"population_weighted_distance_transmission_km":0.4440267648516605,"population_weighted_distance_gridlight_km":7.669583799476032,"_label":"nga_9.625_3.125","_status_group":"unknown","_year":2025,"_year_label":"Source release year","_states":[]},"geometry":{"type":"Point","coordinates":[3.125,9.625]}},{"type":"Feature","properties":{"cell_id":"nga_9.625_3.375","population_estimate":38623.0,"settlement_count":46.0,"population_with_nightlight_signal":21523.0,"population_without_nightlight_signal":17100.0,"nightlight_population_share_pct":55.725862827848694,"total_buildings":8599.0,"modeled_demand":3644.400000000001,"population_weighted_distance_transmission_km":12.148417782150531,"population_weighted_distance_gridlight_km":5.326223830360148,"_label":"nga_9.625_3.375","_status_group":"unknown","_year":2025,"_year_label":"Source release year","_states":["Kwara"]},"geometry":{"type":"Point","coordinates":[3.375,9.625]}},{"type":"Feature","properties":{"cell_id":"nga_9.625_3.625","population_estimate":4223.0,"settlement_count":14.0,"population_with_nightlight_signal":0.0,"population_without_nightlight_signal":4223.0,"nightlight_population_share_pct":0.0,"total_buildings":993.0,"modeled_demand":341.3,"population_weighted_distance_transmission_km":27.591730996921623,"population_weighted_distance_gridlight_km":22.539366800852473,"_label":"nga_9.625_3.625","_status_group":"unknown","_year":2025,"_year_label":"Source release year","_states":["Kwara"]},"geometry":{"type":"Point","coordinates":[3.625,9.625]}},{"type":"Feature","properties":{"cell_id":"nga_9.625_3.875","population_estimate":72505.0,"settlement_count":75.0,"population_with_nightlight_signal":53652.0,"population_without_nightlight_signal":18853.0,"nightlight_population_share_pct":73.9976553341149,"total_buildings":16165.0,"modeled_demand":7521.100000000001,"population_weighted_distance_transmission_km":1.259213295634784,"population_weighted_distance_gridlight_km":0.8901909937245709,"_label":"nga_9.625_3.875","_status_group":"unknown","_year":2025,"_year_label":"Source release year","_states":["Kwara"]},"geometry":{"type":"Point","coordinates":[3.875,9.625]}},{"type":"Feature","properties":{"cell_id":"nga_9.625_4.125","population_estimate":19374.0,"settlement_count":40.0,"population_with_nightlight_signal":12538.0,"population_without_nightlight_signal":6836.0,"nightlight_population_share_pct":64.71559822442448,"total_buildings":4555.0,"modeled_demand":1654.4,"population_weighted_distance_transmission_km":1.39568390626613,"population_weighted_distance_gridlight_km":1.8131482399091563,"_label":"nga_9.625_4.125","_status_group":"unknown","_year":2025,"_year_label":"Source release year","_states":["Kwara"]},"geometry":{"type":"Point","coordinates":[4.125,9.625]}},{"type":"Feature","properties":{"cell_id":"nga_9.625_4.375","population_estimate":4543.0,"settlement_count":21.0,"population_with_nightlight_signal":0.0,"population_without_nightlight_signal":4543.0,"nightlight_population_share_pct":0.0,"total_buildings":1068.0,"modeled_demand":365.2,"population_weighted_distance_transmission_km":16.215524983491083,"population_weighted_distance_gridlight_km":18.482858243451464,"_label":"nga_9.625_4.375","_status_group":"unknown","_year":2025,"_year_label":"Source release year","_states":["Niger"]},"geometry":{"type":"Point","coordinates":[4.375,9.625]}},{"type":"Feature","properties":{"cell_id":"nga_9.625_4.625","population_estimate":42267.0,"settlement_count":70.0,"population_with_nightlight_signal":0.0,"population_without_nightlight_signal":42267.0,"nightlight_population_share_pct":0.0,"total_buildings":9938.0,"modeled_demand":3393.1,"population_weighted_distance_transmission_km":15.90403506281496,"population_weighted_distance_gridlight_km":16.04107225495067,"_label":"nga_9.625_4.625","_status_group":"unknown","_year":2025,"_year_label":"Source release year","_states":["Niger"]},"geometry":{"type":"Point","coordinates":[4.625,9.625]}},{"type":"Feature","properties":{"cell_id":"nga_9.625_4.875","population_estimate":49864.0,"settlement_count":25.0,"population_with_nightlight_signal":18905.0,"population_without_nightlight_signal":30959.0,"nightlight_population_share_pct":37.91312369645435,"total_buildings":11275.0,"modeled_demand":3943.6999999999994,"population_weighted_distance_transmission_km":4.158699863629071,"population_weighted_distance_gridlight_km":5.302806253008182,"_label":"nga_9.625_4.875","_status_group":"unknown","_year":2025,"_year_label":"Source release year","_states":["Niger"]},"geometry":{"type":"Point","coordinates":[4.875,9.625]}},{"type":"Feature","properties":{"cell_id":"nga_9.625_5.125","population_estimate":68665.0,"settlement_count":78.0,"population_with_nightlight_signal":0.0,"population_without_nightlight_signal":68665.0,"nightlight_population_share_pct":0.0,"total_buildings":16145.0,"modeled_demand":5464.1,"population_weighted_distance_transmission_km":13.427288866234615,"population_weighted_distance_gridlight_km":14.54387747760868,"_label":"nga_9.625_5.125","_status_group":"unknown","_year":2025,"_year_label":"Source release year","_states":["Niger"]},"geometry":{"type":"Point","coordinates":[5.125,9.625]}},{"type":"Feature","properties":{"cell_id":"nga_9.625_5.375","population_estimate":135015.0,"settlement_count":57.0,"population_with_nightlight_signal":97833.0,"population_without_nightlight_signal":37182.0,"nightlight_population_share_pct":72.4608376847017,"total_buildings":29479.0,"modeled_demand":10345.1,"population_weighted_distance_transmission_km":1.098141539828908,"population_weighted_distance_gridlight_km":1.5152932340851015,"_label":"nga_9.625_5.375","_status_group":"unknown","_year":2025,"_year_label":"Source release year","_states":["Niger"]},"geometry":{"type":"Point","coordinates":[5.375,9.625]}},{"type":"Feature","properties":{"cell_id":"nga_9.625_5.625","population_estimate":70223.0,"settlement_count":39.0,"population_with_nightlight_signal":0.0,"population_without_nightlight_signal":70223.0,"nightlight_population_share_pct":0.0,"total_buildings":16512.0,"modeled_demand":5594.599999999999,"population_weighted_distance_transmission_km":15.180765845947908,"population_weighted_distance_gridlight_km":15.896646753912536,"_label":"nga_9.625_5.625","_status_group":"unknown","_year":2025,"_year_label":"Source release year","_states":["Niger"]},"geometry":{"type":"Point","coordinates":[5.625,9.625]}},{"type":"Feature","properties":{"cell_id":"nga_9.625_5.875","population_estimate":35263.0,"settlement_count":75.0,"population_with_nightlight_signal":2152.0,"population_without_nightlight_signal":33111.0,"nightlight_population_share_pct":6.102713892748773,"total_buildings":8292.0,"modeled_demand":2841.7999999999993,"population_weighted_distance_transmission_km":11.250395031619544,"population_weighted_distance_gridlight_km":11.229179253041432,"_label":"nga_9.625_5.875","_status_group":"unknown","_year":2025,"_year_label":"Source release year","_states":["Niger"]},"geometry":{"type":"Point","coordinates":[5.875,9.625]}},{"type":"Feature","properties":{"cell_id":"nga_9.625_6.125","population_estimate":117786.0,"settlement_count":178.0,"population_with_nightlight_signal":58970.0,"population_without_nightlight_signal":58816.0,"nightlight_population_share_pct":50.06537279472943,"total_buildings":26703.0,"modeled_demand":9861.999999999998,"population_weighted_distance_transmission_km":1.5537553699081386,"population_weighted_distance_gridlight_km":2.7515719525240687,"_label":"nga_9.625_6.125","_status_group":"unknown","_year":2025,"_year_label":"Source release year","_states":["Niger"]},"geometry":{"type":"Point","coordinates":[6.125,9.625]}},{"type":"Feature","properties":{"cell_id":"nga_9.625_6.375","population_estimate":134813.0,"settlement_count":290.0,"population_with_nightlight_signal":59948.0,"population_without_nightlight_signal":74865.0,"nightlight_population_share_pct":44.46752167817644,"total_buildings":31457.0,"modeled_demand":12755.7,"population_weighted_distance_transmission_km":2.024889661976219,"population_weighted_distance_gridlight_km":2.3691503490019508,"_label":"nga_9.625_6.375","_status_group":"unknown","_year":2025,"_year_label":"Source release year","_states":["Niger"]},"geometry":{"type":"Point","coordinates":[6.375,9.625]}},{"type":"Feature","properties":{"cell_id":"nga_9.625_6.625","population_estimate":900745.0,"settlement_count":225.0,"population_with_nightlight_signal":839984.0,"population_without_nightlight_signal":60761.0,"nightlight_population_share_pct":93.25436166728652,"total_buildings":187263.0,"modeled_demand":91561.39999999998,"population_weighted_distance_transmission_km":0.2425516766676473,"population_weighted_distance_gridlight_km":0.2873011718077813,"_label":"nga_9.625_6.625","_status_group":"unknown","_year":2025,"_year_label":"Source release year","_states":["Niger"]},"geometry":{"type":"Point","coordinates":[6.625,9.625]}},{"type":"Feature","properties":{"cell_id":"nga_9.625_6.875","population_estimate":97159.0,"settlement_count":240.0,"population_with_nightlight_signal":12367.0,"population_without_nightlight_signal":84792.0,"nightlight_population_share_pct":12.728620096954476,"total_buildings":22633.0,"modeled_demand":8089.6,"population_weighted_distance_transmission_km":3.4303208143352655,"population_weighted_distance_gridlight_km":5.802855041735713,"_label":"nga_9.625_6.875","_status_group":"unknown","_year":2025,"_year_label":"Source release year","_states":["Niger"]},"geometry":{"type":"Point","coordinates":[6.875,9.625]}},{"type":"Feature","properties":{"cell_id":"nga_9.625_7.125","population_estimate":135541.0,"settlement_count":181.0,"population_with_nightlight_signal":55201.0,"population_without_nightlight_signal":80340.0,"nightlight_population_share_pct":40.72642226337418,"total_buildings":30381.0,"modeled_demand":11452.5,"population_weighted_distance_transmission_km":2.368740897588183,"population_weighted_distance_gridlight_km":4.206590397001645,"_label":"nga_9.625_7.125","_status_group":"unknown","_year":2025,"_year_label":"Source release year","_states":["Niger"]},"geometry":{"type":"Point","coordinates":[7.125,9.625]}},{"type":"Feature","properties":{"cell_id":"nga_9.625_7.375","population_estimate":131725.0,"settlement_count":119.0,"population_with_nightlight_signal":74718.0,"population_without_nightlight_signal":57007.0,"nightlight_population_share_pct":56.72271778326058,"total_buildings":29147.0,"modeled_demand":10838.4,"population_weighted_distance_transmission_km":2.5317117479597644,"population_weighted_distance_gridlight_km":3.3372073030935665,"_label":"nga_9.625_7.375","_status_group":"unknown","_year":2025,"_year_label":"Source release year","_states":["Kaduna"]},"geometry":{"type":"Point","coordinates":[7.375,9.625]}},{"type":"Feature","properties":{"cell_id":"nga_9.625_7.625","population_estimate":52993.0,"settlement_count":131.0,"population_with_nightlight_signal":8591.0,"population_without_nightlight_signal":44402.0,"nightlight_population_share_pct":16.211575113694263,"total_buildings":12217.0,"modeled_demand":4446.3,"population_weighted_distance_transmission_km":6.748244107712338,"population_weighted_distance_gridlight_km":5.674172362387486,"_label":"nga_9.625_7.625","_status_group":"unknown","_year":2025,"_year_label":"Source release year","_states":["Kaduna"]},"geometry":{"type":"Point","coordinates":[7.625,9.625]}},{"type":"Feature","properties":{"cell_id":"nga_9.625_7.875","population_estimate":101522.0,"settlement_count":144.0,"population_with_nightlight_signal":0.0,"population_without_nightlight_signal":101522.0,"nightlight_population_share_pct":0.0,"total_buildings":23471.0,"modeled_demand":9222.2,"population_weighted_distance_transmission_km":3.397992060834105,"population_weighted_distance_gridlight_km":11.955241258052444,"_label":"nga_9.625_7.875","_status_group":"unknown","_year":2025,"_year_label":"Source release year","_states":["Kaduna"]},"geometry":{"type":"Point","coordinates":[7.875,9.625]}},{"type":"Feature","properties":{"cell_id":"nga_9.625_8.125","population_estimate":138570.0,"settlement_count":217.0,"population_with_nightlight_signal":16679.0,"population_without_nightlight_signal":121891.0,"nightlight_population_share_pct":12.03651584036949,"total_buildings":31666.0,"modeled_demand":13654.7,"population_weighted_distance_transmission_km":2.4855192321570327,"population_weighted_distance_gridlight_km":9.77939619686801,"_label":"nga_9.625_8.125","_status_group":"unknown","_year":2025,"_year_label":"Source release year","_states":["Kaduna"]},"geometry":{"type":"Point","coordinates":[8.125,9.625]}},{"type":"Feature","properties":{"cell_id":"nga_9.625_8.375","population_estimate":316816.0,"settlement_count":201.0,"population_with_nightlight_signal":230921.0,"population_without_nightlight_signal":85895.0,"nightlight_population_share_pct":72.88804858340488,"total_buildings":68332.0,"modeled_demand":30579.9,"population_weighted_distance_transmission_km":0.4296250820665622,"population_weighted_distance_gridlight_km":0.6762970146709762,"_label":"nga_9.625_8.375","_status_group":"unknown","_year":2025,"_year_label":"Source release year","_states":["Kaduna"]},"geometry":{"type":"Point","coordinates":[8.375,9.625]}},{"type":"Feature","properties":{"cell_id":"nga_9.625_8.625","population_estimate":191117.0,"settlement_count":210.0,"population_with_nightlight_signal":54112.0,"population_without_nightlight_signal":137005.0,"nightlight_population_share_pct":28.313546152356935,"total_buildings":41829.0,"modeled_demand":15716.299999999996,"population_weighted_distance_transmission_km":1.6910162361276075,"population_weighted_distance_gridlight_km":3.61963615481616,"_label":"nga_9.625_8.625","_status_group":"unknown","_year":2025,"_year_label":"Source release year","_states":["Plateau"]},"geometry":{"type":"Point","coordinates":[8.625,9.625]}},{"type":"Feature","properties":{"cell_id":"nga_9.625_8.875","population_estimate":317999.0,"settlement_count":261.0,"population_with_nightlight_signal":211135.0,"population_without_nightlight_signal":106864.0,"nightlight_population_share_pct":66.39486287692729,"total_buildings":70357.0,"modeled_demand":29930.699999999997,"population_weighted_distance_transmission_km":1.011923779634527,"population_weighted_distance_gridlight_km":1.0412098560058365,"_label":"nga_9.625_8.875","_status_group":"unknown","_year":2025,"_year_label":"Source release year","_states":["Plateau"]},"geometry":{"type":"Point","coordinates":[8.875,9.625]}},{"type":"Feature","properties":{"cell_id":"nga_9.625_9.125","population_estimate":223953.0,"settlement_count":510.0,"population_with_nightlight_signal":63250.0,"population_without_nightlight_signal":160703.0,"nightlight_population_share_pct":28.242533031484285,"total_buildings":51146.0,"modeled_demand":19320.299999999996,"population_weighted_distance_transmission_km":5.592932356342625,"population_weighted_distance_gridlight_km":5.000147589003049,"_label":"nga_9.625_9.125","_status_group":"unknown","_year":2025,"_year_label":"Source release year","_states":["Plateau"]},"geometry":{"type":"Point","coordinates":[9.125,9.625]}},{"type":"Feature","properties":{"cell_id":"nga_9.625_9.375","population_estimate":112702.0,"settlement_count":304.0,"population_with_nightlight_signal":10260.0,"population_without_nightlight_signal":102442.0,"nightlight_population_share_pct":9.10365388369328,"total_buildings":26041.0,"modeled_demand":9384.2,"population_weighted_distance_transmission_km":5.102370587922131,"population_weighted_distance_gridlight_km":5.608998686802364,"_label":"nga_9.625_9.375","_status_group":"unknown","_year":2025,"_year_label":"Source release year","_states":["Bauchi"]},"geometry":{"type":"Point","coordinates":[9.375,9.625]}},{"type":"Feature","properties":{"cell_id":"nga_9.625_9.625","population_estimate":114944.0,"settlement_count":217.0,"population_with_nightlight_signal":27543.0,"population_without_nightlight_signal":87401.0,"nightlight_population_share_pct":23.96210328507795,"total_buildings":26512.0,"modeled_demand":9681.4,"population_weighted_distance_transmission_km":0.8678777491648106,"population_weighted_distance_gridlight_km":4.341343323705456,"_label":"nga_9.625_9.625","_status_group":"unknown","_year":2025,"_year_label":"Source release year","_states":["Bauchi"]},"geometry":{"type":"Point","coordinates":[9.625,9.625]}},{"type":"Feature","properties":{"cell_id":"nga_9.625_9.875","population_estimate":70687.0,"settlement_count":126.0,"population_with_nightlight_signal":5608.0,"population_without_nightlight_signal":65079.0,"nightlight_population_share_pct":7.933566285172662,"total_buildings":16318.0,"modeled_demand":5736.200000000001,"population_weighted_distance_transmission_km":7.418578097811479,"population_weighted_distance_gridlight_km":10.051737702830792,"_label":"nga_9.625_9.875","_status_group":"unknown","_year":2025,"_year_label":"Source release year","_states":["Bauchi"]},"geometry":{"type":"Point","coordinates":[9.875,9.625]}},{"type":"Feature","properties":{"cell_id":"nga_9.625_10.125","population_estimate":48510.0,"settlement_count":68.0,"population_with_nightlight_signal":0.0,"population_without_nightlight_signal":48510.0,"nightlight_population_share_pct":0.0,"total_buildings":11131.0,"modeled_demand":3807.600000000001,"population_weighted_distance_transmission_km":6.69759410430839,"population_weighted_distance_gridlight_km":19.024236961451248,"_label":"nga_9.625_10.125","_status_group":"unknown","_year":2025,"_year_label":"Source release year","_states":["Plateau"]},"geometry":{"type":"Point","coordinates":[10.125,9.625]}},{"type":"Feature","properties":{"cell_id":"nga_9.625_10.375","population_estimate":16401.0,"settlement_count":14.0,"population_with_nightlight_signal":0.0,"population_without_nightlight_signal":16401.0,"nightlight_population_share_pct":0.0,"total_buildings":3838.0,"modeled_demand":1333.9,"population_weighted_distance_transmission_km":6.2314974696664835,"population_weighted_distance_gridlight_km":30.551349003109564,"_label":"nga_9.625_10.375","_status_group":"unknown","_year":2025,"_year_label":"Source release year","_states":["Bauchi"]},"geometry":{"type":"Point","coordinates":[10.375,9.625]}},{"type":"Feature","properties":{"cell_id":"nga_9.625_10.625","population_estimate":53431.0,"settlement_count":85.0,"population_with_nightlight_signal":0.0,"population_without_nightlight_signal":53431.0,"nightlight_population_share_pct":0.0,"total_buildings":11967.0,"modeled_demand":4045.4,"population_weighted_distance_transmission_km":10.913921693398958,"population_weighted_distance_gridlight_km":30.0971266306077,"_label":"nga_9.625_10.625","_status_group":"unknown","_year":2025,"_year_label":"Source release year","_states":["Bauchi"]},"geometry":{"type":"Point","coordinates":[10.625,9.625]}},{"type":"Feature","properties":{"cell_id":"nga_9.625_10.875","population_estimate":69086.0,"settlement_count":126.0,"population_with_nightlight_signal":0.0,"population_without_nightlight_signal":69086.0,"nightlight_population_share_pct":0.0,"total_buildings":15511.0,"modeled_demand":5287.7,"population_weighted_distance_transmission_km":6.149814723677735,"population_weighted_distance_gridlight_km":18.009928856787194,"_label":"nga_9.625_10.875","_status_group":"unknown","_year":2025,"_year_label":"Source release year","_states":["Bauchi"]},"geometry":{"type":"Point","coordinates":[10.875,9.625]}},{"type":"Feature","properties":{"cell_id":"nga_9.625_11.125","population_estimate":98253.0,"settlement_count":141.0,"population_with_nightlight_signal":0.0,"population_without_nightlight_signal":98253.0,"nightlight_population_share_pct":0.0,"total_buildings":22280.0,"modeled_demand":7901.400000000001,"population_weighted_distance_transmission_km":3.195953711337059,"population_weighted_distance_gridlight_km":21.05506270546446,"_label":"nga_9.625_11.125","_status_group":"unknown","_year":2025,"_year_label":"Source release year","_states":["Gombe"]},"geometry":{"type":"Point","coordinates":[11.125,9.625]}},{"type":"Feature","properties":{"cell_id":"nga_9.625_11.375","population_estimate":50907.0,"settlement_count":117.0,"population_with_nightlight_signal":1731.0,"population_without_nightlight_signal":49176.0,"nightlight_population_share_pct":3.4003182273557666,"total_buildings":11970.0,"modeled_demand":4240.7,"population_weighted_distance_transmission_km":9.607661814681672,"population_weighted_distance_gridlight_km":9.563077828196514,"_label":"nga_9.625_11.375","_status_group":"unknown","_year":2025,"_year_label":"Source release year","_states":["Gombe"]},"geometry":{"type":"Point","coordinates":[11.375,9.625]}},{"type":"Feature","properties":{"cell_id":"nga_9.625_11.625","population_estimate":112242.0,"settlement_count":113.0,"population_with_nightlight_signal":69519.0,"population_without_nightlight_signal":42723.0,"nightlight_population_share_pct":61.93670818410221,"total_buildings":24472.0,"modeled_demand":8714.000000000002,"population_weighted_distance_transmission_km":4.283869407173785,"population_weighted_distance_gridlight_km":1.9695239571639849,"_label":"nga_9.625_11.625","_status_group":"unknown","_year":2025,"_year_label":"Source release year","_states":["Adamawa"]},"geometry":{"type":"Point","coordinates":[11.625,9.625]}},{"type":"Feature","properties":{"cell_id":"nga_9.625_11.875","population_estimate":145710.0,"settlement_count":90.0,"population_with_nightlight_signal":95145.0,"population_without_nightlight_signal":50565.0,"nightlight_population_share_pct":65.29750875025736,"total_buildings":32651.0,"modeled_demand":11935.8,"population_weighted_distance_transmission_km":0.6501181113169995,"population_weighted_distance_gridlight_km":1.5410952851554458,"_label":"nga_9.625_11.875","_status_group":"unknown","_year":2025,"_year_label":"Source release year","_states":["Adamawa"]},"geometry":{"type":"Point","coordinates":[11.875,9.625]}},{"type":"Feature","properties":{"cell_id":"nga_9.625_12.125","population_estimate":89266.0,"settlement_count":98.0,"population_with_nightlight_signal":47789.0,"population_without_nightlight_signal":41477.0,"nightlight_population_share_pct":53.53550063854099,"total_buildings":20207.0,"modeled_demand":7187.3,"population_weighted_distance_transmission_km":1.8210357807003787,"population_weighted_distance_gridlight_km":2.329505545224386,"_label":"nga_9.625_12.125","_status_group":"unknown","_year":2025,"_year_label":"Source release year","_states":["Adamawa"]},"geometry":{"type":"Point","coordinates":[12.125,9.625]}},{"type":"Feature","properties":{"cell_id":"nga_9.625_12.375","population_estimate":34018.0,"settlement_count":89.0,"population_with_nightlight_signal":0.0,"population_without_nightlight_signal":34018.0,"nightlight_population_share_pct":0.0,"total_buildings":7903.0,"modeled_demand":2729.6,"population_weighted_distance_transmission_km":9.80879034628726,"population_weighted_distance_gridlight_km":11.414103033688049,"_label":"nga_9.625_12.375","_status_group":"unknown","_year":2025,"_year_label":"Source release year","_states":["Adamawa"]},"geometry":{"type":"Point","coordinates":[12.375,9.625]}},{"type":"Feature","properties":{"cell_id":"nga_9.625_12.625","population_estimate":88718.0,"settlement_count":128.0,"population_with_nightlight_signal":24131.0,"population_without_nightlight_signal":64587.0,"nightlight_population_share_pct":27.19966635857436,"total_buildings":20413.0,"modeled_demand":6996.299999999999,"population_weighted_distance_transmission_km":3.83476070245046,"population_weighted_distance_gridlight_km":5.950240920669988,"_label":"nga_9.625_12.625","_status_group":"unknown","_year":2025,"_year_label":"Source release year","_states":["Adamawa"]},"geometry":{"type":"Point","coordinates":[12.625,9.625]}},{"type":"Feature","properties":{"cell_id":"nga_9.625_12.875","population_estimate":79008.0,"settlement_count":85.0,"population_with_nightlight_signal":45964.0,"population_without_nightlight_signal":33044.0,"nightlight_population_share_pct":58.17638720129607,"total_buildings":17259.0,"modeled_demand":5905.700000000001,"population_weighted_distance_transmission_km":9.441826903604696,"population_weighted_distance_gridlight_km":3.1089234634467395,"_label":"nga_9.625_12.875","_status_group":"unknown","_year":2025,"_year_label":"Source release year","_states":["Adamawa"]},"geometry":{"type":"Point","coordinates":[12.875,9.625]}},{"type":"Feature","properties":{"cell_id":"nga_9.625_13.125","population_estimate":68238.0,"settlement_count":64.0,"population_with_nightlight_signal":12327.0,"population_without_nightlight_signal":55911.0,"nightlight_population_share_pct":18.064714675107712,"total_buildings":15357.0,"modeled_demand":5280.3,"population_weighted_distance_transmission_km":36.933789237668165,"population_weighted_distance_gridlight_km":9.582437498168174,"_label":"nga_9.625_13.125","_status_group":"unknown","_year":2025,"_year_label":"Source release year","_states":["Adamawa"]},"geometry":{"type":"Point","coordinates":[13.125,9.625]}},{"type":"Feature","properties":{"cell_id":"nga_9.875_3.375","population_estimate":30798.0,"settlement_count":27.0,"population_with_nightlight_signal":20091.0,"population_without_nightlight_signal":10707.0,"nightlight_population_share_pct":65.23475550360413,"total_buildings":6625.0,"modeled_demand":2771.7999999999997,"population_weighted_distance_transmission_km":31.354021365023705,"population_weighted_distance_gridlight_km":2.680825378271316,"_label":"nga_9.875_3.375","_status_group":"unknown","_year":2025,"_year_label":"Source release year","_states":[]},"geometry":{"type":"Point","coordinates":[3.375,9.875]}},{"type":"Feature","properties":{"cell_id":"nga_9.875_3.625","population_estimate":12004.0,"settlement_count":30.0,"population_with_nightlight_signal":0.0,"population_without_nightlight_signal":12004.0,"nightlight_population_share_pct":0.0,"total_buildings":2822.0,"modeled_demand":978.9,"population_weighted_distance_transmission_km":43.624178607130965,"population_weighted_distance_gridlight_km":25.052699683438856,"_label":"nga_9.875_3.625","_status_group":"unknown","_year":2025,"_year_label":"Source release year","_states":["Kwara"]},"geometry":{"type":"Point","coordinates":[3.625,9.875]}},{"type":"Feature","properties":{"cell_id":"nga_9.875_3.875","population_estimate":106.0,"settlement_count":1.0,"population_with_nightlight_signal":0.0,"population_without_nightlight_signal":106.0,"nightlight_population_share_pct":0.0,"total_buildings":25.0,"modeled_demand":18.8,"population_weighted_distance_transmission_km":25.76,"population_weighted_distance_gridlight_km":24.153,"_label":"nga_9.875_3.875","_status_group":"unknown","_year":2025,"_year_label":"Source release year","_states":["Kwara"]},"geometry":{"type":"Point","coordinates":[3.875,9.875]}},{"type":"Feature","properties":{"cell_id":"nga_9.875_4.125","population_estimate":417.0,"settlement_count":1.0,"population_with_nightlight_signal":0.0,"population_without_nightlight_signal":417.0,"nightlight_population_share_pct":0.0,"total_buildings":98.0,"modeled_demand":32.8,"population_weighted_distance_transmission_km":8.54,"population_weighted_distance_gridlight_km":8.257,"_label":"nga_9.875_4.125","_status_group":"unknown","_year":2025,"_year_label":"Source release year","_states":["Niger"]},"geometry":{"type":"Point","coordinates":[4.125,9.875]}},{"type":"Feature","properties":{"cell_id":"nga_9.875_4.375","population_estimate":43383.0,"settlement_count":52.0,"population_with_nightlight_signal":26352.0,"population_without_nightlight_signal":17031.0,"nightlight_population_share_pct":60.742687227715926,"total_buildings":9947.0,"modeled_demand":3875.9,"population_weighted_distance_transmission_km":0.6450263928266833,"population_weighted_distance_gridlight_km":1.4139015051978887,"_label":"nga_9.875_4.375","_status_group":"unknown","_year":2025,"_year_label":"Source release year","_states":["Niger"]},"geometry":{"type":"Point","coordinates":[4.375,9.875]}},{"type":"Feature","properties":{"cell_id":"nga_9.875_4.625","population_estimate":157563.0,"settlement_count":86.0,"population_with_nightlight_signal":123167.0,"population_without_nightlight_signal":34396.0,"nightlight_population_share_pct":78.17000184053363,"total_buildings":34073.0,"modeled_demand":14639.1,"population_weighted_distance_transmission_km":0.6473170097040548,"population_weighted_distance_gridlight_km":1.0986259337534827,"_label":"nga_9.875_4.625","_status_group":"unknown","_year":2025,"_year_label":"Source release year","_states":["Niger"]},"geometry":{"type":"Point","coordinates":[4.625,9.875]}},{"type":"Feature","properties":{"cell_id":"nga_9.875_4.875","population_estimate":25509.0,"settlement_count":14.0,"population_with_nightlight_signal":0.0,"population_without_nightlight_signal":25509.0,"nightlight_population_share_pct":0.0,"total_buildings":5998.0,"modeled_demand":2035.2,"population_weighted_distance_transmission_km":16.192908777294292,"population_weighted_distance_gridlight_km":17.34790877729429,"_label":"nga_9.875_4.875","_status_group":"unknown","_year":2025,"_year_label":"Source release year","_states":["Niger"]},"geometry":{"type":"Point","coordinates":[4.875,9.875]}},{"type":"Feature","properties":{"cell_id":"nga_9.875_5.125","population_estimate":15123.0,"settlement_count":5.0,"population_with_nightlight_signal":0.0,"population_without_nightlight_signal":15123.0,"nightlight_population_share_pct":0.0,"total_buildings":3556.0,"modeled_demand":1198.2,"population_weighted_distance_transmission_km":27.97875818290022,"population_weighted_distance_gridlight_km":26.42198208027508,"_label":"nga_9.875_5.125","_status_group":"unknown","_year":2025,"_year_label":"Source release year","_states":["Niger"]},"geometry":{"type":"Point","coordinates":[5.125,9.875]}},{"type":"Feature","properties":{"cell_id":"nga_9.875_5.375","population_estimate":104897.0,"settlement_count":33.0,"population_with_nightlight_signal":84860.0,"population_without_nightlight_signal":20037.0,"nightlight_population_share_pct":80.89840510214782,"total_buildings":22739.0,"modeled_demand":7874.200000000001,"population_weighted_distance_transmission_km":0.7814241589368619,"population_weighted_distance_gridlight_km":1.1940541006892476,"_label":"nga_9.875_5.375","_status_group":"unknown","_year":2025,"_year_label":"Source release year","_states":["Niger"]},"geometry":{"type":"Point","coordinates":[5.375,9.875]}},{"type":"Feature","properties":{"cell_id":"nga_9.875_5.625","population_estimate":105385.0,"settlement_count":23.0,"population_with_nightlight_signal":57294.0,"population_without_nightlight_signal":48091.0,"nightlight_population_share_pct":54.366370925653555,"total_buildings":23188.0,"modeled_demand":7984.0,"population_weighted_distance_transmission_km":3.443127769606681,"population_weighted_distance_gridlight_km":2.237031759738103,"_label":"nga_9.875_5.625","_status_group":"unknown","_year":2025,"_year_label":"Source release year","_states":["Niger"]},"geometry":{"type":"Point","coordinates":[5.625,9.875]}},{"type":"Feature","properties":{"cell_id":"nga_9.875_5.875","population_estimate":61253.0,"settlement_count":81.0,"population_with_nightlight_signal":20886.0,"population_without_nightlight_signal":40367.0,"nightlight_population_share_pct":34.09792173444566,"total_buildings":14187.0,"modeled_demand":4855.099999999999,"population_weighted_distance_transmission_km":6.827098427832106,"population_weighted_distance_gridlight_km":7.334350056323772,"_label":"nga_9.875_5.875","_status_group":"unknown","_year":2025,"_year_label":"Source release year","_states":["Niger"]},"geometry":{"type":"Point","coordinates":[5.875,9.875]}},{"type":"Feature","properties":{"cell_id":"nga_9.875_6.125","population_estimate":71476.0,"settlement_count":154.0,"population_with_nightlight_signal":40448.0,"population_without_nightlight_signal":31028.0,"nightlight_population_share_pct":56.58962448933908,"total_buildings":15870.0,"modeled_demand":5982.9,"population_weighted_distance_transmission_km":2.0176057697688736,"population_weighted_distance_gridlight_km":2.3026704488219822,"_label":"nga_9.875_6.125","_status_group":"unknown","_year":2025,"_year_label":"Source release year","_states":["Niger"]},"geometry":{"type":"Point","coordinates":[6.125,9.875]}},{"type":"Feature","properties":{"cell_id":"nga_9.875_6.375","population_estimate":28036.0,"settlement_count":103.0,"population_with_nightlight_signal":0.0,"population_without_nightlight_signal":28036.0,"nightlight_population_share_pct":0.0,"total_buildings":6592.0,"modeled_demand":2348.9999999999995,"population_weighted_distance_transmission_km":15.820857825652729,"population_weighted_distance_gridlight_km":16.02718558282209,"_label":"nga_9.875_6.375","_status_group":"unknown","_year":2025,"_year_label":"Source release year","_states":["Niger"]},"geometry":{"type":"Point","coordinates":[6.375,9.875]}},{"type":"Feature","properties":{"cell_id":"nga_9.875_6.625","population_estimate":125521.0,"settlement_count":335.0,"population_with_nightlight_signal":54297.0,"population_without_nightlight_signal":71224.0,"nightlight_population_share_pct":43.257303558767056,"total_buildings":28181.0,"modeled_demand":10627.7,"population_weighted_distance_transmission_km":2.863138518654249,"population_weighted_distance_gridlight_km":4.566233148238144,"_label":"nga_9.875_6.625","_status_group":"unknown","_year":2025,"_year_label":"Source release year","_states":["Niger"]},"geometry":{"type":"Point","coordinates":[6.625,9.875]}},{"type":"Feature","properties":{"cell_id":"nga_9.875_6.875","population_estimate":132665.0,"settlement_count":223.0,"population_with_nightlight_signal":61262.0,"population_without_nightlight_signal":71403.0,"nightlight_population_share_pct":46.177967059887685,"total_buildings":30056.0,"modeled_demand":11594.6,"population_weighted_distance_transmission_km":2.368692345381223,"population_weighted_distance_gridlight_km":4.156283247276976,"_label":"nga_9.875_6.875","_status_group":"unknown","_year":2025,"_year_label":"Source release year","_states":["Niger"]},"geometry":{"type":"Point","coordinates":[6.875,9.875]}},{"type":"Feature","properties":{"cell_id":"nga_9.875_7.125","population_estimate":47814.0,"settlement_count":146.0,"population_with_nightlight_signal":0.0,"population_without_nightlight_signal":47814.0,"nightlight_population_share_pct":0.0,"total_buildings":11041.0,"modeled_demand":3912.8,"population_weighted_distance_transmission_km":1.7647649224076631,"population_weighted_distance_gridlight_km":17.08891126030033,"_label":"nga_9.875_7.125","_status_group":"unknown","_year":2025,"_year_label":"Source release year","_states":["Niger"]},"geometry":{"type":"Point","coordinates":[7.125,9.875]}},{"type":"Feature","properties":{"cell_id":"nga_9.875_7.375","population_estimate":41694.0,"settlement_count":40.0,"population_with_nightlight_signal":35835.0,"population_without_nightlight_signal":5859.0,"nightlight_population_share_pct":85.94761836235429,"total_buildings":9249.0,"modeled_demand":3342.6000000000004,"population_weighted_distance_transmission_km":1.404511200652372,"population_weighted_distance_gridlight_km":1.4441518683743464,"_label":"nga_9.875_7.375","_status_group":"unknown","_year":2025,"_year_label":"Source release year","_states":["Kaduna"]},"geometry":{"type":"Point","coordinates":[7.375,9.875]}},{"type":"Feature","properties":{"cell_id":"nga_9.875_7.625","population_estimate":15207.0,"settlement_count":53.0,"population_with_nightlight_signal":0.0,"population_without_nightlight_signal":15207.0,"nightlight_population_share_pct":0.0,"total_buildings":3576.0,"modeled_demand":1230.4,"population_weighted_distance_transmission_km":19.257066482540935,"population_weighted_distance_gridlight_km":17.413465443545732,"_label":"nga_9.875_7.625","_status_group":"unknown","_year":2025,"_year_label":"Source release year","_states":["Kaduna"]},"geometry":{"type":"Point","coordinates":[7.625,9.875]}},{"type":"Feature","properties":{"cell_id":"nga_9.875_7.875","population_estimate":108148.0,"settlement_count":102.0,"population_with_nightlight_signal":67134.0,"population_without_nightlight_signal":41014.0,"nightlight_population_share_pct":62.07604393978622,"total_buildings":23842.0,"modeled_demand":9955.3,"population_weighted_distance_transmission_km":2.854300680548878,"population_weighted_distance_gridlight_km":3.0452240633206347,"_label":"nga_9.875_7.875","_status_group":"unknown","_year":2025,"_year_label":"Source release year","_states":["Kaduna"]},"geometry":{"type":"Point","coordinates":[7.875,9.875]}},{"type":"Feature","properties":{"cell_id":"nga_9.875_8.125","population_estimate":66275.0,"settlement_count":148.0,"population_with_nightlight_signal":4665.0,"population_without_nightlight_signal":61610.0,"nightlight_population_share_pct":7.038853262919653,"total_buildings":15422.0,"modeled_demand":6065.099999999999,"population_weighted_distance_transmission_km":2.5042030931723875,"population_weighted_distance_gridlight_km":6.4996621501320275,"_label":"nga_9.875_8.125","_status_group":"unknown","_year":2025,"_year_label":"Source release year","_states":["Kaduna"]},"geometry":{"type":"Point","coordinates":[8.125,9.875]}},{"type":"Feature","properties":{"cell_id":"nga_9.875_8.375","population_estimate":156167.0,"settlement_count":186.0,"population_with_nightlight_signal":56703.0,"population_without_nightlight_signal":99464.0,"nightlight_population_share_pct":36.30920745099797,"total_buildings":35318.0,"modeled_demand":15028.3,"population_weighted_distance_transmission_km":1.081777071980636,"population_weighted_distance_gridlight_km":3.817679464931772,"_label":"nga_9.875_8.375","_status_group":"unknown","_year":2025,"_year_label":"Source release year","_states":["Kaduna"]},"geometry":{"type":"Point","coordinates":[8.375,9.875]}},{"type":"Feature","properties":{"cell_id":"nga_9.875_8.625","population_estimate":122515.0,"settlement_count":217.0,"population_with_nightlight_signal":41052.0,"population_without_nightlight_signal":81463.0,"nightlight_population_share_pct":33.507733746888135,"total_buildings":27705.0,"modeled_demand":10389.399999999998,"population_weighted_distance_transmission_km":2.3424191323511407,"population_weighted_distance_gridlight_km":5.443831734889605,"_label":"nga_9.875_8.625","_status_group":"unknown","_year":2025,"_year_label":"Source release year","_states":["Kaduna"]},"geometry":{"type":"Point","coordinates":[8.625,9.875]}},{"type":"Feature","properties":{"cell_id":"nga_9.875_8.875","population_estimate":1724038.0,"settlement_count":181.0,"population_with_nightlight_signal":1663070.0,"population_without_nightlight_signal":60968.0,"nightlight_population_share_pct":96.46365103321388,"total_buildings":362310.0,"modeled_demand":181371.6,"population_weighted_distance_transmission_km":0.0465234640999792,"population_weighted_distance_gridlight_km":0.0754461995617265,"_label":"nga_9.875_8.875","_status_group":"unknown","_year":2025,"_year_label":"Source release year","_states":["Plateau"]},"geometry":{"type":"Point","coordinates":[8.875,9.875]}},{"type":"Feature","properties":{"cell_id":"nga_9.875_9.125","population_estimate":58559.0,"settlement_count":166.0,"population_with_nightlight_signal":12943.0,"population_without_nightlight_signal":45616.0,"nightlight_population_share_pct":22.102494919653683,"total_buildings":13322.0,"modeled_demand":5129.699999999999,"population_weighted_distance_transmission_km":7.468289929814374,"population_weighted_distance_gridlight_km":7.313300790655578,"_label":"nga_9.875_9.125","_status_group":"unknown","_year":2025,"_year_label":"Source release year","_states":["Plateau"]},"geometry":{"type":"Point","coordinates":[9.125,9.875]}},{"type":"Feature","properties":{"cell_id":"nga_9.875_9.375","population_estimate":91797.0,"settlement_count":292.0,"population_with_nightlight_signal":19199.0,"population_without_nightlight_signal":72598.0,"nightlight_population_share_pct":20.91462683965707,"total_buildings":21490.0,"modeled_demand":7552.599999999999,"population_weighted_distance_transmission_km":4.297996993365797,"population_weighted_distance_gridlight_km":4.8251066701526195,"_label":"nga_9.875_9.375","_status_group":"unknown","_year":2025,"_year_label":"Source release year","_states":["Bauchi"]},"geometry":{"type":"Point","coordinates":[9.375,9.875]}},{"type":"Feature","properties":{"cell_id":"nga_9.875_9.625","population_estimate":113636.0,"settlement_count":188.0,"population_with_nightlight_signal":56958.0,"population_without_nightlight_signal":56678.0,"nightlight_population_share_pct":50.12320039424126,"total_buildings":25080.0,"modeled_demand":9478.2,"population_weighted_distance_transmission_km":5.301810517793657,"population_weighted_distance_gridlight_km":2.007745828786652,"_label":"nga_9.875_9.625","_status_group":"unknown","_year":2025,"_year_label":"Source release year","_states":["Bauchi"]},"geometry":{"type":"Point","coordinates":[9.625,9.875]}},{"type":"Feature","properties":{"cell_id":"nga_9.875_9.875","population_estimate":84384.0,"settlement_count":199.0,"population_with_nightlight_signal":995.0,"population_without_nightlight_signal":83389.0,"nightlight_population_share_pct":1.179133485020857,"total_buildings":19841.0,"modeled_demand":6804.699999999999,"population_weighted_distance_transmission_km":19.685698355138417,"population_weighted_distance_gridlight_km":11.757971890405765,"_label":"nga_9.875_9.875","_status_group":"unknown","_year":2025,"_year_label":"Source release year","_states":["Bauchi"]},"geometry":{"type":"Point","coordinates":[9.875,9.875]}},{"type":"Feature","properties":{"cell_id":"nga_9.875_10.125","population_estimate":19915.0,"settlement_count":42.0,"population_with_nightlight_signal":4189.0,"population_without_nightlight_signal":15726.0,"nightlight_population_share_pct":21.03439618378107,"total_buildings":4564.0,"modeled_demand":1584.9,"population_weighted_distance_transmission_km":4.371361787597289,"population_weighted_distance_gridlight_km":8.601934069796636,"_label":"nga_9.875_10.125","_status_group":"unknown","_year":2025,"_year_label":"Source release year","_states":["Bauchi"]},"geometry":{"type":"Point","coordinates":[10.125,9.875]}},{"type":"Feature","properties":{"cell_id":"nga_9.875_10.625","population_estimate":3224.0,"settlement_count":4.0,"population_with_nightlight_signal":0.0,"population_without_nightlight_signal":3224.0,"nightlight_population_share_pct":0.0,"total_buildings":758.0,"modeled_demand":271.2,"population_weighted_distance_transmission_km":5.908238213399503,"population_weighted_distance_gridlight_km":21.874513337468983,"_label":"nga_9.875_10.625","_status_group":"unknown","_year":2025,"_year_label":"Source release year","_states":["Bauchi"]},"geometry":{"type":"Point","coordinates":[10.625,9.875]}},{"type":"Feature","properties":{"cell_id":"nga_9.875_10.875","population_estimate":120508.0,"settlement_count":119.0,"population_with_nightlight_signal":33264.0,"population_without_nightlight_signal":87244.0,"nightlight_population_share_pct":27.60314667905865,"total_buildings":27544.0,"modeled_demand":9439.4,"population_weighted_distance_transmission_km":1.4794189597371128,"population_weighted_distance_gridlight_km":3.494300477976566,"_label":"nga_9.875_10.875","_status_group":"unknown","_year":2025,"_year_label":"Source release year","_states":["Bauchi"]},"geometry":{"type":"Point","coordinates":[10.875,9.875]}},{"type":"Feature","properties":{"cell_id":"nga_9.875_11.125","population_estimate":284370.0,"settlement_count":264.0,"population_with_nightlight_signal":146865.0,"population_without_nightlight_signal":137505.0,"nightlight_population_share_pct":51.64574322185885,"total_buildings":62922.0,"modeled_demand":23767.8,"population_weighted_distance_transmission_km":1.3520740232795303,"population_weighted_distance_gridlight_km":2.755274163941344,"_label":"nga_9.875_11.125","_status_group":"unknown","_year":2025,"_year_label":"Source release year","_states":["Gombe"]},"geometry":{"type":"Point","coordinates":[11.125,9.875]}},{"type":"Feature","properties":{"cell_id":"nga_9.875_11.375","population_estimate":224769.0,"settlement_count":167.0,"population_with_nightlight_signal":98954.0,"population_without_nightlight_signal":125815.0,"nightlight_population_share_pct":44.02475430330695,"total_buildings":48645.0,"modeled_demand":18639.4,"population_weighted_distance_transmission_km":0.7387496941304184,"population_weighted_distance_gridlight_km":4.170970391824495,"_label":"nga_9.875_11.375","_status_group":"unknown","_year":2025,"_year_label":"Source release year","_states":["Gombe"]},"geometry":{"type":"Point","coordinates":[11.375,9.875]}},{"type":"Feature","properties":{"cell_id":"nga_9.875_11.625","population_estimate":129742.0,"settlement_count":220.0,"population_with_nightlight_signal":35759.0,"population_without_nightlight_signal":93983.0,"nightlight_population_share_pct":27.561622296557783,"total_buildings":29225.0,"modeled_demand":10292.399999999998,"population_weighted_distance_transmission_km":8.699530915200938,"population_weighted_distance_gridlight_km":4.069069530298593,"_label":"nga_9.875_11.625","_status_group":"unknown","_year":2025,"_year_label":"Source release year","_states":["Gombe"]},"geometry":{"type":"Point","coordinates":[11.625,9.875]}},{"type":"Feature","properties":{"cell_id":"nga_9.875_11.875","population_estimate":139725.0,"settlement_count":157.0,"population_with_nightlight_signal":65331.0,"population_without_nightlight_signal":74394.0,"nightlight_population_share_pct":46.75684380032206,"total_buildings":31387.0,"modeled_demand":11163.5,"population_weighted_distance_transmission_km":2.7321936661298984,"population_weighted_distance_gridlight_km":2.659366777598855,"_label":"nga_9.875_11.875","_status_group":"unknown","_year":2025,"_year_label":"Source release year","_states":["Adamawa"]},"geometry":{"type":"Point","coordinates":[11.875,9.875]}},{"type":"Feature","properties":{"cell_id":"nga_9.875_12.125","population_estimate":73602.0,"settlement_count":116.0,"population_with_nightlight_signal":27904.0,"population_without_nightlight_signal":45698.0,"nightlight_population_share_pct":37.91201326050923,"total_buildings":16309.0,"modeled_demand":5784.099999999998,"population_weighted_distance_transmission_km":6.230011005135731,"population_weighted_distance_gridlight_km":5.821719681530393,"_label":"nga_9.875_12.125","_status_group":"unknown","_year":2025,"_year_label":"Source release year","_states":["Adamawa"]},"geometry":{"type":"Point","coordinates":[12.125,9.875]}},{"type":"Feature","properties":{"cell_id":"nga_9.875_12.375","population_estimate":58846.0,"settlement_count":59.0,"population_with_nightlight_signal":25849.0,"population_without_nightlight_signal":32997.0,"nightlight_population_share_pct":43.92652006933351,"total_buildings":13246.0,"modeled_demand":4616.400000000001,"population_weighted_distance_transmission_km":5.865776603337525,"population_weighted_distance_gridlight_km":3.356061227611052,"_label":"nga_9.875_12.375","_status_group":"unknown","_year":2025,"_year_label":"Source release year","_states":["Adamawa"]},"geometry":{"type":"Point","coordinates":[12.375,9.875]}},{"type":"Feature","properties":{"cell_id":"nga_9.875_12.625","population_estimate":132484.0,"settlement_count":119.0,"population_with_nightlight_signal":90531.0,"population_without_nightlight_signal":41953.0,"nightlight_population_share_pct":68.33353461550074,"total_buildings":29160.0,"modeled_demand":10519.099999999997,"population_weighted_distance_transmission_km":1.365198439056792,"population_weighted_distance_gridlight_km":2.72945817608164,"_label":"nga_9.875_12.625","_status_group":"unknown","_year":2025,"_year_label":"Source release year","_states":["Adamawa"]},"geometry":{"type":"Point","coordinates":[12.625,9.875]}},{"type":"Feature","properties":{"cell_id":"nga_9.875_12.875","population_estimate":9386.0,"settlement_count":13.0,"population_with_nightlight_signal":3955.0,"population_without_nightlight_signal":5431.0,"nightlight_population_share_pct":42.1372256552312,"total_buildings":2207.0,"modeled_demand":749.1999999999999,"population_weighted_distance_transmission_km":21.185240784146604,"population_weighted_distance_gridlight_km":8.021284785851268,"_label":"nga_9.875_12.875","_status_group":"unknown","_year":2025,"_year_label":"Source release year","_states":["Adamawa"]},"geometry":{"type":"Point","coordinates":[12.875,9.875]}},{"type":"Feature","properties":{"cell_id":"nga_9.875_13.125","population_estimate":60412.0,"settlement_count":80.0,"population_with_nightlight_signal":0.0,"population_without_nightlight_signal":60412.0,"nightlight_population_share_pct":0.0,"total_buildings":13550.0,"modeled_demand":4634.6,"population_weighted_distance_transmission_km":16.12035208236774,"population_weighted_distance_gridlight_km":12.860266404025692,"_label":"nga_9.875_13.125","_status_group":"unknown","_year":2025,"_year_label":"Source release year","_states":["Adamawa"]},"geometry":{"type":"Point","coordinates":[13.125,9.875]}},{"type":"Feature","properties":{"cell_id":"nga_9.875_13.375","population_estimate":4765.0,"settlement_count":16.0,"population_with_nightlight_signal":0.0,"population_without_nightlight_signal":4765.0,"nightlight_population_share_pct":0.0,"total_buildings":1120.0,"modeled_demand":379.2000000000001,"population_weighted_distance_transmission_km":15.10608184679958,"population_weighted_distance_gridlight_km":13.226380272822665,"_label":"nga_9.875_13.375","_status_group":"unknown","_year":2025,"_year_label":"Source release year","_states":[]},"geometry":{"type":"Point","coordinates":[13.375,9.875]}},{"type":"Feature","properties":{"cell_id":"nga_10.125_3.625","population_estimate":3614.0,"settlement_count":11.0,"population_with_nightlight_signal":0.0,"population_without_nightlight_signal":3614.0,"nightlight_population_share_pct":0.0,"total_buildings":850.0,"modeled_demand":293.4,"population_weighted_distance_transmission_km":31.540783065855013,"population_weighted_distance_gridlight_km":30.6761707249585,"_label":"nga_10.125_3.625","_status_group":"unknown","_year":2025,"_year_label":"Source release year","_states":[]},"geometry":{"type":"Point","coordinates":[3.625,10.125]}},{"type":"Feature","properties":{"cell_id":"nga_10.125_4.375","population_estimate":12334.0,"settlement_count":24.0,"population_with_nightlight_signal":0.0,"population_without_nightlight_signal":12334.0,"nightlight_population_share_pct":0.0,"total_buildings":2900.0,"modeled_demand":984.6,"population_weighted_distance_transmission_km":15.517937408788711,"population_weighted_distance_gridlight_km":15.5407527971461,"_label":"nga_10.125_4.375","_status_group":"unknown","_year":2025,"_year_label":"Source release year","_states":["Niger"]},"geometry":{"type":"Point","coordinates":[4.375,10.125]}},{"type":"Feature","properties":{"cell_id":"nga_10.125_4.625","population_estimate":104199.0,"settlement_count":93.0,"population_with_nightlight_signal":70713.0,"population_without_nightlight_signal":33486.0,"nightlight_population_share_pct":67.86341519592318,"total_buildings":22963.0,"modeled_demand":8310.500000000002,"population_weighted_distance_transmission_km":1.837171182065087,"population_weighted_distance_gridlight_km":1.976230318909011,"_label":"nga_10.125_4.625","_status_group":"unknown","_year":2025,"_year_label":"Source release year","_states":["Kebbi"]},"geometry":{"type":"Point","coordinates":[4.625,10.125]}},{"type":"Feature","properties":{"cell_id":"nga_10.125_4.875","population_estimate":87887.0,"settlement_count":87.0,"population_with_nightlight_signal":19746.0,"population_without_nightlight_signal":68141.0,"nightlight_population_share_pct":22.467486659005313,"total_buildings":20511.0,"modeled_demand":6956.1,"population_weighted_distance_transmission_km":6.39838451648139,"population_weighted_distance_gridlight_km":4.221626713848464,"_label":"nga_10.125_4.875","_status_group":"unknown","_year":2025,"_year_label":"Source release year","_states":["Niger"]},"geometry":{"type":"Point","coordinates":[4.875,10.125]}},{"type":"Feature","properties":{"cell_id":"nga_10.125_5.125","population_estimate":89181.0,"settlement_count":42.0,"population_with_nightlight_signal":0.0,"population_without_nightlight_signal":89181.0,"nightlight_population_share_pct":0.0,"total_buildings":20215.0,"modeled_demand":6912.1,"population_weighted_distance_transmission_km":20.14952871127258,"population_weighted_distance_gridlight_km":18.93470077707135,"_label":"nga_10.125_5.125","_status_group":"unknown","_year":2025,"_year_label":"Source release year","_states":["Niger"]},"geometry":{"type":"Point","coordinates":[5.125,10.125]}},{"type":"Feature","properties":{"cell_id":"nga_10.125_5.375","population_estimate":121559.0,"settlement_count":34.0,"population_with_nightlight_signal":99383.0,"population_without_nightlight_signal":22176.0,"nightlight_population_share_pct":81.7570068855453,"total_buildings":26140.0,"modeled_demand":9110.699999999995,"population_weighted_distance_transmission_km":1.4911568867792593,"population_weighted_distance_gridlight_km":1.7484064446071454,"_label":"nga_10.125_5.375","_status_group":"unknown","_year":2025,"_year_label":"Source release year","_states":["Niger"]},"geometry":{"type":"Point","coordinates":[5.375,10.125]}},{"type":"Feature","properties":{"cell_id":"nga_10.125_5.625","population_estimate":26837.0,"settlement_count":78.0,"population_with_nightlight_signal":0.0,"population_without_nightlight_signal":26837.0,"nightlight_population_share_pct":0.0,"total_buildings":6310.0,"modeled_demand":2138.8,"population_weighted_distance_transmission_km":13.734084659239109,"population_weighted_distance_gridlight_km":13.348423743339415,"_label":"nga_10.125_5.625","_status_group":"unknown","_year":2025,"_year_label":"Source release year","_states":["Niger"]},"geometry":{"type":"Point","coordinates":[5.625,10.125]}},{"type":"Feature","properties":{"cell_id":"nga_10.125_5.875","population_estimate":85451.0,"settlement_count":193.0,"population_with_nightlight_signal":35843.0,"population_without_nightlight_signal":49608.0,"nightlight_population_share_pct":41.94567646955565,"total_buildings":19375.0,"modeled_demand":6630.6,"population_weighted_distance_transmission_km":2.2907362113960046,"population_weighted_distance_gridlight_km":3.357548138699372,"_label":"nga_10.125_5.875","_status_group":"unknown","_year":2025,"_year_label":"Source release year","_states":["Niger"]},"geometry":{"type":"Point","coordinates":[5.875,10.125]}},{"type":"Feature","properties":{"cell_id":"nga_10.125_6.125","population_estimate":149978.0,"settlement_count":277.0,"population_with_nightlight_signal":89924.0,"population_without_nightlight_signal":60054.0,"nightlight_population_share_pct":59.95812719198816,"total_buildings":33880.0,"modeled_demand":12182.1,"population_weighted_distance_transmission_km":1.5081678646201442,"population_weighted_distance_gridlight_km":2.278912407153049,"_label":"nga_10.125_6.125","_status_group":"unknown","_year":2025,"_year_label":"Source release year","_states":["Niger"]},"geometry":{"type":"Point","coordinates":[6.125,10.125]}},{"type":"Feature","properties":{"cell_id":"nga_10.125_6.375","population_estimate":68085.0,"settlement_count":116.0,"population_with_nightlight_signal":43081.0,"population_without_nightlight_signal":25004.0,"nightlight_population_share_pct":63.275317617683775,"total_buildings":14736.0,"modeled_demand":5849.199999999998,"population_weighted_distance_transmission_km":6.115393405302195,"population_weighted_distance_gridlight_km":6.075211529705515,"_label":"nga_10.125_6.375","_status_group":"unknown","_year":2025,"_year_label":"Source release year","_states":["Niger"]},"geometry":{"type":"Point","coordinates":[6.375,10.125]}},{"type":"Feature","properties":{"cell_id":"nga_10.125_6.625","population_estimate":39328.0,"settlement_count":126.0,"population_with_nightlight_signal":10633.0,"population_without_nightlight_signal":28695.0,"nightlight_population_share_pct":27.03671684296176,"total_buildings":9248.0,"modeled_demand":3324.899999999999,"population_weighted_distance_transmission_km":8.037198942229454,"population_weighted_distance_gridlight_km":7.59112677990236,"_label":"nga_10.125_6.625","_status_group":"unknown","_year":2025,"_year_label":"Source release year","_states":["Niger"]},"geometry":{"type":"Point","coordinates":[6.625,10.125]}},{"type":"Feature","properties":{"cell_id":"nga_10.125_6.875","population_estimate":28447.0,"settlement_count":133.0,"population_with_nightlight_signal":3381.0,"population_without_nightlight_signal":25066.0,"nightlight_population_share_pct":11.885260308644146,"total_buildings":6688.0,"modeled_demand":2338.9000000000005,"population_weighted_distance_transmission_km":8.894649699441066,"population_weighted_distance_gridlight_km":9.350762822090203,"_label":"nga_10.125_6.875","_status_group":"unknown","_year":2025,"_year_label":"Source release year","_states":["Niger"]},"geometry":{"type":"Point","coordinates":[6.875,10.125]}},{"type":"Feature","properties":{"cell_id":"nga_10.125_7.125","population_estimate":44840.0,"settlement_count":79.0,"population_with_nightlight_signal":27749.0,"population_without_nightlight_signal":17091.0,"nightlight_population_share_pct":61.88447814451383,"total_buildings":10006.0,"modeled_demand":3801.5,"population_weighted_distance_transmission_km":3.4565408117752017,"population_weighted_distance_gridlight_km":2.655056266726137,"_label":"nga_10.125_7.125","_status_group":"unknown","_year":2025,"_year_label":"Source release year","_states":["Kaduna"]},"geometry":{"type":"Point","coordinates":[7.125,10.125]}},{"type":"Feature","properties":{"cell_id":"nga_10.125_7.375","population_estimate":33946.0,"settlement_count":52.0,"population_with_nightlight_signal":27414.0,"population_without_nightlight_signal":6532.0,"nightlight_population_share_pct":80.75767395274848,"total_buildings":7493.0,"modeled_demand":2771.1,"population_weighted_distance_transmission_km":0.5291648500559712,"population_weighted_distance_gridlight_km":0.419357391150651,"_label":"nga_10.125_7.375","_status_group":"unknown","_year":2025,"_year_label":"Source release year","_states":["Kaduna"]},"geometry":{"type":"Point","coordinates":[7.375,10.125]}},{"type":"Feature","properties":{"cell_id":"nga_10.125_7.625","population_estimate":20789.0,"settlement_count":40.0,"population_with_nightlight_signal":0.0,"population_without_nightlight_signal":20789.0,"nightlight_population_share_pct":0.0,"total_buildings":4888.0,"modeled_demand":1701.6999999999998,"population_weighted_distance_transmission_km":16.189175044494686,"population_weighted_distance_gridlight_km":13.82467045071913,"_label":"nga_10.125_7.625","_status_group":"unknown","_year":2025,"_year_label":"Source release year","_states":["Kaduna"]},"geometry":{"type":"Point","coordinates":[7.625,10.125]}},{"type":"Feature","properties":{"cell_id":"nga_10.125_7.875","population_estimate":51879.0,"settlement_count":85.0,"population_with_nightlight_signal":13592.0,"population_without_nightlight_signal":38287.0,"nightlight_population_share_pct":26.1994255864608,"total_buildings":12198.0,"modeled_demand":4417.999999999998,"population_weighted_distance_transmission_km":4.86446346305827,"population_weighted_distance_gridlight_km":4.228650899207771,"_label":"nga_10.125_7.875","_status_group":"unknown","_year":2025,"_year_label":"Source release year","_states":["Kaduna"]},"geometry":{"type":"Point","coordinates":[7.875,10.125]}},{"type":"Feature","properties":{"cell_id":"nga_10.125_8.125","population_estimate":32679.0,"settlement_count":109.0,"population_with_nightlight_signal":0.0,"population_without_nightlight_signal":32679.0,"nightlight_population_share_pct":0.0,"total_buildings":7684.0,"modeled_demand":2740.0999999999995,"population_weighted_distance_transmission_km":11.37139569754276,"population_weighted_distance_gridlight_km":15.412632332690722,"_label":"nga_10.125_8.125","_status_group":"unknown","_year":2025,"_year_label":"Source release year","_states":["Kaduna"]},"geometry":{"type":"Point","coordinates":[8.125,10.125]}},{"type":"Feature","properties":{"cell_id":"nga_10.125_8.375","population_estimate":70194.0,"settlement_count":149.0,"population_with_nightlight_signal":0.0,"population_without_nightlight_signal":70194.0,"nightlight_population_share_pct":0.0,"total_buildings":16500.0,"modeled_demand":6311.099999999999,"population_weighted_distance_transmission_km":11.136490725703052,"population_weighted_distance_gridlight_km":22.43295707610337,"_label":"nga_10.125_8.375","_status_group":"unknown","_year":2025,"_year_label":"Source release year","_states":["Kaduna"]},"geometry":{"type":"Point","coordinates":[8.375,10.125]}},{"type":"Feature","properties":{"cell_id":"nga_10.125_8.625","population_estimate":102805.0,"settlement_count":231.0,"population_with_nightlight_signal":3798.0,"population_without_nightlight_signal":99007.0,"nightlight_population_share_pct":3.694372841787851,"total_buildings":23540.0,"modeled_demand":8869.0,"population_weighted_distance_transmission_km":3.4678691697874613,"population_weighted_distance_gridlight_km":12.121593687077477,"_label":"nga_10.125_8.625","_status_group":"unknown","_year":2025,"_year_label":"Source release year","_states":["Kaduna"]},"geometry":{"type":"Point","coordinates":[8.625,10.125]}},{"type":"Feature","properties":{"cell_id":"nga_10.125_8.875","population_estimate":203986.0,"settlement_count":267.0,"population_with_nightlight_signal":144013.0,"population_without_nightlight_signal":59973.0,"nightlight_population_share_pct":70.59945290363063,"total_buildings":44476.0,"modeled_demand":18773.699999999997,"population_weighted_distance_transmission_km":0.7573463865167217,"population_weighted_distance_gridlight_km":1.0241455835204376,"_label":"nga_10.125_8.875","_status_group":"unknown","_year":2025,"_year_label":"Source release year","_states":["Plateau"]},"geometry":{"type":"Point","coordinates":[8.875,10.125]}},{"type":"Feature","properties":{"cell_id":"nga_10.125_9.125","population_estimate":169225.0,"settlement_count":262.0,"population_with_nightlight_signal":96338.0,"population_without_nightlight_signal":72887.0,"nightlight_population_share_pct":56.928940759344066,"total_buildings":37594.0,"modeled_demand":14306.3,"population_weighted_distance_transmission_km":1.352036342148028,"population_weighted_distance_gridlight_km":1.0483897296498743,"_label":"nga_10.125_9.125","_status_group":"unknown","_year":2025,"_year_label":"Source release year","_states":["Bauchi"]},"geometry":{"type":"Point","coordinates":[9.125,10.125]}},{"type":"Feature","properties":{"cell_id":"nga_10.125_9.375","population_estimate":110275.0,"settlement_count":237.0,"population_with_nightlight_signal":47257.0,"population_without_nightlight_signal":63018.0,"nightlight_population_share_pct":42.85377465427341,"total_buildings":25108.0,"modeled_demand":8979.099999999999,"population_weighted_distance_transmission_km":2.76748066198141,"population_weighted_distance_gridlight_km":2.467262942643391,"_label":"nga_10.125_9.375","_status_group":"unknown","_year":2025,"_year_label":"Source release year","_states":["Bauchi"]},"geometry":{"type":"Point","coordinates":[9.375,10.125]}},{"type":"Feature","properties":{"cell_id":"nga_10.125_9.625","population_estimate":170970.0,"settlement_count":191.0,"population_with_nightlight_signal":113611.0,"population_without_nightlight_signal":57359.0,"nightlight_population_share_pct":66.45083932853717,"total_buildings":38775.0,"modeled_demand":14352.1,"population_weighted_distance_transmission_km":1.1697455109083466,"population_weighted_distance_gridlight_km":0.9085417149207462,"_label":"nga_10.125_9.625","_status_group":"unknown","_year":2025,"_year_label":"Source release year","_states":["Bauchi"]},"geometry":{"type":"Point","coordinates":[9.625,10.125]}},{"type":"Feature","properties":{"cell_id":"nga_10.125_9.875","population_estimate":105200.0,"settlement_count":250.0,"population_with_nightlight_signal":29038.0,"population_without_nightlight_signal":76162.0,"nightlight_population_share_pct":27.602661596958175,"total_buildings":24312.0,"modeled_demand":8426.2,"population_weighted_distance_transmission_km":11.711836787072244,"population_weighted_distance_gridlight_km":4.4132630228136875,"_label":"nga_10.125_9.875","_status_group":"unknown","_year":2025,"_year_label":"Source release year","_states":["Bauchi"]},"geometry":{"type":"Point","coordinates":[9.875,10.125]}},{"type":"Feature","properties":{"cell_id":"nga_10.125_10.125","population_estimate":83559.0,"settlement_count":182.0,"population_with_nightlight_signal":27996.0,"population_without_nightlight_signal":55563.0,"nightlight_population_share_pct":33.504469895522924,"total_buildings":19648.0,"modeled_demand":6787.299999999999,"population_weighted_distance_transmission_km":2.0151327804305943,"population_weighted_distance_gridlight_km":2.717503787742793,"_label":"nga_10.125_10.125","_status_group":"unknown","_year":2025,"_year_label":"Source release year","_states":["Bauchi"]},"geometry":{"type":"Point","coordinates":[10.125,10.125]}},{"type":"Feature","properties":{"cell_id":"nga_10.125_10.375","population_estimate":94260.0,"settlement_count":104.0,"population_with_nightlight_signal":44179.0,"population_without_nightlight_signal":50081.0,"nightlight_population_share_pct":46.86929768724803,"total_buildings":21179.0,"modeled_demand":7341.4,"population_weighted_distance_transmission_km":1.5902193931678337,"population_weighted_distance_gridlight_km":2.556083206025886,"_label":"nga_10.125_10.375","_status_group":"unknown","_year":2025,"_year_label":"Source release year","_states":["Bauchi"]},"geometry":{"type":"Point","coordinates":[10.375,10.125]}},{"type":"Feature","properties":{"cell_id":"nga_10.125_10.625","population_estimate":61221.0,"settlement_count":88.0,"population_with_nightlight_signal":4015.0,"population_without_nightlight_signal":57206.0,"nightlight_population_share_pct":6.558207151140948,"total_buildings":14103.0,"modeled_demand":4772.799999999999,"population_weighted_distance_transmission_km":5.066193953055324,"population_weighted_distance_gridlight_km":15.05161993433626,"_label":"nga_10.125_10.625","_status_group":"unknown","_year":2025,"_year_label":"Source release year","_states":["Bauchi"]},"geometry":{"type":"Point","coordinates":[10.625,10.125]}},{"type":"Feature","properties":{"cell_id":"nga_10.125_10.875","population_estimate":44004.0,"settlement_count":66.0,"population_with_nightlight_signal":2726.0,"population_without_nightlight_signal":41278.0,"nightlight_population_share_pct":6.194891373511499,"total_buildings":10348.0,"modeled_demand":3520.5,"population_weighted_distance_transmission_km":7.387512726115808,"population_weighted_distance_gridlight_km":8.756743386964821,"_label":"nga_10.125_10.875","_status_group":"unknown","_year":2025,"_year_label":"Source release year","_states":["Gombe"]},"geometry":{"type":"Point","coordinates":[10.875,10.125]}},{"type":"Feature","properties":{"cell_id":"nga_10.125_11.125","population_estimate":313478.0,"settlement_count":315.0,"population_with_nightlight_signal":131730.0,"population_without_nightlight_signal":181748.0,"nightlight_population_share_pct":42.02208767441415,"total_buildings":71761.0,"modeled_demand":25398.1,"population_weighted_distance_transmission_km":2.216925206872572,"population_weighted_distance_gridlight_km":2.73472539380754,"_label":"nga_10.125_11.125","_status_group":"unknown","_year":2025,"_year_label":"Source release year","_states":["Gombe"]},"geometry":{"type":"Point","coordinates":[11.125,10.125]}},{"type":"Feature","properties":{"cell_id":"nga_10.125_11.375","population_estimate":233039.0,"settlement_count":266.0,"population_with_nightlight_signal":80381.0,"population_without_nightlight_signal":152658.0,"nightlight_population_share_pct":34.49250983740919,"total_buildings":52361.0,"modeled_demand":18117.9,"population_weighted_distance_transmission_km":3.605363737400178,"population_weighted_distance_gridlight_km":2.8885112620634312,"_label":"nga_10.125_11.375","_status_group":"unknown","_year":2025,"_year_label":"Source release year","_states":["Gombe"]},"geometry":{"type":"Point","coordinates":[11.375,10.125]}},{"type":"Feature","properties":{"cell_id":"nga_10.125_11.625","population_estimate":158304.0,"settlement_count":143.0,"population_with_nightlight_signal":74047.0,"population_without_nightlight_signal":84257.0,"nightlight_population_share_pct":46.77519203557712,"total_buildings":34992.0,"modeled_demand":11922.5,"population_weighted_distance_transmission_km":5.589505824236912,"population_weighted_distance_gridlight_km":1.967854766777845,"_label":"nga_10.125_11.625","_status_group":"unknown","_year":2025,"_year_label":"Source release year","_states":["Gombe"]},"geometry":{"type":"Point","coordinates":[11.625,10.125]}},{"type":"Feature","properties":{"cell_id":"nga_10.125_11.875","population_estimate":103523.0,"settlement_count":208.0,"population_with_nightlight_signal":35095.0,"population_without_nightlight_signal":68428.0,"nightlight_population_share_pct":33.90067907614733,"total_buildings":23545.0,"modeled_demand":8011.6,"population_weighted_distance_transmission_km":13.394073684108845,"population_weighted_distance_gridlight_km":4.647210445987848,"_label":"nga_10.125_11.875","_status_group":"unknown","_year":2025,"_year_label":"Source release year","_states":["Borno"]},"geometry":{"type":"Point","coordinates":[11.875,10.125]}},{"type":"Feature","properties":{"cell_id":"nga_10.125_12.125","population_estimate":105834.0,"settlement_count":155.0,"population_with_nightlight_signal":37034.0,"population_without_nightlight_signal":68800.0,"nightlight_population_share_pct":34.99253548009146,"total_buildings":23950.0,"modeled_demand":8329.3,"population_weighted_distance_transmission_km":8.693404671466636,"population_weighted_distance_gridlight_km":5.213117514220383,"_label":"nga_10.125_12.125","_status_group":"unknown","_year":2025,"_year_label":"Source release year","_states":["Adamawa"]},"geometry":{"type":"Point","coordinates":[12.125,10.125]}},{"type":"Feature","properties":{"cell_id":"nga_10.125_12.375","population_estimate":75675.0,"settlement_count":115.0,"population_with_nightlight_signal":0.0,"population_without_nightlight_signal":75675.0,"nightlight_population_share_pct":0.0,"total_buildings":17340.0,"modeled_demand":5974.0,"population_weighted_distance_transmission_km":23.18616861579121,"population_weighted_distance_gridlight_km":27.212154727452923,"_label":"nga_10.125_12.375","_status_group":"unknown","_year":2025,"_year_label":"Source release year","_states":["Adamawa"]},"geometry":{"type":"Point","coordinates":[12.375,10.125]}},{"type":"Feature","properties":{"cell_id":"nga_10.125_12.625","population_estimate":223584.0,"settlement_count":123.0,"population_with_nightlight_signal":168551.0,"population_without_nightlight_signal":55033.0,"nightlight_population_share_pct":75.38598468584514,"total_buildings":47921.0,"modeled_demand":17308.7,"population_weighted_distance_transmission_km":1.260112262058108,"population_weighted_distance_gridlight_km":2.7255809852225563,"_label":"nga_10.125_12.625","_status_group":"unknown","_year":2025,"_year_label":"Source release year","_states":["Adamawa"]},"geometry":{"type":"Point","coordinates":[12.625,10.125]}},{"type":"Feature","properties":{"cell_id":"nga_10.125_12.875","population_estimate":152309.0,"settlement_count":68.0,"population_with_nightlight_signal":92571.0,"population_without_nightlight_signal":59738.0,"nightlight_population_share_pct":60.77841755904116,"total_buildings":33937.0,"modeled_demand":12851.6,"population_weighted_distance_transmission_km":0.8793550610929101,"population_weighted_distance_gridlight_km":1.275428878135895,"_label":"nga_10.125_12.875","_status_group":"unknown","_year":2025,"_year_label":"Source release year","_states":["Adamawa"]},"geometry":{"type":"Point","coordinates":[12.875,10.125]}},{"type":"Feature","properties":{"cell_id":"nga_10.125_13.125","population_estimate":184048.0,"settlement_count":244.0,"population_with_nightlight_signal":40893.0,"population_without_nightlight_signal":143155.0,"nightlight_population_share_pct":22.21866034947405,"total_buildings":42028.0,"modeled_demand":14700.3,"population_weighted_distance_transmission_km":3.591810234286708,"population_weighted_distance_gridlight_km":4.870659208467357,"_label":"nga_10.125_13.125","_status_group":"unknown","_year":2025,"_year_label":"Source release year","_states":["Adamawa"]},"geometry":{"type":"Point","coordinates":[13.125,10.125]}},{"type":"Feature","properties":{"cell_id":"nga_10.125_13.375","population_estimate":96319.0,"settlement_count":108.0,"population_with_nightlight_signal":0.0,"population_without_nightlight_signal":96319.0,"nightlight_population_share_pct":0.0,"total_buildings":21694.0,"modeled_demand":7477.400000000001,"population_weighted_distance_transmission_km":7.286403201860484,"population_weighted_distance_gridlight_km":8.991413957786106,"_label":"nga_10.125_13.375","_status_group":"unknown","_year":2025,"_year_label":"Source release year","_states":["Adamawa"]},"geometry":{"type":"Point","coordinates":[13.375,10.125]}},{"type":"Feature","properties":{"cell_id":"nga_10.375_3.625","population_estimate":7783.0,"settlement_count":20.0,"population_with_nightlight_signal":0.0,"population_without_nightlight_signal":7783.0,"nightlight_population_share_pct":0.0,"total_buildings":1830.0,"modeled_demand":630.6,"population_weighted_distance_transmission_km":16.742623666966466,"population_weighted_distance_gridlight_km":17.95475382243351,"_label":"nga_10.375_3.625","_status_group":"unknown","_year":2025,"_year_label":"Source release year","_states":["Niger"]},"geometry":{"type":"Point","coordinates":[3.625,10.375]}},{"type":"Feature","properties":{"cell_id":"nga_10.375_3.875","population_estimate":25634.0,"settlement_count":37.0,"population_with_nightlight_signal":15865.0,"population_without_nightlight_signal":9769.0,"nightlight_population_share_pct":61.89045798548803,"total_buildings":5582.0,"modeled_demand":2059.7000000000003,"population_weighted_distance_transmission_km":2.005000780213779,"population_weighted_distance_gridlight_km":3.559424397284857,"_label":"nga_10.375_3.875","_status_group":"unknown","_year":2025,"_year_label":"Source release year","_states":["Niger"]},"geometry":{"type":"Point","coordinates":[3.875,10.375]}},{"type":"Feature","properties":{"cell_id":"nga_10.375_4.125","population_estimate":3241.0,"settlement_count":15.0,"population_with_nightlight_signal":0.0,"population_without_nightlight_signal":3241.0,"nightlight_population_share_pct":0.0,"total_buildings":762.0,"modeled_demand":262.5,"population_weighted_distance_transmission_km":2.2554149953717983,"population_weighted_distance_gridlight_km":31.078946929959887,"_label":"nga_10.375_4.125","_status_group":"unknown","_year":2025,"_year_label":"Source release year","_states":["Niger"]},"geometry":{"type":"Point","coordinates":[4.125,10.375]}},{"type":"Feature","properties":{"cell_id":"nga_10.375_4.375","population_estimate":39772.0,"settlement_count":89.0,"population_with_nightlight_signal":0.0,"population_without_nightlight_signal":39772.0,"nightlight_population_share_pct":0.0,"total_buildings":9352.0,"modeled_demand":3206.9999999999995,"population_weighted_distance_transmission_km":9.322860806597609,"population_weighted_distance_gridlight_km":26.139735944885853,"_label":"nga_10.375_4.375","_status_group":"unknown","_year":2025,"_year_label":"Source release year","_states":["Niger"]},"geometry":{"type":"Point","coordinates":[4.375,10.375]}},{"type":"Feature","properties":{"cell_id":"nga_10.375_4.625","population_estimate":59692.0,"settlement_count":70.0,"population_with_nightlight_signal":29211.0,"population_without_nightlight_signal":30481.0,"nightlight_population_share_pct":48.93620585673122,"total_buildings":13605.0,"modeled_demand":4742.499999999999,"population_weighted_distance_transmission_km":0.967327280037526,"population_weighted_distance_gridlight_km":1.35951856195135,"_label":"nga_10.375_4.625","_status_group":"unknown","_year":2025,"_year_label":"Source release year","_states":["Kebbi"]},"geometry":{"type":"Point","coordinates":[4.625,10.375]}},{"type":"Feature","properties":{"cell_id":"nga_10.375_4.875","population_estimate":106245.0,"settlement_count":121.0,"population_with_nightlight_signal":58778.0,"population_without_nightlight_signal":47467.0,"nightlight_population_share_pct":55.323074027013035,"total_buildings":23167.0,"modeled_demand":8288.099999999999,"population_weighted_distance_transmission_km":1.3681727140100708,"population_weighted_distance_gridlight_km":4.945991340768977,"_label":"nga_10.375_4.875","_status_group":"unknown","_year":2025,"_year_label":"Source release year","_states":["Kebbi"]},"geometry":{"type":"Point","coordinates":[4.875,10.375]}},{"type":"Feature","properties":{"cell_id":"nga_10.375_5.125","population_estimate":107071.0,"settlement_count":80.0,"population_with_nightlight_signal":58618.0,"population_without_nightlight_signal":48453.0,"nightlight_population_share_pct":54.74685022088147,"total_buildings":23665.0,"modeled_demand":8216.7,"population_weighted_distance_transmission_km":2.803963164629078,"population_weighted_distance_gridlight_km":2.8441459872421104,"_label":"nga_10.375_5.125","_status_group":"unknown","_year":2025,"_year_label":"Source release year","_states":["Niger"]},"geometry":{"type":"Point","coordinates":[5.125,10.375]}},{"type":"Feature","properties":{"cell_id":"nga_10.375_5.375","population_estimate":420642.0,"settlement_count":125.0,"population_with_nightlight_signal":368087.0,"population_without_nightlight_signal":52555.0,"nightlight_population_share_pct":87.50600272916161,"total_buildings":91136.0,"modeled_demand":37022.7,"population_weighted_distance_transmission_km":0.3348396260953495,"population_weighted_distance_gridlight_km":0.5770902002177624,"_label":"nga_10.375_5.375","_status_group":"unknown","_year":2025,"_year_label":"Source release year","_states":["Niger"]},"geometry":{"type":"Point","coordinates":[5.375,10.375]}},{"type":"Feature","properties":{"cell_id":"nga_10.375_5.625","population_estimate":58639.0,"settlement_count":81.0,"population_with_nightlight_signal":29752.0,"population_without_nightlight_signal":28887.0,"nightlight_population_share_pct":50.73756373744436,"total_buildings":13452.0,"modeled_demand":4784.1,"population_weighted_distance_transmission_km":0.9708850764849332,"population_weighted_distance_gridlight_km":2.221507307423387,"_label":"nga_10.375_5.625","_status_group":"unknown","_year":2025,"_year_label":"Source release year","_states":["Niger"]},"geometry":{"type":"Point","coordinates":[5.625,10.375]}},{"type":"Feature","properties":{"cell_id":"nga_10.375_5.875","population_estimate":76101.0,"settlement_count":203.0,"population_with_nightlight_signal":22603.0,"population_without_nightlight_signal":53498.0,"nightlight_population_share_pct":29.701317985308997,"total_buildings":17495.0,"modeled_demand":5951.5,"population_weighted_distance_transmission_km":2.9209348103178665,"population_weighted_distance_gridlight_km":4.955873864995203,"_label":"nga_10.375_5.875","_status_group":"unknown","_year":2025,"_year_label":"Source release year","_states":["Niger"]},"geometry":{"type":"Point","coordinates":[5.875,10.375]}},{"type":"Feature","properties":{"cell_id":"nga_10.375_6.125","population_estimate":35072.0,"settlement_count":157.0,"population_with_nightlight_signal":0.0,"population_without_nightlight_signal":35072.0,"nightlight_population_share_pct":0.0,"total_buildings":8246.0,"modeled_demand":2856.9,"population_weighted_distance_transmission_km":11.832796817974453,"population_weighted_distance_gridlight_km":13.22154670392336,"_label":"nga_10.375_6.125","_status_group":"unknown","_year":2025,"_year_label":"Source release year","_states":["Niger"]},"geometry":{"type":"Point","coordinates":[6.125,10.375]}},{"type":"Feature","properties":{"cell_id":"nga_10.375_6.375","population_estimate":111126.0,"settlement_count":225.0,"population_with_nightlight_signal":62694.0,"population_without_nightlight_signal":48432.0,"nightlight_population_share_pct":56.41704011662437,"total_buildings":24397.0,"modeled_demand":8859.5,"population_weighted_distance_transmission_km":1.983762755790724,"population_weighted_distance_gridlight_km":2.768493547864586,"_label":"nga_10.375_6.375","_status_group":"unknown","_year":2025,"_year_label":"Source release year","_states":["Niger"]},"geometry":{"type":"Point","coordinates":[6.375,10.375]}},{"type":"Feature","properties":{"cell_id":"nga_10.375_6.625","population_estimate":8517.0,"settlement_count":18.0,"population_with_nightlight_signal":0.0,"population_without_nightlight_signal":8517.0,"nightlight_population_share_pct":0.0,"total_buildings":2003.0,"modeled_demand":714.8000000000001,"population_weighted_distance_transmission_km":22.963624515674535,"population_weighted_distance_gridlight_km":22.007664788070915,"_label":"nga_10.375_6.625","_status_group":"unknown","_year":2025,"_year_label":"Source release year","_states":["Niger"]},"geometry":{"type":"Point","coordinates":[6.625,10.375]}},{"type":"Feature","properties":{"cell_id":"nga_10.375_6.875","population_estimate":16432.0,"settlement_count":67.0,"population_with_nightlight_signal":0.0,"population_without_nightlight_signal":16432.0,"nightlight_population_share_pct":0.0,"total_buildings":3864.0,"modeled_demand":1449.3,"population_weighted_distance_transmission_km":23.822580939629983,"population_weighted_distance_gridlight_km":23.35198618549172,"_label":"nga_10.375_6.875","_status_group":"unknown","_year":2025,"_year_label":"Source release year","_states":["Niger"]},"geometry":{"type":"Point","coordinates":[6.875,10.375]}},{"type":"Feature","properties":{"cell_id":"nga_10.375_7.125","population_estimate":21724.0,"settlement_count":60.0,"population_with_nightlight_signal":4921.0,"population_without_nightlight_signal":16803.0,"nightlight_population_share_pct":22.652366046768552,"total_buildings":5108.0,"modeled_demand":1821.1,"population_weighted_distance_transmission_km":18.03863468974406,"population_weighted_distance_gridlight_km":9.849393712023568,"_label":"nga_10.375_7.125","_status_group":"unknown","_year":2025,"_year_label":"Source release year","_states":["Kaduna"]},"geometry":{"type":"Point","coordinates":[7.125,10.375]}},{"type":"Feature","properties":{"cell_id":"nga_10.375_7.375","population_estimate":1138387.0,"settlement_count":132.0,"population_with_nightlight_signal":1102122.0,"population_without_nightlight_signal":36265.0,"nightlight_population_share_pct":96.81435223698092,"total_buildings":235627.0,"modeled_demand":119265.6,"population_weighted_distance_transmission_km":0.1811578224276981,"population_weighted_distance_gridlight_km":0.1230147217071171,"_label":"nga_10.375_7.375","_status_group":"unknown","_year":2025,"_year_label":"Source release year","_states":["Kaduna"]},"geometry":{"type":"Point","coordinates":[7.375,10.375]}},{"type":"Feature","properties":{"cell_id":"nga_10.375_7.625","population_estimate":167115.0,"settlement_count":233.0,"population_with_nightlight_signal":87154.0,"population_without_nightlight_signal":79961.0,"nightlight_population_share_pct":52.15211082188912,"total_buildings":38100.0,"modeled_demand":14525.9,"population_weighted_distance_transmission_km":1.6753715106363882,"population_weighted_distance_gridlight_km":1.903056661580349,"_label":"nga_10.375_7.625","_status_group":"unknown","_year":2025,"_year_label":"Source release year","_states":["Kaduna"]},"geometry":{"type":"Point","coordinates":[7.625,10.375]}},{"type":"Feature","properties":{"cell_id":"nga_10.375_7.875","population_estimate":84384.0,"settlement_count":130.0,"population_with_nightlight_signal":43427.0,"population_without_nightlight_signal":40957.0,"nightlight_population_share_pct":51.46354759196056,"total_buildings":19213.0,"modeled_demand":6871.4,"population_weighted_distance_transmission_km":3.2689146046643915,"population_weighted_distance_gridlight_km":2.2263564656806976,"_label":"nga_10.375_7.875","_status_group":"unknown","_year":2025,"_year_label":"Source release year","_states":["Kaduna"]},"geometry":{"type":"Point","coordinates":[7.875,10.375]}},{"type":"Feature","properties":{"cell_id":"nga_10.375_8.125","population_estimate":41996.0,"settlement_count":79.0,"population_with_nightlight_signal":0.0,"population_without_nightlight_signal":41996.0,"nightlight_population_share_pct":0.0,"total_buildings":9572.0,"modeled_demand":3706.4,"population_weighted_distance_transmission_km":3.062601200114297,"population_weighted_distance_gridlight_km":18.975520144775693,"_label":"nga_10.375_8.125","_status_group":"unknown","_year":2025,"_year_label":"Source release year","_states":["Kaduna"]},"geometry":{"type":"Point","coordinates":[8.125,10.375]}},{"type":"Feature","properties":{"cell_id":"nga_10.375_8.375","population_estimate":73698.0,"settlement_count":107.0,"population_with_nightlight_signal":0.0,"population_without_nightlight_signal":73698.0,"nightlight_population_share_pct":0.0,"total_buildings":16637.0,"modeled_demand":6581.3,"population_weighted_distance_transmission_km":2.34943282042932,"population_weighted_distance_gridlight_km":17.883087465060115,"_label":"nga_10.375_8.375","_status_group":"unknown","_year":2025,"_year_label":"Source release year","_states":["Kaduna"]},"geometry":{"type":"Point","coordinates":[8.375,10.375]}},{"type":"Feature","properties":{"cell_id":"nga_10.375_8.625","population_estimate":328860.0,"settlement_count":282.0,"population_with_nightlight_signal":161802.0,"population_without_nightlight_signal":167058.0,"nightlight_population_share_pct":49.20087575259989,"total_buildings":72220.0,"modeled_demand":29333.0,"population_weighted_distance_transmission_km":0.8594720245697256,"population_weighted_distance_gridlight_km":2.2435916833911085,"_label":"nga_10.375_8.625","_status_group":"unknown","_year":2025,"_year_label":"Source release year","_states":["Kaduna"]},"geometry":{"type":"Point","coordinates":[8.625,10.375]}},{"type":"Feature","properties":{"cell_id":"nga_10.375_8.875","population_estimate":115279.0,"settlement_count":245.0,"population_with_nightlight_signal":32674.0,"population_without_nightlight_signal":82605.0,"nightlight_population_share_pct":28.34341033492657,"total_buildings":26655.0,"modeled_demand":9757.3,"population_weighted_distance_transmission_km":1.9101274299742368,"population_weighted_distance_gridlight_km":2.707845071522133,"_label":"nga_10.375_8.875","_status_group":"unknown","_year":2025,"_year_label":"Source release year","_states":["Bauchi"]},"geometry":{"type":"Point","coordinates":[8.875,10.375]}},{"type":"Feature","properties":{"cell_id":"nga_10.375_9.125","population_estimate":80307.0,"settlement_count":166.0,"population_with_nightlight_signal":28287.0,"population_without_nightlight_signal":52020.0,"nightlight_population_share_pct":35.2235795136165,"total_buildings":18421.0,"modeled_demand":6852.7,"population_weighted_distance_transmission_km":6.959397063767792,"population_weighted_distance_gridlight_km":7.239188613694946,"_label":"nga_10.375_9.125","_status_group":"unknown","_year":2025,"_year_label":"Source release year","_states":["Bauchi"]},"geometry":{"type":"Point","coordinates":[9.125,10.375]}},{"type":"Feature","properties":{"cell_id":"nga_10.375_9.375","population_estimate":20052.0,"settlement_count":59.0,"population_with_nightlight_signal":0.0,"population_without_nightlight_signal":20052.0,"nightlight_population_share_pct":0.0,"total_buildings":4716.0,"modeled_demand":1613.6,"population_weighted_distance_transmission_km":17.880693696389386,"population_weighted_distance_gridlight_km":17.325307301017354,"_label":"nga_10.375_9.375","_status_group":"unknown","_year":2025,"_year_label":"Source release year","_states":["Bauchi"]},"geometry":{"type":"Point","coordinates":[9.375,10.375]}},{"type":"Feature","properties":{"cell_id":"nga_10.375_9.625","population_estimate":71043.0,"settlement_count":138.0,"population_with_nightlight_signal":17738.0,"population_without_nightlight_signal":53305.0,"nightlight_population_share_pct":24.967977140604987,"total_buildings":16509.0,"modeled_demand":6013.499999999999,"population_weighted_distance_transmission_km":6.9685901496276905,"population_weighted_distance_gridlight_km":6.224488535112537,"_label":"nga_10.375_9.625","_status_group":"unknown","_year":2025,"_year_label":"Source release year","_states":["Bauchi"]},"geometry":{"type":"Point","coordinates":[9.625,10.375]}},{"type":"Feature","properties":{"cell_id":"nga_10.375_9.875","population_estimate":1081200.0,"settlement_count":159.0,"population_with_nightlight_signal":1030669.0,"population_without_nightlight_signal":50531.0,"nightlight_population_share_pct":95.3263965963744,"total_buildings":225936.0,"modeled_demand":102720.3,"population_weighted_distance_transmission_km":0.0641939234184239,"population_weighted_distance_gridlight_km":0.08568378190899,"_label":"nga_10.375_9.875","_status_group":"unknown","_year":2025,"_year_label":"Source release year","_states":["Bauchi"]},"geometry":{"type":"Point","coordinates":[9.875,10.375]}},{"type":"Feature","properties":{"cell_id":"nga_10.375_10.125","population_estimate":39439.0,"settlement_count":128.0,"population_with_nightlight_signal":6332.0,"population_without_nightlight_signal":33107.0,"nightlight_population_share_pct":16.055173812723446,"total_buildings":9273.0,"modeled_demand":3157.7999999999997,"population_weighted_distance_transmission_km":5.3037526306447935,"population_weighted_distance_gridlight_km":8.77422262227744,"_label":"nga_10.375_10.125","_status_group":"unknown","_year":2025,"_year_label":"Source release year","_states":["Bauchi"]},"geometry":{"type":"Point","coordinates":[10.125,10.375]}},{"type":"Feature","properties":{"cell_id":"nga_10.375_10.375","population_estimate":174378.0,"settlement_count":186.0,"population_with_nightlight_signal":108954.0,"population_without_nightlight_signal":65424.0,"nightlight_population_share_pct":62.48150569452569,"total_buildings":39040.0,"modeled_demand":13853.3,"population_weighted_distance_transmission_km":1.316374198580096,"population_weighted_distance_gridlight_km":1.2084959570588032,"_label":"nga_10.375_10.375","_status_group":"unknown","_year":2025,"_year_label":"Source release year","_states":["Bauchi"]},"geometry":{"type":"Point","coordinates":[10.375,10.375]}},{"type":"Feature","properties":{"cell_id":"nga_10.375_10.625","population_estimate":59760.0,"settlement_count":87.0,"population_with_nightlight_signal":21527.0,"population_without_nightlight_signal":38233.0,"nightlight_population_share_pct":36.022423025435074,"total_buildings":13454.0,"modeled_demand":4603.199999999999,"population_weighted_distance_transmission_km":4.078039825970549,"population_weighted_distance_gridlight_km":7.888380371485946,"_label":"nga_10.375_10.625","_status_group":"unknown","_year":2025,"_year_label":"Source release year","_states":["Bauchi"]},"geometry":{"type":"Point","coordinates":[10.625,10.375]}},{"type":"Feature","properties":{"cell_id":"nga_10.375_10.875","population_estimate":143111.0,"settlement_count":143.0,"population_with_nightlight_signal":59103.0,"population_without_nightlight_signal":84008.0,"nightlight_population_share_pct":41.29871218844114,"total_buildings":33499.0,"modeled_demand":11485.1,"population_weighted_distance_transmission_km":1.7660866041045062,"population_weighted_distance_gridlight_km":2.1731143867347726,"_label":"nga_10.375_10.875","_status_group":"unknown","_year":2025,"_year_label":"Source release year","_states":["Gombe"]},"geometry":{"type":"Point","coordinates":[10.875,10.375]}},{"type":"Feature","properties":{"cell_id":"nga_10.375_11.125","population_estimate":1154562.0,"settlement_count":180.0,"population_with_nightlight_signal":1056481.0,"population_without_nightlight_signal":98081.0,"nightlight_population_share_pct":91.50491701614985,"total_buildings":242592.0,"modeled_demand":102426.7,"population_weighted_distance_transmission_km":0.1391067261870735,"population_weighted_distance_gridlight_km":0.2467867000646132,"_label":"nga_10.375_11.125","_status_group":"unknown","_year":2025,"_year_label":"Source release year","_states":["Gombe"]},"geometry":{"type":"Point","coordinates":[11.125,10.375]}},{"type":"Feature","properties":{"cell_id":"nga_10.375_11.375","population_estimate":292520.0,"settlement_count":272.0,"population_with_nightlight_signal":154660.0,"population_without_nightlight_signal":137860.0,"nightlight_population_share_pct":52.8715985231779,"total_buildings":64290.0,"modeled_demand":22584.800000000003,"population_weighted_distance_transmission_km":1.011610727471626,"population_weighted_distance_gridlight_km":1.2583967181731164,"_label":"nga_10.375_11.375","_status_group":"unknown","_year":2025,"_year_label":"Source release year","_states":["Gombe"]},"geometry":{"type":"Point","coordinates":[11.375,10.375]}},{"type":"Feature","properties":{"cell_id":"nga_10.375_11.625","population_estimate":116565.0,"settlement_count":159.0,"population_with_nightlight_signal":69528.0,"population_without_nightlight_signal":47037.0,"nightlight_population_share_pct":59.64740702612277,"total_buildings":26229.0,"modeled_demand":9134.899999999998,"population_weighted_distance_transmission_km":3.541233560674302,"population_weighted_distance_gridlight_km":1.2244952858919915,"_label":"nga_10.375_11.625","_status_group":"unknown","_year":2025,"_year_label":"Source release year","_states":["Borno"]},"geometry":{"type":"Point","coordinates":[11.625,10.375]}},{"type":"Feature","properties":{"cell_id":"nga_10.375_11.875","population_estimate":86873.0,"settlement_count":203.0,"population_with_nightlight_signal":30738.0,"population_without_nightlight_signal":56135.0,"nightlight_population_share_pct":35.38268506900878,"total_buildings":20117.0,"modeled_demand":6882.9,"population_weighted_distance_transmission_km":2.5960291459947284,"population_weighted_distance_gridlight_km":2.7466095679900544,"_label":"nga_10.375_11.875","_status_group":"unknown","_year":2025,"_year_label":"Source release year","_states":["Borno"]},"geometry":{"type":"Point","coordinates":[11.875,10.375]}},{"type":"Feature","properties":{"cell_id":"nga_10.375_12.125","population_estimate":136378.0,"settlement_count":222.0,"population_with_nightlight_signal":34789.0,"population_without_nightlight_signal":101589.0,"nightlight_population_share_pct":25.50924635938348,"total_buildings":31847.0,"modeled_demand":11189.1,"population_weighted_distance_transmission_km":2.9396124741527223,"population_weighted_distance_gridlight_km":4.126870829605949,"_label":"nga_10.375_12.125","_status_group":"unknown","_year":2025,"_year_label":"Source release year","_states":["Borno"]},"geometry":{"type":"Point","coordinates":[12.125,10.375]}},{"type":"Feature","properties":{"cell_id":"nga_10.375_12.375","population_estimate":53298.0,"settlement_count":99.0,"population_with_nightlight_signal":12714.0,"population_without_nightlight_signal":40584.0,"nightlight_population_share_pct":23.854553641787685,"total_buildings":12357.0,"modeled_demand":4266.4,"population_weighted_distance_transmission_km":6.044217606664414,"population_weighted_distance_gridlight_km":6.559357480580885,"_label":"nga_10.375_12.375","_status_group":"unknown","_year":2025,"_year_label":"Source release year","_states":["Borno"]},"geometry":{"type":"Point","coordinates":[12.375,10.375]}},{"type":"Feature","properties":{"cell_id":"nga_10.375_12.625","population_estimate":65081.0,"settlement_count":65.0,"population_with_nightlight_signal":22309.0,"population_without_nightlight_signal":42772.0,"nightlight_population_share_pct":34.27882177594075,"total_buildings":14650.0,"modeled_demand":5369.7,"population_weighted_distance_transmission_km":3.360716184447074,"population_weighted_distance_gridlight_km":4.84197563036831,"_label":"nga_10.375_12.625","_status_group":"unknown","_year":2025,"_year_label":"Source release year","_states":["Adamawa"]},"geometry":{"type":"Point","coordinates":[12.625,10.375]}},{"type":"Feature","properties":{"cell_id":"nga_10.375_12.875","population_estimate":64504.0,"settlement_count":48.0,"population_with_nightlight_signal":6077.0,"population_without_nightlight_signal":58427.0,"nightlight_population_share_pct":9.421121170780106,"total_buildings":15167.0,"modeled_demand":5246.1,"population_weighted_distance_transmission_km":12.566280385712512,"population_weighted_distance_gridlight_km":7.797485892347761,"_label":"nga_10.375_12.875","_status_group":"unknown","_year":2025,"_year_label":"Source release year","_states":["Adamawa"]},"geometry":{"type":"Point","coordinates":[12.875,10.375]}},{"type":"Feature","properties":{"cell_id":"nga_10.375_13.125","population_estimate":304275.0,"settlement_count":109.0,"population_with_nightlight_signal":192014.0,"population_without_nightlight_signal":112261.0,"nightlight_population_share_pct":63.105414509900584,"total_buildings":67190.0,"modeled_demand":24244.800000000003,"population_weighted_distance_transmission_km":8.636574743242132,"population_weighted_distance_gridlight_km":1.9243966806342947,"_label":"nga_10.375_13.125","_status_group":"unknown","_year":2025,"_year_label":"Source release year","_states":["Adamawa"]},"geometry":{"type":"Point","coordinates":[13.125,10.375]}},{"type":"Feature","properties":{"cell_id":"nga_10.375_13.375","population_estimate":593936.0,"settlement_count":195.0,"population_with_nightlight_signal":438834.0,"population_without_nightlight_signal":155102.0,"nightlight_population_share_pct":73.88573853075079,"total_buildings":126547.0,"modeled_demand":48141.5,"population_weighted_distance_transmission_km":3.6953771955227497,"population_weighted_distance_gridlight_km":2.4709395843996655,"_label":"nga_10.375_13.375","_status_group":"unknown","_year":2025,"_year_label":"Source release year","_states":["Adamawa"]},"geometry":{"type":"Point","coordinates":[13.375,10.375]}},{"type":"Feature","properties":{"cell_id":"nga_10.375_13.625","population_estimate":6434.0,"settlement_count":17.0,"population_with_nightlight_signal":106.0,"population_without_nightlight_signal":6328.0,"nightlight_population_share_pct":1.6474976686353746,"total_buildings":1513.0,"modeled_demand":515.1,"population_weighted_distance_transmission_km":28.037547404414052,"population_weighted_distance_gridlight_km":11.018789089213554,"_label":"nga_10.375_13.625","_status_group":"unknown","_year":2025,"_year_label":"Source release year","_states":[]},"geometry":{"type":"Point","coordinates":[13.625,10.375]}},{"type":"Feature","properties":{"cell_id":"nga_10.625_3.875","population_estimate":8537.0,"settlement_count":29.0,"population_with_nightlight_signal":0.0,"population_without_nightlight_signal":8537.0,"nightlight_population_share_pct":0.0,"total_buildings":2007.0,"modeled_demand":684.8,"population_weighted_distance_transmission_km":19.18937214478154,"population_weighted_distance_gridlight_km":21.04318074264965,"_label":"nga_10.625_3.875","_status_group":"unknown","_year":2025,"_year_label":"Source release year","_states":["Niger"]},"geometry":{"type":"Point","coordinates":[3.875,10.625]}},{"type":"Feature","properties":{"cell_id":"nga_10.625_4.125","population_estimate":15644.0,"settlement_count":38.0,"population_with_nightlight_signal":0.0,"population_without_nightlight_signal":15644.0,"nightlight_population_share_pct":0.0,"total_buildings":3678.0,"modeled_demand":1284.1,"population_weighted_distance_transmission_km":21.82723919713628,"population_weighted_distance_gridlight_km":31.97644170288929,"_label":"nga_10.625_4.125","_status_group":"unknown","_year":2025,"_year_label":"Source release year","_states":["Niger"]},"geometry":{"type":"Point","coordinates":[4.125,10.625]}},{"type":"Feature","properties":{"cell_id":"nga_10.625_4.375","population_estimate":58804.0,"settlement_count":57.0,"population_with_nightlight_signal":13141.0,"population_without_nightlight_signal":45663.0,"nightlight_population_share_pct":22.34711924358887,"total_buildings":13417.0,"modeled_demand":4737.099999999999,"population_weighted_distance_transmission_km":2.558967587238963,"population_weighted_distance_gridlight_km":11.690670498605536,"_label":"nga_10.625_4.375","_status_group":"unknown","_year":2025,"_year_label":"Source release year","_states":["Niger"]},"geometry":{"type":"Point","coordinates":[4.375,10.625]}},{"type":"Feature","properties":{"cell_id":"nga_10.625_4.625","population_estimate":68338.0,"settlement_count":93.0,"population_with_nightlight_signal":16667.0,"population_without_nightlight_signal":51671.0,"nightlight_population_share_pct":24.389066112558165,"total_buildings":15811.0,"modeled_demand":5563.799999999999,"population_weighted_distance_transmission_km":2.7513095203254414,"population_weighted_distance_gridlight_km":4.961441043050719,"_label":"nga_10.625_4.625","_status_group":"unknown","_year":2025,"_year_label":"Source release year","_states":["Niger"]},"geometry":{"type":"Point","coordinates":[4.625,10.625]}},{"type":"Feature","properties":{"cell_id":"nga_10.625_4.875","population_estimate":42052.0,"settlement_count":103.0,"population_with_nightlight_signal":9973.0,"population_without_nightlight_signal":32079.0,"nightlight_population_share_pct":23.715875582612004,"total_buildings":9790.0,"modeled_demand":3353.6,"population_weighted_distance_transmission_km":3.297626747836013,"population_weighted_distance_gridlight_km":10.07622626747836,"_label":"nga_10.625_4.875","_status_group":"unknown","_year":2025,"_year_label":"Source release year","_states":["Niger"]},"geometry":{"type":"Point","coordinates":[4.875,10.625]}},{"type":"Feature","properties":{"cell_id":"nga_10.625_5.125","population_estimate":43221.0,"settlement_count":111.0,"population_with_nightlight_signal":0.0,"population_without_nightlight_signal":43221.0,"nightlight_population_share_pct":0.0,"total_buildings":9882.0,"modeled_demand":3343.6,"population_weighted_distance_transmission_km":8.716929270493509,"population_weighted_distance_gridlight_km":14.555132505032276,"_label":"nga_10.625_5.125","_status_group":"unknown","_year":2025,"_year_label":"Source release year","_states":["Niger"]},"geometry":{"type":"Point","coordinates":[5.125,10.625]}},{"type":"Feature","properties":{"cell_id":"nga_10.625_5.375","population_estimate":52956.0,"settlement_count":166.0,"population_with_nightlight_signal":0.0,"population_without_nightlight_signal":52956.0,"nightlight_population_share_pct":0.0,"total_buildings":12451.0,"modeled_demand":4243.700000000001,"population_weighted_distance_transmission_km":3.9247603670972127,"population_weighted_distance_gridlight_km":21.980729416874382,"_label":"nga_10.625_5.375","_status_group":"unknown","_year":2025,"_year_label":"Source release year","_states":["Niger"]},"geometry":{"type":"Point","coordinates":[5.375,10.625]}},{"type":"Feature","properties":{"cell_id":"nga_10.625_5.625","population_estimate":67101.0,"settlement_count":120.0,"population_with_nightlight_signal":0.0,"population_without_nightlight_signal":67101.0,"nightlight_population_share_pct":0.0,"total_buildings":15309.0,"modeled_demand":5253.799999999999,"population_weighted_distance_transmission_km":2.281980298356209,"population_weighted_distance_gridlight_km":20.352087375747008,"_label":"nga_10.625_5.625","_status_group":"unknown","_year":2025,"_year_label":"Source release year","_states":["Niger"]},"geometry":{"type":"Point","coordinates":[5.625,10.625]}},{"type":"Feature","properties":{"cell_id":"nga_10.625_5.875","population_estimate":34464.0,"settlement_count":133.0,"population_with_nightlight_signal":5920.0,"population_without_nightlight_signal":28544.0,"nightlight_population_share_pct":17.177344475394616,"total_buildings":8105.0,"modeled_demand":2760.6,"population_weighted_distance_transmission_km":4.624629468430827,"population_weighted_distance_gridlight_km":9.933926590064996,"_label":"nga_10.625_5.875","_status_group":"unknown","_year":2025,"_year_label":"Source release year","_states":["Niger"]},"geometry":{"type":"Point","coordinates":[5.875,10.625]}},{"type":"Feature","properties":{"cell_id":"nga_10.625_6.125","population_estimate":62338.0,"settlement_count":220.0,"population_with_nightlight_signal":0.0,"population_without_nightlight_signal":62338.0,"nightlight_population_share_pct":0.0,"total_buildings":14398.0,"modeled_demand":5101.800000000001,"population_weighted_distance_transmission_km":3.8221619237062465,"population_weighted_distance_gridlight_km":16.876300699412877,"_label":"nga_10.625_6.125","_status_group":"unknown","_year":2025,"_year_label":"Source release year","_states":["Niger"]},"geometry":{"type":"Point","coordinates":[6.125,10.625]}},{"type":"Feature","properties":{"cell_id":"nga_10.625_6.375","population_estimate":80315.0,"settlement_count":175.0,"population_with_nightlight_signal":8577.0,"population_without_nightlight_signal":71738.0,"nightlight_population_share_pct":10.679200647450664,"total_buildings":18420.0,"modeled_demand":6589.4,"population_weighted_distance_transmission_km":2.8659138392579218,"population_weighted_distance_gridlight_km":10.131808354603749,"_label":"nga_10.625_6.375","_status_group":"unknown","_year":2025,"_year_label":"Source release year","_states":["Kaduna"]},"geometry":{"type":"Point","coordinates":[6.375,10.625]}},{"type":"Feature","properties":{"cell_id":"nga_10.625_6.625","population_estimate":98590.0,"settlement_count":56.0,"population_with_nightlight_signal":73973.0,"population_without_nightlight_signal":24617.0,"nightlight_population_share_pct":75.03093620042601,"total_buildings":21280.0,"modeled_demand":8689.999999999998,"population_weighted_distance_transmission_km":0.3044065321026473,"population_weighted_distance_gridlight_km":1.387090719139872,"_label":"nga_10.625_6.625","_status_group":"unknown","_year":2025,"_year_label":"Source release year","_states":["Kaduna"]},"geometry":{"type":"Point","coordinates":[6.625,10.625]}},{"type":"Feature","properties":{"cell_id":"nga_10.625_6.875","population_estimate":52106.0,"settlement_count":75.0,"population_with_nightlight_signal":32702.0,"population_without_nightlight_signal":19404.0,"nightlight_population_share_pct":62.76052661881549,"total_buildings":11750.0,"modeled_demand":4689.4,"population_weighted_distance_transmission_km":2.4085588991670823,"population_weighted_distance_gridlight_km":2.861593444133114,"_label":"nga_10.625_6.875","_status_group":"unknown","_year":2025,"_year_label":"Source release year","_states":["Kaduna"]},"geometry":{"type":"Point","coordinates":[6.875,10.625]}},{"type":"Feature","properties":{"cell_id":"nga_10.625_7.125","population_estimate":43519.0,"settlement_count":44.0,"population_with_nightlight_signal":30516.0,"population_without_nightlight_signal":13003.0,"nightlight_population_share_pct":70.121096532549,"total_buildings":9563.0,"modeled_demand":3881.2,"population_weighted_distance_transmission_km":1.6297826236816102,"population_weighted_distance_gridlight_km":1.8773430915232427,"_label":"nga_10.625_7.125","_status_group":"unknown","_year":2025,"_year_label":"Source release year","_states":["Kaduna"]},"geometry":{"type":"Point","coordinates":[7.125,10.625]}},{"type":"Feature","properties":{"cell_id":"nga_10.625_7.375","population_estimate":1841478.0,"settlement_count":153.0,"population_with_nightlight_signal":1782952.0,"population_without_nightlight_signal":58526.0,"nightlight_population_share_pct":96.82179206050792,"total_buildings":378199.0,"modeled_demand":180195.1000000001,"population_weighted_distance_transmission_km":0.0574792585086544,"population_weighted_distance_gridlight_km":0.0651155740117449,"_label":"nga_10.625_7.375","_status_group":"unknown","_year":2025,"_year_label":"Source release year","_states":["Kaduna"]},"geometry":{"type":"Point","coordinates":[7.375,10.625]}},{"type":"Feature","properties":{"cell_id":"nga_10.625_7.625","population_estimate":199317.0,"settlement_count":262.0,"population_with_nightlight_signal":100498.0,"population_without_nightlight_signal":98819.0,"nightlight_population_share_pct":50.4211883582434,"total_buildings":45646.0,"modeled_demand":18199.1,"population_weighted_distance_transmission_km":2.0113516659391824,"population_weighted_distance_gridlight_km":2.068501231706277,"_label":"nga_10.625_7.625","_status_group":"unknown","_year":2025,"_year_label":"Source release year","_states":["Kaduna"]},"geometry":{"type":"Point","coordinates":[7.625,10.625]}},{"type":"Feature","properties":{"cell_id":"nga_10.625_7.875","population_estimate":119048.0,"settlement_count":205.0,"population_with_nightlight_signal":15553.0,"population_without_nightlight_signal":103495.0,"nightlight_population_share_pct":13.06447819366978,"total_buildings":27368.0,"modeled_demand":10728.499999999996,"population_weighted_distance_transmission_km":4.565377242792823,"population_weighted_distance_gridlight_km":6.057897612727639,"_label":"nga_10.625_7.875","_status_group":"unknown","_year":2025,"_year_label":"Source release year","_states":["Kaduna"]},"geometry":{"type":"Point","coordinates":[7.875,10.625]}},{"type":"Feature","properties":{"cell_id":"nga_10.625_8.125","population_estimate":140399.0,"settlement_count":204.0,"population_with_nightlight_signal":45823.0,"population_without_nightlight_signal":94576.0,"nightlight_population_share_pct":32.63769684969266,"total_buildings":31892.0,"modeled_demand":13557.7,"population_weighted_distance_transmission_km":1.7999678060385045,"population_weighted_distance_gridlight_km":3.3295774186425824,"_label":"nga_10.625_8.125","_status_group":"unknown","_year":2025,"_year_label":"Source release year","_states":["Kaduna"]},"geometry":{"type":"Point","coordinates":[8.125,10.625]}},{"type":"Feature","properties":{"cell_id":"nga_10.625_8.375","population_estimate":133246.0,"settlement_count":156.0,"population_with_nightlight_signal":51057.0,"population_without_nightlight_signal":82189.0,"nightlight_population_share_pct":38.31784819056482,"total_buildings":29717.0,"modeled_demand":12411.499999999998,"population_weighted_distance_transmission_km":2.8708058028008345,"population_weighted_distance_gridlight_km":7.052898165798598,"_label":"nga_10.625_8.375","_status_group":"unknown","_year":2025,"_year_label":"Source release year","_states":["Kaduna"]},"geometry":{"type":"Point","coordinates":[8.375,10.625]}},{"type":"Feature","properties":{"cell_id":"nga_10.625_8.625","population_estimate":248793.0,"settlement_count":192.0,"population_with_nightlight_signal":97250.0,"population_without_nightlight_signal":151543.0,"nightlight_population_share_pct":39.08872034181026,"total_buildings":55763.0,"modeled_demand":21402.5,"population_weighted_distance_transmission_km":1.0609646171717049,"population_weighted_distance_gridlight_km":3.4781348791967615,"_label":"nga_10.625_8.625","_status_group":"unknown","_year":2025,"_year_label":"Source release year","_states":["Kaduna"]},"geometry":{"type":"Point","coordinates":[8.625,10.625]}},{"type":"Feature","properties":{"cell_id":"nga_10.625_8.875","population_estimate":61514.0,"settlement_count":119.0,"population_with_nightlight_signal":0.0,"population_without_nightlight_signal":61514.0,"nightlight_population_share_pct":0.0,"total_buildings":14464.0,"modeled_demand":5196.199999999999,"population_weighted_distance_transmission_km":7.370766167051403,"population_weighted_distance_gridlight_km":7.4377985986929795,"_label":"nga_10.625_8.875","_status_group":"unknown","_year":2025,"_year_label":"Source release year","_states":["Bauchi"]},"geometry":{"type":"Point","coordinates":[8.875,10.625]}},{"type":"Feature","properties":{"cell_id":"nga_10.625_9.125","population_estimate":69657.0,"settlement_count":82.0,"population_with_nightlight_signal":19392.0,"population_without_nightlight_signal":50265.0,"nightlight_population_share_pct":27.83926956371937,"total_buildings":15893.0,"modeled_demand":5619.6,"population_weighted_distance_transmission_km":19.309435663321707,"population_weighted_distance_gridlight_km":5.479014973369511,"_label":"nga_10.625_9.125","_status_group":"unknown","_year":2025,"_year_label":"Source release year","_states":["Bauchi"]},"geometry":{"type":"Point","coordinates":[9.125,10.625]}},{"type":"Feature","properties":{"cell_id":"nga_10.625_9.375","population_estimate":2581.0,"settlement_count":1.0,"population_with_nightlight_signal":0.0,"population_without_nightlight_signal":2581.0,"nightlight_population_share_pct":0.0,"total_buildings":607.0,"modeled_demand":208.5,"population_weighted_distance_transmission_km":32.12,"population_weighted_distance_gridlight_km":31.143,"_label":"nga_10.625_9.375","_status_group":"unknown","_year":2025,"_year_label":"Source release year","_states":["Bauchi"]},"geometry":{"type":"Point","coordinates":[9.375,10.625]}},{"type":"Feature","properties":{"cell_id":"nga_10.625_9.625","population_estimate":35764.0,"settlement_count":93.0,"population_with_nightlight_signal":0.0,"population_without_nightlight_signal":35764.0,"nightlight_population_share_pct":0.0,"total_buildings":8408.0,"modeled_demand":2838.5,"population_weighted_distance_transmission_km":13.1142690974164,"population_weighted_distance_gridlight_km":13.06093627670283,"_label":"nga_10.625_9.625","_status_group":"unknown","_year":2025,"_year_label":"Source release year","_states":["Bauchi"]},"geometry":{"type":"Point","coordinates":[9.625,10.625]}},{"type":"Feature","properties":{"cell_id":"nga_10.625_9.875","population_estimate":71623.0,"settlement_count":91.0,"population_with_nightlight_signal":39278.0,"population_without_nightlight_signal":32345.0,"nightlight_population_share_pct":54.83992572218421,"total_buildings":16045.0,"modeled_demand":5686.6,"population_weighted_distance_transmission_km":1.15935076721165,"population_weighted_distance_gridlight_km":2.243504153693646,"_label":"nga_10.625_9.875","_status_group":"unknown","_year":2025,"_year_label":"Source release year","_states":["Bauchi"]},"geometry":{"type":"Point","coordinates":[9.875,10.625]}},{"type":"Feature","properties":{"cell_id":"nga_10.625_10.125","population_estimate":49911.0,"settlement_count":115.0,"population_with_nightlight_signal":0.0,"population_without_nightlight_signal":49911.0,"nightlight_population_share_pct":0.0,"total_buildings":11733.0,"modeled_demand":4020.6999999999994,"population_weighted_distance_transmission_km":1.7782196309430789,"population_weighted_distance_gridlight_km":15.637666826951977,"_label":"nga_10.625_10.125","_status_group":"unknown","_year":2025,"_year_label":"Source release year","_states":["Bauchi"]},"geometry":{"type":"Point","coordinates":[10.125,10.625]}},{"type":"Feature","properties":{"cell_id":"nga_10.625_10.375","population_estimate":97757.0,"settlement_count":137.0,"population_with_nightlight_signal":4836.0,"population_without_nightlight_signal":92921.0,"nightlight_population_share_pct":4.946960319977086,"total_buildings":22780.0,"modeled_demand":7700.299999999999,"population_weighted_distance_transmission_km":3.85395542007222,"population_weighted_distance_gridlight_km":6.7812933702957325,"_label":"nga_10.625_10.375","_status_group":"unknown","_year":2025,"_year_label":"Source release year","_states":["Bauchi"]},"geometry":{"type":"Point","coordinates":[10.375,10.625]}},{"type":"Feature","properties":{"cell_id":"nga_10.625_10.625","population_estimate":38512.0,"settlement_count":80.0,"population_with_nightlight_signal":0.0,"population_without_nightlight_signal":38512.0,"nightlight_population_share_pct":0.0,"total_buildings":9056.0,"modeled_demand":3057.8,"population_weighted_distance_transmission_km":10.428919038221853,"population_weighted_distance_gridlight_km":15.308576573535523,"_label":"nga_10.625_10.625","_status_group":"unknown","_year":2025,"_year_label":"Source release year","_states":["Gombe"]},"geometry":{"type":"Point","coordinates":[10.625,10.625]}},{"type":"Feature","properties":{"cell_id":"nga_10.625_10.875","population_estimate":32315.0,"settlement_count":68.0,"population_with_nightlight_signal":0.0,"population_without_nightlight_signal":32315.0,"nightlight_population_share_pct":0.0,"total_buildings":7599.0,"modeled_demand":2590.0,"population_weighted_distance_transmission_km":6.641885502088813,"population_weighted_distance_gridlight_km":11.698620980968588,"_label":"nga_10.625_10.875","_status_group":"unknown","_year":2025,"_year_label":"Source release year","_states":["Gombe"]},"geometry":{"type":"Point","coordinates":[10.875,10.625]}},{"type":"Feature","properties":{"cell_id":"nga_10.625_11.125","population_estimate":38021.0,"settlement_count":36.0,"population_with_nightlight_signal":25756.0,"population_without_nightlight_signal":12265.0,"nightlight_population_share_pct":67.74151127008759,"total_buildings":8232.0,"modeled_demand":2854.0999999999995,"population_weighted_distance_transmission_km":2.1702535440940536,"population_weighted_distance_gridlight_km":2.308879277241524,"_label":"nga_10.625_11.125","_status_group":"unknown","_year":2025,"_year_label":"Source release year","_states":["Gombe"]},"geometry":{"type":"Point","coordinates":[11.125,10.625]}},{"type":"Feature","properties":{"cell_id":"nga_10.625_11.375","population_estimate":135352.0,"settlement_count":206.0,"population_with_nightlight_signal":38281.0,"population_without_nightlight_signal":97071.0,"nightlight_population_share_pct":28.28255216029316,"total_buildings":30783.0,"modeled_demand":10446.9,"population_weighted_distance_transmission_km":1.8190623707074889,"population_weighted_distance_gridlight_km":2.9190682368934335,"_label":"nga_10.625_11.375","_status_group":"unknown","_year":2025,"_year_label":"Source release year","_states":["Gombe"]},"geometry":{"type":"Point","coordinates":[11.375,10.625]}},{"type":"Feature","properties":{"cell_id":"nga_10.625_11.625","population_estimate":113913.0,"settlement_count":136.0,"population_with_nightlight_signal":46282.0,"population_without_nightlight_signal":67631.0,"nightlight_population_share_pct":40.62925214856952,"total_buildings":25427.0,"modeled_demand":8639.9,"population_weighted_distance_transmission_km":16.738253228340927,"population_weighted_distance_gridlight_km":2.541596929235469,"_label":"nga_10.625_11.625","_status_group":"unknown","_year":2025,"_year_label":"Source release year","_states":["Yobe"]},"geometry":{"type":"Point","coordinates":[11.625,10.625]}},{"type":"Feature","properties":{"cell_id":"nga_10.625_11.875","population_estimate":104602.0,"settlement_count":114.0,"population_with_nightlight_signal":59224.0,"population_without_nightlight_signal":45378.0,"nightlight_population_share_pct":56.618420297891056,"total_buildings":23117.0,"modeled_demand":8013.900000000001,"population_weighted_distance_transmission_km":4.077849849907268,"population_weighted_distance_gridlight_km":2.235757671937439,"_label":"nga_10.625_11.875","_status_group":"unknown","_year":2025,"_year_label":"Source release year","_states":["Borno"]},"geometry":{"type":"Point","coordinates":[11.875,10.625]}},{"type":"Feature","properties":{"cell_id":"nga_10.625_12.125","population_estimate":400156.0,"settlement_count":157.0,"population_with_nightlight_signal":316262.0,"population_without_nightlight_signal":83894.0,"nightlight_population_share_pct":79.0346764761743,"total_buildings":86582.0,"modeled_demand":32752.7,"population_weighted_distance_transmission_km":0.6489415378002579,"population_weighted_distance_gridlight_km":0.6821900708723596,"_label":"nga_10.625_12.125","_status_group":"unknown","_year":2025,"_year_label":"Source release year","_states":["Borno"]},"geometry":{"type":"Point","coordinates":[12.125,10.625]}},{"type":"Feature","properties":{"cell_id":"nga_10.625_12.375","population_estimate":80451.0,"settlement_count":97.0,"population_with_nightlight_signal":29690.0,"population_without_nightlight_signal":50761.0,"nightlight_population_share_pct":36.90445115660464,"total_buildings":18132.0,"modeled_demand":6446.1,"population_weighted_distance_transmission_km":3.115078619283788,"population_weighted_distance_gridlight_km":6.209515220444742,"_label":"nga_10.625_12.375","_status_group":"unknown","_year":2025,"_year_label":"Source release year","_states":["Borno"]},"geometry":{"type":"Point","coordinates":[12.375,10.625]}},{"type":"Feature","properties":{"cell_id":"nga_10.625_12.625","population_estimate":21181.0,"settlement_count":17.0,"population_with_nightlight_signal":0.0,"population_without_nightlight_signal":21181.0,"nightlight_population_share_pct":0.0,"total_buildings":4981.0,"modeled_demand":1683.1999999999998,"population_weighted_distance_transmission_km":28.589059534488463,"population_weighted_distance_gridlight_km":20.292547330154385,"_label":"nga_10.625_12.625","_status_group":"unknown","_year":2025,"_year_label":"Source release year","_states":["Borno"]},"geometry":{"type":"Point","coordinates":[12.625,10.625]}},{"type":"Feature","properties":{"cell_id":"nga_10.625_12.875","population_estimate":104026.0,"settlement_count":47.0,"population_with_nightlight_signal":56218.0,"population_without_nightlight_signal":47808.0,"nightlight_population_share_pct":54.042258666102704,"total_buildings":22874.0,"modeled_demand":7955.3,"population_weighted_distance_transmission_km":40.899479360929,"population_weighted_distance_gridlight_km":3.1963125180243397,"_label":"nga_10.625_12.875","_status_group":"unknown","_year":2025,"_year_label":"Source release year","_states":["Borno"]},"geometry":{"type":"Point","coordinates":[12.875,10.625]}},{"type":"Feature","properties":{"cell_id":"nga_10.625_13.125","population_estimate":109575.0,"settlement_count":71.0,"population_with_nightlight_signal":0.0,"population_without_nightlight_signal":109575.0,"nightlight_population_share_pct":0.0,"total_buildings":24857.0,"modeled_demand":8615.1,"population_weighted_distance_transmission_km":30.942918913985856,"population_weighted_distance_gridlight_km":11.558014346338124,"_label":"nga_10.625_13.125","_status_group":"unknown","_year":2025,"_year_label":"Source release year","_states":["Borno"]},"geometry":{"type":"Point","coordinates":[13.125,10.625]}},{"type":"Feature","properties":{"cell_id":"nga_10.625_13.375","population_estimate":281612.0,"settlement_count":290.0,"population_with_nightlight_signal":102598.0,"population_without_nightlight_signal":179014.0,"nightlight_population_share_pct":36.432396346746586,"total_buildings":63012.0,"modeled_demand":23771.4,"population_weighted_distance_transmission_km":34.83179218215133,"population_weighted_distance_gridlight_km":4.079082791216284,"_label":"nga_10.625_13.375","_status_group":"unknown","_year":2025,"_year_label":"Source release year","_states":["Adamawa"]},"geometry":{"type":"Point","coordinates":[13.375,10.625]}},{"type":"Feature","properties":{"cell_id":"nga_10.625_13.625","population_estimate":47813.0,"settlement_count":86.0,"population_with_nightlight_signal":2011.0,"population_without_nightlight_signal":45802.0,"nightlight_population_share_pct":4.205969087904963,"total_buildings":10972.0,"modeled_demand":3772.1999999999994,"population_weighted_distance_transmission_km":41.34682805931442,"population_weighted_distance_gridlight_km":4.5028141091334986,"_label":"nga_10.625_13.625","_status_group":"unknown","_year":2025,"_year_label":"Source release year","_states":[]},"geometry":{"type":"Point","coordinates":[13.625,10.625]}},{"type":"Feature","properties":{"cell_id":"nga_10.875_3.875","population_estimate":14121.0,"settlement_count":32.0,"population_with_nightlight_signal":0.0,"population_without_nightlight_signal":14121.0,"nightlight_population_share_pct":0.0,"total_buildings":3320.0,"modeled_demand":1146.7,"population_weighted_distance_transmission_km":23.6796452092628,"population_weighted_distance_gridlight_km":23.78080072232845,"_label":"nga_10.875_3.875","_status_group":"unknown","_year":2025,"_year_label":"Source release year","_states":["Niger"]},"geometry":{"type":"Point","coordinates":[3.875,10.875]}},{"type":"Feature","properties":{"cell_id":"nga_10.875_4.125","population_estimate":29719.0,"settlement_count":69.0,"population_with_nightlight_signal":0.0,"population_without_nightlight_signal":29719.0,"nightlight_population_share_pct":0.0,"total_buildings":6988.0,"modeled_demand":2395.1000000000004,"population_weighted_distance_transmission_km":28.1113684848077,"population_weighted_distance_gridlight_km":29.87291473468152,"_label":"nga_10.875_4.125","_status_group":"unknown","_year":2025,"_year_label":"Source release year","_states":["Niger"]},"geometry":{"type":"Point","coordinates":[4.125,10.875]}},{"type":"Feature","properties":{"cell_id":"nga_10.875_4.375","population_estimate":26143.0,"settlement_count":36.0,"population_with_nightlight_signal":0.0,"population_without_nightlight_signal":26143.0,"nightlight_population_share_pct":0.0,"total_buildings":6147.0,"modeled_demand":2117.2,"population_weighted_distance_transmission_km":24.17277703400528,"population_weighted_distance_gridlight_km":24.55293875989749,"_label":"nga_10.875_4.375","_status_group":"unknown","_year":2025,"_year_label":"Source release year","_states":["Niger"]},"geometry":{"type":"Point","coordinates":[4.375,10.875]}},{"type":"Feature","properties":{"cell_id":"nga_10.875_4.625","population_estimate":207635.0,"settlement_count":72.0,"population_with_nightlight_signal":157371.0,"population_without_nightlight_signal":50264.0,"nightlight_population_share_pct":75.79213523731548,"total_buildings":44770.0,"modeled_demand":17465.6,"population_weighted_distance_transmission_km":0.6540198906735376,"population_weighted_distance_gridlight_km":1.1115305126784985,"_label":"nga_10.875_4.625","_status_group":"unknown","_year":2025,"_year_label":"Source release year","_states":["Niger"]},"geometry":{"type":"Point","coordinates":[4.625,10.875]}},{"type":"Feature","properties":{"cell_id":"nga_10.875_4.875","population_estimate":46523.0,"settlement_count":80.0,"population_with_nightlight_signal":17396.0,"population_without_nightlight_signal":29127.0,"nightlight_population_share_pct":37.392257593018506,"total_buildings":10569.0,"modeled_demand":3728.6,"population_weighted_distance_transmission_km":1.611016271521613,"population_weighted_distance_gridlight_km":5.389910904283902,"_label":"nga_10.875_4.875","_status_group":"unknown","_year":2025,"_year_label":"Source release year","_states":["Kebbi"]},"geometry":{"type":"Point","coordinates":[4.875,10.875]}},{"type":"Feature","properties":{"cell_id":"nga_10.875_5.125","population_estimate":20631.0,"settlement_count":48.0,"population_with_nightlight_signal":0.0,"population_without_nightlight_signal":20631.0,"nightlight_population_share_pct":0.0,"total_buildings":4851.0,"modeled_demand":1673.7000000000005,"population_weighted_distance_transmission_km":5.892147254132131,"population_weighted_distance_gridlight_km":23.70751606805293,"_label":"nga_10.875_5.125","_status_group":"unknown","_year":2025,"_year_label":"Source release year","_states":["Niger"]},"geometry":{"type":"Point","coordinates":[5.125,10.875]}},{"type":"Feature","properties":{"cell_id":"nga_10.875_5.375","population_estimate":44968.0,"settlement_count":154.0,"population_with_nightlight_signal":0.0,"population_without_nightlight_signal":44968.0,"nightlight_population_share_pct":0.0,"total_buildings":10574.0,"modeled_demand":3649.400000000001,"population_weighted_distance_transmission_km":5.069981320049813,"population_weighted_distance_gridlight_km":28.678417296744353,"_label":"nga_10.875_5.375","_status_group":"unknown","_year":2025,"_year_label":"Source release year","_states":["Niger"]},"geometry":{"type":"Point","coordinates":[5.375,10.875]}},{"type":"Feature","properties":{"cell_id":"nga_10.875_5.625","population_estimate":39287.0,"settlement_count":134.0,"population_with_nightlight_signal":0.0,"population_without_nightlight_signal":39287.0,"nightlight_population_share_pct":0.0,"total_buildings":9237.0,"modeled_demand":3135.2000000000003,"population_weighted_distance_transmission_km":12.836752106294703,"population_weighted_distance_gridlight_km":19.95644594904167,"_label":"nga_10.875_5.625","_status_group":"unknown","_year":2025,"_year_label":"Source release year","_states":["Niger"]},"geometry":{"type":"Point","coordinates":[5.625,10.875]}},{"type":"Feature","properties":{"cell_id":"nga_10.875_5.875","population_estimate":96926.0,"settlement_count":180.0,"population_with_nightlight_signal":43842.0,"population_without_nightlight_signal":53084.0,"nightlight_population_share_pct":45.23244537069517,"total_buildings":21840.0,"modeled_demand":7570.400000000001,"population_weighted_distance_transmission_km":1.929438643913914,"population_weighted_distance_gridlight_km":5.215532715680004,"_label":"nga_10.875_5.875","_status_group":"unknown","_year":2025,"_year_label":"Source release year","_states":["Niger"]},"geometry":{"type":"Point","coordinates":[5.875,10.875]}},{"type":"Feature","properties":{"cell_id":"nga_10.875_6.125","population_estimate":18918.0,"settlement_count":48.0,"population_with_nightlight_signal":0.0,"population_without_nightlight_signal":18918.0,"nightlight_population_share_pct":0.0,"total_buildings":4449.0,"modeled_demand":1515.6999999999998,"population_weighted_distance_transmission_km":13.160354160059205,"population_weighted_distance_gridlight_km":18.22853330161751,"_label":"nga_10.875_6.125","_status_group":"unknown","_year":2025,"_year_label":"Source release year","_states":["Niger"]},"geometry":{"type":"Point","coordinates":[6.125,10.875]}},{"type":"Feature","properties":{"cell_id":"nga_10.875_6.625","population_estimate":21407.0,"settlement_count":15.0,"population_with_nightlight_signal":0.0,"population_without_nightlight_signal":21407.0,"nightlight_population_share_pct":0.0,"total_buildings":4803.0,"modeled_demand":1735.4,"population_weighted_distance_transmission_km":2.9245629934133692,"population_weighted_distance_gridlight_km":16.09841051992339,"_label":"nga_10.875_6.625","_status_group":"unknown","_year":2025,"_year_label":"Source release year","_states":["Kaduna"]},"geometry":{"type":"Point","coordinates":[6.625,10.875]}},{"type":"Feature","properties":{"cell_id":"nga_10.875_6.875","population_estimate":12523.0,"settlement_count":15.0,"population_with_nightlight_signal":0.0,"population_without_nightlight_signal":12523.0,"nightlight_population_share_pct":0.0,"total_buildings":2722.0,"modeled_demand":954.5,"population_weighted_distance_transmission_km":2.5634608320689933,"population_weighted_distance_gridlight_km":25.047658149005837,"_label":"nga_10.875_6.875","_status_group":"unknown","_year":2025,"_year_label":"Source release year","_states":["Kaduna"]},"geometry":{"type":"Point","coordinates":[6.875,10.875]}},{"type":"Feature","properties":{"cell_id":"nga_10.875_7.125","population_estimate":15368.0,"settlement_count":36.0,"population_with_nightlight_signal":0.0,"population_without_nightlight_signal":15368.0,"nightlight_population_share_pct":0.0,"total_buildings":3614.0,"modeled_demand":1278.6999999999998,"population_weighted_distance_transmission_km":8.794197683498178,"population_weighted_distance_gridlight_km":18.952662740760022,"_label":"nga_10.875_7.125","_status_group":"unknown","_year":2025,"_year_label":"Source release year","_states":["Kaduna"]},"geometry":{"type":"Point","coordinates":[7.125,10.875]}},{"type":"Feature","properties":{"cell_id":"nga_10.875_7.375","population_estimate":48474.0,"settlement_count":116.0,"population_with_nightlight_signal":10364.0,"population_without_nightlight_signal":38110.0,"nightlight_population_share_pct":21.380533894458885,"total_buildings":11399.0,"modeled_demand":4566.9,"population_weighted_distance_transmission_km":3.930112225110368,"population_weighted_distance_gridlight_km":4.861001547221192,"_label":"nga_10.875_7.375","_status_group":"unknown","_year":2025,"_year_label":"Source release year","_states":["Kaduna"]},"geometry":{"type":"Point","coordinates":[7.375,10.875]}},{"type":"Feature","properties":{"cell_id":"nga_10.875_7.625","population_estimate":238952.0,"settlement_count":351.0,"population_with_nightlight_signal":130984.0,"population_without_nightlight_signal":107968.0,"nightlight_population_share_pct":54.81602999765643,"total_buildings":55177.0,"modeled_demand":23432.699999999997,"population_weighted_distance_transmission_km":1.2166302437309586,"population_weighted_distance_gridlight_km":1.3670271435267334,"_label":"nga_10.875_7.625","_status_group":"unknown","_year":2025,"_year_label":"Source release year","_states":["Kaduna"]},"geometry":{"type":"Point","coordinates":[7.625,10.875]}},{"type":"Feature","properties":{"cell_id":"nga_10.875_7.875","population_estimate":145936.0,"settlement_count":264.0,"population_with_nightlight_signal":23139.0,"population_without_nightlight_signal":122797.0,"nightlight_population_share_pct":15.855580528450828,"total_buildings":33571.0,"modeled_demand":13242.3,"population_weighted_distance_transmission_km":4.705328089025326,"population_weighted_distance_gridlight_km":7.695324464148666,"_label":"nga_10.875_7.875","_status_group":"unknown","_year":2025,"_year_label":"Source release year","_states":["Kaduna"]},"geometry":{"type":"Point","coordinates":[7.875,10.875]}},{"type":"Feature","properties":{"cell_id":"nga_10.875_8.125","population_estimate":229257.0,"settlement_count":237.0,"population_with_nightlight_signal":91193.0,"population_without_nightlight_signal":138064.0,"nightlight_population_share_pct":39.777629472600616,"total_buildings":51282.0,"modeled_demand":21595.9,"population_weighted_distance_transmission_km":1.2630413902301785,"population_weighted_distance_gridlight_km":4.058992475693218,"_label":"nga_10.875_8.125","_status_group":"unknown","_year":2025,"_year_label":"Source release year","_states":["Kaduna"]},"geometry":{"type":"Point","coordinates":[8.125,10.875]}},{"type":"Feature","properties":{"cell_id":"nga_10.875_8.375","population_estimate":178869.0,"settlement_count":229.0,"population_with_nightlight_signal":58731.0,"population_without_nightlight_signal":120138.0,"nightlight_population_share_pct":32.8346443486574,"total_buildings":39874.0,"modeled_demand":15774.5,"population_weighted_distance_transmission_km":2.595893978274603,"population_weighted_distance_gridlight_km":4.598329895062867,"_label":"nga_10.875_8.375","_status_group":"unknown","_year":2025,"_year_label":"Source release year","_states":["Kaduna"]},"geometry":{"type":"Point","coordinates":[8.375,10.875]}},{"type":"Feature","properties":{"cell_id":"nga_10.875_8.625","population_estimate":62207.0,"settlement_count":109.0,"population_with_nightlight_signal":13190.0,"population_without_nightlight_signal":49017.0,"nightlight_population_share_pct":21.20340154644976,"total_buildings":13975.0,"modeled_demand":5177.299999999998,"population_weighted_distance_transmission_km":3.337871461411096,"population_weighted_distance_gridlight_km":4.263022264375392,"_label":"nga_10.875_8.625","_status_group":"unknown","_year":2025,"_year_label":"Source release year","_states":["Kano"]},"geometry":{"type":"Point","coordinates":[8.625,10.875]}},{"type":"Feature","properties":{"cell_id":"nga_10.875_8.875","population_estimate":27332.0,"settlement_count":61.0,"population_with_nightlight_signal":0.0,"population_without_nightlight_signal":27332.0,"nightlight_population_share_pct":0.0,"total_buildings":6426.0,"modeled_demand":2211.7999999999997,"population_weighted_distance_transmission_km":12.06057990633689,"population_weighted_distance_gridlight_km":12.32928570905898,"_label":"nga_10.875_8.875","_status_group":"unknown","_year":2025,"_year_label":"Source release year","_states":["Bauchi"]},"geometry":{"type":"Point","coordinates":[8.875,10.875]}},{"type":"Feature","properties":{"cell_id":"nga_10.875_9.125","population_estimate":36931.0,"settlement_count":76.0,"population_with_nightlight_signal":0.0,"population_without_nightlight_signal":36931.0,"nightlight_population_share_pct":0.0,"total_buildings":8684.0,"modeled_demand":2979.0,"population_weighted_distance_transmission_km":27.28862906501313,"population_weighted_distance_gridlight_km":25.44082063848799,"_label":"nga_10.875_9.125","_status_group":"unknown","_year":2025,"_year_label":"Source release year","_states":["Bauchi"]},"geometry":{"type":"Point","coordinates":[9.125,10.875]}},{"type":"Feature","properties":{"cell_id":"nga_10.875_9.375","population_estimate":38838.0,"settlement_count":72.0,"population_with_nightlight_signal":0.0,"population_without_nightlight_signal":38838.0,"nightlight_population_share_pct":0.0,"total_buildings":9132.0,"modeled_demand":3098.4,"population_weighted_distance_transmission_km":17.723175498223387,"population_weighted_distance_gridlight_km":21.045663525413257,"_label":"nga_10.875_9.375","_status_group":"unknown","_year":2025,"_year_label":"Source release year","_states":["Bauchi"]},"geometry":{"type":"Point","coordinates":[9.375,10.875]}},{"type":"Feature","properties":{"cell_id":"nga_10.875_9.625","population_estimate":103567.0,"settlement_count":152.0,"population_with_nightlight_signal":42088.0,"population_without_nightlight_signal":61479.0,"nightlight_population_share_pct":40.638427298270685,"total_buildings":24246.0,"modeled_demand":8258.699999999999,"population_weighted_distance_transmission_km":4.230338235152124,"population_weighted_distance_gridlight_km":4.4127743972500895,"_label":"nga_10.875_9.625","_status_group":"unknown","_year":2025,"_year_label":"Source release year","_states":["Bauchi"]},"geometry":{"type":"Point","coordinates":[9.625,10.875]}},{"type":"Feature","properties":{"cell_id":"nga_10.875_9.875","population_estimate":94685.0,"settlement_count":79.0,"population_with_nightlight_signal":37659.0,"population_without_nightlight_signal":57026.0,"nightlight_population_share_pct":39.772931298516134,"total_buildings":21158.0,"modeled_demand":7338.599999999999,"population_weighted_distance_transmission_km":1.1885782330886625,"population_weighted_distance_gridlight_km":6.973049268627553,"_label":"nga_10.875_9.875","_status_group":"unknown","_year":2025,"_year_label":"Source release year","_states":["Bauchi"]},"geometry":{"type":"Point","coordinates":[9.875,10.875]}},{"type":"Feature","properties":{"cell_id":"nga_10.875_10.125","population_estimate":38724.0,"settlement_count":102.0,"population_with_nightlight_signal":0.0,"population_without_nightlight_signal":38724.0,"nightlight_population_share_pct":0.0,"total_buildings":9105.0,"modeled_demand":3070.3,"population_weighted_distance_transmission_km":5.515887046792685,"population_weighted_distance_gridlight_km":18.330203362255965,"_label":"nga_10.875_10.125","_status_group":"unknown","_year":2025,"_year_label":"Source release year","_states":["Bauchi"]},"geometry":{"type":"Point","coordinates":[10.125,10.875]}},{"type":"Feature","properties":{"cell_id":"nga_10.875_10.375","population_estimate":213626.0,"settlement_count":186.0,"population_with_nightlight_signal":136182.0,"population_without_nightlight_signal":77444.0,"nightlight_population_share_pct":63.74785840674824,"total_buildings":46382.0,"modeled_demand":16278.9,"population_weighted_distance_transmission_km":1.0351550841189745,"population_weighted_distance_gridlight_km":1.5361118637244529,"_label":"nga_10.875_10.375","_status_group":"unknown","_year":2025,"_year_label":"Source release year","_states":["Bauchi"]},"geometry":{"type":"Point","coordinates":[10.375,10.875]}},{"type":"Feature","properties":{"cell_id":"nga_10.875_10.625","population_estimate":92146.0,"settlement_count":226.0,"population_with_nightlight_signal":13562.0,"population_without_nightlight_signal":78584.0,"nightlight_population_share_pct":14.717947604887897,"total_buildings":21643.0,"modeled_demand":7401.5,"population_weighted_distance_transmission_km":3.0711032491915007,"population_weighted_distance_gridlight_km":4.9060932324788915,"_label":"nga_10.875_10.625","_status_group":"unknown","_year":2025,"_year_label":"Source release year","_states":["Bauchi"]},"geometry":{"type":"Point","coordinates":[10.625,10.875]}},{"type":"Feature","properties":{"cell_id":"nga_10.875_10.875","population_estimate":114447.0,"settlement_count":123.0,"population_with_nightlight_signal":68318.0,"population_without_nightlight_signal":46129.0,"nightlight_population_share_pct":59.69400683285713,"total_buildings":24676.0,"modeled_demand":8827.9,"population_weighted_distance_transmission_km":2.9614786757188916,"population_weighted_distance_gridlight_km":4.658192918993071,"_label":"nga_10.875_10.875","_status_group":"unknown","_year":2025,"_year_label":"Source release year","_states":["Gombe"]},"geometry":{"type":"Point","coordinates":[10.875,10.875]}},{"type":"Feature","properties":{"cell_id":"nga_10.875_11.125","population_estimate":30008.0,"settlement_count":24.0,"population_with_nightlight_signal":12649.0,"population_without_nightlight_signal":17359.0,"nightlight_population_share_pct":42.15209277525993,"total_buildings":6671.0,"modeled_demand":2256.7000000000003,"population_weighted_distance_transmission_km":5.860501532924554,"population_weighted_distance_gridlight_km":6.122511830178619,"_label":"nga_10.875_11.125","_status_group":"unknown","_year":2025,"_year_label":"Source release year","_states":["Gombe"]},"geometry":{"type":"Point","coordinates":[11.125,10.875]}},{"type":"Feature","properties":{"cell_id":"nga_10.875_11.375","population_estimate":250210.0,"settlement_count":240.0,"population_with_nightlight_signal":166372.0,"population_without_nightlight_signal":83838.0,"nightlight_population_share_pct":66.49294592542265,"total_buildings":54219.0,"modeled_demand":19423.800000000003,"population_weighted_distance_transmission_km":0.6505181247751889,"population_weighted_distance_gridlight_km":1.63796677990488,"_label":"nga_10.875_11.375","_status_group":"unknown","_year":2025,"_year_label":"Source release year","_states":["Gombe"]},"geometry":{"type":"Point","coordinates":[11.375,10.875]}},{"type":"Feature","properties":{"cell_id":"nga_10.875_11.625","population_estimate":116070.0,"settlement_count":117.0,"population_with_nightlight_signal":23764.0,"population_without_nightlight_signal":92306.0,"nightlight_population_share_pct":20.473851985870596,"total_buildings":25810.0,"modeled_demand":8754.0,"population_weighted_distance_transmission_km":12.313230981304384,"population_weighted_distance_gridlight_km":4.645157310243818,"_label":"nga_10.875_11.625","_status_group":"unknown","_year":2025,"_year_label":"Source release year","_states":["Yobe"]},"geometry":{"type":"Point","coordinates":[11.625,10.875]}},{"type":"Feature","properties":{"cell_id":"nga_10.875_11.875","population_estimate":27972.0,"settlement_count":37.0,"population_with_nightlight_signal":4721.0,"population_without_nightlight_signal":23251.0,"nightlight_population_share_pct":16.87759187759188,"total_buildings":6577.0,"modeled_demand":2219.6,"population_weighted_distance_transmission_km":22.45543615043615,"population_weighted_distance_gridlight_km":6.452113470613471,"_label":"nga_10.875_11.875","_status_group":"unknown","_year":2025,"_year_label":"Source release year","_states":["Borno"]},"geometry":{"type":"Point","coordinates":[11.875,10.875]}},{"type":"Feature","properties":{"cell_id":"nga_10.875_12.125","population_estimate":32052.0,"settlement_count":25.0,"population_with_nightlight_signal":11921.0,"population_without_nightlight_signal":20131.0,"nightlight_population_share_pct":37.1926868838138,"total_buildings":7537.0,"modeled_demand":2613.7999999999997,"population_weighted_distance_transmission_km":5.553311493822539,"population_weighted_distance_gridlight_km":4.6328715524772255,"_label":"nga_10.875_12.125","_status_group":"unknown","_year":2025,"_year_label":"Source release year","_states":["Borno"]},"geometry":{"type":"Point","coordinates":[12.125,10.875]}},{"type":"Feature","properties":{"cell_id":"nga_10.875_12.375","population_estimate":11316.0,"settlement_count":14.0,"population_with_nightlight_signal":0.0,"population_without_nightlight_signal":11316.0,"nightlight_population_share_pct":0.0,"total_buildings":2489.0,"modeled_demand":839.5999999999999,"population_weighted_distance_transmission_km":7.841488158359844,"population_weighted_distance_gridlight_km":30.572718981972432,"_label":"nga_10.875_12.375","_status_group":"unknown","_year":2025,"_year_label":"Source release year","_states":["Borno"]},"geometry":{"type":"Point","coordinates":[12.375,10.875]}},{"type":"Feature","properties":{"cell_id":"nga_10.875_12.625","population_estimate":24860.0,"settlement_count":23.0,"population_with_nightlight_signal":0.0,"population_without_nightlight_signal":24860.0,"nightlight_population_share_pct":0.0,"total_buildings":5846.0,"modeled_demand":1965.2,"population_weighted_distance_transmission_km":15.79194167337088,"population_weighted_distance_gridlight_km":21.208040104585685,"_label":"nga_10.875_12.625","_status_group":"unknown","_year":2025,"_year_label":"Source release year","_states":["Borno"]},"geometry":{"type":"Point","coordinates":[12.625,10.875]}},{"type":"Feature","properties":{"cell_id":"nga_10.875_12.875","population_estimate":130147.0,"settlement_count":73.0,"population_with_nightlight_signal":52134.0,"population_without_nightlight_signal":78013.0,"nightlight_population_share_pct":40.05778081707608,"total_buildings":28977.0,"modeled_demand":10093.8,"population_weighted_distance_transmission_km":32.38432656918715,"population_weighted_distance_gridlight_km":5.08859083958908,"_label":"nga_10.875_12.875","_status_group":"unknown","_year":2025,"_year_label":"Source release year","_states":["Borno"]},"geometry":{"type":"Point","coordinates":[12.875,10.875]}},{"type":"Feature","properties":{"cell_id":"nga_10.875_13.125","population_estimate":17563.0,"settlement_count":16.0,"population_with_nightlight_signal":0.0,"population_without_nightlight_signal":17563.0,"nightlight_population_share_pct":0.0,"total_buildings":3926.0,"modeled_demand":1363.5,"population_weighted_distance_transmission_km":47.46766839378238,"population_weighted_distance_gridlight_km":13.137254341513408,"_label":"nga_10.875_13.125","_status_group":"unknown","_year":2025,"_year_label":"Source release year","_states":["Borno"]},"geometry":{"type":"Point","coordinates":[13.125,10.875]}},{"type":"Feature","properties":{"cell_id":"nga_10.875_13.375","population_estimate":76510.0,"settlement_count":101.0,"population_with_nightlight_signal":33711.0,"population_without_nightlight_signal":42799.0,"nightlight_population_share_pct":44.06090707097111,"total_buildings":17483.0,"modeled_demand":6280.1,"population_weighted_distance_transmission_km":38.031857665664624,"population_weighted_distance_gridlight_km":4.346878499542543,"_label":"nga_10.875_13.375","_status_group":"unknown","_year":2025,"_year_label":"Source release year","_states":["Adamawa"]},"geometry":{"type":"Point","coordinates":[13.375,10.875]}},{"type":"Feature","properties":{"cell_id":"nga_10.875_13.625","population_estimate":125481.0,"settlement_count":103.0,"population_with_nightlight_signal":0.0,"population_without_nightlight_signal":125481.0,"nightlight_population_share_pct":0.0,"total_buildings":27290.0,"modeled_demand":9455.1,"population_weighted_distance_transmission_km":21.990902925542507,"population_weighted_distance_gridlight_km":13.505823782086528,"_label":"nga_10.875_13.625","_status_group":"unknown","_year":2025,"_year_label":"Source release year","_states":["Adamawa"]},"geometry":{"type":"Point","coordinates":[13.625,10.875]}},{"type":"Feature","properties":{"cell_id":"nga_11.125_3.625","population_estimate":24226.0,"settlement_count":21.0,"population_with_nightlight_signal":12346.0,"population_without_nightlight_signal":11880.0,"nightlight_population_share_pct":50.96177660364897,"total_buildings":5383.0,"modeled_demand":1880.7,"population_weighted_distance_transmission_km":1.346740279039049,"population_weighted_distance_gridlight_km":3.0744777924543873,"_label":"nga_11.125_3.625","_status_group":"unknown","_year":2025,"_year_label":"Source release year","_states":[]},"geometry":{"type":"Point","coordinates":[3.625,11.125]}},{"type":"Feature","properties":{"cell_id":"nga_11.125_3.875","population_estimate":38629.0,"settlement_count":48.0,"population_with_nightlight_signal":5814.0,"population_without_nightlight_signal":32815.0,"nightlight_population_share_pct":15.05086851847058,"total_buildings":9025.0,"modeled_demand":3079.5,"population_weighted_distance_transmission_km":1.3219935799528852,"population_weighted_distance_gridlight_km":7.134484532346164,"_label":"nga_11.125_3.875","_status_group":"unknown","_year":2025,"_year_label":"Source release year","_states":["Kebbi"]},"geometry":{"type":"Point","coordinates":[3.875,11.125]}},{"type":"Feature","properties":{"cell_id":"nga_11.125_4.125","population_estimate":62812.0,"settlement_count":69.0,"population_with_nightlight_signal":19385.0,"population_without_nightlight_signal":43427.0,"nightlight_population_share_pct":30.861937209450424,"total_buildings":14042.0,"modeled_demand":4880.700000000001,"population_weighted_distance_transmission_km":6.488179169585429,"population_weighted_distance_gridlight_km":7.651275027064892,"_label":"nga_11.125_4.125","_status_group":"unknown","_year":2025,"_year_label":"Source release year","_states":["Kebbi"]},"geometry":{"type":"Point","coordinates":[4.125,11.125]}},{"type":"Feature","properties":{"cell_id":"nga_11.125_4.375","population_estimate":76133.0,"settlement_count":109.0,"population_with_nightlight_signal":0.0,"population_without_nightlight_signal":76133.0,"nightlight_population_share_pct":0.0,"total_buildings":17856.0,"modeled_demand":6059.6,"population_weighted_distance_transmission_km":8.740875310312218,"population_weighted_distance_gridlight_km":11.708604928217722,"_label":"nga_11.125_4.375","_status_group":"unknown","_year":2025,"_year_label":"Source release year","_states":["Kebbi"]},"geometry":{"type":"Point","coordinates":[4.375,11.125]}},{"type":"Feature","properties":{"cell_id":"nga_11.125_4.625","population_estimate":119313.0,"settlement_count":92.0,"population_with_nightlight_signal":47478.0,"population_without_nightlight_signal":71835.0,"nightlight_population_share_pct":39.79281385934475,"total_buildings":26580.0,"modeled_demand":9144.600000000002,"population_weighted_distance_transmission_km":2.03769798764594,"population_weighted_distance_gridlight_km":2.8921095605675826,"_label":"nga_11.125_4.625","_status_group":"unknown","_year":2025,"_year_label":"Source release year","_states":["Kebbi"]},"geometry":{"type":"Point","coordinates":[4.625,11.125]}},{"type":"Feature","properties":{"cell_id":"nga_11.125_4.875","population_estimate":23875.0,"settlement_count":37.0,"population_with_nightlight_signal":0.0,"population_without_nightlight_signal":23875.0,"nightlight_population_share_pct":0.0,"total_buildings":5367.0,"modeled_demand":1840.7000000000005,"population_weighted_distance_transmission_km":18.061445026178017,"population_weighted_distance_gridlight_km":20.12323560209424,"_label":"nga_11.125_4.875","_status_group":"unknown","_year":2025,"_year_label":"Source release year","_states":["Niger"]},"geometry":{"type":"Point","coordinates":[4.875,11.125]}},{"type":"Feature","properties":{"cell_id":"nga_11.125_5.125","population_estimate":30929.0,"settlement_count":129.0,"population_with_nightlight_signal":0.0,"population_without_nightlight_signal":30929.0,"nightlight_population_share_pct":0.0,"total_buildings":7273.0,"modeled_demand":2501.0,"population_weighted_distance_transmission_km":4.1835714054770605,"population_weighted_distance_gridlight_km":11.742217724465712,"_label":"nga_11.125_5.125","_status_group":"unknown","_year":2025,"_year_label":"Source release year","_states":["Niger"]},"geometry":{"type":"Point","coordinates":[5.125,11.125]}},{"type":"Feature","properties":{"cell_id":"nga_11.125_5.375","population_estimate":176349.0,"settlement_count":226.0,"population_with_nightlight_signal":111646.0,"population_without_nightlight_signal":64703.0,"nightlight_population_share_pct":63.30968704103794,"total_buildings":38770.0,"modeled_demand":14271.6,"population_weighted_distance_transmission_km":1.4877440756681353,"population_weighted_distance_gridlight_km":3.19597448808896,"_label":"nga_11.125_5.375","_status_group":"unknown","_year":2025,"_year_label":"Source release year","_states":["Niger"]},"geometry":{"type":"Point","coordinates":[5.375,11.125]}},{"type":"Feature","properties":{"cell_id":"nga_11.125_5.625","population_estimate":56841.0,"settlement_count":176.0,"population_with_nightlight_signal":0.0,"population_without_nightlight_signal":56841.0,"nightlight_population_share_pct":0.0,"total_buildings":13365.0,"modeled_demand":4552.1,"population_weighted_distance_transmission_km":5.439150613113774,"population_weighted_distance_gridlight_km":19.740462271951586,"_label":"nga_11.125_5.625","_status_group":"unknown","_year":2025,"_year_label":"Source release year","_states":["Kebbi"]},"geometry":{"type":"Point","coordinates":[5.625,11.125]}},{"type":"Feature","properties":{"cell_id":"nga_11.125_5.875","population_estimate":102762.0,"settlement_count":147.0,"population_with_nightlight_signal":0.0,"population_without_nightlight_signal":102762.0,"nightlight_population_share_pct":0.0,"total_buildings":23229.0,"modeled_demand":8139.4000000000015,"population_weighted_distance_transmission_km":4.730737237500244,"population_weighted_distance_gridlight_km":19.178800938089957,"_label":"nga_11.125_5.875","_status_group":"unknown","_year":2025,"_year_label":"Source release year","_states":["Kebbi"]},"geometry":{"type":"Point","coordinates":[5.875,11.125]}},{"type":"Feature","properties":{"cell_id":"nga_11.125_6.125","population_estimate":18185.0,"settlement_count":43.0,"population_with_nightlight_signal":0.0,"population_without_nightlight_signal":18185.0,"nightlight_population_share_pct":0.0,"total_buildings":4276.0,"modeled_demand":1463.3000000000002,"population_weighted_distance_transmission_km":10.38510035743745,"population_weighted_distance_gridlight_km":21.47703161946659,"_label":"nga_11.125_6.125","_status_group":"unknown","_year":2025,"_year_label":"Source release year","_states":["Zamfara"]},"geometry":{"type":"Point","coordinates":[6.125,11.125]}},{"type":"Feature","properties":{"cell_id":"nga_11.125_6.375","population_estimate":6349.0,"settlement_count":9.0,"population_with_nightlight_signal":0.0,"population_without_nightlight_signal":6349.0,"nightlight_population_share_pct":0.0,"total_buildings":1493.0,"modeled_demand":507.19999999999993,"population_weighted_distance_transmission_km":15.197579146322257,"population_weighted_distance_gridlight_km":47.66721278941565,"_label":"nga_11.125_6.375","_status_group":"unknown","_year":2025,"_year_label":"Source release year","_states":["Zamfara"]},"geometry":{"type":"Point","coordinates":[6.375,11.125]}},{"type":"Feature","properties":{"cell_id":"nga_11.125_6.625","population_estimate":8558.0,"settlement_count":16.0,"population_with_nightlight_signal":0.0,"population_without_nightlight_signal":8558.0,"nightlight_population_share_pct":0.0,"total_buildings":2012.0,"modeled_demand":695.5,"population_weighted_distance_transmission_km":12.890408974059358,"population_weighted_distance_gridlight_km":50.58845676559944,"_label":"nga_11.125_6.625","_status_group":"unknown","_year":2025,"_year_label":"Source release year","_states":["Zamfara"]},"geometry":{"type":"Point","coordinates":[6.625,11.125]}},{"type":"Feature","properties":{"cell_id":"nga_11.125_6.875","population_estimate":74813.0,"settlement_count":55.0,"population_with_nightlight_signal":0.0,"population_without_nightlight_signal":74813.0,"nightlight_population_share_pct":0.0,"total_buildings":16721.0,"modeled_demand":6150.299999999999,"population_weighted_distance_transmission_km":1.5748581128948178,"population_weighted_distance_gridlight_km":21.49505307901033,"_label":"nga_11.125_6.875","_status_group":"unknown","_year":2025,"_year_label":"Source release year","_states":["Kaduna"]},"geometry":{"type":"Point","coordinates":[6.875,11.125]}},{"type":"Feature","properties":{"cell_id":"nga_11.125_7.125","population_estimate":165867.0,"settlement_count":180.0,"population_with_nightlight_signal":39727.0,"population_without_nightlight_signal":126140.0,"nightlight_population_share_pct":23.951117461580665,"total_buildings":36621.0,"modeled_demand":14169.3,"population_weighted_distance_transmission_km":2.043205881820977,"population_weighted_distance_gridlight_km":7.513806212206166,"_label":"nga_11.125_7.125","_status_group":"unknown","_year":2025,"_year_label":"Source release year","_states":["Kaduna"]},"geometry":{"type":"Point","coordinates":[7.125,11.125]}},{"type":"Feature","properties":{"cell_id":"nga_11.125_7.375","population_estimate":145305.0,"settlement_count":259.0,"population_with_nightlight_signal":21530.0,"population_without_nightlight_signal":123775.0,"nightlight_population_share_pct":14.817108840026153,"total_buildings":33037.0,"modeled_demand":12934.4,"population_weighted_distance_transmission_km":1.846866040397784,"population_weighted_distance_gridlight_km":4.203768308041705,"_label":"nga_11.125_7.375","_status_group":"unknown","_year":2025,"_year_label":"Source release year","_states":["Kaduna"]},"geometry":{"type":"Point","coordinates":[7.375,11.125]}},{"type":"Feature","properties":{"cell_id":"nga_11.125_7.625","population_estimate":1365305.0,"settlement_count":440.0,"population_with_nightlight_signal":1162931.0,"population_without_nightlight_signal":202374.0,"nightlight_population_share_pct":85.17737794851699,"total_buildings":287376.0,"modeled_demand":131063.00000000004,"population_weighted_distance_transmission_km":0.1588524761866396,"population_weighted_distance_gridlight_km":0.4347883872101838,"_label":"nga_11.125_7.625","_status_group":"unknown","_year":2025,"_year_label":"Source release year","_states":["Kaduna"]},"geometry":{"type":"Point","coordinates":[7.625,11.125]}},{"type":"Feature","properties":{"cell_id":"nga_11.125_7.875","population_estimate":288481.0,"settlement_count":355.0,"population_with_nightlight_signal":84261.0,"population_without_nightlight_signal":204220.0,"nightlight_population_share_pct":29.208509399232533,"total_buildings":64930.0,"modeled_demand":26241.5,"population_weighted_distance_transmission_km":0.7792709051895965,"population_weighted_distance_gridlight_km":3.3569979582710823,"_label":"nga_11.125_7.875","_status_group":"unknown","_year":2025,"_year_label":"Source release year","_states":["Kaduna"]},"geometry":{"type":"Point","coordinates":[7.875,11.125]}},{"type":"Feature","properties":{"cell_id":"nga_11.125_8.125","population_estimate":287845.0,"settlement_count":355.0,"population_with_nightlight_signal":72844.0,"population_without_nightlight_signal":215001.0,"nightlight_population_share_pct":25.30667546769963,"total_buildings":64330.0,"modeled_demand":24425.800000000003,"population_weighted_distance_transmission_km":1.243667112508468,"population_weighted_distance_gridlight_km":4.968501860376245,"_label":"nga_11.125_8.125","_status_group":"unknown","_year":2025,"_year_label":"Source release year","_states":["Kaduna"]},"geometry":{"type":"Point","coordinates":[8.125,11.125]}},{"type":"Feature","properties":{"cell_id":"nga_11.125_8.375","population_estimate":346368.0,"settlement_count":423.0,"population_with_nightlight_signal":123354.0,"population_without_nightlight_signal":223014.0,"nightlight_population_share_pct":35.613567073170735,"total_buildings":78445.0,"modeled_demand":29018.700000000004,"population_weighted_distance_transmission_km":2.2867775891537323,"population_weighted_distance_gridlight_km":3.140699400637472,"_label":"nga_11.125_8.375","_status_group":"unknown","_year":2025,"_year_label":"Source release year","_states":["Kaduna"]},"geometry":{"type":"Point","coordinates":[8.375,11.125]}},{"type":"Feature","properties":{"cell_id":"nga_11.125_8.625","population_estimate":132477.0,"settlement_count":144.0,"population_with_nightlight_signal":71478.0,"population_without_nightlight_signal":60999.0,"nightlight_population_share_pct":53.955026155483594,"total_buildings":29642.0,"modeled_demand":10261.7,"population_weighted_distance_transmission_km":2.419117733644331,"population_weighted_distance_gridlight_km":1.6732477184718857,"_label":"nga_11.125_8.625","_status_group":"unknown","_year":2025,"_year_label":"Source release year","_states":["Kano"]},"geometry":{"type":"Point","coordinates":[8.625,11.125]}},{"type":"Feature","properties":{"cell_id":"nga_11.125_8.875","population_estimate":91028.0,"settlement_count":107.0,"population_with_nightlight_signal":18341.0,"population_without_nightlight_signal":72687.0,"nightlight_population_share_pct":20.14874544096322,"total_buildings":20462.0,"modeled_demand":7090.200000000001,"population_weighted_distance_transmission_km":5.706272795183899,"population_weighted_distance_gridlight_km":6.934033978556047,"_label":"nga_11.125_8.875","_status_group":"unknown","_year":2025,"_year_label":"Source release year","_states":["Kano"]},"geometry":{"type":"Point","coordinates":[8.875,11.125]}},{"type":"Feature","properties":{"cell_id":"nga_11.125_9.125","population_estimate":29944.0,"settlement_count":55.0,"population_with_nightlight_signal":0.0,"population_without_nightlight_signal":29944.0,"nightlight_population_share_pct":0.0,"total_buildings":6958.0,"modeled_demand":2359.2,"population_weighted_distance_transmission_km":3.765402417846647,"population_weighted_distance_gridlight_km":15.439094109003474,"_label":"nga_11.125_9.125","_status_group":"unknown","_year":2025,"_year_label":"Source release year","_states":["Bauchi"]},"geometry":{"type":"Point","coordinates":[9.125,11.125]}},{"type":"Feature","properties":{"cell_id":"nga_11.125_9.375","population_estimate":26049.0,"settlement_count":73.0,"population_with_nightlight_signal":0.0,"population_without_nightlight_signal":26049.0,"nightlight_population_share_pct":0.0,"total_buildings":5772.0,"modeled_demand":1959.0999999999997,"population_weighted_distance_transmission_km":5.380996583362126,"population_weighted_distance_gridlight_km":19.633562286460133,"_label":"nga_11.125_9.375","_status_group":"unknown","_year":2025,"_year_label":"Source release year","_states":["Bauchi"]},"geometry":{"type":"Point","coordinates":[9.375,11.125]}},{"type":"Feature","properties":{"cell_id":"nga_11.125_9.625","population_estimate":250105.0,"settlement_count":241.0,"population_with_nightlight_signal":112777.0,"population_without_nightlight_signal":137328.0,"nightlight_population_share_pct":45.09186141820435,"total_buildings":54903.0,"modeled_demand":19626.800000000003,"population_weighted_distance_transmission_km":2.0301315447512045,"population_weighted_distance_gridlight_km":2.5689125527278547,"_label":"nga_11.125_9.625","_status_group":"unknown","_year":2025,"_year_label":"Source release year","_states":["Bauchi"]},"geometry":{"type":"Point","coordinates":[9.625,11.125]}},{"type":"Feature","properties":{"cell_id":"nga_11.125_9.875","population_estimate":153006.0,"settlement_count":146.0,"population_with_nightlight_signal":31301.0,"population_without_nightlight_signal":121705.0,"nightlight_population_share_pct":20.457367684927387,"total_buildings":33994.0,"modeled_demand":11760.9,"population_weighted_distance_transmission_km":1.345025358482674,"population_weighted_distance_gridlight_km":7.996292413369411,"_label":"nga_11.125_9.875","_status_group":"unknown","_year":2025,"_year_label":"Source release year","_states":["Bauchi"]},"geometry":{"type":"Point","coordinates":[9.875,11.125]}},{"type":"Feature","properties":{"cell_id":"nga_11.125_10.125","population_estimate":109650.0,"settlement_count":95.0,"population_with_nightlight_signal":0.0,"population_without_nightlight_signal":109650.0,"nightlight_population_share_pct":0.0,"total_buildings":25169.0,"modeled_demand":8550.400000000003,"population_weighted_distance_transmission_km":1.1848583675330595,"population_weighted_distance_gridlight_km":20.170661459188324,"_label":"nga_11.125_10.125","_status_group":"unknown","_year":2025,"_year_label":"Source release year","_states":["Jigawa"]},"geometry":{"type":"Point","coordinates":[10.125,11.125]}},{"type":"Feature","properties":{"cell_id":"nga_11.125_10.375","population_estimate":135145.0,"settlement_count":169.0,"population_with_nightlight_signal":51952.0,"population_without_nightlight_signal":83193.0,"nightlight_population_share_pct":38.44167375781568,"total_buildings":30215.0,"modeled_demand":10391.1,"population_weighted_distance_transmission_km":1.2346989529764325,"population_weighted_distance_gridlight_km":2.2636035295423436,"_label":"nga_11.125_10.375","_status_group":"unknown","_year":2025,"_year_label":"Source release year","_states":["Bauchi"]},"geometry":{"type":"Point","coordinates":[10.375,11.125]}},{"type":"Feature","properties":{"cell_id":"nga_11.125_10.625","population_estimate":89213.0,"settlement_count":126.0,"population_with_nightlight_signal":12733.0,"population_without_nightlight_signal":76480.0,"nightlight_population_share_pct":14.272583592077387,"total_buildings":20287.0,"modeled_demand":6893.299999999999,"population_weighted_distance_transmission_km":5.061396545346531,"population_weighted_distance_gridlight_km":10.754316971741789,"_label":"nga_11.125_10.625","_status_group":"unknown","_year":2025,"_year_label":"Source release year","_states":["Bauchi"]},"geometry":{"type":"Point","coordinates":[10.625,11.125]}},{"type":"Feature","properties":{"cell_id":"nga_11.125_10.875","population_estimate":64729.0,"settlement_count":119.0,"population_with_nightlight_signal":0.0,"population_without_nightlight_signal":64729.0,"nightlight_population_share_pct":0.0,"total_buildings":14914.0,"modeled_demand":5059.0,"population_weighted_distance_transmission_km":14.164301008821392,"population_weighted_distance_gridlight_km":25.801054581408646,"_label":"nga_11.125_10.875","_status_group":"unknown","_year":2025,"_year_label":"Source release year","_states":["Bauchi"]},"geometry":{"type":"Point","coordinates":[10.875,11.125]}},{"type":"Feature","properties":{"cell_id":"nga_11.125_11.125","population_estimate":58883.0,"settlement_count":78.0,"population_with_nightlight_signal":5733.0,"population_without_nightlight_signal":53150.0,"nightlight_population_share_pct":9.73625664453238,"total_buildings":13695.0,"modeled_demand":4655.3,"population_weighted_distance_transmission_km":10.884749588166368,"population_weighted_distance_gridlight_km":11.413564135658849,"_label":"nga_11.125_11.125","_status_group":"unknown","_year":2025,"_year_label":"Source release year","_states":["Gombe"]},"geometry":{"type":"Point","coordinates":[11.125,11.125]}},{"type":"Feature","properties":{"cell_id":"nga_11.125_11.375","population_estimate":124011.0,"settlement_count":87.0,"population_with_nightlight_signal":76501.0,"population_without_nightlight_signal":47510.0,"nightlight_population_share_pct":61.68888243784826,"total_buildings":26818.0,"modeled_demand":9266.2,"population_weighted_distance_transmission_km":3.08310141842256,"population_weighted_distance_gridlight_km":2.042719887751893,"_label":"nga_11.125_11.375","_status_group":"unknown","_year":2025,"_year_label":"Source release year","_states":["Yobe"]},"geometry":{"type":"Point","coordinates":[11.375,11.125]}},{"type":"Feature","properties":{"cell_id":"nga_11.125_11.625","population_estimate":46603.0,"settlement_count":48.0,"population_with_nightlight_signal":0.0,"population_without_nightlight_signal":46603.0,"nightlight_population_share_pct":0.0,"total_buildings":10696.0,"modeled_demand":3630.5,"population_weighted_distance_transmission_km":24.907311546466964,"population_weighted_distance_gridlight_km":9.425867154475034,"_label":"nga_11.125_11.625","_status_group":"unknown","_year":2025,"_year_label":"Source release year","_states":["Yobe"]},"geometry":{"type":"Point","coordinates":[11.625,11.125]}},{"type":"Feature","properties":{"cell_id":"nga_11.125_11.875","population_estimate":63132.0,"settlement_count":52.0,"population_with_nightlight_signal":15735.0,"population_without_nightlight_signal":47397.0,"nightlight_population_share_pct":24.92396882721916,"total_buildings":14313.0,"modeled_demand":4867.1,"population_weighted_distance_transmission_km":32.477093708420455,"population_weighted_distance_gridlight_km":4.978752106697079,"_label":"nga_11.125_11.875","_status_group":"unknown","_year":2025,"_year_label":"Source release year","_states":["Yobe"]},"geometry":{"type":"Point","coordinates":[11.875,11.125]}},{"type":"Feature","properties":{"cell_id":"nga_11.125_12.125","population_estimate":22824.0,"settlement_count":16.0,"population_with_nightlight_signal":17491.0,"population_without_nightlight_signal":5333.0,"nightlight_population_share_pct":76.63424465474938,"total_buildings":4833.0,"modeled_demand":1721.0,"population_weighted_distance_transmission_km":31.823053803014368,"population_weighted_distance_gridlight_km":1.3240427620049071,"_label":"nga_11.125_12.125","_status_group":"unknown","_year":2025,"_year_label":"Source release year","_states":["Yobe"]},"geometry":{"type":"Point","coordinates":[12.125,11.125]}},{"type":"Feature","properties":{"cell_id":"nga_11.125_12.375","population_estimate":5784.0,"settlement_count":17.0,"population_with_nightlight_signal":0.0,"population_without_nightlight_signal":5784.0,"nightlight_population_share_pct":0.0,"total_buildings":1360.0,"modeled_demand":459.1,"population_weighted_distance_transmission_km":20.32172199170125,"population_weighted_distance_gridlight_km":30.12541026970954,"_label":"nga_11.125_12.375","_status_group":"unknown","_year":2025,"_year_label":"Source release year","_states":["Borno"]},"geometry":{"type":"Point","coordinates":[12.375,11.125]}},{"type":"Feature","properties":{"cell_id":"nga_11.125_12.625","population_estimate":51411.0,"settlement_count":55.0,"population_with_nightlight_signal":510.0,"population_without_nightlight_signal":50901.0,"nightlight_population_share_pct":0.9920056019139872,"total_buildings":11439.0,"modeled_demand":3849.2,"population_weighted_distance_transmission_km":3.943402384703663,"population_weighted_distance_gridlight_km":12.973575635564377,"_label":"nga_11.125_12.625","_status_group":"unknown","_year":2025,"_year_label":"Source release year","_states":["Borno"]},"geometry":{"type":"Point","coordinates":[12.625,11.125]}},{"type":"Feature","properties":{"cell_id":"nga_11.125_12.875","population_estimate":139767.0,"settlement_count":34.0,"population_with_nightlight_signal":105575.0,"population_without_nightlight_signal":34192.0,"nightlight_population_share_pct":75.53642848454929,"total_buildings":29192.0,"modeled_demand":10158.1,"population_weighted_distance_transmission_km":2.0765257893494176,"population_weighted_distance_gridlight_km":2.2890815142344043,"_label":"nga_11.125_12.875","_status_group":"unknown","_year":2025,"_year_label":"Source release year","_states":["Borno"]},"geometry":{"type":"Point","coordinates":[12.875,11.125]}},{"type":"Feature","properties":{"cell_id":"nga_11.125_13.125","population_estimate":4683.0,"settlement_count":9.0,"population_with_nightlight_signal":0.0,"population_without_nightlight_signal":4683.0,"nightlight_population_share_pct":0.0,"total_buildings":1101.0,"modeled_demand":369.7,"population_weighted_distance_transmission_km":23.929976510783685,"population_weighted_distance_gridlight_km":33.353039504591074,"_label":"nga_11.125_13.125","_status_group":"unknown","_year":2025,"_year_label":"Source release year","_states":["Borno"]},"geometry":{"type":"Point","coordinates":[13.125,11.125]}},{"type":"Feature","properties":{"cell_id":"nga_11.125_13.375","population_estimate":8582.0,"settlement_count":4.0,"population_with_nightlight_signal":0.0,"population_without_nightlight_signal":8582.0,"nightlight_population_share_pct":0.0,"total_buildings":1798.0,"modeled_demand":623.1999999999999,"population_weighted_distance_transmission_km":35.16992192962014,"population_weighted_distance_gridlight_km":23.99085481239804,"_label":"nga_11.125_13.375","_status_group":"unknown","_year":2025,"_year_label":"Source release year","_states":["Borno"]},"geometry":{"type":"Point","coordinates":[13.375,11.125]}},{"type":"Feature","properties":{"cell_id":"nga_11.125_13.625","population_estimate":102729.0,"settlement_count":21.0,"population_with_nightlight_signal":98406.0,"population_without_nightlight_signal":4323.0,"nightlight_population_share_pct":95.79184066816576,"total_buildings":20904.0,"modeled_demand":7471.1,"population_weighted_distance_transmission_km":0.3855410838224844,"population_weighted_distance_gridlight_km":0.3575699753720955,"_label":"nga_11.125_13.625","_status_group":"unknown","_year":2025,"_year_label":"Source release year","_states":["Borno"]},"geometry":{"type":"Point","coordinates":[13.625,11.125]}},{"type":"Feature","properties":{"cell_id":"nga_11.125_13.875","population_estimate":99099.0,"settlement_count":39.0,"population_with_nightlight_signal":5671.0,"population_without_nightlight_signal":93428.0,"nightlight_population_share_pct":5.7225602680148135,"total_buildings":20667.0,"modeled_demand":7164.999999999999,"population_weighted_distance_transmission_km":2.563321426048699,"population_weighted_distance_gridlight_km":11.31236789473153,"_label":"nga_11.125_13.875","_status_group":"unknown","_year":2025,"_year_label":"Source release year","_states":[]},"geometry":{"type":"Point","coordinates":[13.875,11.125]}},{"type":"Feature","properties":{"cell_id":"nga_11.125_14.125","population_estimate":315.0,"settlement_count":1.0,"population_with_nightlight_signal":0.0,"population_without_nightlight_signal":315.0,"nightlight_population_share_pct":0.0,"total_buildings":74.0,"modeled_demand":25.9,"population_weighted_distance_transmission_km":42.49,"population_weighted_distance_gridlight_km":2.765,"_label":"nga_11.125_14.125","_status_group":"unknown","_year":2025,"_year_label":"Source release year","_states":[]},"geometry":{"type":"Point","coordinates":[14.125,11.125]}},{"type":"Feature","properties":{"cell_id":"nga_11.375_3.625","population_estimate":51422.0,"settlement_count":67.0,"population_with_nightlight_signal":0.0,"population_without_nightlight_signal":51422.0,"nightlight_population_share_pct":0.0,"total_buildings":12090.0,"modeled_demand":4094.1,"population_weighted_distance_transmission_km":4.42733052001089,"population_weighted_distance_gridlight_km":21.965614192369028,"_label":"nga_11.375_3.625","_status_group":"unknown","_year":2025,"_year_label":"Source release year","_states":["Kebbi"]},"geometry":{"type":"Point","coordinates":[3.625,11.375]}},{"type":"Feature","properties":{"cell_id":"nga_11.375_3.875","population_estimate":16474.0,"settlement_count":20.0,"population_with_nightlight_signal":0.0,"population_without_nightlight_signal":16474.0,"nightlight_population_share_pct":0.0,"total_buildings":3873.0,"modeled_demand":1306.4,"population_weighted_distance_transmission_km":9.274101007648415,"population_weighted_distance_gridlight_km":17.762359172028653,"_label":"nga_11.375_3.875","_status_group":"unknown","_year":2025,"_year_label":"Source release year","_states":["Kebbi"]},"geometry":{"type":"Point","coordinates":[3.875,11.375]}},{"type":"Feature","properties":{"cell_id":"nga_11.375_4.125","population_estimate":114512.0,"settlement_count":131.0,"population_with_nightlight_signal":40126.0,"population_without_nightlight_signal":74386.0,"nightlight_population_share_pct":35.040869079223135,"total_buildings":25700.0,"modeled_demand":9167.2,"population_weighted_distance_transmission_km":1.61991441944949,"population_weighted_distance_gridlight_km":4.281779175981557,"_label":"nga_11.375_4.125","_status_group":"unknown","_year":2025,"_year_label":"Source release year","_states":["Kebbi"]},"geometry":{"type":"Point","coordinates":[4.125,11.375]}},{"type":"Feature","properties":{"cell_id":"nga_11.375_4.375","population_estimate":128806.0,"settlement_count":130.0,"population_with_nightlight_signal":33877.0,"population_without_nightlight_signal":94929.0,"nightlight_population_share_pct":26.30079344129932,"total_buildings":28614.0,"modeled_demand":9824.5,"population_weighted_distance_transmission_km":4.29267355557971,"population_weighted_distance_gridlight_km":5.028049291182087,"_label":"nga_11.375_4.375","_status_group":"unknown","_year":2025,"_year_label":"Source release year","_states":["Kebbi"]},"geometry":{"type":"Point","coordinates":[4.375,11.375]}},{"type":"Feature","properties":{"cell_id":"nga_11.375_4.625","population_estimate":202117.0,"settlement_count":74.0,"population_with_nightlight_signal":104237.0,"population_without_nightlight_signal":97880.0,"nightlight_population_share_pct":51.57260398679973,"total_buildings":44011.0,"modeled_demand":15995.300000000005,"population_weighted_distance_transmission_km":1.9671278022135696,"population_weighted_distance_gridlight_km":3.5707607375925825,"_label":"nga_11.375_4.625","_status_group":"unknown","_year":2025,"_year_label":"Source release year","_states":["Kebbi"]},"geometry":{"type":"Point","coordinates":[4.625,11.375]}},{"type":"Feature","properties":{"cell_id":"nga_11.375_4.875","population_estimate":32862.0,"settlement_count":98.0,"population_with_nightlight_signal":0.0,"population_without_nightlight_signal":32862.0,"nightlight_population_share_pct":0.0,"total_buildings":7589.0,"modeled_demand":2577.9999999999995,"population_weighted_distance_transmission_km":15.876963970543484,"population_weighted_distance_gridlight_km":19.295067707382387,"_label":"nga_11.375_4.875","_status_group":"unknown","_year":2025,"_year_label":"Source release year","_states":["Kebbi"]},"geometry":{"type":"Point","coordinates":[4.875,11.375]}},{"type":"Feature","properties":{"cell_id":"nga_11.375_5.125","population_estimate":214871.0,"settlement_count":227.0,"population_with_nightlight_signal":161352.0,"population_without_nightlight_signal":53519.0,"nightlight_population_share_pct":75.09249735888045,"total_buildings":46941.0,"modeled_demand":19449.4,"population_weighted_distance_transmission_km":1.5278202735594846,"population_weighted_distance_gridlight_km":2.1060649645601317,"_label":"nga_11.375_5.125","_status_group":"unknown","_year":2025,"_year_label":"Source release year","_states":["Kebbi"]},"geometry":{"type":"Point","coordinates":[5.125,11.375]}},{"type":"Feature","properties":{"cell_id":"nga_11.375_5.375","population_estimate":168821.0,"settlement_count":475.0,"population_with_nightlight_signal":61096.0,"population_without_nightlight_signal":107725.0,"nightlight_population_share_pct":36.189810509356064,"total_buildings":38527.0,"modeled_demand":14023.7,"population_weighted_distance_transmission_km":1.2370668933367297,"population_weighted_distance_gridlight_km":2.906810918072989,"_label":"nga_11.375_5.375","_status_group":"unknown","_year":2025,"_year_label":"Source release year","_states":["Kebbi"]},"geometry":{"type":"Point","coordinates":[5.375,11.375]}},{"type":"Feature","properties":{"cell_id":"nga_11.375_5.625","population_estimate":100957.0,"settlement_count":204.0,"population_with_nightlight_signal":0.0,"population_without_nightlight_signal":100957.0,"nightlight_population_share_pct":0.0,"total_buildings":23040.0,"modeled_demand":7963.0,"population_weighted_distance_transmission_km":3.5688984419109127,"population_weighted_distance_gridlight_km":9.626057658210922,"_label":"nga_11.375_5.625","_status_group":"unknown","_year":2025,"_year_label":"Source release year","_states":["Kebbi"]},"geometry":{"type":"Point","coordinates":[5.625,11.375]}},{"type":"Feature","properties":{"cell_id":"nga_11.375_5.875","population_estimate":158508.0,"settlement_count":105.0,"population_with_nightlight_signal":91298.0,"population_without_nightlight_signal":67210.0,"nightlight_population_share_pct":57.598354657178184,"total_buildings":35520.0,"modeled_demand":13669.4,"population_weighted_distance_transmission_km":0.4610881469704999,"population_weighted_distance_gridlight_km":3.3554055126555116,"_label":"nga_11.375_5.875","_status_group":"unknown","_year":2025,"_year_label":"Source release year","_states":["Kebbi"]},"geometry":{"type":"Point","coordinates":[5.875,11.375]}},{"type":"Feature","properties":{"cell_id":"nga_11.375_6.125","population_estimate":58812.0,"settlement_count":68.0,"population_with_nightlight_signal":0.0,"population_without_nightlight_signal":58812.0,"nightlight_population_share_pct":0.0,"total_buildings":13529.0,"modeled_demand":4736.2,"population_weighted_distance_transmission_km":4.493311229000884,"population_weighted_distance_gridlight_km":18.90865760389036,"_label":"nga_11.375_6.125","_status_group":"unknown","_year":2025,"_year_label":"Source release year","_states":["Kebbi"]},"geometry":{"type":"Point","coordinates":[6.125,11.375]}},{"type":"Feature","properties":{"cell_id":"nga_11.375_6.375","population_estimate":102185.0,"settlement_count":50.0,"population_with_nightlight_signal":0.0,"population_without_nightlight_signal":102185.0,"nightlight_population_share_pct":0.0,"total_buildings":22286.0,"modeled_demand":8273.5,"population_weighted_distance_transmission_km":4.502022606057641,"population_weighted_distance_gridlight_km":51.96575788031513,"_label":"nga_11.375_6.375","_status_group":"unknown","_year":2025,"_year_label":"Source release year","_states":["Zamfara"]},"geometry":{"type":"Point","coordinates":[6.375,11.375]}},{"type":"Feature","properties":{"cell_id":"nga_11.375_6.625","population_estimate":13331.0,"settlement_count":23.0,"population_with_nightlight_signal":0.0,"population_without_nightlight_signal":13331.0,"nightlight_population_share_pct":0.0,"total_buildings":3135.0,"modeled_demand":1101.4,"population_weighted_distance_transmission_km":2.014775335683745,"population_weighted_distance_gridlight_km":54.9445292926262,"_label":"nga_11.375_6.625","_status_group":"unknown","_year":2025,"_year_label":"Source release year","_states":["Zamfara"]},"geometry":{"type":"Point","coordinates":[6.625,11.375]}},{"type":"Feature","properties":{"cell_id":"nga_11.375_6.875","population_estimate":21982.0,"settlement_count":9.0,"population_with_nightlight_signal":0.0,"population_without_nightlight_signal":21982.0,"nightlight_population_share_pct":0.0,"total_buildings":4822.0,"modeled_demand":1871.5,"population_weighted_distance_transmission_km":0.200740605950323,"population_weighted_distance_gridlight_km":16.609561732326448,"_label":"nga_11.375_6.875","_status_group":"unknown","_year":2025,"_year_label":"Source release year","_states":["Kaduna"]},"geometry":{"type":"Point","coordinates":[6.875,11.375]}},{"type":"Feature","properties":{"cell_id":"nga_11.375_7.125","population_estimate":364015.0,"settlement_count":231.0,"population_with_nightlight_signal":199832.0,"population_without_nightlight_signal":164183.0,"nightlight_population_share_pct":54.89663887477165,"total_buildings":78899.0,"modeled_demand":30128.6,"population_weighted_distance_transmission_km":0.735345026990646,"population_weighted_distance_gridlight_km":2.172090974273038,"_label":"nga_11.375_7.125","_status_group":"unknown","_year":2025,"_year_label":"Source release year","_states":["Katsina"]},"geometry":{"type":"Point","coordinates":[7.125,11.375]}},{"type":"Feature","properties":{"cell_id":"nga_11.375_7.375","population_estimate":371395.0,"settlement_count":433.0,"population_with_nightlight_signal":168048.0,"population_without_nightlight_signal":203347.0,"nightlight_population_share_pct":45.247782011066384,"total_buildings":83132.0,"modeled_demand":31515.1,"population_weighted_distance_transmission_km":0.7268829682682858,"population_weighted_distance_gridlight_km":1.6315931959234775,"_label":"nga_11.375_7.375","_status_group":"unknown","_year":2025,"_year_label":"Source release year","_states":["Katsina"]},"geometry":{"type":"Point","coordinates":[7.375,11.375]}},{"type":"Feature","properties":{"cell_id":"nga_11.375_7.625","population_estimate":454005.0,"settlement_count":608.0,"population_with_nightlight_signal":180293.0,"population_without_nightlight_signal":273712.0,"nightlight_population_share_pct":39.71167718417198,"total_buildings":102759.0,"modeled_demand":39549.8,"population_weighted_distance_transmission_km":0.9703171991497892,"population_weighted_distance_gridlight_km":2.1846834946751685,"_label":"nga_11.375_7.625","_status_group":"unknown","_year":2025,"_year_label":"Source release year","_states":["Katsina"]},"geometry":{"type":"Point","coordinates":[7.625,11.375]}},{"type":"Feature","properties":{"cell_id":"nga_11.375_7.875","population_estimate":471809.0,"settlement_count":586.0,"population_with_nightlight_signal":215921.0,"population_without_nightlight_signal":255888.0,"nightlight_population_share_pct":45.76449368282504,"total_buildings":105644.0,"modeled_demand":40359.7,"population_weighted_distance_transmission_km":0.7049822279778469,"population_weighted_distance_gridlight_km":1.5125214207444115,"_label":"nga_11.375_7.875","_status_group":"unknown","_year":2025,"_year_label":"Source release year","_states":["Kaduna"]},"geometry":{"type":"Point","coordinates":[7.875,11.375]}},{"type":"Feature","properties":{"cell_id":"nga_11.375_8.125","population_estimate":311121.0,"settlement_count":522.0,"population_with_nightlight_signal":111219.0,"population_without_nightlight_signal":199902.0,"nightlight_population_share_pct":35.74782801546665,"total_buildings":70547.0,"modeled_demand":26155.800000000003,"population_weighted_distance_transmission_km":1.4672709331739096,"population_weighted_distance_gridlight_km":2.729836671262949,"_label":"nga_11.375_8.125","_status_group":"unknown","_year":2025,"_year_label":"Source release year","_states":["Kaduna"]},"geometry":{"type":"Point","coordinates":[8.125,11.375]}},{"type":"Feature","properties":{"cell_id":"nga_11.375_8.375","population_estimate":300824.0,"settlement_count":355.0,"population_with_nightlight_signal":156400.0,"population_without_nightlight_signal":144424.0,"nightlight_population_share_pct":51.99053267026567,"total_buildings":68183.0,"modeled_demand":23880.3,"population_weighted_distance_transmission_km":1.3363039185703267,"population_weighted_distance_gridlight_km":1.1032670731058694,"_label":"nga_11.375_8.375","_status_group":"unknown","_year":2025,"_year_label":"Source release year","_states":["Kano"]},"geometry":{"type":"Point","coordinates":[8.375,11.375]}},{"type":"Feature","properties":{"cell_id":"nga_11.375_8.625","population_estimate":278550.0,"settlement_count":321.0,"population_with_nightlight_signal":14075.0,"population_without_nightlight_signal":264475.0,"nightlight_population_share_pct":5.052952791240352,"total_buildings":62366.0,"modeled_demand":21304.2,"population_weighted_distance_transmission_km":5.104134877041824,"population_weighted_distance_gridlight_km":8.065259719978458,"_label":"nga_11.375_8.625","_status_group":"unknown","_year":2025,"_year_label":"Source release year","_states":["Kano"]},"geometry":{"type":"Point","coordinates":[8.625,11.375]}},{"type":"Feature","properties":{"cell_id":"nga_11.375_8.875","population_estimate":291485.0,"settlement_count":344.0,"population_with_nightlight_signal":87515.0,"population_without_nightlight_signal":203970.0,"nightlight_population_share_pct":30.02384342247457,"total_buildings":65414.0,"modeled_demand":22336.5,"population_weighted_distance_transmission_km":6.607764893562275,"population_weighted_distance_gridlight_km":2.9101122321903357,"_label":"nga_11.375_8.875","_status_group":"unknown","_year":2025,"_year_label":"Source release year","_states":["Kano"]},"geometry":{"type":"Point","coordinates":[8.875,11.375]}},{"type":"Feature","properties":{"cell_id":"nga_11.375_9.125","population_estimate":275180.0,"settlement_count":279.0,"population_with_nightlight_signal":75848.0,"population_without_nightlight_signal":199332.0,"nightlight_population_share_pct":27.563049640235484,"total_buildings":62582.0,"modeled_demand":21279.800000000003,"population_weighted_distance_transmission_km":1.6401198124863727,"population_weighted_distance_gridlight_km":3.061244574460354,"_label":"nga_11.375_9.125","_status_group":"unknown","_year":2025,"_year_label":"Source release year","_states":["Kano"]},"geometry":{"type":"Point","coordinates":[9.125,11.375]}},{"type":"Feature","properties":{"cell_id":"nga_11.375_9.375","population_estimate":294576.0,"settlement_count":294.0,"population_with_nightlight_signal":157564.0,"population_without_nightlight_signal":137012.0,"nightlight_population_share_pct":53.488403671718,"total_buildings":64400.0,"modeled_demand":22548.1,"population_weighted_distance_transmission_km":2.7926701428493836,"population_weighted_distance_gridlight_km":2.708624287110966,"_label":"nga_11.375_9.375","_status_group":"unknown","_year":2025,"_year_label":"Source release year","_states":["Jigawa"]},"geometry":{"type":"Point","coordinates":[9.375,11.375]}},{"type":"Feature","properties":{"cell_id":"nga_11.375_9.625","population_estimate":246946.0,"settlement_count":340.0,"population_with_nightlight_signal":116155.0,"population_without_nightlight_signal":130791.0,"nightlight_population_share_pct":47.036599094538886,"total_buildings":55442.0,"modeled_demand":18982.5,"population_weighted_distance_transmission_km":1.1130668648206492,"population_weighted_distance_gridlight_km":2.00336770791995,"_label":"nga_11.375_9.625","_status_group":"unknown","_year":2025,"_year_label":"Source release year","_states":["Jigawa"]},"geometry":{"type":"Point","coordinates":[9.625,11.375]}},{"type":"Feature","properties":{"cell_id":"nga_11.375_9.875","population_estimate":295429.0,"settlement_count":230.0,"population_with_nightlight_signal":125942.0,"population_without_nightlight_signal":169487.0,"nightlight_population_share_pct":42.63020895037386,"total_buildings":66332.0,"modeled_demand":22969.9,"population_weighted_distance_transmission_km":1.209867447000802,"population_weighted_distance_gridlight_km":3.103576371987855,"_label":"nga_11.375_9.875","_status_group":"unknown","_year":2025,"_year_label":"Source release year","_states":["Jigawa"]},"geometry":{"type":"Point","coordinates":[9.875,11.375]}},{"type":"Feature","properties":{"cell_id":"nga_11.375_10.125","population_estimate":247623.0,"settlement_count":365.0,"population_with_nightlight_signal":107003.0,"population_without_nightlight_signal":140620.0,"nightlight_population_share_pct":43.21206026903801,"total_buildings":54588.0,"modeled_demand":19126.4,"population_weighted_distance_transmission_km":1.7711802619304344,"population_weighted_distance_gridlight_km":2.5766330995101425,"_label":"nga_11.375_10.125","_status_group":"unknown","_year":2025,"_year_label":"Source release year","_states":["Bauchi"]},"geometry":{"type":"Point","coordinates":[10.125,11.375]}},{"type":"Feature","properties":{"cell_id":"nga_11.375_10.375","population_estimate":299697.0,"settlement_count":554.0,"population_with_nightlight_signal":143950.0,"population_without_nightlight_signal":155747.0,"nightlight_population_share_pct":48.031845497285595,"total_buildings":66820.0,"modeled_demand":23938.299999999996,"population_weighted_distance_transmission_km":1.011360774382126,"population_weighted_distance_gridlight_km":2.471018064912228,"_label":"nga_11.375_10.375","_status_group":"unknown","_year":2025,"_year_label":"Source release year","_states":["Bauchi"]},"geometry":{"type":"Point","coordinates":[10.375,11.375]}},{"type":"Feature","properties":{"cell_id":"nga_11.375_10.625","population_estimate":139823.0,"settlement_count":280.0,"population_with_nightlight_signal":48576.0,"population_without_nightlight_signal":91247.0,"nightlight_population_share_pct":34.74106548994085,"total_buildings":31524.0,"modeled_demand":10849.7,"population_weighted_distance_transmission_km":1.1647926306830778,"population_weighted_distance_gridlight_km":3.256260665269662,"_label":"nga_11.375_10.625","_status_group":"unknown","_year":2025,"_year_label":"Source release year","_states":["Bauchi"]},"geometry":{"type":"Point","coordinates":[10.625,11.375]}},{"type":"Feature","properties":{"cell_id":"nga_11.375_10.875","population_estimate":59302.0,"settlement_count":85.0,"population_with_nightlight_signal":20790.0,"population_without_nightlight_signal":38512.0,"nightlight_population_share_pct":35.05783953323665,"total_buildings":13257.0,"modeled_demand":4520.5999999999985,"population_weighted_distance_transmission_km":3.0139873865974165,"population_weighted_distance_gridlight_km":8.219862095713466,"_label":"nga_11.375_10.875","_status_group":"unknown","_year":2025,"_year_label":"Source release year","_states":["Bauchi"]},"geometry":{"type":"Point","coordinates":[10.875,11.375]}},{"type":"Feature","properties":{"cell_id":"nga_11.375_11.125","population_estimate":86446.0,"settlement_count":71.0,"population_with_nightlight_signal":49093.0,"population_without_nightlight_signal":37353.0,"nightlight_population_share_pct":56.79036624019619,"total_buildings":19456.0,"modeled_demand":6717.0,"population_weighted_distance_transmission_km":1.9076832936168244,"population_weighted_distance_gridlight_km":3.951721780070795,"_label":"nga_11.375_11.125","_status_group":"unknown","_year":2025,"_year_label":"Source release year","_states":["Yobe"]},"geometry":{"type":"Point","coordinates":[11.125,11.375]}},{"type":"Feature","properties":{"cell_id":"nga_11.375_11.375","population_estimate":79232.0,"settlement_count":91.0,"population_with_nightlight_signal":24580.0,"population_without_nightlight_signal":54652.0,"nightlight_population_share_pct":31.02281906300485,"total_buildings":17875.0,"modeled_demand":6186.999999999999,"population_weighted_distance_transmission_km":7.589660364499192,"population_weighted_distance_gridlight_km":7.806425333198707,"_label":"nga_11.375_11.375","_status_group":"unknown","_year":2025,"_year_label":"Source release year","_states":["Yobe"]},"geometry":{"type":"Point","coordinates":[11.375,11.375]}},{"type":"Feature","properties":{"cell_id":"nga_11.375_11.625","population_estimate":32082.0,"settlement_count":68.0,"population_with_nightlight_signal":0.0,"population_without_nightlight_signal":32082.0,"nightlight_population_share_pct":0.0,"total_buildings":7451.0,"modeled_demand":2504.8999999999996,"population_weighted_distance_transmission_km":22.11047472102737,"population_weighted_distance_gridlight_km":21.815392618914032,"_label":"nga_11.375_11.625","_status_group":"unknown","_year":2025,"_year_label":"Source release year","_states":["Yobe"]},"geometry":{"type":"Point","coordinates":[11.625,11.375]}},{"type":"Feature","properties":{"cell_id":"nga_11.375_11.875","population_estimate":32309.0,"settlement_count":39.0,"population_with_nightlight_signal":6968.0,"population_without_nightlight_signal":25341.0,"nightlight_population_share_pct":21.566746107895632,"total_buildings":7233.0,"modeled_demand":2491.0,"population_weighted_distance_transmission_km":29.51034448605651,"population_weighted_distance_gridlight_km":12.550982822123864,"_label":"nga_11.375_11.875","_status_group":"unknown","_year":2025,"_year_label":"Source release year","_states":["Yobe"]},"geometry":{"type":"Point","coordinates":[11.875,11.375]}},{"type":"Feature","properties":{"cell_id":"nga_11.375_12.125","population_estimate":72944.0,"settlement_count":10.0,"population_with_nightlight_signal":71522.0,"population_without_nightlight_signal":1422.0,"nightlight_population_share_pct":98.0505593331871,"total_buildings":15079.0,"modeled_demand":5293.4,"population_weighted_distance_transmission_km":38.81738484316737,"population_weighted_distance_gridlight_km":0.2442193874753235,"_label":"nga_11.375_12.125","_status_group":"unknown","_year":2025,"_year_label":"Source release year","_states":["Yobe"]},"geometry":{"type":"Point","coordinates":[12.125,11.375]}},{"type":"Feature","properties":{"cell_id":"nga_11.375_12.375","population_estimate":18397.0,"settlement_count":8.0,"population_with_nightlight_signal":14961.0,"population_without_nightlight_signal":3436.0,"nightlight_population_share_pct":81.32304180029352,"total_buildings":4172.0,"modeled_demand":1452.8000000000002,"population_weighted_distance_transmission_km":0.6138316029787465,"population_weighted_distance_gridlight_km":0.6229799967385987,"_label":"nga_11.375_12.375","_status_group":"unknown","_year":2025,"_year_label":"Source release year","_states":["Borno"]},"geometry":{"type":"Point","coordinates":[12.375,11.375]}},{"type":"Feature","properties":{"cell_id":"nga_11.375_12.625","population_estimate":408.0,"settlement_count":2.0,"population_with_nightlight_signal":0.0,"population_without_nightlight_signal":408.0,"nightlight_population_share_pct":0.0,"total_buildings":96.0,"modeled_demand":35.3,"population_weighted_distance_transmission_km":26.099166666666665,"population_weighted_distance_gridlight_km":30.864,"_label":"nga_11.375_12.625","_status_group":"unknown","_year":2025,"_year_label":"Source release year","_states":["Borno"]},"geometry":{"type":"Point","coordinates":[12.625,11.375]}},{"type":"Feature","properties":{"cell_id":"nga_11.375_12.875","population_estimate":3589.0,"settlement_count":14.0,"population_with_nightlight_signal":0.0,"population_without_nightlight_signal":3589.0,"nightlight_population_share_pct":0.0,"total_buildings":844.0,"modeled_demand":286.99999999999994,"population_weighted_distance_transmission_km":1.9874421844524937,"population_weighted_distance_gridlight_km":30.34538813039844,"_label":"nga_11.375_12.875","_status_group":"unknown","_year":2025,"_year_label":"Source release year","_states":["Borno"]},"geometry":{"type":"Point","coordinates":[12.875,11.375]}},{"type":"Feature","properties":{"cell_id":"nga_11.375_13.125","population_estimate":3229.0,"settlement_count":4.0,"population_with_nightlight_signal":0.0,"population_without_nightlight_signal":3229.0,"nightlight_population_share_pct":0.0,"total_buildings":759.0,"modeled_demand":256.7,"population_weighted_distance_transmission_km":24.547503871167542,"population_weighted_distance_gridlight_km":40.8972533292041,"_label":"nga_11.375_13.125","_status_group":"unknown","_year":2025,"_year_label":"Source release year","_states":["Borno"]},"geometry":{"type":"Point","coordinates":[13.125,11.375]}},{"type":"Feature","properties":{"cell_id":"nga_11.375_13.375","population_estimate":1081.0,"settlement_count":7.0,"population_with_nightlight_signal":0.0,"population_without_nightlight_signal":1081.0,"nightlight_population_share_pct":0.0,"total_buildings":254.0,"modeled_demand":85.1,"population_weighted_distance_transmission_km":21.043570767807584,"population_weighted_distance_gridlight_km":31.616234042553188,"_label":"nga_11.375_13.375","_status_group":"unknown","_year":2025,"_year_label":"Source release year","_states":["Borno"]},"geometry":{"type":"Point","coordinates":[13.375,11.375]}},{"type":"Feature","properties":{"cell_id":"nga_11.375_13.625","population_estimate":18314.0,"settlement_count":63.0,"population_with_nightlight_signal":0.0,"population_without_nightlight_signal":18314.0,"nightlight_population_share_pct":0.0,"total_buildings":4239.0,"modeled_demand":1504.9000000000003,"population_weighted_distance_transmission_km":12.706294091951516,"population_weighted_distance_gridlight_km":16.735496996833024,"_label":"nga_11.375_13.625","_status_group":"unknown","_year":2025,"_year_label":"Source release year","_states":["Borno"]},"geometry":{"type":"Point","coordinates":[13.625,11.375]}},{"type":"Feature","properties":{"cell_id":"nga_11.375_13.875","population_estimate":11930.0,"settlement_count":50.0,"population_with_nightlight_signal":1935.0,"population_without_nightlight_signal":9995.0,"nightlight_population_share_pct":16.21961441743504,"total_buildings":2767.0,"modeled_demand":946.8,"population_weighted_distance_transmission_km":14.468051969823971,"population_weighted_distance_gridlight_km":14.272020955574185,"_label":"nga_11.375_13.875","_status_group":"unknown","_year":2025,"_year_label":"Source release year","_states":["Borno"]},"geometry":{"type":"Point","coordinates":[13.875,11.375]}},{"type":"Feature","properties":{"cell_id":"nga_11.375_14.125","population_estimate":54186.0,"settlement_count":33.0,"population_with_nightlight_signal":45235.0,"population_without_nightlight_signal":8951.0,"nightlight_population_share_pct":83.48097294504116,"total_buildings":11225.0,"modeled_demand":3992.599999999999,"population_weighted_distance_transmission_km":37.269467390100765,"population_weighted_distance_gridlight_km":3.7672020817185254,"_label":"nga_11.375_14.125","_status_group":"unknown","_year":2025,"_year_label":"Source release year","_states":["Borno"]},"geometry":{"type":"Point","coordinates":[14.125,11.375]}},{"type":"Feature","properties":{"cell_id":"nga_11.375_14.375","population_estimate":336.0,"settlement_count":2.0,"population_with_nightlight_signal":0.0,"population_without_nightlight_signal":336.0,"nightlight_population_share_pct":0.0,"total_buildings":79.0,"modeled_demand":26.5,"population_weighted_distance_transmission_km":56.42208333333333,"population_weighted_distance_gridlight_km":30.014666666666667,"_label":"nga_11.375_14.375","_status_group":"unknown","_year":2025,"_year_label":"Source release year","_states":["Borno"]},"geometry":{"type":"Point","coordinates":[14.375,11.375]}},{"type":"Feature","properties":{"cell_id":"nga_11.625_3.625","population_estimate":102785.0,"settlement_count":82.0,"population_with_nightlight_signal":9532.0,"population_without_nightlight_signal":93253.0,"nightlight_population_share_pct":9.273726711095977,"total_buildings":23203.0,"modeled_demand":8147.9,"population_weighted_distance_transmission_km":1.1698219584569731,"population_weighted_distance_gridlight_km":9.44913261662694,"_label":"nga_11.625_3.625","_status_group":"unknown","_year":2025,"_year_label":"Source release year","_states":["Kebbi"]},"geometry":{"type":"Point","coordinates":[3.625,11.625]}},{"type":"Feature","properties":{"cell_id":"nga_11.625_3.875","population_estimate":154498.0,"settlement_count":157.0,"population_with_nightlight_signal":18038.0,"population_without_nightlight_signal":136460.0,"nightlight_population_share_pct":11.67523204183873,"total_buildings":35862.0,"modeled_demand":12485.0,"population_weighted_distance_transmission_km":3.0275186733808854,"population_weighted_distance_gridlight_km":6.979861331538272,"_label":"nga_11.625_3.875","_status_group":"unknown","_year":2025,"_year_label":"Source release year","_states":["Kebbi"]},"geometry":{"type":"Point","coordinates":[3.875,11.625]}},{"type":"Feature","properties":{"cell_id":"nga_11.625_4.125","population_estimate":152939.0,"settlement_count":120.0,"population_with_nightlight_signal":64222.0,"population_without_nightlight_signal":88717.0,"nightlight_population_share_pct":41.99190526942114,"total_buildings":34151.0,"modeled_demand":12394.3,"population_weighted_distance_transmission_km":1.308138015810225,"population_weighted_distance_gridlight_km":4.986999261143331,"_label":"nga_11.625_4.125","_status_group":"unknown","_year":2025,"_year_label":"Source release year","_states":["Kebbi"]},"geometry":{"type":"Point","coordinates":[4.125,11.625]}},{"type":"Feature","properties":{"cell_id":"nga_11.625_4.375","population_estimate":139592.0,"settlement_count":68.0,"population_with_nightlight_signal":28342.0,"population_without_nightlight_signal":111250.0,"nightlight_population_share_pct":20.30345578543183,"total_buildings":30748.0,"modeled_demand":10584.7,"population_weighted_distance_transmission_km":3.301291549659006,"population_weighted_distance_gridlight_km":9.69383560662502,"_label":"nga_11.625_4.375","_status_group":"unknown","_year":2025,"_year_label":"Source release year","_states":["Kebbi"]},"geometry":{"type":"Point","coordinates":[4.375,11.625]}},{"type":"Feature","properties":{"cell_id":"nga_11.625_4.625","population_estimate":48960.0,"settlement_count":51.0,"population_with_nightlight_signal":0.0,"population_without_nightlight_signal":48960.0,"nightlight_population_share_pct":0.0,"total_buildings":11208.0,"modeled_demand":3825.9,"population_weighted_distance_transmission_km":8.023060661764706,"population_weighted_distance_gridlight_km":12.120947896241828,"_label":"nga_11.625_4.625","_status_group":"unknown","_year":2025,"_year_label":"Source release year","_states":["Kebbi"]},"geometry":{"type":"Point","coordinates":[4.625,11.625]}},{"type":"Feature","properties":{"cell_id":"nga_11.625_4.875","population_estimate":75985.0,"settlement_count":129.0,"population_with_nightlight_signal":25101.0,"population_without_nightlight_signal":50884.0,"nightlight_population_share_pct":33.03415147726525,"total_buildings":17102.0,"modeled_demand":6039.9,"population_weighted_distance_transmission_km":4.258857669276831,"population_weighted_distance_gridlight_km":9.912395551753637,"_label":"nga_11.625_4.875","_status_group":"unknown","_year":2025,"_year_label":"Source release year","_states":["Kebbi"]},"geometry":{"type":"Point","coordinates":[4.875,11.625]}},{"type":"Feature","properties":{"cell_id":"nga_11.625_5.125","population_estimate":49744.0,"settlement_count":200.0,"population_with_nightlight_signal":6436.0,"population_without_nightlight_signal":43308.0,"nightlight_population_share_pct":12.938243808298488,"total_buildings":11627.0,"modeled_demand":4051.8,"population_weighted_distance_transmission_km":3.8907594885815375,"population_weighted_distance_gridlight_km":7.439002171116115,"_label":"nga_11.625_5.125","_status_group":"unknown","_year":2025,"_year_label":"Source release year","_states":["Kebbi"]},"geometry":{"type":"Point","coordinates":[5.125,11.625]}},{"type":"Feature","properties":{"cell_id":"nga_11.625_5.375","population_estimate":76567.0,"settlement_count":267.0,"population_with_nightlight_signal":0.0,"population_without_nightlight_signal":76567.0,"nightlight_population_share_pct":0.0,"total_buildings":17379.0,"modeled_demand":6049.300000000001,"population_weighted_distance_transmission_km":4.178440059033265,"population_weighted_distance_gridlight_km":15.56651066386302,"_label":"nga_11.625_5.375","_status_group":"unknown","_year":2025,"_year_label":"Source release year","_states":["Kebbi"]},"geometry":{"type":"Point","coordinates":[5.375,11.625]}},{"type":"Feature","properties":{"cell_id":"nga_11.625_5.625","population_estimate":54045.0,"settlement_count":135.0,"population_with_nightlight_signal":0.0,"population_without_nightlight_signal":54045.0,"nightlight_population_share_pct":0.0,"total_buildings":12708.0,"modeled_demand":4304.4,"population_weighted_distance_transmission_km":17.884838560458878,"population_weighted_distance_gridlight_km":23.840524340827084,"_label":"nga_11.625_5.625","_status_group":"unknown","_year":2025,"_year_label":"Source release year","_states":["Kebbi"]},"geometry":{"type":"Point","coordinates":[5.625,11.625]}},{"type":"Feature","properties":{"cell_id":"nga_11.625_5.875","population_estimate":73638.0,"settlement_count":116.0,"population_with_nightlight_signal":0.0,"population_without_nightlight_signal":73638.0,"nightlight_population_share_pct":0.0,"total_buildings":16989.0,"modeled_demand":5856.400000000001,"population_weighted_distance_transmission_km":7.717557646867107,"population_weighted_distance_gridlight_km":22.251615511013338,"_label":"nga_11.625_5.875","_status_group":"unknown","_year":2025,"_year_label":"Source release year","_states":["Zamfara"]},"geometry":{"type":"Point","coordinates":[5.875,11.625]}},{"type":"Feature","properties":{"cell_id":"nga_11.625_6.125","population_estimate":118488.0,"settlement_count":91.0,"population_with_nightlight_signal":0.0,"population_without_nightlight_signal":118488.0,"nightlight_population_share_pct":0.0,"total_buildings":27015.0,"modeled_demand":9681.9,"population_weighted_distance_transmission_km":21.44889499358585,"population_weighted_distance_gridlight_km":39.022861437445144,"_label":"nga_11.625_6.125","_status_group":"unknown","_year":2025,"_year_label":"Source release year","_states":["Zamfara"]},"geometry":{"type":"Point","coordinates":[6.125,11.625]}},{"type":"Feature","properties":{"cell_id":"nga_11.625_6.375","population_estimate":54838.0,"settlement_count":48.0,"population_with_nightlight_signal":0.0,"population_without_nightlight_signal":54838.0,"nightlight_population_share_pct":0.0,"total_buildings":12775.0,"modeled_demand":4524.8,"population_weighted_distance_transmission_km":18.621995696414896,"population_weighted_distance_gridlight_km":55.57538424085488,"_label":"nga_11.625_6.375","_status_group":"unknown","_year":2025,"_year_label":"Source release year","_states":["Zamfara"]},"geometry":{"type":"Point","coordinates":[6.375,11.625]}},{"type":"Feature","properties":{"cell_id":"nga_11.625_6.625","population_estimate":103020.0,"settlement_count":55.0,"population_with_nightlight_signal":0.0,"population_without_nightlight_signal":103020.0,"nightlight_population_share_pct":0.0,"total_buildings":23249.0,"modeled_demand":8674.800000000001,"population_weighted_distance_transmission_km":1.5285066977285964,"population_weighted_distance_gridlight_km":43.52441722966414,"_label":"nga_11.625_6.625","_status_group":"unknown","_year":2025,"_year_label":"Source release year","_states":["Zamfara"]},"geometry":{"type":"Point","coordinates":[6.625,11.625]}},{"type":"Feature","properties":{"cell_id":"nga_11.625_6.875","population_estimate":31939.0,"settlement_count":26.0,"population_with_nightlight_signal":0.0,"population_without_nightlight_signal":31939.0,"nightlight_population_share_pct":0.0,"total_buildings":7510.0,"modeled_demand":2694.8,"population_weighted_distance_transmission_km":4.835271924606281,"population_weighted_distance_gridlight_km":17.82295638561007,"_label":"nga_11.625_6.875","_status_group":"unknown","_year":2025,"_year_label":"Source release year","_states":["Katsina"]},"geometry":{"type":"Point","coordinates":[6.875,11.625]}},{"type":"Feature","properties":{"cell_id":"nga_11.625_7.125","population_estimate":248771.0,"settlement_count":234.0,"population_with_nightlight_signal":101825.0,"population_without_nightlight_signal":146946.0,"nightlight_population_share_pct":40.93121786703434,"total_buildings":55745.0,"modeled_demand":20235.4,"population_weighted_distance_transmission_km":0.901026245020521,"population_weighted_distance_gridlight_km":2.849285423140157,"_label":"nga_11.625_7.125","_status_group":"unknown","_year":2025,"_year_label":"Source release year","_states":["Katsina"]},"geometry":{"type":"Point","coordinates":[7.125,11.625]}},{"type":"Feature","properties":{"cell_id":"nga_11.625_7.375","population_estimate":720731.0,"settlement_count":421.0,"population_with_nightlight_signal":478507.0,"population_without_nightlight_signal":242224.0,"nightlight_population_share_pct":66.39189933553573,"total_buildings":155419.0,"modeled_demand":58194.90000000001,"population_weighted_distance_transmission_km":0.6176923429129593,"population_weighted_distance_gridlight_km":1.3558602904551074,"_label":"nga_11.625_7.375","_status_group":"unknown","_year":2025,"_year_label":"Source release year","_states":["Katsina"]},"geometry":{"type":"Point","coordinates":[7.375,11.625]}},{"type":"Feature","properties":{"cell_id":"nga_11.625_7.625","population_estimate":346138.0,"settlement_count":514.0,"population_with_nightlight_signal":93086.0,"population_without_nightlight_signal":253052.0,"nightlight_population_share_pct":26.892742201087422,"total_buildings":79443.0,"modeled_demand":28350.5,"population_weighted_distance_transmission_km":0.8582243209355808,"population_weighted_distance_gridlight_km":2.456033977777649,"_label":"nga_11.625_7.625","_status_group":"unknown","_year":2025,"_year_label":"Source release year","_states":["Katsina"]},"geometry":{"type":"Point","coordinates":[7.625,11.625]}},{"type":"Feature","properties":{"cell_id":"nga_11.625_7.875","population_estimate":281258.0,"settlement_count":389.0,"population_with_nightlight_signal":91275.0,"population_without_nightlight_signal":189983.0,"nightlight_population_share_pct":32.4524102425531,"total_buildings":63717.0,"modeled_demand":22377.5,"population_weighted_distance_transmission_km":1.468901151256142,"population_weighted_distance_gridlight_km":3.0077170996025,"_label":"nga_11.625_7.875","_status_group":"unknown","_year":2025,"_year_label":"Source release year","_states":["Kano"]},"geometry":{"type":"Point","coordinates":[7.875,11.625]}},{"type":"Feature","properties":{"cell_id":"nga_11.625_8.125","population_estimate":299030.0,"settlement_count":444.0,"population_with_nightlight_signal":118180.0,"population_without_nightlight_signal":180850.0,"nightlight_population_share_pct":39.52111828244658,"total_buildings":65888.0,"modeled_demand":23475.4,"population_weighted_distance_transmission_km":1.2940431729257933,"population_weighted_distance_gridlight_km":1.5890041467411296,"_label":"nga_11.625_8.125","_status_group":"unknown","_year":2025,"_year_label":"Source release year","_states":["Kano"]},"geometry":{"type":"Point","coordinates":[8.125,11.625]}},{"type":"Feature","properties":{"cell_id":"nga_11.625_8.375","population_estimate":460208.0,"settlement_count":390.0,"population_with_nightlight_signal":300208.0,"population_without_nightlight_signal":160000.0,"nightlight_population_share_pct":65.2331119841463,"total_buildings":101420.0,"modeled_demand":36197.399999999994,"population_weighted_distance_transmission_km":0.6353649871362516,"population_weighted_distance_gridlight_km":0.6963455002955186,"_label":"nga_11.625_8.375","_status_group":"unknown","_year":2025,"_year_label":"Source release year","_states":["Kano"]},"geometry":{"type":"Point","coordinates":[8.375,11.625]}},{"type":"Feature","properties":{"cell_id":"nga_11.625_8.625","population_estimate":575652.0,"settlement_count":722.0,"population_with_nightlight_signal":162699.0,"population_without_nightlight_signal":412953.0,"nightlight_population_share_pct":28.263429988951657,"total_buildings":127990.0,"modeled_demand":44524.3,"population_weighted_distance_transmission_km":1.777562885215373,"population_weighted_distance_gridlight_km":3.0193954628838258,"_label":"nga_11.625_8.625","_status_group":"unknown","_year":2025,"_year_label":"Source release year","_states":["Kano"]},"geometry":{"type":"Point","coordinates":[8.625,11.625]}},{"type":"Feature","properties":{"cell_id":"nga_11.625_8.875","population_estimate":537115.0,"settlement_count":713.0,"population_with_nightlight_signal":262635.0,"population_without_nightlight_signal":274480.0,"nightlight_population_share_pct":48.89734972957374,"total_buildings":118821.0,"modeled_demand":40971.2,"population_weighted_distance_transmission_km":1.154344656172328,"population_weighted_distance_gridlight_km":1.2375376520856802,"_label":"nga_11.625_8.875","_status_group":"unknown","_year":2025,"_year_label":"Source release year","_states":["Kano"]},"geometry":{"type":"Point","coordinates":[8.875,11.625]}},{"type":"Feature","properties":{"cell_id":"nga_11.625_9.125","population_estimate":365080.0,"settlement_count":449.0,"population_with_nightlight_signal":168408.0,"population_without_nightlight_signal":196672.0,"nightlight_population_share_pct":46.12906760162157,"total_buildings":80796.0,"modeled_demand":27717.5,"population_weighted_distance_transmission_km":1.061070669442314,"population_weighted_distance_gridlight_km":1.4951650295825571,"_label":"nga_11.625_9.125","_status_group":"unknown","_year":2025,"_year_label":"Source release year","_states":["Kano"]},"geometry":{"type":"Point","coordinates":[9.125,11.625]}},{"type":"Feature","properties":{"cell_id":"nga_11.625_9.375","population_estimate":510772.0,"settlement_count":307.0,"population_with_nightlight_signal":370287.0,"population_without_nightlight_signal":140485.0,"nightlight_population_share_pct":72.49555574698691,"total_buildings":110848.0,"modeled_demand":40589.4,"population_weighted_distance_transmission_km":0.6129260022084217,"population_weighted_distance_gridlight_km":0.5271236050527437,"_label":"nga_11.625_9.375","_status_group":"unknown","_year":2025,"_year_label":"Source release year","_states":["Jigawa"]},"geometry":{"type":"Point","coordinates":[9.375,11.625]}},{"type":"Feature","properties":{"cell_id":"nga_11.625_9.625","population_estimate":226289.0,"settlement_count":203.0,"population_with_nightlight_signal":66049.0,"population_without_nightlight_signal":160240.0,"nightlight_population_share_pct":29.187896892911276,"total_buildings":51266.0,"modeled_demand":17409.6,"population_weighted_distance_transmission_km":2.053085346614285,"population_weighted_distance_gridlight_km":3.0566674120262145,"_label":"nga_11.625_9.625","_status_group":"unknown","_year":2025,"_year_label":"Source release year","_states":["Jigawa"]},"geometry":{"type":"Point","coordinates":[9.625,11.625]}},{"type":"Feature","properties":{"cell_id":"nga_11.625_9.875","population_estimate":171371.0,"settlement_count":205.0,"population_with_nightlight_signal":72368.0,"population_without_nightlight_signal":99003.0,"nightlight_population_share_pct":42.228848521628514,"total_buildings":37685.0,"modeled_demand":13352.0,"population_weighted_distance_transmission_km":1.361058288741969,"population_weighted_distance_gridlight_km":2.6519856568497593,"_label":"nga_11.625_9.875","_status_group":"unknown","_year":2025,"_year_label":"Source release year","_states":["Bauchi"]},"geometry":{"type":"Point","coordinates":[9.875,11.625]}},{"type":"Feature","properties":{"cell_id":"nga_11.625_10.125","population_estimate":415975.0,"settlement_count":339.0,"population_with_nightlight_signal":298056.0,"population_without_nightlight_signal":117919.0,"nightlight_population_share_pct":71.65238295570647,"total_buildings":89717.0,"modeled_demand":34934.9,"population_weighted_distance_transmission_km":0.5914160466374181,"population_weighted_distance_gridlight_km":1.1813745513552496,"_label":"nga_11.625_10.125","_status_group":"unknown","_year":2025,"_year_label":"Source release year","_states":["Bauchi"]},"geometry":{"type":"Point","coordinates":[10.125,11.625]}},{"type":"Feature","properties":{"cell_id":"nga_11.625_10.375","population_estimate":146579.0,"settlement_count":369.0,"population_with_nightlight_signal":49745.0,"population_without_nightlight_signal":96834.0,"nightlight_population_share_pct":33.93733072268196,"total_buildings":33590.0,"modeled_demand":11495.3,"population_weighted_distance_transmission_km":1.5066545685261872,"population_weighted_distance_gridlight_km":2.5341091561547016,"_label":"nga_11.625_10.375","_status_group":"unknown","_year":2025,"_year_label":"Source release year","_states":["Bauchi"]},"geometry":{"type":"Point","coordinates":[10.375,11.625]}},{"type":"Feature","properties":{"cell_id":"nga_11.625_10.625","population_estimate":158291.0,"settlement_count":266.0,"population_with_nightlight_signal":70824.0,"population_without_nightlight_signal":87467.0,"nightlight_population_share_pct":44.74291020967711,"total_buildings":35689.0,"modeled_demand":12417.0,"population_weighted_distance_transmission_km":1.4186008048467698,"population_weighted_distance_gridlight_km":2.558339217011706,"_label":"nga_11.625_10.625","_status_group":"unknown","_year":2025,"_year_label":"Source release year","_states":["Bauchi"]},"geometry":{"type":"Point","coordinates":[10.625,11.625]}},{"type":"Feature","properties":{"cell_id":"nga_11.625_10.875","population_estimate":101375.0,"settlement_count":281.0,"population_with_nightlight_signal":27069.0,"population_without_nightlight_signal":74306.0,"nightlight_population_share_pct":26.70184956843403,"total_buildings":23236.0,"modeled_demand":8110.900000000001,"population_weighted_distance_transmission_km":3.763762762022195,"population_weighted_distance_gridlight_km":5.650139067817509,"_label":"nga_11.625_10.875","_status_group":"unknown","_year":2025,"_year_label":"Source release year","_states":["Bauchi"]},"geometry":{"type":"Point","coordinates":[10.875,11.625]}},{"type":"Feature","properties":{"cell_id":"nga_11.625_11.125","population_estimate":707534.0,"settlement_count":236.0,"population_with_nightlight_signal":645691.0,"population_without_nightlight_signal":61843.0,"nightlight_population_share_pct":91.25935997422032,"total_buildings":147848.0,"modeled_demand":53359.5,"population_weighted_distance_transmission_km":0.4179413286145965,"population_weighted_distance_gridlight_km":0.3195586190910967,"_label":"nga_11.625_11.125","_status_group":"unknown","_year":2025,"_year_label":"Source release year","_states":["Yobe"]},"geometry":{"type":"Point","coordinates":[11.125,11.625]}},{"type":"Feature","properties":{"cell_id":"nga_11.625_11.375","population_estimate":96658.0,"settlement_count":138.0,"population_with_nightlight_signal":60661.0,"population_without_nightlight_signal":35997.0,"nightlight_population_share_pct":62.75838523453827,"total_buildings":21090.0,"modeled_demand":7374.3,"population_weighted_distance_transmission_km":2.0243978770510465,"population_weighted_distance_gridlight_km":2.0184630242711417,"_label":"nga_11.625_11.375","_status_group":"unknown","_year":2025,"_year_label":"Source release year","_states":["Yobe"]},"geometry":{"type":"Point","coordinates":[11.375,11.625]}},{"type":"Feature","properties":{"cell_id":"nga_11.625_11.625","population_estimate":61076.0,"settlement_count":60.0,"population_with_nightlight_signal":34801.0,"population_without_nightlight_signal":26275.0,"nightlight_population_share_pct":56.97982841050494,"total_buildings":13414.0,"modeled_demand":4604.399999999999,"population_weighted_distance_transmission_km":1.946941351758465,"population_weighted_distance_gridlight_km":3.869368884668282,"_label":"nga_11.625_11.625","_status_group":"unknown","_year":2025,"_year_label":"Source release year","_states":["Yobe"]},"geometry":{"type":"Point","coordinates":[11.625,11.625]}},{"type":"Feature","properties":{"cell_id":"nga_11.625_11.875","population_estimate":364081.0,"settlement_count":38.0,"population_with_nightlight_signal":351942.0,"population_without_nightlight_signal":12139.0,"nightlight_population_share_pct":96.66585182967526,"total_buildings":78502.0,"modeled_demand":31608.7,"population_weighted_distance_transmission_km":0.6457907993001557,"population_weighted_distance_gridlight_km":0.1977685652368566,"_label":"nga_11.625_11.875","_status_group":"unknown","_year":2025,"_year_label":"Source release year","_states":["Yobe"]},"geometry":{"type":"Point","coordinates":[11.875,11.625]}},{"type":"Feature","properties":{"cell_id":"nga_11.625_12.125","population_estimate":36943.0,"settlement_count":53.0,"population_with_nightlight_signal":16663.0,"population_without_nightlight_signal":20280.0,"nightlight_population_share_pct":45.1046206317841,"total_buildings":8687.0,"modeled_demand":3157.5999999999995,"population_weighted_distance_transmission_km":5.818996832958883,"population_weighted_distance_gridlight_km":5.828333026554423,"_label":"nga_11.625_12.125","_status_group":"unknown","_year":2025,"_year_label":"Source release year","_states":["Yobe"]},"geometry":{"type":"Point","coordinates":[12.125,11.625]}},{"type":"Feature","properties":{"cell_id":"nga_11.625_12.375","population_estimate":27111.0,"settlement_count":100.0,"population_with_nightlight_signal":0.0,"population_without_nightlight_signal":27111.0,"nightlight_population_share_pct":0.0,"total_buildings":6375.0,"modeled_demand":2142.2,"population_weighted_distance_transmission_km":9.256635314079157,"population_weighted_distance_gridlight_km":11.2131889270038,"_label":"nga_11.625_12.375","_status_group":"unknown","_year":2025,"_year_label":"Source release year","_states":["Borno"]},"geometry":{"type":"Point","coordinates":[12.375,11.625]}},{"type":"Feature","properties":{"cell_id":"nga_11.625_12.625","population_estimate":6340.0,"settlement_count":30.0,"population_with_nightlight_signal":0.0,"population_without_nightlight_signal":6340.0,"nightlight_population_share_pct":0.0,"total_buildings":1491.0,"modeled_demand":500.9999999999999,"population_weighted_distance_transmission_km":14.219629337539432,"population_weighted_distance_gridlight_km":16.338594637223974,"_label":"nga_11.625_12.625","_status_group":"unknown","_year":2025,"_year_label":"Source release year","_states":["Borno"]},"geometry":{"type":"Point","coordinates":[12.625,11.625]}},{"type":"Feature","properties":{"cell_id":"nga_11.625_12.875","population_estimate":2896.0,"settlement_count":19.0,"population_with_nightlight_signal":0.0,"population_without_nightlight_signal":2896.0,"nightlight_population_share_pct":0.0,"total_buildings":681.0,"modeled_demand":229.1,"population_weighted_distance_transmission_km":5.697299723756906,"population_weighted_distance_gridlight_km":28.612520718232044,"_label":"nga_11.625_12.875","_status_group":"unknown","_year":2025,"_year_label":"Source release year","_states":["Borno"]},"geometry":{"type":"Point","coordinates":[12.875,11.625]}},{"type":"Feature","properties":{"cell_id":"nga_11.625_13.125","population_estimate":3895.0,"settlement_count":9.0,"population_with_nightlight_signal":0.0,"population_without_nightlight_signal":3895.0,"nightlight_population_share_pct":0.0,"total_buildings":916.0,"modeled_demand":431.9,"population_weighted_distance_transmission_km":0.197594351732991,"population_weighted_distance_gridlight_km":9.603851347881902,"_label":"nga_11.625_13.125","_status_group":"unknown","_year":2025,"_year_label":"Source release year","_states":["Borno"]},"geometry":{"type":"Point","coordinates":[13.125,11.625]}},{"type":"Feature","properties":{"cell_id":"nga_11.625_13.375","population_estimate":62618.0,"settlement_count":17.0,"population_with_nightlight_signal":4355.0,"population_without_nightlight_signal":58263.0,"nightlight_population_share_pct":6.954869206937302,"total_buildings":14724.0,"modeled_demand":5177.5,"population_weighted_distance_transmission_km":0.0540079529847647,"population_weighted_distance_gridlight_km":10.910908444856112,"_label":"nga_11.625_13.375","_status_group":"unknown","_year":2025,"_year_label":"Source release year","_states":["Borno"]},"geometry":{"type":"Point","coordinates":[13.375,11.625]}},{"type":"Feature","properties":{"cell_id":"nga_11.625_13.625","population_estimate":144955.0,"settlement_count":28.0,"population_with_nightlight_signal":133236.0,"population_without_nightlight_signal":11719.0,"nightlight_population_share_pct":91.91542202752578,"total_buildings":30280.0,"modeled_demand":10999.8,"population_weighted_distance_transmission_km":0.5830778517470938,"population_weighted_distance_gridlight_km":0.9742433237901416,"_label":"nga_11.625_13.625","_status_group":"unknown","_year":2025,"_year_label":"Source release year","_states":["Borno"]},"geometry":{"type":"Point","coordinates":[13.625,11.625]}},{"type":"Feature","properties":{"cell_id":"nga_11.625_13.875","population_estimate":13096.0,"settlement_count":45.0,"population_with_nightlight_signal":0.0,"population_without_nightlight_signal":13096.0,"nightlight_population_share_pct":0.0,"total_buildings":3079.0,"modeled_demand":1033.1,"population_weighted_distance_transmission_km":23.428679749541843,"population_weighted_distance_gridlight_km":22.574390806353087,"_label":"nga_11.625_13.875","_status_group":"unknown","_year":2025,"_year_label":"Source release year","_states":["Borno"]},"geometry":{"type":"Point","coordinates":[13.875,11.625]}},{"type":"Feature","properties":{"cell_id":"nga_11.625_14.125","population_estimate":6278.0,"settlement_count":28.0,"population_with_nightlight_signal":0.0,"population_without_nightlight_signal":6278.0,"nightlight_population_share_pct":0.0,"total_buildings":1476.0,"modeled_demand":496.7999999999999,"population_weighted_distance_transmission_km":35.758830837846446,"population_weighted_distance_gridlight_km":33.58767680790061,"_label":"nga_11.625_14.125","_status_group":"unknown","_year":2025,"_year_label":"Source release year","_states":["Borno"]},"geometry":{"type":"Point","coordinates":[14.125,11.625]}},{"type":"Feature","properties":{"cell_id":"nga_11.625_14.375","population_estimate":804.0,"settlement_count":5.0,"population_with_nightlight_signal":0.0,"population_without_nightlight_signal":804.0,"nightlight_population_share_pct":0.0,"total_buildings":189.0,"modeled_demand":63.3,"population_weighted_distance_transmission_km":53.312898009950246,"population_weighted_distance_gridlight_km":38.515175373134326,"_label":"nga_11.625_14.375","_status_group":"unknown","_year":2025,"_year_label":"Source release year","_states":["Borno"]},"geometry":{"type":"Point","coordinates":[14.375,11.625]}},{"type":"Feature","properties":{"cell_id":"nga_11.625_14.625","population_estimate":1378.0,"settlement_count":1.0,"population_with_nightlight_signal":0.0,"population_without_nightlight_signal":1378.0,"nightlight_population_share_pct":0.0,"total_buildings":324.0,"modeled_demand":109.3,"population_weighted_distance_transmission_km":73.11,"population_weighted_distance_gridlight_km":39.427,"_label":"nga_11.625_14.625","_status_group":"unknown","_year":2025,"_year_label":"Source release year","_states":["Borno"]},"geometry":{"type":"Point","coordinates":[14.625,11.625]}},{"type":"Feature","properties":{"cell_id":"nga_11.875_3.625","population_estimate":90037.0,"settlement_count":28.0,"population_with_nightlight_signal":76220.0,"population_without_nightlight_signal":13817.0,"nightlight_population_share_pct":84.65408665326477,"total_buildings":19073.0,"modeled_demand":7740.5,"population_weighted_distance_transmission_km":0.5862920799226984,"population_weighted_distance_gridlight_km":0.745291380210358,"_label":"nga_11.875_3.625","_status_group":"unknown","_year":2025,"_year_label":"Source release year","_states":[]},"geometry":{"type":"Point","coordinates":[3.625,11.875]}},{"type":"Feature","properties":{"cell_id":"nga_11.875_3.875","population_estimate":44669.0,"settlement_count":41.0,"population_with_nightlight_signal":15671.0,"population_without_nightlight_signal":28998.0,"nightlight_population_share_pct":35.08249569052363,"total_buildings":10503.0,"modeled_demand":3603.3,"population_weighted_distance_transmission_km":1.3147787055900066,"population_weighted_distance_gridlight_km":4.342199713447806,"_label":"nga_11.875_3.875","_status_group":"unknown","_year":2025,"_year_label":"Source release year","_states":["Kebbi"]},"geometry":{"type":"Point","coordinates":[3.875,11.875]}},{"type":"Feature","properties":{"cell_id":"nga_11.875_4.125","population_estimate":116236.0,"settlement_count":95.0,"population_with_nightlight_signal":4891.0,"population_without_nightlight_signal":111345.0,"nightlight_population_share_pct":4.207818576000551,"total_buildings":26423.0,"modeled_demand":9341.399999999998,"population_weighted_distance_transmission_km":0.7131742317354348,"population_weighted_distance_gridlight_km":10.022470379228468,"_label":"nga_11.875_4.125","_status_group":"unknown","_year":2025,"_year_label":"Source release year","_states":["Kebbi"]},"geometry":{"type":"Point","coordinates":[4.125,11.875]}},{"type":"Feature","properties":{"cell_id":"nga_11.875_4.375","population_estimate":86888.0,"settlement_count":25.0,"population_with_nightlight_signal":24164.0,"population_without_nightlight_signal":62724.0,"nightlight_population_share_pct":27.81051468557223,"total_buildings":19139.0,"modeled_demand":6611.3,"population_weighted_distance_transmission_km":0.5534404060399595,"population_weighted_distance_gridlight_km":4.544726843752877,"_label":"nga_11.875_4.375","_status_group":"unknown","_year":2025,"_year_label":"Source release year","_states":["Kebbi"]},"geometry":{"type":"Point","coordinates":[4.375,11.875]}},{"type":"Feature","properties":{"cell_id":"nga_11.875_4.625","population_estimate":7481.0,"settlement_count":12.0,"population_with_nightlight_signal":0.0,"population_without_nightlight_signal":7481.0,"nightlight_population_share_pct":0.0,"total_buildings":1759.0,"modeled_demand":598.6999999999999,"population_weighted_distance_transmission_km":14.955796016575324,"population_weighted_distance_gridlight_km":17.4555107605935,"_label":"nga_11.875_4.625","_status_group":"unknown","_year":2025,"_year_label":"Source release year","_states":["Sokoto"]},"geometry":{"type":"Point","coordinates":[4.625,11.875]}},{"type":"Feature","properties":{"cell_id":"nga_11.875_4.875","population_estimate":5765.0,"settlement_count":9.0,"population_with_nightlight_signal":0.0,"population_without_nightlight_signal":5765.0,"nightlight_population_share_pct":0.0,"total_buildings":1356.0,"modeled_demand":457.4,"population_weighted_distance_transmission_km":22.281717259323504,"population_weighted_distance_gridlight_km":28.538199132697315,"_label":"nga_11.875_4.875","_status_group":"unknown","_year":2025,"_year_label":"Source release year","_states":["Sokoto"]},"geometry":{"type":"Point","coordinates":[4.875,11.875]}},{"type":"Feature","properties":{"cell_id":"nga_11.875_5.125","population_estimate":8107.0,"settlement_count":15.0,"population_with_nightlight_signal":0.0,"population_without_nightlight_signal":8107.0,"nightlight_population_share_pct":0.0,"total_buildings":1906.0,"modeled_demand":645.5000000000001,"population_weighted_distance_transmission_km":13.77163192302948,"population_weighted_distance_gridlight_km":22.119373257678554,"_label":"nga_11.875_5.125","_status_group":"unknown","_year":2025,"_year_label":"Source release year","_states":["Zamfara"]},"geometry":{"type":"Point","coordinates":[5.125,11.875]}},{"type":"Feature","properties":{"cell_id":"nga_11.875_5.375","population_estimate":58661.0,"settlement_count":75.0,"population_with_nightlight_signal":15666.0,"population_without_nightlight_signal":42995.0,"nightlight_population_share_pct":26.70598864663064,"total_buildings":13444.0,"modeled_demand":4707.900000000001,"population_weighted_distance_transmission_km":4.9048725729189755,"population_weighted_distance_gridlight_km":13.604207497315082,"_label":"nga_11.875_5.375","_status_group":"unknown","_year":2025,"_year_label":"Source release year","_states":["Zamfara"]},"geometry":{"type":"Point","coordinates":[5.375,11.875]}},{"type":"Feature","properties":{"cell_id":"nga_11.875_5.625","population_estimate":52034.0,"settlement_count":81.0,"population_with_nightlight_signal":0.0,"population_without_nightlight_signal":52034.0,"nightlight_population_share_pct":0.0,"total_buildings":12169.0,"modeled_demand":4173.300000000001,"population_weighted_distance_transmission_km":11.715671676211707,"population_weighted_distance_gridlight_km":15.135884171887612,"_label":"nga_11.875_5.625","_status_group":"unknown","_year":2025,"_year_label":"Source release year","_states":["Zamfara"]},"geometry":{"type":"Point","coordinates":[5.625,11.875]}},{"type":"Feature","properties":{"cell_id":"nga_11.875_5.875","population_estimate":43537.0,"settlement_count":50.0,"population_with_nightlight_signal":8027.0,"population_without_nightlight_signal":35510.0,"nightlight_population_share_pct":18.4371913544801,"total_buildings":9688.0,"modeled_demand":3378.8,"population_weighted_distance_transmission_km":6.343705124376967,"population_weighted_distance_gridlight_km":7.818691687530147,"_label":"nga_11.875_5.875","_status_group":"unknown","_year":2025,"_year_label":"Source release year","_states":["Zamfara"]},"geometry":{"type":"Point","coordinates":[5.875,11.875]}},{"type":"Feature","properties":{"cell_id":"nga_11.875_6.125","population_estimate":26513.0,"settlement_count":45.0,"population_with_nightlight_signal":0.0,"population_without_nightlight_signal":26513.0,"nightlight_population_share_pct":0.0,"total_buildings":5952.0,"modeled_demand":2123.4,"population_weighted_distance_transmission_km":25.283485837136507,"population_weighted_distance_gridlight_km":26.637627842944976,"_label":"nga_11.875_6.125","_status_group":"unknown","_year":2025,"_year_label":"Source release year","_states":["Zamfara"]},"geometry":{"type":"Point","coordinates":[6.125,11.875]}},{"type":"Feature","properties":{"cell_id":"nga_11.875_6.375","population_estimate":23384.0,"settlement_count":38.0,"population_with_nightlight_signal":0.0,"population_without_nightlight_signal":23384.0,"nightlight_population_share_pct":0.0,"total_buildings":5499.0,"modeled_demand":1889.9,"population_weighted_distance_transmission_km":21.97808202189531,"population_weighted_distance_gridlight_km":36.370419988026,"_label":"nga_11.875_6.375","_status_group":"unknown","_year":2025,"_year_label":"Source release year","_states":["Zamfara"]},"geometry":{"type":"Point","coordinates":[6.375,11.875]}},{"type":"Feature","properties":{"cell_id":"nga_11.875_6.625","population_estimate":41648.0,"settlement_count":42.0,"population_with_nightlight_signal":0.0,"population_without_nightlight_signal":41648.0,"nightlight_population_share_pct":0.0,"total_buildings":9793.0,"modeled_demand":3429.2000000000003,"population_weighted_distance_transmission_km":5.162768920476373,"population_weighted_distance_gridlight_km":28.091662048597772,"_label":"nga_11.875_6.625","_status_group":"unknown","_year":2025,"_year_label":"Source release year","_states":["Zamfara"]},"geometry":{"type":"Point","coordinates":[6.625,11.875]}},{"type":"Feature","properties":{"cell_id":"nga_11.875_6.875","population_estimate":250360.0,"settlement_count":135.0,"population_with_nightlight_signal":74468.0,"population_without_nightlight_signal":175892.0,"nightlight_population_share_pct":29.744368109921712,"total_buildings":55034.0,"modeled_demand":20505.0,"population_weighted_distance_transmission_km":2.300207381370826,"population_weighted_distance_gridlight_km":8.874376833359962,"_label":"nga_11.875_6.875","_status_group":"unknown","_year":2025,"_year_label":"Source release year","_states":["Zamfara"]},"geometry":{"type":"Point","coordinates":[6.875,11.875]}},{"type":"Feature","properties":{"cell_id":"nga_11.875_7.125","population_estimate":133601.0,"settlement_count":131.0,"population_with_nightlight_signal":30964.0,"population_without_nightlight_signal":102637.0,"nightlight_population_share_pct":23.17647322999079,"total_buildings":30254.0,"modeled_demand":10746.3,"population_weighted_distance_transmission_km":4.2410014146600705,"population_weighted_distance_gridlight_km":9.35157579658835,"_label":"nga_11.875_7.125","_status_group":"unknown","_year":2025,"_year_label":"Source release year","_states":["Zamfara"]},"geometry":{"type":"Point","coordinates":[7.125,11.875]}},{"type":"Feature","properties":{"cell_id":"nga_11.875_7.375","population_estimate":270504.0,"settlement_count":317.0,"population_with_nightlight_signal":85026.0,"population_without_nightlight_signal":185478.0,"nightlight_population_share_pct":31.43243722828498,"total_buildings":60497.0,"modeled_demand":21495.299999999996,"population_weighted_distance_transmission_km":2.0956424304261674,"population_weighted_distance_gridlight_km":5.9922298228491995,"_label":"nga_11.875_7.375","_status_group":"unknown","_year":2025,"_year_label":"Source release year","_states":["Katsina"]},"geometry":{"type":"Point","coordinates":[7.375,11.875]}},{"type":"Feature","properties":{"cell_id":"nga_11.875_7.625","population_estimate":435740.0,"settlement_count":459.0,"population_with_nightlight_signal":199174.0,"population_without_nightlight_signal":236566.0,"nightlight_population_share_pct":45.70936797172626,"total_buildings":96779.0,"modeled_demand":35449.2,"population_weighted_distance_transmission_km":1.0038896130720154,"population_weighted_distance_gridlight_km":2.2451176091247076,"_label":"nga_11.875_7.625","_status_group":"unknown","_year":2025,"_year_label":"Source release year","_states":["Katsina"]},"geometry":{"type":"Point","coordinates":[7.625,11.875]}},{"type":"Feature","properties":{"cell_id":"nga_11.875_7.875","population_estimate":434824.0,"settlement_count":498.0,"population_with_nightlight_signal":178203.0,"population_without_nightlight_signal":256621.0,"nightlight_population_share_pct":40.98278843854065,"total_buildings":98039.0,"modeled_demand":34393.9,"population_weighted_distance_transmission_km":0.8014012566003716,"population_weighted_distance_gridlight_km":1.9206585538056775,"_label":"nga_11.875_7.875","_status_group":"unknown","_year":2025,"_year_label":"Source release year","_states":["Kano"]},"geometry":{"type":"Point","coordinates":[7.875,11.875]}},{"type":"Feature","properties":{"cell_id":"nga_11.875_8.125","population_estimate":492380.0,"settlement_count":687.0,"population_with_nightlight_signal":201393.0,"population_without_nightlight_signal":290987.0,"nightlight_population_share_pct":40.9019456517324,"total_buildings":110616.0,"modeled_demand":38800.5,"population_weighted_distance_transmission_km":1.2968204232503353,"population_weighted_distance_gridlight_km":1.298019470733986,"_label":"nga_11.875_8.125","_status_group":"unknown","_year":2025,"_year_label":"Source release year","_states":["Kano"]},"geometry":{"type":"Point","coordinates":[8.125,11.875]}},{"type":"Feature","properties":{"cell_id":"nga_11.875_8.375","population_estimate":631565.0,"settlement_count":591.0,"population_with_nightlight_signal":328260.0,"population_without_nightlight_signal":303305.0,"nightlight_population_share_pct":51.97564779555549,"total_buildings":139670.0,"modeled_demand":49845.3,"population_weighted_distance_transmission_km":0.3114616072771607,"population_weighted_distance_gridlight_km":0.7714042750944083,"_label":"nga_11.875_8.375","_status_group":"unknown","_year":2025,"_year_label":"Source release year","_states":["Kano"]},"geometry":{"type":"Point","coordinates":[8.375,11.875]}},{"type":"Feature","properties":{"cell_id":"nga_11.875_8.625","population_estimate":7033591.0,"settlement_count":347.0,"population_with_nightlight_signal":6723276.0,"population_without_nightlight_signal":310315.0,"nightlight_population_share_pct":95.58810001889503,"total_buildings":1452809.0,"modeled_demand":555359.7,"population_weighted_distance_transmission_km":0.0499544500099593,"population_weighted_distance_gridlight_km":0.0831090951976024,"_label":"nga_11.875_8.625","_status_group":"unknown","_year":2025,"_year_label":"Source release year","_states":["Kano"]},"geometry":{"type":"Point","coordinates":[8.625,11.875]}},{"type":"Feature","properties":{"cell_id":"nga_11.875_8.875","population_estimate":541260.0,"settlement_count":608.0,"population_with_nightlight_signal":263380.0,"population_without_nightlight_signal":277880.0,"nightlight_population_share_pct":48.66053283080221,"total_buildings":119185.0,"modeled_demand":41676.3,"population_weighted_distance_transmission_km":0.8170620958504231,"population_weighted_distance_gridlight_km":1.1327369970069836,"_label":"nga_11.875_8.875","_status_group":"unknown","_year":2025,"_year_label":"Source release year","_states":["Kano"]},"geometry":{"type":"Point","coordinates":[8.875,11.875]}},{"type":"Feature","properties":{"cell_id":"nga_11.875_9.125","population_estimate":305541.0,"settlement_count":251.0,"population_with_nightlight_signal":180415.0,"population_without_nightlight_signal":125126.0,"nightlight_population_share_pct":59.04772190966188,"total_buildings":66902.0,"modeled_demand":23152.9,"population_weighted_distance_transmission_km":0.7246176781512138,"population_weighted_distance_gridlight_km":1.4607675729280196,"_label":"nga_11.875_9.125","_status_group":"unknown","_year":2025,"_year_label":"Source release year","_states":["Kano"]},"geometry":{"type":"Point","coordinates":[9.125,11.875]}},{"type":"Feature","properties":{"cell_id":"nga_11.875_9.375","population_estimate":213342.0,"settlement_count":340.0,"population_with_nightlight_signal":82637.0,"population_without_nightlight_signal":130705.0,"nightlight_population_share_pct":38.73452016011849,"total_buildings":48390.0,"modeled_demand":16972.9,"population_weighted_distance_transmission_km":2.1433307553130656,"population_weighted_distance_gridlight_km":2.2806243777596538,"_label":"nga_11.875_9.375","_status_group":"unknown","_year":2025,"_year_label":"Source release year","_states":["Jigawa"]},"geometry":{"type":"Point","coordinates":[9.375,11.875]}},{"type":"Feature","properties":{"cell_id":"nga_11.875_9.625","population_estimate":170671.0,"settlement_count":339.0,"population_with_nightlight_signal":61456.0,"population_without_nightlight_signal":109215.0,"nightlight_population_share_pct":36.008460722676965,"total_buildings":39218.0,"modeled_demand":13430.5,"population_weighted_distance_transmission_km":2.509127678398791,"population_weighted_distance_gridlight_km":3.4288360061170313,"_label":"nga_11.875_9.625","_status_group":"unknown","_year":2025,"_year_label":"Source release year","_states":["Jigawa"]},"geometry":{"type":"Point","coordinates":[9.625,11.875]}},{"type":"Feature","properties":{"cell_id":"nga_11.875_9.875","population_estimate":140508.0,"settlement_count":207.0,"population_with_nightlight_signal":29699.0,"population_without_nightlight_signal":110809.0,"nightlight_population_share_pct":21.136874768696444,"total_buildings":31607.0,"modeled_demand":10873.199999999995,"population_weighted_distance_transmission_km":2.4769602442565546,"population_weighted_distance_gridlight_km":6.685706016739261,"_label":"nga_11.875_9.875","_status_group":"unknown","_year":2025,"_year_label":"Source release year","_states":["Bauchi"]},"geometry":{"type":"Point","coordinates":[9.875,11.875]}},{"type":"Feature","properties":{"cell_id":"nga_11.875_10.125","population_estimate":102837.0,"settlement_count":82.0,"population_with_nightlight_signal":30366.0,"population_without_nightlight_signal":72471.0,"nightlight_population_share_pct":29.52828262201348,"total_buildings":23182.0,"modeled_demand":8092.3,"population_weighted_distance_transmission_km":1.7096511955813571,"population_weighted_distance_gridlight_km":4.2269320089073,"_label":"nga_11.875_10.125","_status_group":"unknown","_year":2025,"_year_label":"Source release year","_states":["Bauchi"]},"geometry":{"type":"Point","coordinates":[10.125,11.875]}},{"type":"Feature","properties":{"cell_id":"nga_11.875_10.375","population_estimate":38186.0,"settlement_count":82.0,"population_with_nightlight_signal":10900.0,"population_without_nightlight_signal":27286.0,"nightlight_population_share_pct":28.544492746032574,"total_buildings":8956.0,"modeled_demand":3085.7999999999993,"population_weighted_distance_transmission_km":6.567231184203635,"population_weighted_distance_gridlight_km":9.259445896401823,"_label":"nga_11.875_10.375","_status_group":"unknown","_year":2025,"_year_label":"Source release year","_states":["Bauchi"]},"geometry":{"type":"Point","coordinates":[10.375,11.875]}},{"type":"Feature","properties":{"cell_id":"nga_11.875_10.625","population_estimate":51150.0,"settlement_count":66.0,"population_with_nightlight_signal":20163.0,"population_without_nightlight_signal":30987.0,"nightlight_population_share_pct":39.41935483870968,"total_buildings":11372.0,"modeled_demand":3912.7,"population_weighted_distance_transmission_km":2.2140148582600196,"population_weighted_distance_gridlight_km":4.523740899315738,"_label":"nga_11.875_10.625","_status_group":"unknown","_year":2025,"_year_label":"Source release year","_states":["Bauchi"]},"geometry":{"type":"Point","coordinates":[10.625,11.875]}},{"type":"Feature","properties":{"cell_id":"nga_11.875_10.875","population_estimate":104232.0,"settlement_count":262.0,"population_with_nightlight_signal":29666.0,"population_without_nightlight_signal":74566.0,"nightlight_population_share_pct":28.46150894159183,"total_buildings":23800.0,"modeled_demand":8077.2,"population_weighted_distance_transmission_km":3.3446704466958317,"population_weighted_distance_gridlight_km":4.654930395655844,"_label":"nga_11.875_10.875","_status_group":"unknown","_year":2025,"_year_label":"Source release year","_states":["Yobe"]},"geometry":{"type":"Point","coordinates":[10.875,11.875]}},{"type":"Feature","properties":{"cell_id":"nga_11.875_11.125","population_estimate":72467.0,"settlement_count":285.0,"population_with_nightlight_signal":18541.0,"population_without_nightlight_signal":53926.0,"nightlight_population_share_pct":25.585438889425532,"total_buildings":16911.0,"modeled_demand":5814.1,"population_weighted_distance_transmission_km":4.733155643258311,"population_weighted_distance_gridlight_km":3.6472609877599456,"_label":"nga_11.875_11.125","_status_group":"unknown","_year":2025,"_year_label":"Source release year","_states":["Yobe"]},"geometry":{"type":"Point","coordinates":[11.125,11.875]}},{"type":"Feature","properties":{"cell_id":"nga_11.875_11.375","population_estimate":51692.0,"settlement_count":98.0,"population_with_nightlight_signal":26187.0,"population_without_nightlight_signal":25505.0,"nightlight_population_share_pct":50.65967654569373,"total_buildings":11336.0,"modeled_demand":3871.5,"population_weighted_distance_transmission_km":2.3396964714075676,"population_weighted_distance_gridlight_km":3.02996966648611,"_label":"nga_11.875_11.375","_status_group":"unknown","_year":2025,"_year_label":"Source release year","_states":["Yobe"]},"geometry":{"type":"Point","coordinates":[11.375,11.875]}},{"type":"Feature","properties":{"cell_id":"nga_11.875_11.625","population_estimate":19138.0,"settlement_count":46.0,"population_with_nightlight_signal":6749.0,"population_without_nightlight_signal":12389.0,"nightlight_population_share_pct":35.26491796425959,"total_buildings":4500.0,"modeled_demand":1527.3000000000002,"population_weighted_distance_transmission_km":3.5503427735395543,"population_weighted_distance_gridlight_km":4.181830233044206,"_label":"nga_11.875_11.625","_status_group":"unknown","_year":2025,"_year_label":"Source release year","_states":["Yobe"]},"geometry":{"type":"Point","coordinates":[11.625,11.875]}},{"type":"Feature","properties":{"cell_id":"nga_11.875_11.875","population_estimate":9446.0,"settlement_count":17.0,"population_with_nightlight_signal":5753.0,"population_without_nightlight_signal":3693.0,"nightlight_population_share_pct":60.904086385771755,"total_buildings":2212.0,"modeled_demand":896.5,"population_weighted_distance_transmission_km":2.287919754393394,"population_weighted_distance_gridlight_km":2.907141858987931,"_label":"nga_11.875_11.875","_status_group":"unknown","_year":2025,"_year_label":"Source release year","_states":["Yobe"]},"geometry":{"type":"Point","coordinates":[11.875,11.875]}},{"type":"Feature","properties":{"cell_id":"nga_11.875_12.125","population_estimate":25791.0,"settlement_count":102.0,"population_with_nightlight_signal":0.0,"population_without_nightlight_signal":25791.0,"nightlight_population_share_pct":0.0,"total_buildings":6064.0,"modeled_demand":2034.7,"population_weighted_distance_transmission_km":13.622217827924477,"population_weighted_distance_gridlight_km":13.136697375053313,"_label":"nga_11.875_12.125","_status_group":"unknown","_year":2025,"_year_label":"Source release year","_states":["Yobe"]},"geometry":{"type":"Point","coordinates":[12.125,11.875]}},{"type":"Feature","properties":{"cell_id":"nga_11.875_12.375","population_estimate":70377.0,"settlement_count":93.0,"population_with_nightlight_signal":49883.0,"population_without_nightlight_signal":20494.0,"nightlight_population_share_pct":70.8796908080765,"total_buildings":15865.0,"modeled_demand":5656.999999999998,"population_weighted_distance_transmission_km":2.760553447859386,"population_weighted_distance_gridlight_km":3.0270310328658514,"_label":"nga_11.875_12.375","_status_group":"unknown","_year":2025,"_year_label":"Source release year","_states":["Borno"]},"geometry":{"type":"Point","coordinates":[12.375,11.875]}},{"type":"Feature","properties":{"cell_id":"nga_11.875_12.625","population_estimate":25219.0,"settlement_count":83.0,"population_with_nightlight_signal":9935.0,"population_without_nightlight_signal":15284.0,"nightlight_population_share_pct":39.394900670129665,"total_buildings":5918.0,"modeled_demand":2046.6,"population_weighted_distance_transmission_km":5.522175343986675,"population_weighted_distance_gridlight_km":5.7396285340417945,"_label":"nga_11.875_12.625","_status_group":"unknown","_year":2025,"_year_label":"Source release year","_states":["Borno"]},"geometry":{"type":"Point","coordinates":[12.625,11.875]}},{"type":"Feature","properties":{"cell_id":"nga_11.875_12.875","population_estimate":19859.0,"settlement_count":27.0,"population_with_nightlight_signal":1723.0,"population_without_nightlight_signal":18136.0,"nightlight_population_share_pct":8.676166977189183,"total_buildings":4670.0,"modeled_demand":1879.3,"population_weighted_distance_transmission_km":1.459489400271917,"population_weighted_distance_gridlight_km":10.686055239438035,"_label":"nga_11.875_12.875","_status_group":"unknown","_year":2025,"_year_label":"Source release year","_states":["Borno"]},"geometry":{"type":"Point","coordinates":[12.875,11.875]}},{"type":"Feature","properties":{"cell_id":"nga_11.875_13.125","population_estimate":2394489.0,"settlement_count":77.0,"population_with_nightlight_signal":2347746.0,"population_without_nightlight_signal":46743.0,"nightlight_population_share_pct":98.04789247309134,"total_buildings":497172.0,"modeled_demand":195188.2,"population_weighted_distance_transmission_km":0.0208409894553702,"population_weighted_distance_gridlight_km":0.0530412956584891,"_label":"nga_11.875_13.125","_status_group":"unknown","_year":2025,"_year_label":"Source release year","_states":["Borno"]},"geometry":{"type":"Point","coordinates":[13.125,11.875]}},{"type":"Feature","properties":{"cell_id":"nga_11.875_13.375","population_estimate":43151.0,"settlement_count":24.0,"population_with_nightlight_signal":14671.0,"population_without_nightlight_signal":28480.0,"nightlight_population_share_pct":33.99921206924521,"total_buildings":10120.0,"modeled_demand":3730.2,"population_weighted_distance_transmission_km":1.134614029802322,"population_weighted_distance_gridlight_km":1.19480195128734,"_label":"nga_11.875_13.375","_status_group":"unknown","_year":2025,"_year_label":"Source release year","_states":["Borno"]},"geometry":{"type":"Point","coordinates":[13.375,11.875]}},{"type":"Feature","properties":{"cell_id":"nga_11.875_13.625","population_estimate":31991.0,"settlement_count":17.0,"population_with_nightlight_signal":26787.0,"population_without_nightlight_signal":5204.0,"nightlight_population_share_pct":83.73292488512394,"total_buildings":6709.0,"modeled_demand":2377.2,"population_weighted_distance_transmission_km":0.6735903847957239,"population_weighted_distance_gridlight_km":1.922187615266794,"_label":"nga_11.875_13.625","_status_group":"unknown","_year":2025,"_year_label":"Source release year","_states":["Borno"]},"geometry":{"type":"Point","coordinates":[13.625,11.875]}},{"type":"Feature","properties":{"cell_id":"nga_11.875_13.875","population_estimate":8847.0,"settlement_count":34.0,"population_with_nightlight_signal":0.0,"population_without_nightlight_signal":8847.0,"nightlight_population_share_pct":0.0,"total_buildings":2080.0,"modeled_demand":700.8,"population_weighted_distance_transmission_km":19.160067819599867,"population_weighted_distance_gridlight_km":22.333607889680117,"_label":"nga_11.875_13.875","_status_group":"unknown","_year":2025,"_year_label":"Source release year","_states":["Borno"]},"geometry":{"type":"Point","coordinates":[13.875,11.875]}},{"type":"Feature","properties":{"cell_id":"nga_11.875_14.125","population_estimate":6261.0,"settlement_count":17.0,"population_with_nightlight_signal":0.0,"population_without_nightlight_signal":6261.0,"nightlight_population_share_pct":0.0,"total_buildings":1459.0,"modeled_demand":492.4,"population_weighted_distance_transmission_km":22.890164510461588,"population_weighted_distance_gridlight_km":23.264470372145023,"_label":"nga_11.875_14.125","_status_group":"unknown","_year":2025,"_year_label":"Source release year","_states":["Borno"]},"geometry":{"type":"Point","coordinates":[14.125,11.875]}},{"type":"Feature","properties":{"cell_id":"nga_11.875_14.375","population_estimate":4577.0,"settlement_count":9.0,"population_with_nightlight_signal":0.0,"population_without_nightlight_signal":4577.0,"nightlight_population_share_pct":0.0,"total_buildings":1076.0,"modeled_demand":365.2999999999999,"population_weighted_distance_transmission_km":29.08349355473018,"population_weighted_distance_gridlight_km":31.323598426917197,"_label":"nga_11.875_14.375","_status_group":"unknown","_year":2025,"_year_label":"Source release year","_states":["Borno"]},"geometry":{"type":"Point","coordinates":[14.375,11.875]}},{"type":"Feature","properties":{"cell_id":"nga_11.875_14.625","population_estimate":2212.0,"settlement_count":2.0,"population_with_nightlight_signal":1965.0,"population_without_nightlight_signal":247.0,"nightlight_population_share_pct":88.83363471971067,"total_buildings":520.0,"modeled_demand":181.4,"population_weighted_distance_transmission_km":36.7894801084991,"population_weighted_distance_gridlight_km":1.4565406871609403,"_label":"nga_11.875_14.625","_status_group":"unknown","_year":2025,"_year_label":"Source release year","_states":[]},"geometry":{"type":"Point","coordinates":[14.625,11.875]}},{"type":"Feature","properties":{"cell_id":"nga_12.125_3.625","population_estimate":10078.0,"settlement_count":11.0,"population_with_nightlight_signal":0.0,"population_without_nightlight_signal":10078.0,"nightlight_population_share_pct":0.0,"total_buildings":2370.0,"modeled_demand":811.3000000000001,"population_weighted_distance_transmission_km":8.072588807303037,"population_weighted_distance_gridlight_km":30.684637328835077,"_label":"nga_12.125_3.625","_status_group":"unknown","_year":2025,"_year_label":"Source release year","_states":[]},"geometry":{"type":"Point","coordinates":[3.625,12.125]}},{"type":"Feature","properties":{"cell_id":"nga_12.125_3.875","population_estimate":48010.0,"settlement_count":98.0,"population_with_nightlight_signal":0.0,"population_without_nightlight_signal":48010.0,"nightlight_population_share_pct":0.0,"total_buildings":11289.0,"modeled_demand":3848.3,"population_weighted_distance_transmission_km":3.897541970422829,"population_weighted_distance_gridlight_km":9.781904019995832,"_label":"nga_12.125_3.875","_status_group":"unknown","_year":2025,"_year_label":"Source release year","_states":["Kebbi"]},"geometry":{"type":"Point","coordinates":[3.875,12.125]}},{"type":"Feature","properties":{"cell_id":"nga_12.125_4.125","population_estimate":204516.0,"settlement_count":77.0,"population_with_nightlight_signal":96538.0,"population_without_nightlight_signal":107978.0,"nightlight_population_share_pct":47.20315280956013,"total_buildings":45396.0,"modeled_demand":16427.9,"population_weighted_distance_transmission_km":0.5017249506151108,"population_weighted_distance_gridlight_km":2.7548874611277356,"_label":"nga_12.125_4.125","_status_group":"unknown","_year":2025,"_year_label":"Source release year","_states":["Kebbi"]},"geometry":{"type":"Point","coordinates":[4.125,12.125]}},{"type":"Feature","properties":{"cell_id":"nga_12.125_4.375","population_estimate":404417.0,"settlement_count":83.0,"population_with_nightlight_signal":221583.0,"population_without_nightlight_signal":182834.0,"nightlight_population_share_pct":54.79072343645297,"total_buildings":85953.0,"modeled_demand":32885.2,"population_weighted_distance_transmission_km":0.0501599339295825,"population_weighted_distance_gridlight_km":2.1035956401437135,"_label":"nga_12.125_4.375","_status_group":"unknown","_year":2025,"_year_label":"Source release year","_states":["Kebbi"]},"geometry":{"type":"Point","coordinates":[4.375,12.125]}},{"type":"Feature","properties":{"cell_id":"nga_12.125_4.625","population_estimate":136810.0,"settlement_count":50.0,"population_with_nightlight_signal":14382.0,"population_without_nightlight_signal":122428.0,"nightlight_population_share_pct":10.512389445215993,"total_buildings":30427.0,"modeled_demand":10683.9,"population_weighted_distance_transmission_km":2.3678992032746145,"population_weighted_distance_gridlight_km":9.557381192895257,"_label":"nga_12.125_4.625","_status_group":"unknown","_year":2025,"_year_label":"Source release year","_states":["Sokoto"]},"geometry":{"type":"Point","coordinates":[4.625,12.125]}},{"type":"Feature","properties":{"cell_id":"nga_12.125_4.875","population_estimate":110443.0,"settlement_count":57.0,"population_with_nightlight_signal":11863.0,"population_without_nightlight_signal":98580.0,"nightlight_population_share_pct":10.7412873609011,"total_buildings":24617.0,"modeled_demand":8571.699999999999,"population_weighted_distance_transmission_km":5.161010747625472,"population_weighted_distance_gridlight_km":11.561142444518891,"_label":"nga_12.125_4.875","_status_group":"unknown","_year":2025,"_year_label":"Source release year","_states":["Zamfara"]},"geometry":{"type":"Point","coordinates":[4.875,12.125]}},{"type":"Feature","properties":{"cell_id":"nga_12.125_5.125","population_estimate":225867.0,"settlement_count":143.0,"population_with_nightlight_signal":91452.0,"population_without_nightlight_signal":134415.0,"nightlight_population_share_pct":40.489314508095475,"total_buildings":49534.0,"modeled_demand":17831.199999999997,"population_weighted_distance_transmission_km":1.96047510260463,"population_weighted_distance_gridlight_km":5.1880627980183025,"_label":"nga_12.125_5.125","_status_group":"unknown","_year":2025,"_year_label":"Source release year","_states":["Zamfara"]},"geometry":{"type":"Point","coordinates":[5.125,12.125]}},{"type":"Feature","properties":{"cell_id":"nga_12.125_5.375","population_estimate":103018.0,"settlement_count":88.0,"population_with_nightlight_signal":31515.0,"population_without_nightlight_signal":71503.0,"nightlight_population_share_pct":30.5917412491021,"total_buildings":23419.0,"modeled_demand":8281.4,"population_weighted_distance_transmission_km":7.715957211361121,"population_weighted_distance_gridlight_km":4.045469413112271,"_label":"nga_12.125_5.375","_status_group":"unknown","_year":2025,"_year_label":"Source release year","_states":["Zamfara"]},"geometry":{"type":"Point","coordinates":[5.375,12.125]}},{"type":"Feature","properties":{"cell_id":"nga_12.125_5.625","population_estimate":97168.0,"settlement_count":126.0,"population_with_nightlight_signal":21622.0,"population_without_nightlight_signal":75546.0,"nightlight_population_share_pct":22.252181788243043,"total_buildings":21574.0,"modeled_demand":7728.800000000001,"population_weighted_distance_transmission_km":5.153693499917669,"population_weighted_distance_gridlight_km":7.296482175201712,"_label":"nga_12.125_5.625","_status_group":"unknown","_year":2025,"_year_label":"Source release year","_states":["Zamfara"]},"geometry":{"type":"Point","coordinates":[5.625,12.125]}},{"type":"Feature","properties":{"cell_id":"nga_12.125_5.875","population_estimate":82997.0,"settlement_count":109.0,"population_with_nightlight_signal":27122.0,"population_without_nightlight_signal":55875.0,"nightlight_population_share_pct":32.678289576731686,"total_buildings":18576.0,"modeled_demand":7054.999999999999,"population_weighted_distance_transmission_km":3.932922635757919,"population_weighted_distance_gridlight_km":6.516490559899756,"_label":"nga_12.125_5.875","_status_group":"unknown","_year":2025,"_year_label":"Source release year","_states":["Zamfara"]},"geometry":{"type":"Point","coordinates":[5.875,12.125]}},{"type":"Feature","properties":{"cell_id":"nga_12.125_6.125","population_estimate":72991.0,"settlement_count":114.0,"population_with_nightlight_signal":21986.0,"population_without_nightlight_signal":51005.0,"nightlight_population_share_pct":30.121521831458672,"total_buildings":16043.0,"modeled_demand":5822.500000000002,"population_weighted_distance_transmission_km":5.647715608773684,"population_weighted_distance_gridlight_km":6.37301172747325,"_label":"nga_12.125_6.125","_status_group":"unknown","_year":2025,"_year_label":"Source release year","_states":["Zamfara"]},"geometry":{"type":"Point","coordinates":[6.125,12.125]}},{"type":"Feature","properties":{"cell_id":"nga_12.125_6.375","population_estimate":119101.0,"settlement_count":185.0,"population_with_nightlight_signal":23601.0,"population_without_nightlight_signal":95500.0,"nightlight_population_share_pct":19.815954525990545,"total_buildings":27273.0,"modeled_demand":9776.7,"population_weighted_distance_transmission_km":8.050404026834368,"population_weighted_distance_gridlight_km":8.348156127992208,"_label":"nga_12.125_6.375","_status_group":"unknown","_year":2025,"_year_label":"Source release year","_states":["Zamfara"]},"geometry":{"type":"Point","coordinates":[6.375,12.125]}},{"type":"Feature","properties":{"cell_id":"nga_12.125_6.625","population_estimate":765282.0,"settlement_count":274.0,"population_with_nightlight_signal":633441.0,"population_without_nightlight_signal":131841.0,"nightlight_population_share_pct":82.77223298078356,"total_buildings":161641.0,"modeled_demand":70029.59999999999,"population_weighted_distance_transmission_km":0.6847577494309288,"population_weighted_distance_gridlight_km":1.3172079847690132,"_label":"nga_12.125_6.625","_status_group":"unknown","_year":2025,"_year_label":"Source release year","_states":["Zamfara"]},"geometry":{"type":"Point","coordinates":[6.625,12.125]}},{"type":"Feature","properties":{"cell_id":"nga_12.125_6.875","population_estimate":294598.0,"settlement_count":283.0,"population_with_nightlight_signal":80115.0,"population_without_nightlight_signal":214483.0,"nightlight_population_share_pct":27.19468563941371,"total_buildings":67006.0,"modeled_demand":24592.2,"population_weighted_distance_transmission_km":1.4224915308318455,"population_weighted_distance_gridlight_km":3.5590352853719307,"_label":"nga_12.125_6.875","_status_group":"unknown","_year":2025,"_year_label":"Source release year","_states":["Zamfara"]},"geometry":{"type":"Point","coordinates":[6.875,12.125]}},{"type":"Feature","properties":{"cell_id":"nga_12.125_7.125","population_estimate":70896.0,"settlement_count":45.0,"population_with_nightlight_signal":0.0,"population_without_nightlight_signal":70896.0,"nightlight_population_share_pct":0.0,"total_buildings":15879.0,"modeled_demand":5599.1,"population_weighted_distance_transmission_km":7.085853221620401,"population_weighted_distance_gridlight_km":15.099829891672307,"_label":"nga_12.125_7.125","_status_group":"unknown","_year":2025,"_year_label":"Source release year","_states":["Katsina"]},"geometry":{"type":"Point","coordinates":[7.125,12.125]}},{"type":"Feature","properties":{"cell_id":"nga_12.125_7.375","population_estimate":173707.0,"settlement_count":261.0,"population_with_nightlight_signal":46493.0,"population_without_nightlight_signal":127214.0,"nightlight_population_share_pct":26.76518505299153,"total_buildings":39607.0,"modeled_demand":13724.399999999998,"population_weighted_distance_transmission_km":7.137541895260411,"population_weighted_distance_gridlight_km":5.180489041892382,"_label":"nga_12.125_7.375","_status_group":"unknown","_year":2025,"_year_label":"Source release year","_states":["Katsina"]},"geometry":{"type":"Point","coordinates":[7.375,12.125]}},{"type":"Feature","properties":{"cell_id":"nga_12.125_7.625","population_estimate":265899.0,"settlement_count":328.0,"population_with_nightlight_signal":111793.0,"population_without_nightlight_signal":154106.0,"nightlight_population_share_pct":42.04340745922324,"total_buildings":59504.0,"modeled_demand":21101.800000000003,"population_weighted_distance_transmission_km":1.4139938096796152,"population_weighted_distance_gridlight_km":2.522791368151065,"_label":"nga_12.125_7.625","_status_group":"unknown","_year":2025,"_year_label":"Source release year","_states":["Katsina"]},"geometry":{"type":"Point","coordinates":[7.625,12.125]}},{"type":"Feature","properties":{"cell_id":"nga_12.125_7.875","population_estimate":294730.0,"settlement_count":567.0,"population_with_nightlight_signal":94523.0,"population_without_nightlight_signal":200207.0,"nightlight_population_share_pct":32.07104807790181,"total_buildings":66999.0,"modeled_demand":23109.0,"population_weighted_distance_transmission_km":2.06806782478879,"population_weighted_distance_gridlight_km":2.0925724493604316,"_label":"nga_12.125_7.875","_status_group":"unknown","_year":2025,"_year_label":"Source release year","_states":["Kano"]},"geometry":{"type":"Point","coordinates":[7.875,12.125]}},{"type":"Feature","properties":{"cell_id":"nga_12.125_8.125","population_estimate":513013.0,"settlement_count":603.0,"population_with_nightlight_signal":193291.0,"population_without_nightlight_signal":319722.0,"nightlight_population_share_pct":37.67760271182212,"total_buildings":113573.0,"modeled_demand":39478.7,"population_weighted_distance_transmission_km":2.1761341915312085,"population_weighted_distance_gridlight_km":1.6728201741476338,"_label":"nga_12.125_8.125","_status_group":"unknown","_year":2025,"_year_label":"Source release year","_states":["Kano"]},"geometry":{"type":"Point","coordinates":[8.125,12.125]}},{"type":"Feature","properties":{"cell_id":"nga_12.125_8.375","population_estimate":643142.0,"settlement_count":504.0,"population_with_nightlight_signal":314461.0,"population_without_nightlight_signal":328681.0,"nightlight_population_share_pct":48.89448986382479,"total_buildings":144522.0,"modeled_demand":50208.2,"population_weighted_distance_transmission_km":0.5177324292302478,"population_weighted_distance_gridlight_km":0.817837424705586,"_label":"nga_12.125_8.375","_status_group":"unknown","_year":2025,"_year_label":"Source release year","_states":["Kano"]},"geometry":{"type":"Point","coordinates":[8.375,12.125]}},{"type":"Feature","properties":{"cell_id":"nga_12.125_8.625","population_estimate":649795.0,"settlement_count":432.0,"population_with_nightlight_signal":203933.0,"population_without_nightlight_signal":445862.0,"nightlight_population_share_pct":31.384205787979287,"total_buildings":145588.0,"modeled_demand":50463.8,"population_weighted_distance_transmission_km":0.7207325387237514,"population_weighted_distance_gridlight_km":1.8281696581229463,"_label":"nga_12.125_8.625","_status_group":"unknown","_year":2025,"_year_label":"Source release year","_states":["Kano"]},"geometry":{"type":"Point","coordinates":[8.625,12.125]}},{"type":"Feature","properties":{"cell_id":"nga_12.125_8.875","population_estimate":398089.0,"settlement_count":373.0,"population_with_nightlight_signal":159149.0,"population_without_nightlight_signal":238940.0,"nightlight_population_share_pct":39.9782460706023,"total_buildings":88781.0,"modeled_demand":30657.4,"population_weighted_distance_transmission_km":0.7773155751603286,"population_weighted_distance_gridlight_km":2.056113851425184,"_label":"nga_12.125_8.875","_status_group":"unknown","_year":2025,"_year_label":"Source release year","_states":["Kano"]},"geometry":{"type":"Point","coordinates":[8.875,12.125]}},{"type":"Feature","properties":{"cell_id":"nga_12.125_9.125","population_estimate":240866.0,"settlement_count":265.0,"population_with_nightlight_signal":103965.0,"population_without_nightlight_signal":136901.0,"nightlight_population_share_pct":43.163003495719614,"total_buildings":53554.0,"modeled_demand":18897.9,"population_weighted_distance_transmission_km":0.8028781148024213,"population_weighted_distance_gridlight_km":2.0138133651075703,"_label":"nga_12.125_9.125","_status_group":"unknown","_year":2025,"_year_label":"Source release year","_states":["Jigawa"]},"geometry":{"type":"Point","coordinates":[9.125,12.125]}},{"type":"Feature","properties":{"cell_id":"nga_12.125_9.375","population_estimate":236896.0,"settlement_count":187.0,"population_with_nightlight_signal":66080.0,"population_without_nightlight_signal":170816.0,"nightlight_population_share_pct":27.894096987707687,"total_buildings":53423.0,"modeled_demand":18367.5,"population_weighted_distance_transmission_km":2.263715512292314,"population_weighted_distance_gridlight_km":3.122412311731731,"_label":"nga_12.125_9.375","_status_group":"unknown","_year":2025,"_year_label":"Source release year","_states":["Jigawa"]},"geometry":{"type":"Point","coordinates":[9.375,12.125]}},{"type":"Feature","properties":{"cell_id":"nga_12.125_9.625","population_estimate":241906.0,"settlement_count":240.0,"population_with_nightlight_signal":79497.0,"population_without_nightlight_signal":162409.0,"nightlight_population_share_pct":32.86276487561284,"total_buildings":54292.0,"modeled_demand":18710.5,"population_weighted_distance_transmission_km":1.3812654915545706,"population_weighted_distance_gridlight_km":2.8703495820690685,"_label":"nga_12.125_9.625","_status_group":"unknown","_year":2025,"_year_label":"Source release year","_states":["Jigawa"]},"geometry":{"type":"Point","coordinates":[9.625,12.125]}},{"type":"Feature","properties":{"cell_id":"nga_12.125_9.875","population_estimate":162527.0,"settlement_count":219.0,"population_with_nightlight_signal":36629.0,"population_without_nightlight_signal":125898.0,"nightlight_population_share_pct":22.53717843804414,"total_buildings":36481.0,"modeled_demand":12749.7,"population_weighted_distance_transmission_km":1.426342699982157,"population_weighted_distance_gridlight_km":4.974348255982083,"_label":"nga_12.125_9.875","_status_group":"unknown","_year":2025,"_year_label":"Source release year","_states":["Jigawa"]},"geometry":{"type":"Point","coordinates":[9.875,12.125]}},{"type":"Feature","properties":{"cell_id":"nga_12.125_10.125","population_estimate":76084.0,"settlement_count":142.0,"population_with_nightlight_signal":10933.0,"population_without_nightlight_signal":65151.0,"nightlight_population_share_pct":14.369644077598444,"total_buildings":17553.0,"modeled_demand":6012.800000000001,"population_weighted_distance_transmission_km":1.8929245307817677,"population_weighted_distance_gridlight_km":6.320517493822616,"_label":"nga_12.125_10.125","_status_group":"unknown","_year":2025,"_year_label":"Source release year","_states":["Jigawa"]},"geometry":{"type":"Point","coordinates":[10.125,12.125]}},{"type":"Feature","properties":{"cell_id":"nga_12.125_10.375","population_estimate":67832.0,"settlement_count":144.0,"population_with_nightlight_signal":12918.0,"population_without_nightlight_signal":54914.0,"nightlight_population_share_pct":19.04410897511499,"total_buildings":15370.0,"modeled_demand":5257.700000000001,"population_weighted_distance_transmission_km":3.2141806227149425,"population_weighted_distance_gridlight_km":6.354356188819437,"_label":"nga_12.125_10.375","_status_group":"unknown","_year":2025,"_year_label":"Source release year","_states":["Bauchi"]},"geometry":{"type":"Point","coordinates":[10.375,12.125]}},{"type":"Feature","properties":{"cell_id":"nga_12.125_10.625","population_estimate":59471.0,"settlement_count":60.0,"population_with_nightlight_signal":38695.0,"population_without_nightlight_signal":20776.0,"nightlight_population_share_pct":65.06532595718922,"total_buildings":12909.0,"modeled_demand":4671.099999999999,"population_weighted_distance_transmission_km":3.3753994383817325,"population_weighted_distance_gridlight_km":3.263762909653444,"_label":"nga_12.125_10.625","_status_group":"unknown","_year":2025,"_year_label":"Source release year","_states":["Bauchi"]},"geometry":{"type":"Point","coordinates":[10.625,12.125]}},{"type":"Feature","properties":{"cell_id":"nga_12.125_10.875","population_estimate":51747.0,"settlement_count":62.0,"population_with_nightlight_signal":17029.0,"population_without_nightlight_signal":34718.0,"nightlight_population_share_pct":32.908187914275224,"total_buildings":11611.0,"modeled_demand":3931.3,"population_weighted_distance_transmission_km":5.995464084874486,"population_weighted_distance_gridlight_km":3.125951436798269,"_label":"nga_12.125_10.875","_status_group":"unknown","_year":2025,"_year_label":"Source release year","_states":["Yobe"]},"geometry":{"type":"Point","coordinates":[10.875,12.125]}},{"type":"Feature","properties":{"cell_id":"nga_12.125_11.125","population_estimate":37305.0,"settlement_count":64.0,"population_with_nightlight_signal":8737.0,"population_without_nightlight_signal":28568.0,"nightlight_population_share_pct":23.420453022383057,"total_buildings":8675.0,"modeled_demand":2928.5,"population_weighted_distance_transmission_km":7.002354108028414,"population_weighted_distance_gridlight_km":7.461952848143681,"_label":"nga_12.125_11.125","_status_group":"unknown","_year":2025,"_year_label":"Source release year","_states":["Yobe"]},"geometry":{"type":"Point","coordinates":[11.125,12.125]}},{"type":"Feature","properties":{"cell_id":"nga_12.125_11.375","population_estimate":13064.0,"settlement_count":41.0,"population_with_nightlight_signal":3945.0,"population_without_nightlight_signal":9119.0,"nightlight_population_share_pct":30.19748928352725,"total_buildings":2947.0,"modeled_demand":991.1,"population_weighted_distance_transmission_km":4.439990814451929,"population_weighted_distance_gridlight_km":8.777707440293938,"_label":"nga_12.125_11.375","_status_group":"unknown","_year":2025,"_year_label":"Source release year","_states":["Yobe"]},"geometry":{"type":"Point","coordinates":[11.375,12.125]}},{"type":"Feature","properties":{"cell_id":"nga_12.125_11.625","population_estimate":8437.0,"settlement_count":6.0,"population_with_nightlight_signal":2705.0,"population_without_nightlight_signal":5732.0,"nightlight_population_share_pct":32.06115917980325,"total_buildings":1846.0,"modeled_demand":626.0999999999999,"population_weighted_distance_transmission_km":11.674755244755245,"population_weighted_distance_gridlight_km":6.202411283631623,"_label":"nga_12.125_11.625","_status_group":"unknown","_year":2025,"_year_label":"Source release year","_states":["Yobe"]},"geometry":{"type":"Point","coordinates":[11.625,12.125]}},{"type":"Feature","properties":{"cell_id":"nga_12.125_11.875","population_estimate":38929.0,"settlement_count":71.0,"population_with_nightlight_signal":25017.0,"population_without_nightlight_signal":13912.0,"nightlight_population_share_pct":64.26314572683603,"total_buildings":8752.0,"modeled_demand":3044.6,"population_weighted_distance_transmission_km":5.602582650466234,"population_weighted_distance_gridlight_km":5.912025507976061,"_label":"nga_12.125_11.875","_status_group":"unknown","_year":2025,"_year_label":"Source release year","_states":["Yobe"]},"geometry":{"type":"Point","coordinates":[11.875,12.125]}},{"type":"Feature","properties":{"cell_id":"nga_12.125_12.125","population_estimate":24282.0,"settlement_count":121.0,"population_with_nightlight_signal":0.0,"population_without_nightlight_signal":24282.0,"nightlight_population_share_pct":0.0,"total_buildings":5710.0,"modeled_demand":1914.0,"population_weighted_distance_transmission_km":32.1393801993246,"population_weighted_distance_gridlight_km":32.2052253109299,"_label":"nga_12.125_12.125","_status_group":"unknown","_year":2025,"_year_label":"Source release year","_states":["Yobe"]},"geometry":{"type":"Point","coordinates":[12.125,12.125]}},{"type":"Feature","properties":{"cell_id":"nga_12.125_12.375","population_estimate":20711.0,"settlement_count":125.0,"population_with_nightlight_signal":0.0,"population_without_nightlight_signal":20711.0,"nightlight_population_share_pct":0.0,"total_buildings":4870.0,"modeled_demand":1631.6,"population_weighted_distance_transmission_km":36.91382308917966,"population_weighted_distance_gridlight_km":37.061338564048086,"_label":"nga_12.125_12.375","_status_group":"unknown","_year":2025,"_year_label":"Source release year","_states":["Borno"]},"geometry":{"type":"Point","coordinates":[12.375,12.125]}},{"type":"Feature","properties":{"cell_id":"nga_12.125_12.625","population_estimate":7908.0,"settlement_count":50.0,"population_with_nightlight_signal":0.0,"population_without_nightlight_signal":7908.0,"nightlight_population_share_pct":0.0,"total_buildings":1860.0,"modeled_demand":623.1999999999999,"population_weighted_distance_transmission_km":17.129821699544767,"population_weighted_distance_gridlight_km":20.44954172989378,"_label":"nga_12.125_12.625","_status_group":"unknown","_year":2025,"_year_label":"Source release year","_states":["Borno"]},"geometry":{"type":"Point","coordinates":[12.625,12.125]}},{"type":"Feature","properties":{"cell_id":"nga_12.125_12.875","population_estimate":58090.0,"settlement_count":173.0,"population_with_nightlight_signal":18170.0,"population_without_nightlight_signal":39920.0,"nightlight_population_share_pct":31.27904975038733,"total_buildings":13237.0,"modeled_demand":4534.3,"population_weighted_distance_transmission_km":2.302503873300052,"population_weighted_distance_gridlight_km":6.277441573420554,"_label":"nga_12.125_12.875","_status_group":"unknown","_year":2025,"_year_label":"Source release year","_states":["Borno"]},"geometry":{"type":"Point","coordinates":[12.875,12.125]}},{"type":"Feature","properties":{"cell_id":"nga_12.125_13.125","population_estimate":5690.0,"settlement_count":10.0,"population_with_nightlight_signal":0.0,"population_without_nightlight_signal":5690.0,"nightlight_population_share_pct":0.0,"total_buildings":1338.0,"modeled_demand":454.9,"population_weighted_distance_transmission_km":14.318509666080844,"population_weighted_distance_gridlight_km":14.4026546572935,"_label":"nga_12.125_13.125","_status_group":"unknown","_year":2025,"_year_label":"Source release year","_states":["Borno"]},"geometry":{"type":"Point","coordinates":[13.125,12.125]}},{"type":"Feature","properties":{"cell_id":"nga_12.125_13.375","population_estimate":340.0,"settlement_count":3.0,"population_with_nightlight_signal":0.0,"population_without_nightlight_signal":340.0,"nightlight_population_share_pct":0.0,"total_buildings":80.0,"modeled_demand":27.8,"population_weighted_distance_transmission_km":31.825176470588232,"population_weighted_distance_gridlight_km":29.961523529411764,"_label":"nga_12.125_13.375","_status_group":"unknown","_year":2025,"_year_label":"Source release year","_states":["Borno"]},"geometry":{"type":"Point","coordinates":[13.375,12.125]}},{"type":"Feature","properties":{"cell_id":"nga_12.125_13.625","population_estimate":570.0,"settlement_count":5.0,"population_with_nightlight_signal":0.0,"population_without_nightlight_signal":570.0,"nightlight_population_share_pct":0.0,"total_buildings":134.0,"modeled_demand":45.2,"population_weighted_distance_transmission_km":19.43949122807017,"population_weighted_distance_gridlight_km":22.89247894736842,"_label":"nga_12.125_13.625","_status_group":"unknown","_year":2025,"_year_label":"Source release year","_states":["Borno"]},"geometry":{"type":"Point","coordinates":[13.625,12.125]}},{"type":"Feature","properties":{"cell_id":"nga_12.125_13.875","population_estimate":103657.0,"settlement_count":16.0,"population_with_nightlight_signal":97644.0,"population_without_nightlight_signal":6013.0,"nightlight_population_share_pct":94.19913754015649,"total_buildings":21140.0,"modeled_demand":7412.399999999999,"population_weighted_distance_transmission_km":0.1208231957320779,"population_weighted_distance_gridlight_km":0.4419237195751372,"_label":"nga_12.125_13.875","_status_group":"unknown","_year":2025,"_year_label":"Source release year","_states":["Borno"]},"geometry":{"type":"Point","coordinates":[13.875,12.125]}},{"type":"Feature","properties":{"cell_id":"nga_12.125_14.125","population_estimate":9588.0,"settlement_count":14.0,"population_with_nightlight_signal":2084.0,"population_without_nightlight_signal":7504.0,"nightlight_population_share_pct":21.735502711722987,"total_buildings":2207.0,"modeled_demand":749.5,"population_weighted_distance_transmission_km":9.9175,"population_weighted_distance_gridlight_km":13.52571360033375,"_label":"nga_12.125_14.125","_status_group":"unknown","_year":2025,"_year_label":"Source release year","_states":["Borno"]},"geometry":{"type":"Point","coordinates":[14.125,12.125]}},{"type":"Feature","properties":{"cell_id":"nga_12.125_14.375","population_estimate":7415.0,"settlement_count":12.0,"population_with_nightlight_signal":0.0,"population_without_nightlight_signal":7415.0,"nightlight_population_share_pct":0.0,"total_buildings":1695.0,"modeled_demand":578.2999999999998,"population_weighted_distance_transmission_km":10.43933243425489,"population_weighted_distance_gridlight_km":24.043789750505734,"_label":"nga_12.125_14.375","_status_group":"unknown","_year":2025,"_year_label":"Source release year","_states":["Borno"]},"geometry":{"type":"Point","coordinates":[14.375,12.125]}},{"type":"Feature","properties":{"cell_id":"nga_12.125_14.625","population_estimate":4185.0,"settlement_count":16.0,"population_with_nightlight_signal":0.0,"population_without_nightlight_signal":4185.0,"nightlight_population_share_pct":0.0,"total_buildings":984.0,"modeled_demand":334.9,"population_weighted_distance_transmission_km":14.213373954599762,"population_weighted_distance_gridlight_km":16.377460215053762,"_label":"nga_12.125_14.625","_status_group":"unknown","_year":2025,"_year_label":"Source release year","_states":["Borno"]},"geometry":{"type":"Point","coordinates":[14.625,12.125]}},{"type":"Feature","properties":{"cell_id":"nga_12.375_3.625","population_estimate":10479.0,"settlement_count":26.0,"population_with_nightlight_signal":0.0,"population_without_nightlight_signal":10479.0,"nightlight_population_share_pct":0.0,"total_buildings":2464.0,"modeled_demand":845.4,"population_weighted_distance_transmission_km":2.320295829754748,"population_weighted_distance_gridlight_km":23.44425002385724,"_label":"nga_12.375_3.625","_status_group":"unknown","_year":2025,"_year_label":"Source release year","_states":[]},"geometry":{"type":"Point","coordinates":[3.625,12.375]}},{"type":"Feature","properties":{"cell_id":"nga_12.375_3.875","population_estimate":61807.0,"settlement_count":83.0,"population_with_nightlight_signal":0.0,"population_without_nightlight_signal":61807.0,"nightlight_population_share_pct":0.0,"total_buildings":13954.0,"modeled_demand":4792.4,"population_weighted_distance_transmission_km":2.4811155694338822,"population_weighted_distance_gridlight_km":9.89975564256476,"_label":"nga_12.375_3.875","_status_group":"unknown","_year":2025,"_year_label":"Source release year","_states":["Kebbi"]},"geometry":{"type":"Point","coordinates":[3.875,12.375]}},{"type":"Feature","properties":{"cell_id":"nga_12.375_4.125","population_estimate":536015.0,"settlement_count":132.0,"population_with_nightlight_signal":428648.0,"population_without_nightlight_signal":107367.0,"nightlight_population_share_pct":79.96940384131041,"total_buildings":114586.0,"modeled_demand":48626.8,"population_weighted_distance_transmission_km":0.1255955710194677,"population_weighted_distance_gridlight_km":0.7494064475807579,"_label":"nga_12.375_4.125","_status_group":"unknown","_year":2025,"_year_label":"Source release year","_states":["Kebbi"]},"geometry":{"type":"Point","coordinates":[4.125,12.375]}},{"type":"Feature","properties":{"cell_id":"nga_12.375_4.375","population_estimate":233681.0,"settlement_count":114.0,"population_with_nightlight_signal":115852.0,"population_without_nightlight_signal":117829.0,"nightlight_population_share_pct":49.57698743158408,"total_buildings":52481.0,"modeled_demand":19529.9,"population_weighted_distance_transmission_km":0.1107093002854318,"population_weighted_distance_gridlight_km":1.8175578716284164,"_label":"nga_12.375_4.375","_status_group":"unknown","_year":2025,"_year_label":"Source release year","_states":["Kebbi"]},"geometry":{"type":"Point","coordinates":[4.375,12.375]}},{"type":"Feature","properties":{"cell_id":"nga_12.375_4.625","population_estimate":271372.0,"settlement_count":180.0,"population_with_nightlight_signal":102000.0,"population_without_nightlight_signal":169372.0,"nightlight_population_share_pct":37.58678124493316,"total_buildings":61286.0,"modeled_demand":22194.0,"population_weighted_distance_transmission_km":0.8658943074451307,"population_weighted_distance_gridlight_km":2.254712899635924,"_label":"nga_12.375_4.625","_status_group":"unknown","_year":2025,"_year_label":"Source release year","_states":["Sokoto"]},"geometry":{"type":"Point","coordinates":[4.625,12.375]}},{"type":"Feature","properties":{"cell_id":"nga_12.375_4.875","population_estimate":124074.0,"settlement_count":124.0,"population_with_nightlight_signal":28472.0,"population_without_nightlight_signal":95602.0,"nightlight_population_share_pct":22.947595789609423,"total_buildings":27887.0,"modeled_demand":9855.8,"population_weighted_distance_transmission_km":2.019793026742106,"population_weighted_distance_gridlight_km":6.638532569273175,"_label":"nga_12.375_4.875","_status_group":"unknown","_year":2025,"_year_label":"Source release year","_states":["Sokoto"]},"geometry":{"type":"Point","coordinates":[4.875,12.375]}},{"type":"Feature","properties":{"cell_id":"nga_12.375_5.125","population_estimate":24270.0,"settlement_count":54.0,"population_with_nightlight_signal":0.0,"population_without_nightlight_signal":24270.0,"nightlight_population_share_pct":0.0,"total_buildings":5633.0,"modeled_demand":1920.5,"population_weighted_distance_transmission_km":5.4821063040791085,"population_weighted_distance_gridlight_km":15.903760403790692,"_label":"nga_12.375_5.125","_status_group":"unknown","_year":2025,"_year_label":"Source release year","_states":["Sokoto"]},"geometry":{"type":"Point","coordinates":[5.125,12.375]}},{"type":"Feature","properties":{"cell_id":"nga_12.375_5.375","population_estimate":10011.0,"settlement_count":28.0,"population_with_nightlight_signal":0.0,"population_without_nightlight_signal":10011.0,"nightlight_population_share_pct":0.0,"total_buildings":2354.0,"modeled_demand":802.5,"population_weighted_distance_transmission_km":23.17659474577964,"population_weighted_distance_gridlight_km":25.49821076815503,"_label":"nga_12.375_5.375","_status_group":"unknown","_year":2025,"_year_label":"Source release year","_states":["Sokoto"]},"geometry":{"type":"Point","coordinates":[5.375,12.375]}},{"type":"Feature","properties":{"cell_id":"nga_12.375_5.625","population_estimate":14597.0,"settlement_count":30.0,"population_with_nightlight_signal":0.0,"population_without_nightlight_signal":14597.0,"nightlight_population_share_pct":0.0,"total_buildings":3432.0,"modeled_demand":1174.1999999999998,"population_weighted_distance_transmission_km":20.690873467150787,"population_weighted_distance_gridlight_km":26.431083304788658,"_label":"nga_12.375_5.625","_status_group":"unknown","_year":2025,"_year_label":"Source release year","_states":["Sokoto"]},"geometry":{"type":"Point","coordinates":[5.625,12.375]}},{"type":"Feature","properties":{"cell_id":"nga_12.375_5.875","population_estimate":59325.0,"settlement_count":100.0,"population_with_nightlight_signal":0.0,"population_without_nightlight_signal":59325.0,"nightlight_population_share_pct":0.0,"total_buildings":13562.0,"modeled_demand":4719.7,"population_weighted_distance_transmission_km":18.127006826801516,"population_weighted_distance_gridlight_km":19.777820632111247,"_label":"nga_12.375_5.875","_status_group":"unknown","_year":2025,"_year_label":"Source release year","_states":["Zamfara"]},"geometry":{"type":"Point","coordinates":[5.875,12.375]}},{"type":"Feature","properties":{"cell_id":"nga_12.375_6.125","population_estimate":135739.0,"settlement_count":238.0,"population_with_nightlight_signal":40466.0,"population_without_nightlight_signal":95273.0,"nightlight_population_share_pct":29.811623777985695,"total_buildings":30793.0,"modeled_demand":10875.399999999998,"population_weighted_distance_transmission_km":3.4037786487302832,"population_weighted_distance_gridlight_km":3.5926362799195513,"_label":"nga_12.375_6.125","_status_group":"unknown","_year":2025,"_year_label":"Source release year","_states":["Zamfara"]},"geometry":{"type":"Point","coordinates":[6.125,12.375]}},{"type":"Feature","properties":{"cell_id":"nga_12.375_6.375","population_estimate":128646.0,"settlement_count":208.0,"population_with_nightlight_signal":30477.0,"population_without_nightlight_signal":98169.0,"nightlight_population_share_pct":23.690592789515417,"total_buildings":28729.0,"modeled_demand":10536.8,"population_weighted_distance_transmission_km":3.5664782426192807,"population_weighted_distance_gridlight_km":4.004236734915971,"_label":"nga_12.375_6.375","_status_group":"unknown","_year":2025,"_year_label":"Source release year","_states":["Zamfara"]},"geometry":{"type":"Point","coordinates":[6.375,12.375]}},{"type":"Feature","properties":{"cell_id":"nga_12.375_6.625","population_estimate":355350.0,"settlement_count":432.0,"population_with_nightlight_signal":139152.0,"population_without_nightlight_signal":216198.0,"nightlight_population_share_pct":39.15913887716336,"total_buildings":79170.0,"modeled_demand":29312.5,"population_weighted_distance_transmission_km":2.2432086112283662,"population_weighted_distance_gridlight_km":3.1911713268608417,"_label":"nga_12.375_6.625","_status_group":"unknown","_year":2025,"_year_label":"Source release year","_states":["Zamfara"]},"geometry":{"type":"Point","coordinates":[6.625,12.375]}},{"type":"Feature","properties":{"cell_id":"nga_12.375_6.875","population_estimate":137593.0,"settlement_count":162.0,"population_with_nightlight_signal":0.0,"population_without_nightlight_signal":137593.0,"nightlight_population_share_pct":0.0,"total_buildings":31854.0,"modeled_demand":11294.2,"population_weighted_distance_transmission_km":9.645745059705073,"population_weighted_distance_gridlight_km":15.09493474231974,"_label":"nga_12.375_6.875","_status_group":"unknown","_year":2025,"_year_label":"Source release year","_states":["Zamfara"]},"geometry":{"type":"Point","coordinates":[6.875,12.375]}},{"type":"Feature","properties":{"cell_id":"nga_12.375_7.125","population_estimate":18660.0,"settlement_count":26.0,"population_with_nightlight_signal":0.0,"population_without_nightlight_signal":18660.0,"nightlight_population_share_pct":0.0,"total_buildings":4388.0,"modeled_demand":1504.5,"population_weighted_distance_transmission_km":17.701341371918545,"population_weighted_distance_gridlight_km":12.217013719185424,"_label":"nga_12.375_7.125","_status_group":"unknown","_year":2025,"_year_label":"Source release year","_states":["Katsina"]},"geometry":{"type":"Point","coordinates":[7.125,12.375]}},{"type":"Feature","properties":{"cell_id":"nga_12.375_7.375","population_estimate":386956.0,"settlement_count":213.0,"population_with_nightlight_signal":261476.0,"population_without_nightlight_signal":125480.0,"nightlight_population_share_pct":67.57254054724568,"total_buildings":83771.0,"modeled_demand":30634.7,"population_weighted_distance_transmission_km":3.093726857833965,"population_weighted_distance_gridlight_km":1.661743846845636,"_label":"nga_12.375_7.375","_status_group":"unknown","_year":2025,"_year_label":"Source release year","_states":["Katsina"]},"geometry":{"type":"Point","coordinates":[7.375,12.375]}},{"type":"Feature","properties":{"cell_id":"nga_12.375_7.625","population_estimate":228757.0,"settlement_count":375.0,"population_with_nightlight_signal":64344.0,"population_without_nightlight_signal":164413.0,"nightlight_population_share_pct":28.127663852909414,"total_buildings":52747.0,"modeled_demand":18159.4,"population_weighted_distance_transmission_km":2.1393288948534908,"population_weighted_distance_gridlight_km":3.264327106930061,"_label":"nga_12.375_7.625","_status_group":"unknown","_year":2025,"_year_label":"Source release year","_states":["Katsina"]},"geometry":{"type":"Point","coordinates":[7.625,12.375]}},{"type":"Feature","properties":{"cell_id":"nga_12.375_7.875","population_estimate":219891.0,"settlement_count":419.0,"population_with_nightlight_signal":99689.0,"population_without_nightlight_signal":120202.0,"nightlight_population_share_pct":45.33564356885912,"total_buildings":49438.0,"modeled_demand":17117.0,"population_weighted_distance_transmission_km":1.1023256067779037,"population_weighted_distance_gridlight_km":2.0777259096552383,"_label":"nga_12.375_7.875","_status_group":"unknown","_year":2025,"_year_label":"Source release year","_states":["Katsina"]},"geometry":{"type":"Point","coordinates":[7.875,12.375]}},{"type":"Feature","properties":{"cell_id":"nga_12.375_8.125","population_estimate":240940.0,"settlement_count":401.0,"population_with_nightlight_signal":102761.0,"population_without_nightlight_signal":138179.0,"nightlight_population_share_pct":42.65003735369802,"total_buildings":54122.0,"modeled_demand":18566.6,"population_weighted_distance_transmission_km":1.092905661160455,"population_weighted_distance_gridlight_km":1.3072124263302067,"_label":"nga_12.375_8.125","_status_group":"unknown","_year":2025,"_year_label":"Source release year","_states":["Kano"]},"geometry":{"type":"Point","coordinates":[8.125,12.375]}},{"type":"Feature","properties":{"cell_id":"nga_12.375_8.375","population_estimate":286433.0,"settlement_count":493.0,"population_with_nightlight_signal":68274.0,"population_without_nightlight_signal":218159.0,"nightlight_population_share_pct":23.835940691191308,"total_buildings":64484.0,"modeled_demand":21932.1,"population_weighted_distance_transmission_km":1.8869492342013665,"population_weighted_distance_gridlight_km":2.439034622407334,"_label":"nga_12.375_8.375","_status_group":"unknown","_year":2025,"_year_label":"Source release year","_states":["Kano"]},"geometry":{"type":"Point","coordinates":[8.375,12.375]}},{"type":"Feature","properties":{"cell_id":"nga_12.375_8.625","population_estimate":388462.0,"settlement_count":352.0,"population_with_nightlight_signal":187313.0,"population_without_nightlight_signal":201149.0,"nightlight_population_share_pct":48.21913082875545,"total_buildings":85360.0,"modeled_demand":29778.200000000004,"population_weighted_distance_transmission_km":1.237064835170493,"population_weighted_distance_gridlight_km":2.7122695295807566,"_label":"nga_12.375_8.625","_status_group":"unknown","_year":2025,"_year_label":"Source release year","_states":["Kano"]},"geometry":{"type":"Point","coordinates":[8.625,12.375]}},{"type":"Feature","properties":{"cell_id":"nga_12.375_8.875","population_estimate":130514.0,"settlement_count":163.0,"population_with_nightlight_signal":16760.0,"population_without_nightlight_signal":113754.0,"nightlight_population_share_pct":12.841534241537309,"total_buildings":29730.0,"modeled_demand":10146.3,"population_weighted_distance_transmission_km":4.050114087377599,"population_weighted_distance_gridlight_km":7.332661515239745,"_label":"nga_12.375_8.875","_status_group":"unknown","_year":2025,"_year_label":"Source release year","_states":["Jigawa"]},"geometry":{"type":"Point","coordinates":[8.875,12.375]}},{"type":"Feature","properties":{"cell_id":"nga_12.375_9.125","population_estimate":104032.0,"settlement_count":104.0,"population_with_nightlight_signal":29285.0,"population_without_nightlight_signal":74747.0,"nightlight_population_share_pct":28.149992310058444,"total_buildings":23709.0,"modeled_demand":8239.2,"population_weighted_distance_transmission_km":3.1050973738849583,"population_weighted_distance_gridlight_km":4.8633009650876655,"_label":"nga_12.375_9.125","_status_group":"unknown","_year":2025,"_year_label":"Source release year","_states":["Jigawa"]},"geometry":{"type":"Point","coordinates":[9.125,12.375]}},{"type":"Feature","properties":{"cell_id":"nga_12.375_9.375","population_estimate":146361.0,"settlement_count":121.0,"population_with_nightlight_signal":47950.0,"population_without_nightlight_signal":98411.0,"nightlight_population_share_pct":32.76145967846626,"total_buildings":33301.0,"modeled_demand":11524.3,"population_weighted_distance_transmission_km":1.846421997663312,"population_weighted_distance_gridlight_km":3.0745460129406053,"_label":"nga_12.375_9.375","_status_group":"unknown","_year":2025,"_year_label":"Source release year","_states":["Jigawa"]},"geometry":{"type":"Point","coordinates":[9.375,12.375]}},{"type":"Feature","properties":{"cell_id":"nga_12.375_9.625","population_estimate":190720.0,"settlement_count":122.0,"population_with_nightlight_signal":71702.0,"population_without_nightlight_signal":119018.0,"nightlight_population_share_pct":37.59542785234899,"total_buildings":42884.0,"modeled_demand":14863.0,"population_weighted_distance_transmission_km":1.3095570994127517,"population_weighted_distance_gridlight_km":2.2440009333053696,"_label":"nga_12.375_9.625","_status_group":"unknown","_year":2025,"_year_label":"Source release year","_states":["Jigawa"]},"geometry":{"type":"Point","coordinates":[9.625,12.375]}},{"type":"Feature","properties":{"cell_id":"nga_12.375_9.875","population_estimate":230083.0,"settlement_count":215.0,"population_with_nightlight_signal":63719.0,"population_without_nightlight_signal":166364.0,"nightlight_population_share_pct":27.693919150915104,"total_buildings":51855.0,"modeled_demand":18379.1,"population_weighted_distance_transmission_km":1.1490077493773987,"population_weighted_distance_gridlight_km":2.4096006832317034,"_label":"nga_12.375_9.875","_status_group":"unknown","_year":2025,"_year_label":"Source release year","_states":["Jigawa"]},"geometry":{"type":"Point","coordinates":[9.875,12.375]}},{"type":"Feature","properties":{"cell_id":"nga_12.375_10.125","population_estimate":377420.0,"settlement_count":192.0,"population_with_nightlight_signal":220493.0,"population_without_nightlight_signal":156927.0,"nightlight_population_share_pct":58.4211223570558,"total_buildings":81649.0,"modeled_demand":29769.39999999999,"population_weighted_distance_transmission_km":0.402380371999364,"population_weighted_distance_gridlight_km":3.2732333156695455,"_label":"nga_12.375_10.125","_status_group":"unknown","_year":2025,"_year_label":"Source release year","_states":["Jigawa"]},"geometry":{"type":"Point","coordinates":[10.125,12.375]}},{"type":"Feature","properties":{"cell_id":"nga_12.375_10.375","population_estimate":106672.0,"settlement_count":93.0,"population_with_nightlight_signal":25141.0,"population_without_nightlight_signal":81531.0,"nightlight_population_share_pct":23.568509074546274,"total_buildings":24374.0,"modeled_demand":8443.3,"population_weighted_distance_transmission_km":1.382773455077246,"population_weighted_distance_gridlight_km":9.722486641292935,"_label":"nga_12.375_10.375","_status_group":"unknown","_year":2025,"_year_label":"Source release year","_states":["Bauchi"]},"geometry":{"type":"Point","coordinates":[10.375,12.375]}},{"type":"Feature","properties":{"cell_id":"nga_12.375_10.625","population_estimate":59814.0,"settlement_count":78.0,"population_with_nightlight_signal":19069.0,"population_without_nightlight_signal":40745.0,"nightlight_population_share_pct":31.880496204901863,"total_buildings":13404.0,"modeled_demand":4592.899999999999,"population_weighted_distance_transmission_km":11.236555655866525,"population_weighted_distance_gridlight_km":7.445279449627177,"_label":"nga_12.375_10.625","_status_group":"unknown","_year":2025,"_year_label":"Source release year","_states":["Bauchi"]},"geometry":{"type":"Point","coordinates":[10.625,12.375]}},{"type":"Feature","properties":{"cell_id":"nga_12.375_10.875","population_estimate":34209.0,"settlement_count":22.0,"population_with_nightlight_signal":25135.0,"population_without_nightlight_signal":9074.0,"nightlight_population_share_pct":73.47481656873921,"total_buildings":7464.0,"modeled_demand":2622.3000000000006,"population_weighted_distance_transmission_km":0.7778432576222631,"population_weighted_distance_gridlight_km":1.3848149317431082,"_label":"nga_12.375_10.875","_status_group":"unknown","_year":2025,"_year_label":"Source release year","_states":["Yobe"]},"geometry":{"type":"Point","coordinates":[10.875,12.375]}},{"type":"Feature","properties":{"cell_id":"nga_12.375_11.125","population_estimate":30267.0,"settlement_count":19.0,"population_with_nightlight_signal":10139.0,"population_without_nightlight_signal":20128.0,"nightlight_population_share_pct":33.498529751874976,"total_buildings":6559.0,"modeled_demand":2219.6,"population_weighted_distance_transmission_km":7.073725179238115,"population_weighted_distance_gridlight_km":7.652336372947433,"_label":"nga_12.375_11.125","_status_group":"unknown","_year":2025,"_year_label":"Source release year","_states":["Yobe"]},"geometry":{"type":"Point","coordinates":[11.125,12.375]}},{"type":"Feature","properties":{"cell_id":"nga_12.375_11.375","population_estimate":35926.0,"settlement_count":33.0,"population_with_nightlight_signal":22116.0,"population_without_nightlight_signal":13810.0,"nightlight_population_share_pct":61.559873072426655,"total_buildings":7729.0,"modeled_demand":2698.6,"population_weighted_distance_transmission_km":3.586368646662584,"population_weighted_distance_gridlight_km":6.760962060902967,"_label":"nga_12.375_11.375","_status_group":"unknown","_year":2025,"_year_label":"Source release year","_states":["Yobe"]},"geometry":{"type":"Point","coordinates":[11.375,12.375]}},{"type":"Feature","properties":{"cell_id":"nga_12.375_11.625","population_estimate":16717.0,"settlement_count":22.0,"population_with_nightlight_signal":9769.0,"population_without_nightlight_signal":6948.0,"nightlight_population_share_pct":58.43751869354549,"total_buildings":3740.0,"modeled_demand":1278.9,"population_weighted_distance_transmission_km":3.5657049709876176,"population_weighted_distance_gridlight_km":3.833396542441826,"_label":"nga_12.375_11.625","_status_group":"unknown","_year":2025,"_year_label":"Source release year","_states":["Yobe"]},"geometry":{"type":"Point","coordinates":[11.625,12.375]}},{"type":"Feature","properties":{"cell_id":"nga_12.375_11.875","population_estimate":4376.0,"settlement_count":28.0,"population_with_nightlight_signal":0.0,"population_without_nightlight_signal":4376.0,"nightlight_population_share_pct":0.0,"total_buildings":1029.0,"modeled_demand":345.69999999999993,"population_weighted_distance_transmission_km":23.280521023765996,"population_weighted_distance_gridlight_km":26.48590150822669,"_label":"nga_12.375_11.875","_status_group":"unknown","_year":2025,"_year_label":"Source release year","_states":["Yobe"]},"geometry":{"type":"Point","coordinates":[11.875,12.375]}},{"type":"Feature","properties":{"cell_id":"nga_12.375_12.125","population_estimate":9466.0,"settlement_count":44.0,"population_with_nightlight_signal":0.0,"population_without_nightlight_signal":9466.0,"nightlight_population_share_pct":0.0,"total_buildings":2225.0,"modeled_demand":749.9000000000001,"population_weighted_distance_transmission_km":46.875766955419394,"population_weighted_distance_gridlight_km":47.0577647369533,"_label":"nga_12.375_12.125","_status_group":"unknown","_year":2025,"_year_label":"Source release year","_states":["Yobe"]},"geometry":{"type":"Point","coordinates":[12.125,12.375]}},{"type":"Feature","properties":{"cell_id":"nga_12.375_12.375","population_estimate":4868.0,"settlement_count":34.0,"population_with_nightlight_signal":0.0,"population_without_nightlight_signal":4868.0,"nightlight_population_share_pct":0.0,"total_buildings":1145.0,"modeled_demand":383.19999999999993,"population_weighted_distance_transmission_km":44.19292317173377,"population_weighted_distance_gridlight_km":46.248063064913715,"_label":"nga_12.375_12.375","_status_group":"unknown","_year":2025,"_year_label":"Source release year","_states":["Borno"]},"geometry":{"type":"Point","coordinates":[12.375,12.375]}},{"type":"Feature","properties":{"cell_id":"nga_12.375_12.625","population_estimate":14539.0,"settlement_count":93.0,"population_with_nightlight_signal":0.0,"population_without_nightlight_signal":14539.0,"nightlight_population_share_pct":0.0,"total_buildings":3418.0,"modeled_demand":1152.7,"population_weighted_distance_transmission_km":14.60869523350987,"population_weighted_distance_gridlight_km":19.355428502648056,"_label":"nga_12.375_12.625","_status_group":"unknown","_year":2025,"_year_label":"Source release year","_states":["Borno"]},"geometry":{"type":"Point","coordinates":[12.625,12.375]}},{"type":"Feature","properties":{"cell_id":"nga_12.375_12.875","population_estimate":56543.0,"settlement_count":129.0,"population_with_nightlight_signal":38668.0,"population_without_nightlight_signal":17875.0,"nightlight_population_share_pct":68.38689139239163,"total_buildings":12160.0,"modeled_demand":4220.800000000001,"population_weighted_distance_transmission_km":2.2954319721274072,"population_weighted_distance_gridlight_km":4.4996668199423455,"_label":"nga_12.375_12.875","_status_group":"unknown","_year":2025,"_year_label":"Source release year","_states":["Borno"]},"geometry":{"type":"Point","coordinates":[12.875,12.375]}},{"type":"Feature","properties":{"cell_id":"nga_12.375_13.125","population_estimate":63881.0,"settlement_count":30.0,"population_with_nightlight_signal":36638.0,"population_without_nightlight_signal":27243.0,"nightlight_population_share_pct":57.35351669510496,"total_buildings":13399.0,"modeled_demand":4672.9,"population_weighted_distance_transmission_km":38.38194220503748,"population_weighted_distance_gridlight_km":9.698798484682454,"_label":"nga_12.375_13.125","_status_group":"unknown","_year":2025,"_year_label":"Source release year","_states":["Borno"]},"geometry":{"type":"Point","coordinates":[13.125,12.375]}},{"type":"Feature","properties":{"cell_id":"nga_12.375_13.375","population_estimate":1887.0,"settlement_count":8.0,"population_with_nightlight_signal":0.0,"population_without_nightlight_signal":1887.0,"nightlight_population_share_pct":0.0,"total_buildings":444.0,"modeled_demand":149.5,"population_weighted_distance_transmission_km":39.47200317965024,"population_weighted_distance_gridlight_km":20.915767355590884,"_label":"nga_12.375_13.375","_status_group":"unknown","_year":2025,"_year_label":"Source release year","_states":["Borno"]},"geometry":{"type":"Point","coordinates":[13.375,12.375]}},{"type":"Feature","properties":{"cell_id":"nga_12.375_13.625","population_estimate":3995.0,"settlement_count":14.0,"population_with_nightlight_signal":0.0,"population_without_nightlight_signal":3995.0,"nightlight_population_share_pct":0.0,"total_buildings":910.0,"modeled_demand":309.7,"population_weighted_distance_transmission_km":12.89628285356696,"population_weighted_distance_gridlight_km":21.581993241551935,"_label":"nga_12.375_13.625","_status_group":"unknown","_year":2025,"_year_label":"Source release year","_states":["Borno"]},"geometry":{"type":"Point","coordinates":[13.625,12.375]}},{"type":"Feature","properties":{"cell_id":"nga_12.375_13.875","population_estimate":10934.0,"settlement_count":28.0,"population_with_nightlight_signal":0.0,"population_without_nightlight_signal":10934.0,"nightlight_population_share_pct":0.0,"total_buildings":2453.0,"modeled_demand":901.1,"population_weighted_distance_transmission_km":7.129948783610756,"population_weighted_distance_gridlight_km":12.443836290470092,"_label":"nga_12.375_13.875","_status_group":"unknown","_year":2025,"_year_label":"Source release year","_states":["Borno"]},"geometry":{"type":"Point","coordinates":[13.875,12.375]}},{"type":"Feature","properties":{"cell_id":"nga_12.375_14.125","population_estimate":171906.0,"settlement_count":14.0,"population_with_nightlight_signal":169926.0,"population_without_nightlight_signal":1980.0,"nightlight_population_share_pct":98.84820774144008,"total_buildings":35023.0,"modeled_demand":12924.8,"population_weighted_distance_transmission_km":1.6032789431433458,"population_weighted_distance_gridlight_km":0.0245853955068467,"_label":"nga_12.375_14.125","_status_group":"unknown","_year":2025,"_year_label":"Source release year","_states":["Borno"]},"geometry":{"type":"Point","coordinates":[14.125,12.375]}},{"type":"Feature","properties":{"cell_id":"nga_12.375_14.375","population_estimate":33548.0,"settlement_count":10.0,"population_with_nightlight_signal":28427.0,"population_without_nightlight_signal":5121.0,"nightlight_population_share_pct":84.73530463813044,"total_buildings":7015.0,"modeled_demand":2393.7,"population_weighted_distance_transmission_km":1.7457207583164425,"population_weighted_distance_gridlight_km":1.4803036246572074,"_label":"nga_12.375_14.375","_status_group":"unknown","_year":2025,"_year_label":"Source release year","_states":[]},"geometry":{"type":"Point","coordinates":[14.375,12.375]}},{"type":"Feature","properties":{"cell_id":"nga_12.375_14.625","population_estimate":2254.0,"settlement_count":3.0,"population_with_nightlight_signal":0.0,"population_without_nightlight_signal":2254.0,"nightlight_population_share_pct":0.0,"total_buildings":530.0,"modeled_demand":185.0,"population_weighted_distance_transmission_km":6.77575421472937,"population_weighted_distance_gridlight_km":6.5594432120674355,"_label":"nga_12.375_14.625","_status_group":"unknown","_year":2025,"_year_label":"Source release year","_states":[]},"geometry":{"type":"Point","coordinates":[14.625,12.375]}},{"type":"Feature","properties":{"cell_id":"nga_12.625_3.625","population_estimate":2564.0,"settlement_count":10.0,"population_with_nightlight_signal":0.0,"population_without_nightlight_signal":2564.0,"nightlight_population_share_pct":0.0,"total_buildings":603.0,"modeled_demand":202.0,"population_weighted_distance_transmission_km":8.65180577223089,"population_weighted_distance_gridlight_km":12.70721255850234,"_label":"nga_12.625_3.625","_status_group":"unknown","_year":2025,"_year_label":"Source release year","_states":[]},"geometry":{"type":"Point","coordinates":[3.625,12.625]}},{"type":"Feature","properties":{"cell_id":"nga_12.625_3.875","population_estimate":82949.0,"settlement_count":74.0,"population_with_nightlight_signal":30828.0,"population_without_nightlight_signal":52121.0,"nightlight_population_share_pct":37.16500500307418,"total_buildings":18603.0,"modeled_demand":6760.599999999999,"population_weighted_distance_transmission_km":2.3155123027402382,"population_weighted_distance_gridlight_km":6.386031019059904,"_label":"nga_12.625_3.875","_status_group":"unknown","_year":2025,"_year_label":"Source release year","_states":["Kebbi"]},"geometry":{"type":"Point","coordinates":[3.875,12.625]}},{"type":"Feature","properties":{"cell_id":"nga_12.625_4.125","population_estimate":99899.0,"settlement_count":120.0,"population_with_nightlight_signal":0.0,"population_without_nightlight_signal":99899.0,"nightlight_population_share_pct":0.0,"total_buildings":22876.0,"modeled_demand":7858.1,"population_weighted_distance_transmission_km":1.5751005515570724,"population_weighted_distance_gridlight_km":10.441428402686713,"_label":"nga_12.625_4.125","_status_group":"unknown","_year":2025,"_year_label":"Source release year","_states":["Kebbi"]},"geometry":{"type":"Point","coordinates":[4.125,12.625]}},{"type":"Feature","properties":{"cell_id":"nga_12.625_4.375","population_estimate":243395.0,"settlement_count":100.0,"population_with_nightlight_signal":150319.0,"population_without_nightlight_signal":93076.0,"nightlight_population_share_pct":61.75928018241952,"total_buildings":54429.0,"modeled_demand":19639.5,"population_weighted_distance_transmission_km":0.468066188705602,"population_weighted_distance_gridlight_km":1.274533568890076,"_label":"nga_12.625_4.375","_status_group":"unknown","_year":2025,"_year_label":"Source release year","_states":["Kebbi"]},"geometry":{"type":"Point","coordinates":[4.375,12.625]}},{"type":"Feature","properties":{"cell_id":"nga_12.625_4.625","population_estimate":266613.0,"settlement_count":121.0,"population_with_nightlight_signal":200853.0,"population_without_nightlight_signal":65760.0,"nightlight_population_share_pct":75.33503617603043,"total_buildings":57362.0,"modeled_demand":22977.999999999996,"population_weighted_distance_transmission_km":0.2942616076485392,"population_weighted_distance_gridlight_km":1.0215927280365174,"_label":"nga_12.625_4.625","_status_group":"unknown","_year":2025,"_year_label":"Source release year","_states":["Kebbi"]},"geometry":{"type":"Point","coordinates":[4.625,12.625]}},{"type":"Feature","properties":{"cell_id":"nga_12.625_4.875","population_estimate":195466.0,"settlement_count":135.0,"population_with_nightlight_signal":31481.0,"population_without_nightlight_signal":163985.0,"nightlight_population_share_pct":16.105614275628497,"total_buildings":44104.0,"modeled_demand":15666.0,"population_weighted_distance_transmission_km":0.5182895746574852,"population_weighted_distance_gridlight_km":5.904933543429549,"_label":"nga_12.625_4.875","_status_group":"unknown","_year":2025,"_year_label":"Source release year","_states":["Sokoto"]},"geometry":{"type":"Point","coordinates":[4.875,12.625]}},{"type":"Feature","properties":{"cell_id":"nga_12.625_5.125","population_estimate":186502.0,"settlement_count":171.0,"population_with_nightlight_signal":30588.0,"population_without_nightlight_signal":155914.0,"nightlight_population_share_pct":16.400896505131314,"total_buildings":41951.0,"modeled_demand":14983.100000000002,"population_weighted_distance_transmission_km":2.805069650727606,"population_weighted_distance_gridlight_km":8.282233016267922,"_label":"nga_12.625_5.125","_status_group":"unknown","_year":2025,"_year_label":"Source release year","_states":["Sokoto"]},"geometry":{"type":"Point","coordinates":[5.125,12.625]}},{"type":"Feature","properties":{"cell_id":"nga_12.625_5.375","population_estimate":62105.0,"settlement_count":153.0,"population_with_nightlight_signal":0.0,"population_without_nightlight_signal":62105.0,"nightlight_population_share_pct":0.0,"total_buildings":14155.0,"modeled_demand":4831.799999999999,"population_weighted_distance_transmission_km":3.5502299331776825,"population_weighted_distance_gridlight_km":26.10878520247967,"_label":"nga_12.625_5.375","_status_group":"unknown","_year":2025,"_year_label":"Source release year","_states":["Sokoto"]},"geometry":{"type":"Point","coordinates":[5.375,12.625]}},{"type":"Feature","properties":{"cell_id":"nga_12.625_5.625","population_estimate":48231.0,"settlement_count":60.0,"population_with_nightlight_signal":0.0,"population_without_nightlight_signal":48231.0,"nightlight_population_share_pct":0.0,"total_buildings":11039.0,"modeled_demand":3965.599999999999,"population_weighted_distance_transmission_km":1.37667682610769,"population_weighted_distance_gridlight_km":30.791174431382306,"_label":"nga_12.625_5.625","_status_group":"unknown","_year":2025,"_year_label":"Source release year","_states":["Sokoto"]},"geometry":{"type":"Point","coordinates":[5.625,12.625]}},{"type":"Feature","properties":{"cell_id":"nga_12.625_5.875","population_estimate":116862.0,"settlement_count":70.0,"population_with_nightlight_signal":77738.0,"population_without_nightlight_signal":39124.0,"nightlight_population_share_pct":66.52119594051103,"total_buildings":25143.0,"modeled_demand":9392.400000000003,"population_weighted_distance_transmission_km":1.0017148431483287,"population_weighted_distance_gridlight_km":1.214602163235269,"_label":"nga_12.625_5.875","_status_group":"unknown","_year":2025,"_year_label":"Source release year","_states":["Zamfara"]},"geometry":{"type":"Point","coordinates":[5.875,12.625]}},{"type":"Feature","properties":{"cell_id":"nga_12.625_6.125","population_estimate":277169.0,"settlement_count":166.0,"population_with_nightlight_signal":183978.0,"population_without_nightlight_signal":93191.0,"nightlight_population_share_pct":66.37755304525398,"total_buildings":59718.0,"modeled_demand":23596.5,"population_weighted_distance_transmission_km":1.2680446947530204,"population_weighted_distance_gridlight_km":1.0552013067839476,"_label":"nga_12.625_6.125","_status_group":"unknown","_year":2025,"_year_label":"Source release year","_states":["Zamfara"]},"geometry":{"type":"Point","coordinates":[6.125,12.625]}},{"type":"Feature","properties":{"cell_id":"nga_12.625_6.375","population_estimate":64067.0,"settlement_count":177.0,"population_with_nightlight_signal":0.0,"population_without_nightlight_signal":64067.0,"nightlight_population_share_pct":0.0,"total_buildings":14550.0,"modeled_demand":4972.0,"population_weighted_distance_transmission_km":11.936107512447908,"population_weighted_distance_gridlight_km":10.298317043095508,"_label":"nga_12.625_6.375","_status_group":"unknown","_year":2025,"_year_label":"Source release year","_states":["Zamfara"]},"geometry":{"type":"Point","coordinates":[6.375,12.625]}},{"type":"Feature","properties":{"cell_id":"nga_12.625_6.625","population_estimate":389721.0,"settlement_count":335.0,"population_with_nightlight_signal":168583.0,"population_without_nightlight_signal":221138.0,"nightlight_population_share_pct":43.25735590332571,"total_buildings":84765.0,"modeled_demand":31235.4,"population_weighted_distance_transmission_km":1.7588710385121664,"population_weighted_distance_gridlight_km":3.3976241542026213,"_label":"nga_12.625_6.625","_status_group":"unknown","_year":2025,"_year_label":"Source release year","_states":["Zamfara"]},"geometry":{"type":"Point","coordinates":[6.625,12.625]}},{"type":"Feature","properties":{"cell_id":"nga_12.625_6.875","population_estimate":166654.0,"settlement_count":70.0,"population_with_nightlight_signal":25865.0,"population_without_nightlight_signal":140789.0,"nightlight_population_share_pct":15.520179533644557,"total_buildings":36534.0,"modeled_demand":13112.3,"population_weighted_distance_transmission_km":5.907272552714007,"population_weighted_distance_gridlight_km":6.31835817922162,"_label":"nga_12.625_6.875","_status_group":"unknown","_year":2025,"_year_label":"Source release year","_states":["Zamfara"]},"geometry":{"type":"Point","coordinates":[6.875,12.625]}},{"type":"Feature","properties":{"cell_id":"nga_12.625_7.125","population_estimate":105702.0,"settlement_count":63.0,"population_with_nightlight_signal":14275.0,"population_without_nightlight_signal":91427.0,"nightlight_population_share_pct":13.504947872320296,"total_buildings":23309.0,"modeled_demand":8034.200000000001,"population_weighted_distance_transmission_km":2.296299880796957,"population_weighted_distance_gridlight_km":3.8201633554710406,"_label":"nga_12.625_7.125","_status_group":"unknown","_year":2025,"_year_label":"Source release year","_states":["Katsina"]},"geometry":{"type":"Point","coordinates":[7.125,12.625]}},{"type":"Feature","properties":{"cell_id":"nga_12.625_7.375","population_estimate":188429.0,"settlement_count":233.0,"population_with_nightlight_signal":45511.0,"population_without_nightlight_signal":142918.0,"nightlight_population_share_pct":24.152863943448196,"total_buildings":42063.0,"modeled_demand":14658.4,"population_weighted_distance_transmission_km":3.253058499487871,"population_weighted_distance_gridlight_km":4.152372941532354,"_label":"nga_12.625_7.375","_status_group":"unknown","_year":2025,"_year_label":"Source release year","_states":["Katsina"]},"geometry":{"type":"Point","coordinates":[7.375,12.625]}},{"type":"Feature","properties":{"cell_id":"nga_12.625_7.625","population_estimate":352364.0,"settlement_count":385.0,"population_with_nightlight_signal":122062.0,"population_without_nightlight_signal":230302.0,"nightlight_population_share_pct":34.64088272354724,"total_buildings":78894.0,"modeled_demand":27329.9,"population_weighted_distance_transmission_km":2.5923290971835944,"population_weighted_distance_gridlight_km":2.6861769902714236,"_label":"nga_12.625_7.625","_status_group":"unknown","_year":2025,"_year_label":"Source release year","_states":["Katsina"]},"geometry":{"type":"Point","coordinates":[7.625,12.625]}},{"type":"Feature","properties":{"cell_id":"nga_12.625_7.875","population_estimate":384549.0,"settlement_count":477.0,"population_with_nightlight_signal":165916.0,"population_without_nightlight_signal":218633.0,"nightlight_population_share_pct":43.14560693175642,"total_buildings":86455.0,"modeled_demand":30298.4,"population_weighted_distance_transmission_km":1.2834454386827168,"population_weighted_distance_gridlight_km":1.106618105885076,"_label":"nga_12.625_7.875","_status_group":"unknown","_year":2025,"_year_label":"Source release year","_states":["Katsina"]},"geometry":{"type":"Point","coordinates":[7.875,12.625]}},{"type":"Feature","properties":{"cell_id":"nga_12.625_8.125","population_estimate":182904.0,"settlement_count":342.0,"population_with_nightlight_signal":73492.0,"population_without_nightlight_signal":109412.0,"nightlight_population_share_pct":40.18064121068976,"total_buildings":41009.0,"modeled_demand":14330.999999999998,"population_weighted_distance_transmission_km":1.1642135218475265,"population_weighted_distance_gridlight_km":2.2372778725451603,"_label":"nga_12.625_8.125","_status_group":"unknown","_year":2025,"_year_label":"Source release year","_states":["Katsina"]},"geometry":{"type":"Point","coordinates":[8.125,12.625]}},{"type":"Feature","properties":{"cell_id":"nga_12.625_8.375","population_estimate":262656.0,"settlement_count":195.0,"population_with_nightlight_signal":158857.0,"population_without_nightlight_signal":103799.0,"nightlight_population_share_pct":60.48100938109162,"total_buildings":57412.0,"modeled_demand":20714.6,"population_weighted_distance_transmission_km":0.5296982364766083,"population_weighted_distance_gridlight_km":1.2646548146625245,"_label":"nga_12.625_8.375","_status_group":"unknown","_year":2025,"_year_label":"Source release year","_states":["Jigawa"]},"geometry":{"type":"Point","coordinates":[8.375,12.625]}},{"type":"Feature","properties":{"cell_id":"nga_12.625_8.625","population_estimate":124359.0,"settlement_count":244.0,"population_with_nightlight_signal":8961.0,"population_without_nightlight_signal":115398.0,"nightlight_population_share_pct":7.205751091597713,"total_buildings":28789.0,"modeled_demand":9770.2,"population_weighted_distance_transmission_km":3.194370652707082,"population_weighted_distance_gridlight_km":6.418403935380632,"_label":"nga_12.625_8.625","_status_group":"unknown","_year":2025,"_year_label":"Source release year","_states":["Jigawa"]},"geometry":{"type":"Point","coordinates":[8.625,12.625]}},{"type":"Feature","properties":{"cell_id":"nga_12.625_8.875","population_estimate":110329.0,"settlement_count":176.0,"population_with_nightlight_signal":10740.0,"population_without_nightlight_signal":99589.0,"nightlight_population_share_pct":9.73452129539831,"total_buildings":25529.0,"modeled_demand":8696.2,"population_weighted_distance_transmission_km":4.5782910204932525,"population_weighted_distance_gridlight_km":5.59205610492255,"_label":"nga_12.625_8.875","_status_group":"unknown","_year":2025,"_year_label":"Source release year","_states":["Jigawa"]},"geometry":{"type":"Point","coordinates":[8.875,12.625]}},{"type":"Feature","properties":{"cell_id":"nga_12.625_9.125","population_estimate":91042.0,"settlement_count":131.0,"population_with_nightlight_signal":12274.0,"population_without_nightlight_signal":78768.0,"nightlight_population_share_pct":13.481689769556908,"total_buildings":21156.0,"modeled_demand":7262.8,"population_weighted_distance_transmission_km":2.912085520968344,"population_weighted_distance_gridlight_km":6.7618061993365695,"_label":"nga_12.625_9.125","_status_group":"unknown","_year":2025,"_year_label":"Source release year","_states":["Jigawa"]},"geometry":{"type":"Point","coordinates":[9.125,12.625]}},{"type":"Feature","properties":{"cell_id":"nga_12.625_9.375","population_estimate":197515.0,"settlement_count":115.0,"population_with_nightlight_signal":122924.0,"population_without_nightlight_signal":74591.0,"nightlight_population_share_pct":62.235273270384525,"total_buildings":43363.0,"modeled_demand":15558.2,"population_weighted_distance_transmission_km":0.7567919398526693,"population_weighted_distance_gridlight_km":2.029918031541908,"_label":"nga_12.625_9.375","_status_group":"unknown","_year":2025,"_year_label":"Source release year","_states":["Jigawa"]},"geometry":{"type":"Point","coordinates":[9.375,12.625]}},{"type":"Feature","properties":{"cell_id":"nga_12.625_9.625","population_estimate":82887.0,"settlement_count":90.0,"population_with_nightlight_signal":12060.0,"population_without_nightlight_signal":70827.0,"nightlight_population_share_pct":14.549929421984148,"total_buildings":19153.0,"modeled_demand":6506.3,"population_weighted_distance_transmission_km":2.0747470652816484,"population_weighted_distance_gridlight_km":4.801195422683894,"_label":"nga_12.625_9.625","_status_group":"unknown","_year":2025,"_year_label":"Source release year","_states":["Jigawa"]},"geometry":{"type":"Point","coordinates":[9.625,12.625]}},{"type":"Feature","properties":{"cell_id":"nga_12.625_9.875","population_estimate":131689.0,"settlement_count":133.0,"population_with_nightlight_signal":71335.0,"population_without_nightlight_signal":60354.0,"nightlight_population_share_pct":54.169292803499154,"total_buildings":29237.0,"modeled_demand":10426.4,"population_weighted_distance_transmission_km":1.3496403647988826,"population_weighted_distance_gridlight_km":2.931263180675683,"_label":"nga_12.625_9.875","_status_group":"unknown","_year":2025,"_year_label":"Source release year","_states":["Jigawa"]},"geometry":{"type":"Point","coordinates":[9.875,12.625]}},{"type":"Feature","properties":{"cell_id":"nga_12.625_10.125","population_estimate":129751.0,"settlement_count":129.0,"population_with_nightlight_signal":53265.0,"population_without_nightlight_signal":76486.0,"nightlight_population_share_pct":41.051706730583966,"total_buildings":29258.0,"modeled_demand":10059.2,"population_weighted_distance_transmission_km":1.219603317122797,"population_weighted_distance_gridlight_km":2.231677150850475,"_label":"nga_12.625_10.125","_status_group":"unknown","_year":2025,"_year_label":"Source release year","_states":["Jigawa"]},"geometry":{"type":"Point","coordinates":[10.125,12.625]}},{"type":"Feature","properties":{"cell_id":"nga_12.625_10.375","population_estimate":106325.0,"settlement_count":54.0,"population_with_nightlight_signal":41795.0,"population_without_nightlight_signal":64530.0,"nightlight_population_share_pct":39.30872325417352,"total_buildings":23303.0,"modeled_demand":8092.499999999999,"population_weighted_distance_transmission_km":1.4916100634845992,"population_weighted_distance_gridlight_km":4.416526884552081,"_label":"nga_12.625_10.375","_status_group":"unknown","_year":2025,"_year_label":"Source release year","_states":["Jigawa"]},"geometry":{"type":"Point","coordinates":[10.375,12.625]}},{"type":"Feature","properties":{"cell_id":"nga_12.625_10.625","population_estimate":36280.0,"settlement_count":34.0,"population_with_nightlight_signal":0.0,"population_without_nightlight_signal":36280.0,"nightlight_population_share_pct":0.0,"total_buildings":8342.0,"modeled_demand":2873.6,"population_weighted_distance_transmission_km":7.90725027563396,"population_weighted_distance_gridlight_km":16.404830595369347,"_label":"nga_12.625_10.625","_status_group":"unknown","_year":2025,"_year_label":"Source release year","_states":["Yobe"]},"geometry":{"type":"Point","coordinates":[10.625,12.625]}},{"type":"Feature","properties":{"cell_id":"nga_12.625_10.875","population_estimate":52747.0,"settlement_count":50.0,"population_with_nightlight_signal":25832.0,"population_without_nightlight_signal":26915.0,"nightlight_population_share_pct":48.97340133088138,"total_buildings":11688.0,"modeled_demand":4012.900000000001,"population_weighted_distance_transmission_km":3.0841554969950904,"population_weighted_distance_gridlight_km":3.4928449200902416,"_label":"nga_12.625_10.875","_status_group":"unknown","_year":2025,"_year_label":"Source release year","_states":["Yobe"]},"geometry":{"type":"Point","coordinates":[10.875,12.625]}},{"type":"Feature","properties":{"cell_id":"nga_12.625_11.125","population_estimate":20741.0,"settlement_count":25.0,"population_with_nightlight_signal":3266.0,"population_without_nightlight_signal":17475.0,"nightlight_population_share_pct":15.74658888192469,"total_buildings":4640.0,"modeled_demand":1576.9,"population_weighted_distance_transmission_km":14.637623547562798,"population_weighted_distance_gridlight_km":8.684239959500506,"_label":"nga_12.625_11.125","_status_group":"unknown","_year":2025,"_year_label":"Source release year","_states":["Yobe"]},"geometry":{"type":"Point","coordinates":[11.125,12.625]}},{"type":"Feature","properties":{"cell_id":"nga_12.625_11.375","population_estimate":1633.0,"settlement_count":4.0,"population_with_nightlight_signal":0.0,"population_without_nightlight_signal":1633.0,"nightlight_population_share_pct":0.0,"total_buildings":384.0,"modeled_demand":153.10000000000002,"population_weighted_distance_transmission_km":8.913949785670544,"population_weighted_distance_gridlight_km":8.832241886099204,"_label":"nga_12.625_11.375","_status_group":"unknown","_year":2025,"_year_label":"Source release year","_states":["Yobe"]},"geometry":{"type":"Point","coordinates":[11.375,12.625]}},{"type":"Feature","properties":{"cell_id":"nga_12.625_11.625","population_estimate":7409.0,"settlement_count":19.0,"population_with_nightlight_signal":0.0,"population_without_nightlight_signal":7409.0,"nightlight_population_share_pct":0.0,"total_buildings":1742.0,"modeled_demand":586.9,"population_weighted_distance_transmission_km":12.2417100823323,"population_weighted_distance_gridlight_km":11.38558078013227,"_label":"nga_12.625_11.625","_status_group":"unknown","_year":2025,"_year_label":"Source release year","_states":["Yobe"]},"geometry":{"type":"Point","coordinates":[11.625,12.625]}},{"type":"Feature","properties":{"cell_id":"nga_12.625_11.875","population_estimate":22788.0,"settlement_count":70.0,"population_with_nightlight_signal":0.0,"population_without_nightlight_signal":22788.0,"nightlight_population_share_pct":0.0,"total_buildings":5212.0,"modeled_demand":1761.1,"population_weighted_distance_transmission_km":25.661388888888897,"population_weighted_distance_gridlight_km":22.991020493242058,"_label":"nga_12.625_11.875","_status_group":"unknown","_year":2025,"_year_label":"Source release year","_states":["Yobe"]},"geometry":{"type":"Point","coordinates":[11.875,12.625]}},{"type":"Feature","properties":{"cell_id":"nga_12.625_12.125","population_estimate":3882.0,"settlement_count":25.0,"population_with_nightlight_signal":0.0,"population_without_nightlight_signal":3882.0,"nightlight_population_share_pct":0.0,"total_buildings":913.0,"modeled_demand":305.9,"population_weighted_distance_transmission_km":40.16871200412158,"population_weighted_distance_gridlight_km":38.84731761978362,"_label":"nga_12.625_12.125","_status_group":"unknown","_year":2025,"_year_label":"Source release year","_states":["Yobe"]},"geometry":{"type":"Point","coordinates":[12.125,12.625]}},{"type":"Feature","properties":{"cell_id":"nga_12.625_12.375","population_estimate":13435.0,"settlement_count":97.0,"population_with_nightlight_signal":0.0,"population_without_nightlight_signal":13435.0,"nightlight_population_share_pct":0.0,"total_buildings":3158.0,"modeled_demand":1060.5000000000002,"population_weighted_distance_transmission_km":43.98974767398586,"population_weighted_distance_gridlight_km":42.14619173799777,"_label":"nga_12.625_12.375","_status_group":"unknown","_year":2025,"_year_label":"Source release year","_states":["Yobe"]},"geometry":{"type":"Point","coordinates":[12.375,12.625]}},{"type":"Feature","properties":{"cell_id":"nga_12.625_12.625","population_estimate":30570.0,"settlement_count":182.0,"population_with_nightlight_signal":0.0,"population_without_nightlight_signal":30570.0,"nightlight_population_share_pct":0.0,"total_buildings":7189.0,"modeled_demand":2413.5,"population_weighted_distance_transmission_km":23.718526660124304,"population_weighted_distance_gridlight_km":22.83930045796533,"_label":"nga_12.625_12.625","_status_group":"unknown","_year":2025,"_year_label":"Source release year","_states":["Borno"]},"geometry":{"type":"Point","coordinates":[12.625,12.625]}},{"type":"Feature","properties":{"cell_id":"nga_12.625_12.875","population_estimate":14243.0,"settlement_count":93.0,"population_with_nightlight_signal":0.0,"population_without_nightlight_signal":14243.0,"nightlight_population_share_pct":0.0,"total_buildings":3349.0,"modeled_demand":1124.9000000000003,"population_weighted_distance_transmission_km":15.083551920241518,"population_weighted_distance_gridlight_km":14.18734318612652,"_label":"nga_12.625_12.875","_status_group":"unknown","_year":2025,"_year_label":"Source release year","_states":["Borno"]},"geometry":{"type":"Point","coordinates":[12.875,12.625]}},{"type":"Feature","properties":{"cell_id":"nga_12.625_13.125","population_estimate":3485.0,"settlement_count":29.0,"population_with_nightlight_signal":0.0,"population_without_nightlight_signal":3485.0,"nightlight_population_share_pct":0.0,"total_buildings":820.0,"modeled_demand":274.8,"population_weighted_distance_transmission_km":38.11324246771879,"population_weighted_distance_gridlight_km":19.15700172166428,"_label":"nga_12.625_13.125","_status_group":"unknown","_year":2025,"_year_label":"Source release year","_states":["Borno"]},"geometry":{"type":"Point","coordinates":[13.125,12.625]}},{"type":"Feature","properties":{"cell_id":"nga_12.625_13.375","population_estimate":6387.0,"settlement_count":29.0,"population_with_nightlight_signal":0.0,"population_without_nightlight_signal":6387.0,"nightlight_population_share_pct":0.0,"total_buildings":1502.0,"modeled_demand":532.6,"population_weighted_distance_transmission_km":27.405495537811177,"population_weighted_distance_gridlight_km":19.73864177235009,"_label":"nga_12.625_13.375","_status_group":"unknown","_year":2025,"_year_label":"Source release year","_states":["Borno"]},"geometry":{"type":"Point","coordinates":[13.375,12.625]}},{"type":"Feature","properties":{"cell_id":"nga_12.625_13.625","population_estimate":182891.0,"settlement_count":6.0,"population_with_nightlight_signal":179069.0,"population_without_nightlight_signal":3822.0,"nightlight_population_share_pct":97.91023068384996,"total_buildings":37849.0,"modeled_demand":13259.8,"population_weighted_distance_transmission_km":0.0778519992782586,"population_weighted_distance_gridlight_km":0.056152030444363,"_label":"nga_12.625_13.625","_status_group":"unknown","_year":2025,"_year_label":"Source release year","_states":["Borno"]},"geometry":{"type":"Point","coordinates":[13.625,12.625]}},{"type":"Feature","properties":{"cell_id":"nga_12.625_13.875","population_estimate":6579.0,"settlement_count":19.0,"population_with_nightlight_signal":0.0,"population_without_nightlight_signal":6579.0,"nightlight_population_share_pct":0.0,"total_buildings":1492.0,"modeled_demand":502.9,"population_weighted_distance_transmission_km":27.61870649034808,"population_weighted_distance_gridlight_km":26.970302325581397,"_label":"nga_12.625_13.875","_status_group":"unknown","_year":2025,"_year_label":"Source release year","_states":["Borno"]},"geometry":{"type":"Point","coordinates":[13.875,12.625]}},{"type":"Feature","properties":{"cell_id":"nga_12.625_14.125","population_estimate":2419.0,"settlement_count":9.0,"population_with_nightlight_signal":0.0,"population_without_nightlight_signal":2419.0,"nightlight_population_share_pct":0.0,"total_buildings":569.0,"modeled_demand":191.7,"population_weighted_distance_transmission_km":33.801322860686234,"population_weighted_distance_gridlight_km":20.786011575031004,"_label":"nga_12.625_14.125","_status_group":"unknown","_year":2025,"_year_label":"Source release year","_states":["Borno"]},"geometry":{"type":"Point","coordinates":[14.125,12.625]}},{"type":"Feature","properties":{"cell_id":"nga_12.875_3.875","population_estimate":1314.0,"settlement_count":1.0,"population_with_nightlight_signal":0.0,"population_without_nightlight_signal":1314.0,"nightlight_population_share_pct":0.0,"total_buildings":309.0,"modeled_demand":103.5,"population_weighted_distance_transmission_km":11.57,"population_weighted_distance_gridlight_km":17.535,"_label":"nga_12.875_3.875","_status_group":"unknown","_year":2025,"_year_label":"Source release year","_states":[]},"geometry":{"type":"Point","coordinates":[3.875,12.875]}},{"type":"Feature","properties":{"cell_id":"nga_12.875_4.125","population_estimate":44162.0,"settlement_count":66.0,"population_with_nightlight_signal":3294.0,"population_without_nightlight_signal":40868.0,"nightlight_population_share_pct":7.458901317875096,"total_buildings":10264.0,"modeled_demand":3471.5,"population_weighted_distance_transmission_km":14.17563787871926,"population_weighted_distance_gridlight_km":8.268334608939812,"_label":"nga_12.875_4.125","_status_group":"unknown","_year":2025,"_year_label":"Source release year","_states":["Kebbi"]},"geometry":{"type":"Point","coordinates":[4.125,12.875]}},{"type":"Feature","properties":{"cell_id":"nga_12.875_4.375","population_estimate":85955.0,"settlement_count":85.0,"population_with_nightlight_signal":19634.0,"population_without_nightlight_signal":66321.0,"nightlight_population_share_pct":22.842184864173113,"total_buildings":19831.0,"modeled_demand":6852.2,"population_weighted_distance_transmission_km":3.6094711186085737,"population_weighted_distance_gridlight_km":4.566640695712873,"_label":"nga_12.875_4.375","_status_group":"unknown","_year":2025,"_year_label":"Source release year","_states":["Kebbi"]},"geometry":{"type":"Point","coordinates":[4.375,12.875]}},{"type":"Feature","properties":{"cell_id":"nga_12.875_4.625","population_estimate":184487.0,"settlement_count":113.0,"population_with_nightlight_signal":46280.0,"population_without_nightlight_signal":138207.0,"nightlight_population_share_pct":25.0857784017302,"total_buildings":41654.0,"modeled_demand":14497.3,"population_weighted_distance_transmission_km":1.1320934808414684,"population_weighted_distance_gridlight_km":4.5813132199016735,"_label":"nga_12.875_4.625","_status_group":"unknown","_year":2025,"_year_label":"Source release year","_states":["Kebbi"]},"geometry":{"type":"Point","coordinates":[4.625,12.875]}},{"type":"Feature","properties":{"cell_id":"nga_12.875_4.875","population_estimate":62262.0,"settlement_count":79.0,"population_with_nightlight_signal":0.0,"population_without_nightlight_signal":62262.0,"nightlight_population_share_pct":0.0,"total_buildings":14405.0,"modeled_demand":4916.3,"population_weighted_distance_transmission_km":2.2226015868426967,"population_weighted_distance_gridlight_km":18.054763820628956,"_label":"nga_12.875_4.875","_status_group":"unknown","_year":2025,"_year_label":"Source release year","_states":["Sokoto"]},"geometry":{"type":"Point","coordinates":[4.875,12.875]}},{"type":"Feature","properties":{"cell_id":"nga_12.875_5.125","population_estimate":377012.0,"settlement_count":366.0,"population_with_nightlight_signal":94763.0,"population_without_nightlight_signal":282249.0,"nightlight_population_share_pct":25.1352742087785,"total_buildings":84184.0,"modeled_demand":30161.1,"population_weighted_distance_transmission_km":0.8256375659130214,"population_weighted_distance_gridlight_km":2.439352638642802,"_label":"nga_12.875_5.125","_status_group":"unknown","_year":2025,"_year_label":"Source release year","_states":["Sokoto"]},"geometry":{"type":"Point","coordinates":[5.125,12.875]}},{"type":"Feature","properties":{"cell_id":"nga_12.875_5.375","population_estimate":337372.0,"settlement_count":357.0,"population_with_nightlight_signal":49610.0,"population_without_nightlight_signal":287762.0,"nightlight_population_share_pct":14.704836204545725,"total_buildings":75239.0,"modeled_demand":26371.4,"population_weighted_distance_transmission_km":1.031299218666635,"population_weighted_distance_gridlight_km":2.8981998861790546,"_label":"nga_12.875_5.375","_status_group":"unknown","_year":2025,"_year_label":"Source release year","_states":["Sokoto"]},"geometry":{"type":"Point","coordinates":[5.375,12.875]}},{"type":"Feature","properties":{"cell_id":"nga_12.875_5.625","population_estimate":65760.0,"settlement_count":45.0,"population_with_nightlight_signal":12535.0,"population_without_nightlight_signal":53225.0,"nightlight_population_share_pct":19.061739659367397,"total_buildings":13892.0,"modeled_demand":4902.8,"population_weighted_distance_transmission_km":0.7183718065693431,"population_weighted_distance_gridlight_km":8.779090465328467,"_label":"nga_12.875_5.625","_status_group":"unknown","_year":2025,"_year_label":"Source release year","_states":["Sokoto"]},"geometry":{"type":"Point","coordinates":[5.625,12.875]}},{"type":"Feature","properties":{"cell_id":"nga_12.875_5.875","population_estimate":54576.0,"settlement_count":68.0,"population_with_nightlight_signal":0.0,"population_without_nightlight_signal":54576.0,"nightlight_population_share_pct":0.0,"total_buildings":12246.0,"modeled_demand":4284.9,"population_weighted_distance_transmission_km":2.6577449794781587,"population_weighted_distance_gridlight_km":12.698240820140718,"_label":"nga_12.875_5.875","_status_group":"unknown","_year":2025,"_year_label":"Source release year","_states":["Sokoto"]},"geometry":{"type":"Point","coordinates":[5.875,12.875]}},{"type":"Feature","properties":{"cell_id":"nga_12.875_6.125","population_estimate":11832.0,"settlement_count":25.0,"population_with_nightlight_signal":0.0,"population_without_nightlight_signal":11832.0,"nightlight_population_share_pct":0.0,"total_buildings":2782.0,"modeled_demand":941.6,"population_weighted_distance_transmission_km":19.076366632860044,"population_weighted_distance_gridlight_km":18.60113142325896,"_label":"nga_12.875_6.125","_status_group":"unknown","_year":2025,"_year_label":"Source release year","_states":["Zamfara"]},"geometry":{"type":"Point","coordinates":[6.125,12.875]}},{"type":"Feature","properties":{"cell_id":"nga_12.875_6.375","population_estimate":153735.0,"settlement_count":107.0,"population_with_nightlight_signal":44922.0,"population_without_nightlight_signal":108813.0,"nightlight_population_share_pct":29.22041174748756,"total_buildings":32735.0,"modeled_demand":11751.7,"population_weighted_distance_transmission_km":5.036248284385469,"population_weighted_distance_gridlight_km":5.5020551533482935,"_label":"nga_12.875_6.375","_status_group":"unknown","_year":2025,"_year_label":"Source release year","_states":["Zamfara"]},"geometry":{"type":"Point","coordinates":[6.375,12.875]}},{"type":"Feature","properties":{"cell_id":"nga_12.875_6.625","population_estimate":113362.0,"settlement_count":136.0,"population_with_nightlight_signal":0.0,"population_without_nightlight_signal":113362.0,"nightlight_population_share_pct":0.0,"total_buildings":25882.0,"modeled_demand":8933.2,"population_weighted_distance_transmission_km":4.931590744693989,"population_weighted_distance_gridlight_km":12.169018171874177,"_label":"nga_12.875_6.625","_status_group":"unknown","_year":2025,"_year_label":"Source release year","_states":["Zamfara"]},"geometry":{"type":"Point","coordinates":[6.625,12.875]}},{"type":"Feature","properties":{"cell_id":"nga_12.875_6.875","population_estimate":73040.0,"settlement_count":41.0,"population_with_nightlight_signal":27571.0,"population_without_nightlight_signal":45469.0,"nightlight_population_share_pct":37.74780941949616,"total_buildings":15684.0,"modeled_demand":5700.699999999999,"population_weighted_distance_transmission_km":2.5352986035049287,"population_weighted_distance_gridlight_km":8.288075424424974,"_label":"nga_12.875_6.875","_status_group":"unknown","_year":2025,"_year_label":"Source release year","_states":["Zamfara"]},"geometry":{"type":"Point","coordinates":[6.875,12.875]}},{"type":"Feature","properties":{"cell_id":"nga_12.875_7.125","population_estimate":77872.0,"settlement_count":94.0,"population_with_nightlight_signal":0.0,"population_without_nightlight_signal":77872.0,"nightlight_population_share_pct":0.0,"total_buildings":17831.0,"modeled_demand":6157.699999999999,"population_weighted_distance_transmission_km":2.185242320731457,"population_weighted_distance_gridlight_km":14.14909248510376,"_label":"nga_12.875_7.125","_status_group":"unknown","_year":2025,"_year_label":"Source release year","_states":["Katsina"]},"geometry":{"type":"Point","coordinates":[7.125,12.875]}},{"type":"Feature","properties":{"cell_id":"nga_12.875_7.375","population_estimate":232487.0,"settlement_count":334.0,"population_with_nightlight_signal":78382.0,"population_without_nightlight_signal":154105.0,"nightlight_population_share_pct":33.71457328796879,"total_buildings":52759.0,"modeled_demand":18475.6,"population_weighted_distance_transmission_km":1.2757215672274151,"population_weighted_distance_gridlight_km":5.238903861291169,"_label":"nga_12.875_7.375","_status_group":"unknown","_year":2025,"_year_label":"Source release year","_states":["Katsina"]},"geometry":{"type":"Point","coordinates":[7.375,12.875]}},{"type":"Feature","properties":{"cell_id":"nga_12.875_7.625","population_estimate":1407961.0,"settlement_count":279.0,"population_with_nightlight_signal":1161495.0,"population_without_nightlight_signal":246466.0,"nightlight_population_share_pct":82.4948276266175,"total_buildings":296120.0,"modeled_demand":120800.6,"population_weighted_distance_transmission_km":0.1679532671714628,"population_weighted_distance_gridlight_km":0.4904601476887499,"_label":"nga_12.875_7.625","_status_group":"unknown","_year":2025,"_year_label":"Source release year","_states":["Katsina"]},"geometry":{"type":"Point","coordinates":[7.625,12.875]}},{"type":"Feature","properties":{"cell_id":"nga_12.875_7.875","population_estimate":427394.0,"settlement_count":428.0,"population_with_nightlight_signal":194394.0,"population_without_nightlight_signal":233000.0,"nightlight_population_share_pct":45.48355849637571,"total_buildings":96559.0,"modeled_demand":33766.7,"population_weighted_distance_transmission_km":2.5133318436852177,"population_weighted_distance_gridlight_km":1.1703702040739925,"_label":"nga_12.875_7.875","_status_group":"unknown","_year":2025,"_year_label":"Source release year","_states":["Katsina"]},"geometry":{"type":"Point","coordinates":[7.875,12.875]}},{"type":"Feature","properties":{"cell_id":"nga_12.875_8.125","population_estimate":203195.0,"settlement_count":352.0,"population_with_nightlight_signal":89451.0,"population_without_nightlight_signal":113744.0,"nightlight_population_share_pct":44.022244641846505,"total_buildings":45773.0,"modeled_demand":15784.9,"population_weighted_distance_transmission_km":1.521994783336204,"population_weighted_distance_gridlight_km":1.4697895371441227,"_label":"nga_12.875_8.125","_status_group":"unknown","_year":2025,"_year_label":"Source release year","_states":["Katsina"]},"geometry":{"type":"Point","coordinates":[8.125,12.875]}},{"type":"Feature","properties":{"cell_id":"nga_12.875_8.375","population_estimate":201304.0,"settlement_count":265.0,"population_with_nightlight_signal":105640.0,"population_without_nightlight_signal":95664.0,"nightlight_population_share_pct":52.47784445415888,"total_buildings":44484.0,"modeled_demand":15580.6,"population_weighted_distance_transmission_km":0.8316890374756588,"population_weighted_distance_gridlight_km":1.2919096391527245,"_label":"nga_12.875_8.375","_status_group":"unknown","_year":2025,"_year_label":"Source release year","_states":["Katsina"]},"geometry":{"type":"Point","coordinates":[8.375,12.875]}},{"type":"Feature","properties":{"cell_id":"nga_12.875_8.625","population_estimate":174848.0,"settlement_count":205.0,"population_with_nightlight_signal":74796.0,"population_without_nightlight_signal":100052.0,"nightlight_population_share_pct":42.77772693997072,"total_buildings":38774.0,"modeled_demand":13454.7,"population_weighted_distance_transmission_km":7.596385546303074,"population_weighted_distance_gridlight_km":1.829204989476574,"_label":"nga_12.875_8.625","_status_group":"unknown","_year":2025,"_year_label":"Source release year","_states":["Katsina"]},"geometry":{"type":"Point","coordinates":[8.625,12.875]}},{"type":"Feature","properties":{"cell_id":"nga_12.875_8.875","population_estimate":104531.0,"settlement_count":86.0,"population_with_nightlight_signal":47646.0,"population_without_nightlight_signal":56885.0,"nightlight_population_share_pct":45.58073681491615,"total_buildings":23522.0,"modeled_demand":8088.3,"population_weighted_distance_transmission_km":12.33317771761487,"population_weighted_distance_gridlight_km":1.6479423233299213,"_label":"nga_12.875_8.875","_status_group":"unknown","_year":2025,"_year_label":"Source release year","_states":[]},"geometry":{"type":"Point","coordinates":[8.875,12.875]}},{"type":"Feature","properties":{"cell_id":"nga_12.875_9.125","population_estimate":70618.0,"settlement_count":49.0,"population_with_nightlight_signal":46468.0,"population_without_nightlight_signal":24150.0,"nightlight_population_share_pct":65.80192019031975,"total_buildings":15528.0,"modeled_demand":5698.0,"population_weighted_distance_transmission_km":1.3107326743889658,"population_weighted_distance_gridlight_km":2.7582584468549096,"_label":"nga_12.875_9.125","_status_group":"unknown","_year":2025,"_year_label":"Source release year","_states":[]},"geometry":{"type":"Point","coordinates":[9.125,12.875]}},{"type":"Feature","properties":{"cell_id":"nga_12.875_9.375","population_estimate":68849.0,"settlement_count":34.0,"population_with_nightlight_signal":47058.0,"population_without_nightlight_signal":21791.0,"nightlight_population_share_pct":68.34957660968206,"total_buildings":14709.0,"modeled_demand":5271.4,"population_weighted_distance_transmission_km":1.828157126465163,"population_weighted_distance_gridlight_km":2.546800432831268,"_label":"nga_12.875_9.375","_status_group":"unknown","_year":2025,"_year_label":"Source release year","_states":[]},"geometry":{"type":"Point","coordinates":[9.375,12.875]}},{"type":"Feature","properties":{"cell_id":"nga_12.875_9.625","population_estimate":28917.0,"settlement_count":29.0,"population_with_nightlight_signal":0.0,"population_without_nightlight_signal":28917.0,"nightlight_population_share_pct":0.0,"total_buildings":6679.0,"modeled_demand":2273.1000000000004,"population_weighted_distance_transmission_km":3.466490645640973,"population_weighted_distance_gridlight_km":11.476417781927587,"_label":"nga_12.875_9.625","_status_group":"unknown","_year":2025,"_year_label":"Source release year","_states":[]},"geometry":{"type":"Point","coordinates":[9.625,12.875]}},{"type":"Feature","properties":{"cell_id":"nga_12.875_9.875","population_estimate":54941.0,"settlement_count":59.0,"population_with_nightlight_signal":6339.0,"population_without_nightlight_signal":48602.0,"nightlight_population_share_pct":11.537831491964107,"total_buildings":12558.0,"modeled_demand":4279.0,"population_weighted_distance_transmission_km":8.968972716186457,"population_weighted_distance_gridlight_km":10.117749949946306,"_label":"nga_12.875_9.875","_status_group":"unknown","_year":2025,"_year_label":"Source release year","_states":["Yobe"]},"geometry":{"type":"Point","coordinates":[9.875,12.875]}},{"type":"Feature","properties":{"cell_id":"nga_12.875_10.125","population_estimate":67361.0,"settlement_count":70.0,"population_with_nightlight_signal":20287.0,"population_without_nightlight_signal":47074.0,"nightlight_population_share_pct":30.116833182405248,"total_buildings":15082.0,"modeled_demand":5219.9,"population_weighted_distance_transmission_km":2.562314098662431,"population_weighted_distance_gridlight_km":6.704908240673386,"_label":"nga_12.875_10.125","_status_group":"unknown","_year":2025,"_year_label":"Source release year","_states":["Jigawa"]},"geometry":{"type":"Point","coordinates":[10.125,12.875]}},{"type":"Feature","properties":{"cell_id":"nga_12.875_10.375","population_estimate":236554.0,"settlement_count":110.0,"population_with_nightlight_signal":169176.0,"population_without_nightlight_signal":67378.0,"nightlight_population_share_pct":71.51686295729516,"total_buildings":50106.0,"modeled_demand":18593.6,"population_weighted_distance_transmission_km":0.9597483027131224,"population_weighted_distance_gridlight_km":1.3271752961268886,"_label":"nga_12.875_10.375","_status_group":"unknown","_year":2025,"_year_label":"Source release year","_states":["Yobe"]},"geometry":{"type":"Point","coordinates":[10.375,12.875]}},{"type":"Feature","properties":{"cell_id":"nga_12.875_10.625","population_estimate":38922.0,"settlement_count":59.0,"population_with_nightlight_signal":6196.0,"population_without_nightlight_signal":32726.0,"nightlight_population_share_pct":15.919017522223935,"total_buildings":9041.0,"modeled_demand":3145.8000000000006,"population_weighted_distance_transmission_km":8.919618467704641,"population_weighted_distance_gridlight_km":6.622461923847695,"_label":"nga_12.875_10.625","_status_group":"unknown","_year":2025,"_year_label":"Source release year","_states":["Yobe"]},"geometry":{"type":"Point","coordinates":[10.625,12.875]}},{"type":"Feature","properties":{"cell_id":"nga_12.875_10.875","population_estimate":82216.0,"settlement_count":70.0,"population_with_nightlight_signal":34935.0,"population_without_nightlight_signal":47281.0,"nightlight_population_share_pct":42.49172910382407,"total_buildings":18317.0,"modeled_demand":6410.0,"population_weighted_distance_transmission_km":2.3888709010411597,"population_weighted_distance_gridlight_km":2.246316155006325,"_label":"nga_12.875_10.875","_status_group":"unknown","_year":2025,"_year_label":"Source release year","_states":["Yobe"]},"geometry":{"type":"Point","coordinates":[10.875,12.875]}},{"type":"Feature","properties":{"cell_id":"nga_12.875_11.125","population_estimate":255237.0,"settlement_count":47.0,"population_with_nightlight_signal":217585.0,"population_without_nightlight_signal":37652.0,"nightlight_population_share_pct":85.24822028154226,"total_buildings":54179.0,"modeled_demand":19819.0,"population_weighted_distance_transmission_km":1.3303542198035554,"population_weighted_distance_gridlight_km":1.359413286474923,"_label":"nga_12.875_11.125","_status_group":"unknown","_year":2025,"_year_label":"Source release year","_states":["Yobe"]},"geometry":{"type":"Point","coordinates":[11.125,12.875]}},{"type":"Feature","properties":{"cell_id":"nga_12.875_11.375","population_estimate":43351.0,"settlement_count":39.0,"population_with_nightlight_signal":0.0,"population_without_nightlight_signal":43351.0,"nightlight_population_share_pct":0.0,"total_buildings":10194.0,"modeled_demand":3450.1000000000004,"population_weighted_distance_transmission_km":16.054985352125673,"population_weighted_distance_gridlight_km":15.727712763258056,"_label":"nga_12.875_11.375","_status_group":"unknown","_year":2025,"_year_label":"Source release year","_states":["Yobe"]},"geometry":{"type":"Point","coordinates":[11.375,12.875]}},{"type":"Feature","properties":{"cell_id":"nga_12.875_11.625","population_estimate":49218.0,"settlement_count":54.0,"population_with_nightlight_signal":24428.0,"population_without_nightlight_signal":24790.0,"nightlight_population_share_pct":49.63224836441952,"total_buildings":11327.0,"modeled_demand":3867.9,"population_weighted_distance_transmission_km":5.357881059774879,"population_weighted_distance_gridlight_km":3.9116203827867855,"_label":"nga_12.875_11.625","_status_group":"unknown","_year":2025,"_year_label":"Source release year","_states":["Yobe"]},"geometry":{"type":"Point","coordinates":[11.625,12.875]}},{"type":"Feature","properties":{"cell_id":"nga_12.875_11.875","population_estimate":184614.0,"settlement_count":103.0,"population_with_nightlight_signal":136733.0,"population_without_nightlight_signal":47881.0,"nightlight_population_share_pct":74.06426381531195,"total_buildings":39524.0,"modeled_demand":13995.200000000004,"population_weighted_distance_transmission_km":2.65773348716782,"population_weighted_distance_gridlight_km":1.707243979329845,"_label":"nga_12.875_11.875","_status_group":"unknown","_year":2025,"_year_label":"Source release year","_states":["Yobe"]},"geometry":{"type":"Point","coordinates":[11.875,12.875]}},{"type":"Feature","properties":{"cell_id":"nga_12.875_12.125","population_estimate":15803.0,"settlement_count":76.0,"population_with_nightlight_signal":0.0,"population_without_nightlight_signal":15803.0,"nightlight_population_share_pct":0.0,"total_buildings":3716.0,"modeled_demand":1250.4,"population_weighted_distance_transmission_km":21.56228247801051,"population_weighted_distance_gridlight_km":21.05423653736632,"_label":"nga_12.875_12.125","_status_group":"unknown","_year":2025,"_year_label":"Source release year","_states":["Yobe"]},"geometry":{"type":"Point","coordinates":[12.125,12.875]}},{"type":"Feature","properties":{"cell_id":"nga_12.875_12.375","population_estimate":16963.0,"settlement_count":120.0,"population_with_nightlight_signal":0.0,"population_without_nightlight_signal":16963.0,"nightlight_population_share_pct":0.0,"total_buildings":3989.0,"modeled_demand":1343.2,"population_weighted_distance_transmission_km":47.08189942816719,"population_weighted_distance_gridlight_km":29.740933620232273,"_label":"nga_12.875_12.375","_status_group":"unknown","_year":2025,"_year_label":"Source release year","_states":["Yobe"]},"geometry":{"type":"Point","coordinates":[12.375,12.875]}},{"type":"Feature","properties":{"cell_id":"nga_12.875_12.625","population_estimate":31358.0,"settlement_count":175.0,"population_with_nightlight_signal":0.0,"population_without_nightlight_signal":31358.0,"nightlight_population_share_pct":0.0,"total_buildings":7374.0,"modeled_demand":2493.6000000000004,"population_weighted_distance_transmission_km":43.77145832004592,"population_weighted_distance_gridlight_km":28.86106875438485,"_label":"nga_12.875_12.625","_status_group":"unknown","_year":2025,"_year_label":"Source release year","_states":["Borno"]},"geometry":{"type":"Point","coordinates":[12.625,12.875]}},{"type":"Feature","properties":{"cell_id":"nga_12.875_12.875","population_estimate":21485.0,"settlement_count":135.0,"population_with_nightlight_signal":0.0,"population_without_nightlight_signal":21485.0,"nightlight_population_share_pct":0.0,"total_buildings":5053.0,"modeled_demand":1692.8000000000002,"population_weighted_distance_transmission_km":45.88819781242728,"population_weighted_distance_gridlight_km":38.80636164766116,"_label":"nga_12.875_12.875","_status_group":"unknown","_year":2025,"_year_label":"Source release year","_states":["Borno"]},"geometry":{"type":"Point","coordinates":[12.875,12.875]}},{"type":"Feature","properties":{"cell_id":"nga_12.875_13.125","population_estimate":15983.0,"settlement_count":37.0,"population_with_nightlight_signal":0.0,"population_without_nightlight_signal":15983.0,"nightlight_population_share_pct":0.0,"total_buildings":3400.0,"modeled_demand":1160.6,"population_weighted_distance_transmission_km":54.47389914283926,"population_weighted_distance_gridlight_km":47.518618156791575,"_label":"nga_12.875_13.125","_status_group":"unknown","_year":2025,"_year_label":"Source release year","_states":["Borno"]},"geometry":{"type":"Point","coordinates":[13.125,12.875]}},{"type":"Feature","properties":{"cell_id":"nga_12.875_13.375","population_estimate":5063.0,"settlement_count":36.0,"population_with_nightlight_signal":0.0,"population_without_nightlight_signal":5063.0,"nightlight_population_share_pct":0.0,"total_buildings":1190.0,"modeled_demand":398.4,"population_weighted_distance_transmission_km":38.78685166897096,"population_weighted_distance_gridlight_km":31.679113964052927,"_label":"nga_12.875_13.375","_status_group":"unknown","_year":2025,"_year_label":"Source release year","_states":["Borno"]},"geometry":{"type":"Point","coordinates":[13.375,12.875]}},{"type":"Feature","properties":{"cell_id":"nga_12.875_13.625","population_estimate":26184.0,"settlement_count":22.0,"population_with_nightlight_signal":8978.0,"population_without_nightlight_signal":17206.0,"nightlight_population_share_pct":34.288114879315614,"total_buildings":5408.0,"modeled_demand":1939.4,"population_weighted_distance_transmission_km":27.99718568591506,"population_weighted_distance_gridlight_km":6.615113771769019,"_label":"nga_12.875_13.625","_status_group":"unknown","_year":2025,"_year_label":"Source release year","_states":["Borno"]},"geometry":{"type":"Point","coordinates":[13.625,12.875]}},{"type":"Feature","properties":{"cell_id":"nga_12.875_13.875","population_estimate":277.0,"settlement_count":1.0,"population_with_nightlight_signal":0.0,"population_without_nightlight_signal":277.0,"nightlight_population_share_pct":0.0,"total_buildings":56.0,"modeled_demand":19.4,"population_weighted_distance_transmission_km":27.53,"population_weighted_distance_gridlight_km":23.195,"_label":"nga_12.875_13.875","_status_group":"unknown","_year":2025,"_year_label":"Source release year","_states":["Borno"]},"geometry":{"type":"Point","coordinates":[13.875,12.875]}},{"type":"Feature","properties":{"cell_id":"nga_13.125_4.125","population_estimate":17682.0,"settlement_count":15.0,"population_with_nightlight_signal":0.0,"population_without_nightlight_signal":17682.0,"nightlight_population_share_pct":0.0,"total_buildings":3887.0,"modeled_demand":1348.0000000000002,"population_weighted_distance_transmission_km":26.72291991856125,"population_weighted_distance_gridlight_km":30.553301775817214,"_label":"nga_13.125_4.125","_status_group":"unknown","_year":2025,"_year_label":"Source release year","_states":[]},"geometry":{"type":"Point","coordinates":[4.125,13.125]}},{"type":"Feature","properties":{"cell_id":"nga_13.125_4.375","population_estimate":32687.0,"settlement_count":43.0,"population_with_nightlight_signal":0.0,"population_without_nightlight_signal":32687.0,"nightlight_population_share_pct":0.0,"total_buildings":7686.0,"modeled_demand":2596.3,"population_weighted_distance_transmission_km":14.256788325634044,"population_weighted_distance_gridlight_km":33.796747085997495,"_label":"nga_13.125_4.375","_status_group":"unknown","_year":2025,"_year_label":"Source release year","_states":["Kebbi"]},"geometry":{"type":"Point","coordinates":[4.375,13.125]}},{"type":"Feature","properties":{"cell_id":"nga_13.125_4.625","population_estimate":33987.0,"settlement_count":40.0,"population_with_nightlight_signal":0.0,"population_without_nightlight_signal":33987.0,"nightlight_population_share_pct":0.0,"total_buildings":7808.0,"modeled_demand":2669.0,"population_weighted_distance_transmission_km":5.241606790831789,"population_weighted_distance_gridlight_km":20.656369611910435,"_label":"nga_13.125_4.625","_status_group":"unknown","_year":2025,"_year_label":"Source release year","_states":["Sokoto"]},"geometry":{"type":"Point","coordinates":[4.625,13.125]}},{"type":"Feature","properties":{"cell_id":"nga_13.125_4.875","population_estimate":186547.0,"settlement_count":182.0,"population_with_nightlight_signal":0.0,"population_without_nightlight_signal":186547.0,"nightlight_population_share_pct":0.0,"total_buildings":41547.0,"modeled_demand":14475.600000000002,"population_weighted_distance_transmission_km":1.94468284132149,"population_weighted_distance_gridlight_km":24.819915629841272,"_label":"nga_13.125_4.875","_status_group":"unknown","_year":2025,"_year_label":"Source release year","_states":["Sokoto"]},"geometry":{"type":"Point","coordinates":[4.875,13.125]}},{"type":"Feature","properties":{"cell_id":"nga_13.125_5.125","population_estimate":1458150.0,"settlement_count":302.0,"population_with_nightlight_signal":1238856.0,"population_without_nightlight_signal":219294.0,"nightlight_population_share_pct":84.96080650138875,"total_buildings":308826.0,"modeled_demand":132047.59999999998,"population_weighted_distance_transmission_km":0.2498061996365257,"population_weighted_distance_gridlight_km":0.7591617124438501,"_label":"nga_13.125_5.125","_status_group":"unknown","_year":2025,"_year_label":"Source release year","_states":["Sokoto"]},"geometry":{"type":"Point","coordinates":[5.125,13.125]}},{"type":"Feature","properties":{"cell_id":"nga_13.125_5.375","population_estimate":453089.0,"settlement_count":366.0,"population_with_nightlight_signal":93993.0,"population_without_nightlight_signal":359096.0,"nightlight_population_share_pct":20.744930907614176,"total_buildings":101799.0,"modeled_demand":36573.8,"population_weighted_distance_transmission_km":0.687154576694645,"population_weighted_distance_gridlight_km":3.7082117199932023,"_label":"nga_13.125_5.375","_status_group":"unknown","_year":2025,"_year_label":"Source release year","_states":["Sokoto"]},"geometry":{"type":"Point","coordinates":[5.375,13.125]}},{"type":"Feature","properties":{"cell_id":"nga_13.125_5.625","population_estimate":73977.0,"settlement_count":42.0,"population_with_nightlight_signal":17437.0,"population_without_nightlight_signal":56540.0,"nightlight_population_share_pct":23.570839585276502,"total_buildings":16330.0,"modeled_demand":5728.700000000001,"population_weighted_distance_transmission_km":0.7306287089230437,"population_weighted_distance_gridlight_km":7.020868472633385,"_label":"nga_13.125_5.625","_status_group":"unknown","_year":2025,"_year_label":"Source release year","_states":["Sokoto"]},"geometry":{"type":"Point","coordinates":[5.625,13.125]}},{"type":"Feature","properties":{"cell_id":"nga_13.125_5.875","population_estimate":7349.0,"settlement_count":17.0,"population_with_nightlight_signal":0.0,"population_without_nightlight_signal":7349.0,"nightlight_population_share_pct":0.0,"total_buildings":1728.0,"modeled_demand":583.3,"population_weighted_distance_transmission_km":4.885172132262894,"population_weighted_distance_gridlight_km":26.97047856851272,"_label":"nga_13.125_5.875","_status_group":"unknown","_year":2025,"_year_label":"Source release year","_states":["Sokoto"]},"geometry":{"type":"Point","coordinates":[5.875,13.125]}},{"type":"Feature","properties":{"cell_id":"nga_13.125_6.125","population_estimate":8757.0,"settlement_count":20.0,"population_with_nightlight_signal":0.0,"population_without_nightlight_signal":8757.0,"nightlight_population_share_pct":0.0,"total_buildings":2059.0,"modeled_demand":702.9000000000001,"population_weighted_distance_transmission_km":5.467314148681055,"population_weighted_distance_gridlight_km":30.96472559095581,"_label":"nga_13.125_6.125","_status_group":"unknown","_year":2025,"_year_label":"Source release year","_states":["Sokoto"]},"geometry":{"type":"Point","coordinates":[6.125,13.125]}},{"type":"Feature","properties":{"cell_id":"nga_13.125_6.375","population_estimate":162345.0,"settlement_count":85.0,"population_with_nightlight_signal":56978.0,"population_without_nightlight_signal":105367.0,"nightlight_population_share_pct":35.09686162185469,"total_buildings":34779.0,"modeled_demand":12873.3,"population_weighted_distance_transmission_km":3.031390249160738,"population_weighted_distance_gridlight_km":4.398270491853768,"_label":"nga_13.125_6.375","_status_group":"unknown","_year":2025,"_year_label":"Source release year","_states":["Zamfara"]},"geometry":{"type":"Point","coordinates":[6.375,13.125]}},{"type":"Feature","properties":{"cell_id":"nga_13.125_6.625","population_estimate":153611.0,"settlement_count":45.0,"population_with_nightlight_signal":77071.0,"population_without_nightlight_signal":76540.0,"nightlight_population_share_pct":50.17283918469381,"total_buildings":33310.0,"modeled_demand":12812.999999999998,"population_weighted_distance_transmission_km":1.5594432690367228,"population_weighted_distance_gridlight_km":4.216208852230635,"_label":"nga_13.125_6.625","_status_group":"unknown","_year":2025,"_year_label":"Source release year","_states":["Sokoto"]},"geometry":{"type":"Point","coordinates":[6.625,13.125]}},{"type":"Feature","properties":{"cell_id":"nga_13.125_6.875","population_estimate":145.0,"settlement_count":1.0,"population_with_nightlight_signal":0.0,"population_without_nightlight_signal":145.0,"nightlight_population_share_pct":0.0,"total_buildings":34.0,"modeled_demand":11.4,"population_weighted_distance_transmission_km":27.5,"population_weighted_distance_gridlight_km":31.786,"_label":"nga_13.125_6.875","_status_group":"unknown","_year":2025,"_year_label":"Source release year","_states":[]},"geometry":{"type":"Point","coordinates":[6.875,13.125]}},{"type":"Feature","properties":{"cell_id":"nga_13.125_7.125","population_estimate":141861.0,"settlement_count":34.0,"population_with_nightlight_signal":107843.0,"population_without_nightlight_signal":34018.0,"nightlight_population_share_pct":76.0201887763374,"total_buildings":30578.0,"modeled_demand":11037.000000000002,"population_weighted_distance_transmission_km":0.2216512642657249,"population_weighted_distance_gridlight_km":1.0990118284799908,"_label":"nga_13.125_7.125","_status_group":"unknown","_year":2025,"_year_label":"Source release year","_states":[]},"geometry":{"type":"Point","coordinates":[7.125,13.125]}},{"type":"Feature","properties":{"cell_id":"nga_13.125_7.375","population_estimate":94287.0,"settlement_count":60.0,"population_with_nightlight_signal":50612.0,"population_without_nightlight_signal":43675.0,"nightlight_population_share_pct":53.678661957639974,"total_buildings":20295.0,"modeled_demand":7227.799999999998,"population_weighted_distance_transmission_km":0.8322228939302343,"population_weighted_distance_gridlight_km":3.835145460137665,"_label":"nga_13.125_7.375","_status_group":"unknown","_year":2025,"_year_label":"Source release year","_states":[]},"geometry":{"type":"Point","coordinates":[7.375,13.125]}},{"type":"Feature","properties":{"cell_id":"nga_13.125_7.625","population_estimate":183659.0,"settlement_count":263.0,"population_with_nightlight_signal":79442.0,"population_without_nightlight_signal":104217.0,"nightlight_population_share_pct":43.255163101182085,"total_buildings":40948.0,"modeled_demand":14429.5,"population_weighted_distance_transmission_km":1.82911324792142,"population_weighted_distance_gridlight_km":2.5922233759303923,"_label":"nga_13.125_7.625","_status_group":"unknown","_year":2025,"_year_label":"Source release year","_states":["Katsina"]},"geometry":{"type":"Point","coordinates":[7.625,13.125]}},{"type":"Feature","properties":{"cell_id":"nga_13.125_7.875","population_estimate":135550.0,"settlement_count":234.0,"population_with_nightlight_signal":39277.0,"population_without_nightlight_signal":96273.0,"nightlight_population_share_pct":28.976023607524898,"total_buildings":31161.0,"modeled_demand":10654.1,"population_weighted_distance_transmission_km":1.9720572482478789,"population_weighted_distance_gridlight_km":6.3288410254518634,"_label":"nga_13.125_7.875","_status_group":"unknown","_year":2025,"_year_label":"Source release year","_states":["Katsina"]},"geometry":{"type":"Point","coordinates":[7.875,13.125]}},{"type":"Feature","properties":{"cell_id":"nga_13.125_8.125","population_estimate":156965.0,"settlement_count":315.0,"population_with_nightlight_signal":56334.0,"population_without_nightlight_signal":100631.0,"nightlight_population_share_pct":35.88952951294875,"total_buildings":35893.0,"modeled_demand":12462.3,"population_weighted_distance_transmission_km":2.926722071799446,"population_weighted_distance_gridlight_km":4.3978177555506,"_label":"nga_13.125_8.125","_status_group":"unknown","_year":2025,"_year_label":"Source release year","_states":["Katsina"]},"geometry":{"type":"Point","coordinates":[8.125,13.125]}},{"type":"Feature","properties":{"cell_id":"nga_13.125_8.375","population_estimate":366700.0,"settlement_count":153.0,"population_with_nightlight_signal":323120.0,"population_without_nightlight_signal":43580.0,"nightlight_population_share_pct":88.11562585219525,"total_buildings":76962.0,"modeled_demand":29095.1,"population_weighted_distance_transmission_km":0.231182710662667,"population_weighted_distance_gridlight_km":0.1732541559858194,"_label":"nga_13.125_8.375","_status_group":"unknown","_year":2025,"_year_label":"Source release year","_states":[]},"geometry":{"type":"Point","coordinates":[8.375,13.125]}},{"type":"Feature","properties":{"cell_id":"nga_13.125_8.625","population_estimate":21541.0,"settlement_count":16.0,"population_with_nightlight_signal":16063.0,"population_without_nightlight_signal":5478.0,"nightlight_population_share_pct":74.56942574625134,"total_buildings":4629.0,"modeled_demand":1579.4,"population_weighted_distance_transmission_km":0.2916331646627361,"population_weighted_distance_gridlight_km":0.4628996332575089,"_label":"nga_13.125_8.625","_status_group":"unknown","_year":2025,"_year_label":"Source release year","_states":[]},"geometry":{"type":"Point","coordinates":[8.625,13.125]}},{"type":"Feature","properties":{"cell_id":"nga_13.125_9.875","population_estimate":16922.0,"settlement_count":14.0,"population_with_nightlight_signal":2556.0,"population_without_nightlight_signal":14366.0,"nightlight_population_share_pct":15.10459756529961,"total_buildings":3979.0,"modeled_demand":1357.2,"population_weighted_distance_transmission_km":21.485100460938423,"population_weighted_distance_gridlight_km":7.49284133081196,"_label":"nga_13.125_9.875","_status_group":"unknown","_year":2025,"_year_label":"Source release year","_states":[]},"geometry":{"type":"Point","coordinates":[9.875,13.125]}},{"type":"Feature","properties":{"cell_id":"nga_13.125_10.125","population_estimate":27097.0,"settlement_count":19.0,"population_with_nightlight_signal":21060.0,"population_without_nightlight_signal":6037.0,"nightlight_population_share_pct":77.72078089825442,"total_buildings":6121.0,"modeled_demand":2156.3999999999996,"population_weighted_distance_transmission_km":20.32360076761265,"population_weighted_distance_gridlight_km":0.751813595600989,"_label":"nga_13.125_10.125","_status_group":"unknown","_year":2025,"_year_label":"Source release year","_states":["Yobe"]},"geometry":{"type":"Point","coordinates":[10.125,13.125]}},{"type":"Feature","properties":{"cell_id":"nga_13.125_10.375","population_estimate":25782.0,"settlement_count":34.0,"population_with_nightlight_signal":2688.0,"population_without_nightlight_signal":23094.0,"nightlight_population_share_pct":10.425878519897603,"total_buildings":6062.0,"modeled_demand":2050.1,"population_weighted_distance_transmission_km":20.793964005895585,"population_weighted_distance_gridlight_km":9.601178380265305,"_label":"nga_13.125_10.375","_status_group":"unknown","_year":2025,"_year_label":"Source release year","_states":["Yobe"]},"geometry":{"type":"Point","coordinates":[10.375,13.125]}},{"type":"Feature","properties":{"cell_id":"nga_13.125_10.625","population_estimate":22950.0,"settlement_count":49.0,"population_with_nightlight_signal":0.0,"population_without_nightlight_signal":22950.0,"nightlight_population_share_pct":0.0,"total_buildings":5396.0,"modeled_demand":1854.9,"population_weighted_distance_transmission_km":27.894687145969502,"population_weighted_distance_gridlight_km":16.190747450980393,"_label":"nga_13.125_10.625","_status_group":"unknown","_year":2025,"_year_label":"Source release year","_states":["Yobe"]},"geometry":{"type":"Point","coordinates":[10.625,13.125]}},{"type":"Feature","properties":{"cell_id":"nga_13.125_10.875","population_estimate":15153.0,"settlement_count":38.0,"population_with_nightlight_signal":4895.0,"population_without_nightlight_signal":10258.0,"nightlight_population_share_pct":32.303834224246025,"total_buildings":3563.0,"modeled_demand":1241.1999999999998,"population_weighted_distance_transmission_km":17.922769088629316,"population_weighted_distance_gridlight_km":6.262139510327986,"_label":"nga_13.125_10.875","_status_group":"unknown","_year":2025,"_year_label":"Source release year","_states":["Yobe"]},"geometry":{"type":"Point","coordinates":[10.875,13.125]}},{"type":"Feature","properties":{"cell_id":"nga_13.125_11.125","population_estimate":51201.0,"settlement_count":51.0,"population_with_nightlight_signal":31745.0,"population_without_nightlight_signal":19456.0,"nightlight_population_share_pct":62.00074217300443,"total_buildings":11160.0,"modeled_demand":3888.3000000000006,"population_weighted_distance_transmission_km":4.271976914513388,"population_weighted_distance_gridlight_km":3.0316002421827695,"_label":"nga_13.125_11.125","_status_group":"unknown","_year":2025,"_year_label":"Source release year","_states":["Yobe"]},"geometry":{"type":"Point","coordinates":[11.125,13.125]}},{"type":"Feature","properties":{"cell_id":"nga_13.125_11.375","population_estimate":28256.0,"settlement_count":50.0,"population_with_nightlight_signal":0.0,"population_without_nightlight_signal":28256.0,"nightlight_population_share_pct":0.0,"total_buildings":6644.0,"modeled_demand":2238.9,"population_weighted_distance_transmission_km":13.248737967157416,"population_weighted_distance_gridlight_km":14.45357520526614,"_label":"nga_13.125_11.375","_status_group":"unknown","_year":2025,"_year_label":"Source release year","_states":["Yobe"]},"geometry":{"type":"Point","coordinates":[11.375,13.125]}},{"type":"Feature","properties":{"cell_id":"nga_13.125_11.625","population_estimate":48114.0,"settlement_count":66.0,"population_with_nightlight_signal":22068.0,"population_without_nightlight_signal":26046.0,"nightlight_population_share_pct":45.86606808829031,"total_buildings":10800.0,"modeled_demand":3733.6999999999994,"population_weighted_distance_transmission_km":2.103987820592759,"population_weighted_distance_gridlight_km":6.630906679968407,"_label":"nga_13.125_11.625","_status_group":"unknown","_year":2025,"_year_label":"Source release year","_states":["Yobe"]},"geometry":{"type":"Point","coordinates":[11.625,13.125]}},{"type":"Feature","properties":{"cell_id":"nga_13.125_11.875","population_estimate":48630.0,"settlement_count":89.0,"population_with_nightlight_signal":5299.0,"population_without_nightlight_signal":43331.0,"nightlight_population_share_pct":10.896565905819452,"total_buildings":11434.0,"modeled_demand":3902.4,"population_weighted_distance_transmission_km":9.17321262595106,"population_weighted_distance_gridlight_km":12.359790294057165,"_label":"nga_13.125_11.875","_status_group":"unknown","_year":2025,"_year_label":"Source release year","_states":["Yobe"]},"geometry":{"type":"Point","coordinates":[11.875,13.125]}},{"type":"Feature","properties":{"cell_id":"nga_13.125_12.125","population_estimate":41944.0,"settlement_count":63.0,"population_with_nightlight_signal":0.0,"population_without_nightlight_signal":41944.0,"nightlight_population_share_pct":0.0,"total_buildings":9593.0,"modeled_demand":3250.2999999999997,"population_weighted_distance_transmission_km":27.375375977493796,"population_weighted_distance_gridlight_km":25.309477326912077,"_label":"nga_13.125_12.125","_status_group":"unknown","_year":2025,"_year_label":"Source release year","_states":[]},"geometry":{"type":"Point","coordinates":[12.125,13.125]}},{"type":"Feature","properties":{"cell_id":"nga_13.125_12.375","population_estimate":12249.0,"settlement_count":38.0,"population_with_nightlight_signal":0.0,"population_without_nightlight_signal":12249.0,"nightlight_population_share_pct":0.0,"total_buildings":2880.0,"modeled_demand":966.0,"population_weighted_distance_transmission_km":48.09699730590252,"population_weighted_distance_gridlight_km":17.42435782512858,"_label":"nga_13.125_12.375","_status_group":"unknown","_year":2025,"_year_label":"Source release year","_states":[]},"geometry":{"type":"Point","coordinates":[12.375,13.125]}},{"type":"Feature","properties":{"cell_id":"nga_13.125_12.625","population_estimate":72293.0,"settlement_count":107.0,"population_with_nightlight_signal":51454.0,"population_without_nightlight_signal":20839.0,"nightlight_population_share_pct":71.17424923574896,"total_buildings":15918.0,"modeled_demand":5474.7,"population_weighted_distance_transmission_km":66.68465632910517,"population_weighted_distance_gridlight_km":3.456478068416029,"_label":"nga_13.125_12.625","_status_group":"unknown","_year":2025,"_year_label":"Source release year","_states":["Borno"]},"geometry":{"type":"Point","coordinates":[12.625,13.125]}},{"type":"Feature","properties":{"cell_id":"nga_13.125_12.875","population_estimate":10099.0,"settlement_count":58.0,"population_with_nightlight_signal":0.0,"population_without_nightlight_signal":10099.0,"nightlight_population_share_pct":0.0,"total_buildings":2374.0,"modeled_demand":799.0,"population_weighted_distance_transmission_km":72.02855926329339,"population_weighted_distance_gridlight_km":37.81569115754036,"_label":"nga_13.125_12.875","_status_group":"unknown","_year":2025,"_year_label":"Source release year","_states":["Borno"]},"geometry":{"type":"Point","coordinates":[12.875,13.125]}},{"type":"Feature","properties":{"cell_id":"nga_13.125_13.125","population_estimate":5859.0,"settlement_count":40.0,"population_with_nightlight_signal":0.0,"population_without_nightlight_signal":5859.0,"nightlight_population_share_pct":0.0,"total_buildings":1378.0,"modeled_demand":461.9,"population_weighted_distance_transmission_km":68.73504522956136,"population_weighted_distance_gridlight_km":56.4895891790408,"_label":"nga_13.125_13.125","_status_group":"unknown","_year":2025,"_year_label":"Source release year","_states":["Borno"]},"geometry":{"type":"Point","coordinates":[13.125,13.125]}},{"type":"Feature","properties":{"cell_id":"nga_13.125_13.375","population_estimate":5175.0,"settlement_count":31.0,"population_with_nightlight_signal":0.0,"population_without_nightlight_signal":5175.0,"nightlight_population_share_pct":0.0,"total_buildings":1217.0,"modeled_demand":408.4,"population_weighted_distance_transmission_km":60.82986473429951,"population_weighted_distance_gridlight_km":43.06884057971015,"_label":"nga_13.125_13.375","_status_group":"unknown","_year":2025,"_year_label":"Source release year","_states":["Borno"]},"geometry":{"type":"Point","coordinates":[13.375,13.125]}},{"type":"Feature","properties":{"cell_id":"nga_13.125_13.625","population_estimate":106.0,"settlement_count":1.0,"population_with_nightlight_signal":0.0,"population_without_nightlight_signal":106.0,"nightlight_population_share_pct":0.0,"total_buildings":25.0,"modeled_demand":8.4,"population_weighted_distance_transmission_km":42.96,"population_weighted_distance_gridlight_km":19.263,"_label":"nga_13.125_13.625","_status_group":"unknown","_year":2025,"_year_label":"Source release year","_states":["Borno"]},"geometry":{"type":"Point","coordinates":[13.625,13.125]}},{"type":"Feature","properties":{"cell_id":"nga_13.125_13.875","population_estimate":58997.0,"settlement_count":9.0,"population_with_nightlight_signal":54929.0,"population_without_nightlight_signal":4068.0,"nightlight_population_share_pct":93.10473413902402,"total_buildings":12039.0,"modeled_demand":4245.900000000001,"population_weighted_distance_transmission_km":52.05675915724529,"population_weighted_distance_gridlight_km":0.2584763801549231,"_label":"nga_13.125_13.875","_status_group":"unknown","_year":2025,"_year_label":"Source release year","_states":["Borno"]},"geometry":{"type":"Point","coordinates":[13.875,13.125]}},{"type":"Feature","properties":{"cell_id":"nga_13.375_4.125","population_estimate":24309.0,"settlement_count":23.0,"population_with_nightlight_signal":0.0,"population_without_nightlight_signal":24309.0,"nightlight_population_share_pct":0.0,"total_buildings":5524.0,"modeled_demand":1890.9,"population_weighted_distance_transmission_km":5.646783495824592,"population_weighted_distance_gridlight_km":53.70064214899832,"_label":"nga_13.375_4.125","_status_group":"unknown","_year":2025,"_year_label":"Source release year","_states":[]},"geometry":{"type":"Point","coordinates":[4.125,13.375]}},{"type":"Feature","properties":{"cell_id":"nga_13.375_4.375","population_estimate":18387.0,"settlement_count":25.0,"population_with_nightlight_signal":0.0,"population_without_nightlight_signal":18387.0,"nightlight_population_share_pct":0.0,"total_buildings":4323.0,"modeled_demand":1467.5,"population_weighted_distance_transmission_km":4.749847174634253,"population_weighted_distance_gridlight_km":58.95565856311523,"_label":"nga_13.375_4.375","_status_group":"unknown","_year":2025,"_year_label":"Source release year","_states":["Sokoto"]},"geometry":{"type":"Point","coordinates":[4.375,13.375]}},{"type":"Feature","properties":{"cell_id":"nga_13.375_4.625","population_estimate":22972.0,"settlement_count":13.0,"population_with_nightlight_signal":0.0,"population_without_nightlight_signal":22972.0,"nightlight_population_share_pct":0.0,"total_buildings":5026.0,"modeled_demand":1773.2999999999995,"population_weighted_distance_transmission_km":0.1353404144175518,"population_weighted_distance_gridlight_km":55.07302707644089,"_label":"nga_13.375_4.625","_status_group":"unknown","_year":2025,"_year_label":"Source release year","_states":["Sokoto"]},"geometry":{"type":"Point","coordinates":[4.625,13.375]}},{"type":"Feature","properties":{"cell_id":"nga_13.375_4.875","population_estimate":97560.0,"settlement_count":84.0,"population_with_nightlight_signal":0.0,"population_without_nightlight_signal":97560.0,"nightlight_population_share_pct":0.0,"total_buildings":21939.0,"modeled_demand":7755.4,"population_weighted_distance_transmission_km":0.954098708487085,"population_weighted_distance_gridlight_km":31.084831939319393,"_label":"nga_13.375_4.875","_status_group":"unknown","_year":2025,"_year_label":"Source release year","_states":["Sokoto"]},"geometry":{"type":"Point","coordinates":[4.875,13.375]}},{"type":"Feature","properties":{"cell_id":"nga_13.375_5.125","population_estimate":197222.0,"settlement_count":228.0,"population_with_nightlight_signal":37463.0,"population_without_nightlight_signal":159759.0,"nightlight_population_share_pct":18.995345346867996,"total_buildings":44524.0,"modeled_demand":15594.5,"population_weighted_distance_transmission_km":1.7011379055074989,"population_weighted_distance_gridlight_km":8.433172272870168,"_label":"nga_13.375_5.125","_status_group":"unknown","_year":2025,"_year_label":"Source release year","_states":["Sokoto"]},"geometry":{"type":"Point","coordinates":[5.125,13.375]}},{"type":"Feature","properties":{"cell_id":"nga_13.375_5.375","population_estimate":342171.0,"settlement_count":195.0,"population_with_nightlight_signal":54227.0,"population_without_nightlight_signal":287944.0,"nightlight_population_share_pct":15.847923991220764,"total_buildings":74403.0,"modeled_demand":26230.6,"population_weighted_distance_transmission_km":0.9298081660923924,"population_weighted_distance_gridlight_km":7.47584875983061,"_label":"nga_13.375_5.375","_status_group":"unknown","_year":2025,"_year_label":"Source release year","_states":["Sokoto"]},"geometry":{"type":"Point","coordinates":[5.375,13.375]}},{"type":"Feature","properties":{"cell_id":"nga_13.375_5.625","population_estimate":196925.0,"settlement_count":71.0,"population_with_nightlight_signal":29355.0,"population_without_nightlight_signal":167570.0,"nightlight_population_share_pct":14.90669036435191,"total_buildings":42795.0,"modeled_demand":15251.0,"population_weighted_distance_transmission_km":1.7891649104989211,"population_weighted_distance_gridlight_km":7.956450836612924,"_label":"nga_13.375_5.625","_status_group":"unknown","_year":2025,"_year_label":"Source release year","_states":["Sokoto"]},"geometry":{"type":"Point","coordinates":[5.625,13.375]}},{"type":"Feature","properties":{"cell_id":"nga_13.375_5.875","population_estimate":74317.0,"settlement_count":63.0,"population_with_nightlight_signal":566.0,"population_without_nightlight_signal":73751.0,"nightlight_population_share_pct":0.7616023251745899,"total_buildings":16493.0,"modeled_demand":5714.599999999999,"population_weighted_distance_transmission_km":3.062390435566559,"population_weighted_distance_gridlight_km":7.2726955474521295,"_label":"nga_13.375_5.875","_status_group":"unknown","_year":2025,"_year_label":"Source release year","_states":["Sokoto"]},"geometry":{"type":"Point","coordinates":[5.875,13.375]}},{"type":"Feature","properties":{"cell_id":"nga_13.375_6.125","population_estimate":29532.0,"settlement_count":63.0,"population_with_nightlight_signal":0.0,"population_without_nightlight_signal":29532.0,"nightlight_population_share_pct":0.0,"total_buildings":6846.0,"modeled_demand":2308.7000000000007,"population_weighted_distance_transmission_km":12.656726601652446,"population_weighted_distance_gridlight_km":24.9888966544765,"_label":"nga_13.375_6.125","_status_group":"unknown","_year":2025,"_year_label":"Source release year","_states":["Sokoto"]},"geometry":{"type":"Point","coordinates":[6.125,13.375]}},{"type":"Feature","properties":{"cell_id":"nga_13.375_6.375","population_estimate":122881.0,"settlement_count":84.0,"population_with_nightlight_signal":0.0,"population_without_nightlight_signal":122881.0,"nightlight_population_share_pct":0.0,"total_buildings":27905.0,"modeled_demand":9665.6,"population_weighted_distance_transmission_km":1.494802288392835,"population_weighted_distance_gridlight_km":13.615215924349572,"_label":"nga_13.375_6.375","_status_group":"unknown","_year":2025,"_year_label":"Source release year","_states":["Sokoto"]},"geometry":{"type":"Point","coordinates":[6.375,13.375]}},{"type":"Feature","properties":{"cell_id":"nga_13.375_6.625","population_estimate":29135.0,"settlement_count":65.0,"population_with_nightlight_signal":0.0,"population_without_nightlight_signal":29135.0,"nightlight_population_share_pct":0.0,"total_buildings":6851.0,"modeled_demand":2312.7,"population_weighted_distance_transmission_km":19.295835592929468,"population_weighted_distance_gridlight_km":27.0239122361421,"_label":"nga_13.375_6.625","_status_group":"unknown","_year":2025,"_year_label":"Source release year","_states":["Sokoto"]},"geometry":{"type":"Point","coordinates":[6.625,13.375]}},{"type":"Feature","properties":{"cell_id":"nga_13.375_7.625","population_estimate":1289.0,"settlement_count":5.0,"population_with_nightlight_signal":0.0,"population_without_nightlight_signal":1289.0,"nightlight_population_share_pct":0.0,"total_buildings":303.0,"modeled_demand":102.6,"population_weighted_distance_transmission_km":2.606726144297905,"population_weighted_distance_gridlight_km":3.4166609775019388,"_label":"nga_13.375_7.625","_status_group":"unknown","_year":2025,"_year_label":"Source release year","_states":[]},"geometry":{"type":"Point","coordinates":[7.625,13.375]}},{"type":"Feature","properties":{"cell_id":"nga_13.375_7.875","population_estimate":75371.0,"settlement_count":64.0,"population_with_nightlight_signal":34617.0,"population_without_nightlight_signal":40754.0,"nightlight_population_share_pct":45.92880550875005,"total_buildings":16868.0,"modeled_demand":5865.8,"population_weighted_distance_transmission_km":0.8395751681681283,"population_weighted_distance_gridlight_km":5.087948866274827,"_label":"nga_13.375_7.875","_status_group":"unknown","_year":2025,"_year_label":"Source release year","_states":[]},"geometry":{"type":"Point","coordinates":[7.875,13.375]}},{"type":"Feature","properties":{"cell_id":"nga_13.375_8.125","population_estimate":18276.0,"settlement_count":49.0,"population_with_nightlight_signal":5299.0,"population_without_nightlight_signal":12977.0,"nightlight_population_share_pct":28.99430947690961,"total_buildings":4297.0,"modeled_demand":1460.6,"population_weighted_distance_transmission_km":2.093433464653097,"population_weighted_distance_gridlight_km":4.5094089516305536,"_label":"nga_13.375_8.125","_status_group":"unknown","_year":2025,"_year_label":"Source release year","_states":[]},"geometry":{"type":"Point","coordinates":[8.125,13.375]}},{"type":"Feature","properties":{"cell_id":"nga_13.375_10.375","population_estimate":987.0,"settlement_count":3.0,"population_with_nightlight_signal":0.0,"population_without_nightlight_signal":987.0,"nightlight_population_share_pct":0.0,"total_buildings":232.0,"modeled_demand":77.7,"population_weighted_distance_transmission_km":43.577223910840935,"population_weighted_distance_gridlight_km":4.167156028368795,"_label":"nga_13.375_10.375","_status_group":"unknown","_year":2025,"_year_label":"Source release year","_states":[]},"geometry":{"type":"Point","coordinates":[10.375,13.375]}},{"type":"Feature","properties":{"cell_id":"nga_13.375_10.625","population_estimate":5844.0,"settlement_count":7.0,"population_with_nightlight_signal":4070.0,"population_without_nightlight_signal":1774.0,"nightlight_population_share_pct":69.64407939767283,"total_buildings":1374.0,"modeled_demand":473.49999999999994,"population_weighted_distance_transmission_km":44.513401779603015,"population_weighted_distance_gridlight_km":4.811909308692676,"_label":"nga_13.375_10.625","_status_group":"unknown","_year":2025,"_year_label":"Source release year","_states":[]},"geometry":{"type":"Point","coordinates":[10.625,13.375]}},{"type":"Feature","properties":{"cell_id":"nga_13.375_10.875","population_estimate":3935.0,"settlement_count":16.0,"population_with_nightlight_signal":0.0,"population_without_nightlight_signal":3935.0,"nightlight_population_share_pct":0.0,"total_buildings":925.0,"modeled_demand":312.29999999999995,"population_weighted_distance_transmission_km":38.84053621346887,"population_weighted_distance_gridlight_km":27.71106709021601,"_label":"nga_13.375_10.875","_status_group":"unknown","_year":2025,"_year_label":"Source release year","_states":["Yobe"]},"geometry":{"type":"Point","coordinates":[10.875,13.375]}},{"type":"Feature","properties":{"cell_id":"nga_13.375_11.125","population_estimate":20906.0,"settlement_count":22.0,"population_with_nightlight_signal":0.0,"population_without_nightlight_signal":20906.0,"nightlight_population_share_pct":0.0,"total_buildings":4753.0,"modeled_demand":1609.5,"population_weighted_distance_transmission_km":32.5113058452119,"population_weighted_distance_gridlight_km":30.200636994164356,"_label":"nga_13.375_11.125","_status_group":"unknown","_year":2025,"_year_label":"Source release year","_states":[]},"geometry":{"type":"Point","coordinates":[11.125,13.375]}},{"type":"Feature","properties":{"cell_id":"nga_13.375_11.375","population_estimate":7162.0,"settlement_count":14.0,"population_with_nightlight_signal":0.0,"population_without_nightlight_signal":7162.0,"nightlight_population_share_pct":0.0,"total_buildings":1684.0,"modeled_demand":568.3000000000001,"population_weighted_distance_transmission_km":24.51688774085451,"population_weighted_distance_gridlight_km":23.173405333705674,"_label":"nga_13.375_11.375","_status_group":"unknown","_year":2025,"_year_label":"Source release year","_states":[]},"geometry":{"type":"Point","coordinates":[11.375,13.375]}},{"type":"Feature","properties":{"cell_id":"nga_13.375_11.625","population_estimate":3026.0,"settlement_count":11.0,"population_with_nightlight_signal":0.0,"population_without_nightlight_signal":3026.0,"nightlight_population_share_pct":0.0,"total_buildings":712.0,"modeled_demand":239.5,"population_weighted_distance_transmission_km":18.073625247851947,"population_weighted_distance_gridlight_km":16.17458294778586,"_label":"nga_13.375_11.625","_status_group":"unknown","_year":2025,"_year_label":"Source release year","_states":[]},"geometry":{"type":"Point","coordinates":[11.625,13.375]}},{"type":"Feature","properties":{"cell_id":"nga_13.375_11.875","population_estimate":544.0,"settlement_count":4.0,"population_with_nightlight_signal":0.0,"population_without_nightlight_signal":544.0,"nightlight_population_share_pct":0.0,"total_buildings":128.0,"modeled_demand":42.9,"population_weighted_distance_transmission_km":19.411158088235293,"population_weighted_distance_gridlight_km":7.50117830882353,"_label":"nga_13.375_11.875","_status_group":"unknown","_year":2025,"_year_label":"Source release year","_states":[]},"geometry":{"type":"Point","coordinates":[11.875,13.375]}},{"type":"Feature","properties":{"cell_id":"nga_13.375_12.625","population_estimate":8359.0,"settlement_count":18.0,"population_with_nightlight_signal":0.0,"population_without_nightlight_signal":8359.0,"nightlight_population_share_pct":0.0,"total_buildings":1965.0,"modeled_demand":665.8,"population_weighted_distance_transmission_km":88.54179806196912,"population_weighted_distance_gridlight_km":27.974591099413804,"_label":"nga_13.375_12.625","_status_group":"unknown","_year":2025,"_year_label":"Source release year","_states":[]},"geometry":{"type":"Point","coordinates":[12.625,13.375]}},{"type":"Feature","properties":{"cell_id":"nga_13.375_12.875","population_estimate":22623.0,"settlement_count":70.0,"population_with_nightlight_signal":0.0,"population_without_nightlight_signal":22623.0,"nightlight_population_share_pct":0.0,"total_buildings":5132.0,"modeled_demand":1752.7,"population_weighted_distance_transmission_km":102.88511028599214,"population_weighted_distance_gridlight_km":44.80503646731202,"_label":"nga_13.375_12.875","_status_group":"unknown","_year":2025,"_year_label":"Source release year","_states":["Borno"]},"geometry":{"type":"Point","coordinates":[12.875,13.375]}},{"type":"Feature","properties":{"cell_id":"nga_13.375_13.125","population_estimate":5588.0,"settlement_count":31.0,"population_with_nightlight_signal":0.0,"population_without_nightlight_signal":5588.0,"nightlight_population_share_pct":0.0,"total_buildings":1314.0,"modeled_demand":440.2,"population_weighted_distance_transmission_km":99.59486220472438,"population_weighted_distance_gridlight_km":37.359981209735146,"_label":"nga_13.375_13.125","_status_group":"unknown","_year":2025,"_year_label":"Source release year","_states":["Borno"]},"geometry":{"type":"Point","coordinates":[13.125,13.375]}},{"type":"Feature","properties":{"cell_id":"nga_13.375_13.375","population_estimate":4322.0,"settlement_count":6.0,"population_with_nightlight_signal":0.0,"population_without_nightlight_signal":4322.0,"nightlight_population_share_pct":0.0,"total_buildings":983.0,"modeled_demand":345.2,"population_weighted_distance_transmission_km":87.06162656177695,"population_weighted_distance_gridlight_km":32.83138153632577,"_label":"nga_13.375_13.375","_status_group":"unknown","_year":2025,"_year_label":"Source release year","_states":["Borno"]},"geometry":{"type":"Point","coordinates":[13.375,13.375]}},{"type":"Feature","properties":{"cell_id":"nga_13.375_13.625","population_estimate":1892.0,"settlement_count":9.0,"population_with_nightlight_signal":0.0,"population_without_nightlight_signal":1892.0,"nightlight_population_share_pct":0.0,"total_buildings":445.0,"modeled_demand":149.50000000000003,"population_weighted_distance_transmission_km":79.67891649048626,"population_weighted_distance_gridlight_km":32.370668076109936,"_label":"nga_13.375_13.625","_status_group":"unknown","_year":2025,"_year_label":"Source release year","_states":["Borno"]},"geometry":{"type":"Point","coordinates":[13.625,13.375]}},{"type":"Feature","properties":{"cell_id":"nga_13.375_13.875","population_estimate":366.0,"settlement_count":1.0,"population_with_nightlight_signal":0.0,"population_without_nightlight_signal":366.0,"nightlight_population_share_pct":0.0,"total_buildings":86.0,"modeled_demand":28.8,"population_weighted_distance_transmission_km":73.54,"population_weighted_distance_gridlight_km":10.048,"_label":"nga_13.375_13.875","_status_group":"unknown","_year":2025,"_year_label":"Source release year","_states":[]},"geometry":{"type":"Point","coordinates":[13.875,13.375]}},{"type":"Feature","properties":{"cell_id":"nga_13.625_4.375","population_estimate":33080.0,"settlement_count":40.0,"population_with_nightlight_signal":0.0,"population_without_nightlight_signal":33080.0,"nightlight_population_share_pct":0.0,"total_buildings":7535.0,"modeled_demand":2560.9,"population_weighted_distance_transmission_km":21.03374516324063,"population_weighted_distance_gridlight_km":78.7554973095526,"_label":"nga_13.625_4.375","_status_group":"unknown","_year":2025,"_year_label":"Source release year","_states":["Sokoto"]},"geometry":{"type":"Point","coordinates":[4.375,13.625]}},{"type":"Feature","properties":{"cell_id":"nga_13.625_4.625","population_estimate":10120.0,"settlement_count":13.0,"population_with_nightlight_signal":0.0,"population_without_nightlight_signal":10120.0,"nightlight_population_share_pct":0.0,"total_buildings":2378.0,"modeled_demand":800.7,"population_weighted_distance_transmission_km":14.882465415019762,"population_weighted_distance_gridlight_km":67.01717845849802,"_label":"nga_13.625_4.625","_status_group":"unknown","_year":2025,"_year_label":"Source release year","_states":["Sokoto"]},"geometry":{"type":"Point","coordinates":[4.625,13.625]}},{"type":"Feature","properties":{"cell_id":"nga_13.625_4.875","population_estimate":54639.0,"settlement_count":40.0,"population_with_nightlight_signal":0.0,"population_without_nightlight_signal":54639.0,"nightlight_population_share_pct":0.0,"total_buildings":12654.0,"modeled_demand":4320.0,"population_weighted_distance_transmission_km":3.5946159336737495,"population_weighted_distance_gridlight_km":40.611351086220466,"_label":"nga_13.625_4.875","_status_group":"unknown","_year":2025,"_year_label":"Source release year","_states":["Sokoto"]},"geometry":{"type":"Point","coordinates":[4.875,13.625]}},{"type":"Feature","properties":{"cell_id":"nga_13.625_5.125","population_estimate":63493.0,"settlement_count":36.0,"population_with_nightlight_signal":0.0,"population_without_nightlight_signal":63493.0,"nightlight_population_share_pct":0.0,"total_buildings":14601.0,"modeled_demand":4953.4,"population_weighted_distance_transmission_km":5.433401162332856,"population_weighted_distance_gridlight_km":15.272690233569053,"_label":"nga_13.625_5.125","_status_group":"unknown","_year":2025,"_year_label":"Source release year","_states":["Sokoto"]},"geometry":{"type":"Point","coordinates":[5.125,13.625]}},{"type":"Feature","properties":{"cell_id":"nga_13.625_5.375","population_estimate":364455.0,"settlement_count":171.0,"population_with_nightlight_signal":98202.0,"population_without_nightlight_signal":266253.0,"nightlight_population_share_pct":26.944890315676833,"total_buildings":81849.0,"modeled_demand":28516.1,"population_weighted_distance_transmission_km":1.3971574268428202,"population_weighted_distance_gridlight_km":10.426550795022704,"_label":"nga_13.625_5.375","_status_group":"unknown","_year":2025,"_year_label":"Source release year","_states":["Sokoto"]},"geometry":{"type":"Point","coordinates":[5.375,13.625]}},{"type":"Feature","properties":{"cell_id":"nga_13.625_5.625","population_estimate":266627.0,"settlement_count":162.0,"population_with_nightlight_signal":0.0,"population_without_nightlight_signal":266627.0,"nightlight_population_share_pct":0.0,"total_buildings":60425.0,"modeled_demand":20694.800000000003,"population_weighted_distance_transmission_km":4.641460579761239,"population_weighted_distance_gridlight_km":16.469569570973686,"_label":"nga_13.625_5.625","_status_group":"unknown","_year":2025,"_year_label":"Source release year","_states":["Sokoto"]},"geometry":{"type":"Point","coordinates":[5.625,13.625]}},{"type":"Feature","properties":{"cell_id":"nga_13.625_5.875","population_estimate":173134.0,"settlement_count":163.0,"population_with_nightlight_signal":0.0,"population_without_nightlight_signal":173134.0,"nightlight_population_share_pct":0.0,"total_buildings":39807.0,"modeled_demand":13579.1,"population_weighted_distance_transmission_km":5.0618034008340365,"population_weighted_distance_gridlight_km":18.240376280799843,"_label":"nga_13.625_5.875","_status_group":"unknown","_year":2025,"_year_label":"Source release year","_states":["Sokoto"]},"geometry":{"type":"Point","coordinates":[5.875,13.625]}},{"type":"Feature","properties":{"cell_id":"nga_13.625_6.125","population_estimate":145136.0,"settlement_count":121.0,"population_with_nightlight_signal":0.0,"population_without_nightlight_signal":145136.0,"nightlight_population_share_pct":0.0,"total_buildings":32619.0,"modeled_demand":11135.999999999998,"population_weighted_distance_transmission_km":2.9578524969683606,"population_weighted_distance_gridlight_km":17.56595145932091,"_label":"nga_13.625_6.125","_status_group":"unknown","_year":2025,"_year_label":"Source release year","_states":["Sokoto"]},"geometry":{"type":"Point","coordinates":[6.125,13.625]}},{"type":"Feature","properties":{"cell_id":"nga_13.625_6.375","population_estimate":126474.0,"settlement_count":59.0,"population_with_nightlight_signal":50867.0,"population_without_nightlight_signal":75607.0,"nightlight_population_share_pct":40.219333617976815,"total_buildings":27732.0,"modeled_demand":9987.8,"population_weighted_distance_transmission_km":2.043243512500593,"population_weighted_distance_gridlight_km":3.7137734791340513,"_label":"nga_13.625_6.375","_status_group":"unknown","_year":2025,"_year_label":"Source release year","_states":["Sokoto"]},"geometry":{"type":"Point","coordinates":[6.375,13.625]}},{"type":"Feature","properties":{"cell_id":"nga_13.625_12.875","population_estimate":273.0,"settlement_count":2.0,"population_with_nightlight_signal":0.0,"population_without_nightlight_signal":273.0,"nightlight_population_share_pct":0.0,"total_buildings":64.0,"modeled_demand":21.4,"population_weighted_distance_transmission_km":114.35428571428572,"population_weighted_distance_gridlight_km":41.63925274725275,"_label":"nga_13.625_12.875","_status_group":"unknown","_year":2025,"_year_label":"Source release year","_states":[]},"geometry":{"type":"Point","coordinates":[12.875,13.625]}},{"type":"Feature","properties":{"cell_id":"nga_13.625_13.125","population_estimate":12600.0,"settlement_count":17.0,"population_with_nightlight_signal":0.0,"population_without_nightlight_signal":12600.0,"nightlight_population_share_pct":0.0,"total_buildings":2788.0,"modeled_demand":959.1,"population_weighted_distance_transmission_km":109.1442222222222,"population_weighted_distance_gridlight_km":27.754615952380956,"_label":"nga_13.625_13.125","_status_group":"unknown","_year":2025,"_year_label":"Source release year","_states":[]},"geometry":{"type":"Point","coordinates":[13.125,13.625]}},{"type":"Feature","properties":{"cell_id":"nga_13.625_13.375","population_estimate":35795.0,"settlement_count":18.0,"population_with_nightlight_signal":0.0,"population_without_nightlight_signal":35795.0,"nightlight_population_share_pct":0.0,"total_buildings":7580.0,"modeled_demand":2642.6,"population_weighted_distance_transmission_km":113.85154658471852,"population_weighted_distance_gridlight_km":4.020294510406481,"_label":"nga_13.625_13.375","_status_group":"unknown","_year":2025,"_year_label":"Source release year","_states":["Borno"]},"geometry":{"type":"Point","coordinates":[13.375,13.625]}},{"type":"Feature","properties":{"cell_id":"nga_13.625_13.625","population_estimate":761.0,"settlement_count":4.0,"population_with_nightlight_signal":0.0,"population_without_nightlight_signal":761.0,"nightlight_population_share_pct":0.0,"total_buildings":179.0,"modeled_demand":60.5,"population_weighted_distance_transmission_km":109.35018396846252,"population_weighted_distance_gridlight_km":29.612731931668858,"_label":"nga_13.625_13.625","_status_group":"unknown","_year":2025,"_year_label":"Source release year","_states":["Borno"]},"geometry":{"type":"Point","coordinates":[13.625,13.625]}},{"type":"Feature","properties":{"cell_id":"nga_13.875_5.375","population_estimate":105103.0,"settlement_count":42.0,"population_with_nightlight_signal":16740.0,"population_without_nightlight_signal":88363.0,"nightlight_population_share_pct":15.927233285443805,"total_buildings":23613.0,"modeled_demand":8092.6,"population_weighted_distance_transmission_km":0.9496834533743088,"population_weighted_distance_gridlight_km":5.038604778169986,"_label":"nga_13.875_5.375","_status_group":"unknown","_year":2025,"_year_label":"Source release year","_states":[]},"geometry":{"type":"Point","coordinates":[5.375,13.875]}},{"type":"Feature","properties":{"cell_id":"nga_13.875_5.625","population_estimate":136296.0,"settlement_count":57.0,"population_with_nightlight_signal":0.0,"population_without_nightlight_signal":136296.0,"nightlight_population_share_pct":0.0,"total_buildings":30199.0,"modeled_demand":10556.6,"population_weighted_distance_transmission_km":0.47403885660621,"population_weighted_distance_gridlight_km":14.250315409109584,"_label":"nga_13.875_5.625","_status_group":"unknown","_year":2025,"_year_label":"Source release year","_states":[]},"geometry":{"type":"Point","coordinates":[5.625,13.875]}},{"type":"Feature","properties":{"cell_id":"nga_13.875_5.875","population_estimate":7456.0,"settlement_count":9.0,"population_with_nightlight_signal":0.0,"population_without_nightlight_signal":7456.0,"nightlight_population_share_pct":0.0,"total_buildings":1753.0,"modeled_demand":596.0,"population_weighted_distance_transmission_km":1.0552454399141629,"population_weighted_distance_gridlight_km":30.75666402896996,"_label":"nga_13.875_5.875","_status_group":"unknown","_year":2025,"_year_label":"Source release year","_states":[]},"geometry":{"type":"Point","coordinates":[5.875,13.875]}}]}
