{"type":"FeatureCollection","name":"power_grid","product":{"name":"Infraxis Atlas — Nigeria","master_brand":"Infraxis Atlas","country":"Nigeria","former_name":"Nigeria Infrastructure Atlas","tagline":"Mapping infrastructure. Measuring disruption."},"atlas_release":{"version":"0.12.0","date":"2026-08-05","title":"Infraxis Atlas Rebrand and Pan-African Foundation"},"metadata":{"description":"Mapped electricity transmission and minor-line segments.","source":"OpenStreetMap via Overpass API","source_date":"2026-07-23","license":"ODbL","quality":"B","quality_note":"Useful for geometry screening; voltage attributes are incomplete.","path":"data/processed/05_connectivity/osm_power_grid_nigeria.csv","key":"power_grid","label":"Power Grid Lines","category":"connectivity","category_label":"Connectivity","record_count":931,"download_url":"https://raw.githubusercontent.com/Diamonds10/nigeria-infrastructure-atlas/main/data/processed/05_connectivity/osm_power_grid_nigeria.csv","refresh":{"cadence":"quarterly","last_checked":"2026-07-23","next_review_due":"2026-10-23","review_status":"current"}},"features":[{"type":"Feature","properties":{"power":"line","voltage":"330000","_label":null,"_status_group":"unknown","_states":["Oyo","Osun"]},"geometry":{"type":"LineString","coordinates":[[3.85501,7.37162],[3.84263,7.43886],[3.88001,7.47863],[3.90313,7.48283],[4.01038,7.54754],[4.07673,7.57375],[4.10873,7.59475],[4.16517,7.65028],[4.21739,7.68054],[4.31329,7.75918],[4.40849,7.77277],[4.44803,7.7705],[4.49166,7.7924],[4.57835,7.80098]]}},{"type":"Feature","properties":{"power":"line","voltage":"330000","_label":null,"_status_group":"unknown","_states":["Ogun","Lagos"]},"geometry":{"type":"LineString","coordinates":[[3.24632,6.60357],[3.20861,6.6419],[3.21033,6.84845]]}},{"type":"Feature","properties":{"power":"line","voltage":"33000","_label":null,"_status_group":"unknown","_states":["Abia"]},"geometry":{"type":"LineString","coordinates":[[7.29623,5.17632],[7.32234,5.09276],[7.32282,5.06771]]}},{"type":"Feature","properties":{"power":"line","voltage":"330000","_label":null,"_status_group":"unknown","_states":["Kogi"]},"geometry":{"type":"LineString","coordinates":[[6.65715,7.47082],[6.65497,7.47124]]}},{"type":"Feature","properties":{"power":"line","_label":null,"_status_group":"unknown","_states":["Kogi"]},"geometry":{"type":"LineString","coordinates":[[6.65495,7.47203],[6.65469,7.47158]]}},{"type":"Feature","properties":{"power":"line","_label":null,"_status_group":"unknown","_states":["Kogi"]},"geometry":{"type":"LineString","coordinates":[[6.65892,7.46996],[6.65838,7.47036]]}},{"type":"Feature","properties":{"power":"line","_label":null,"_status_group":"unknown","_states":["Kogi"]},"geometry":{"type":"LineString","coordinates":[[6.65523,7.47188],[6.65496,7.47141]]}},{"type":"Feature","properties":{"power":"line","voltage":"330000","_label":null,"_status_group":"unknown","_states":["Kogi"]},"geometry":{"type":"LineString","coordinates":[[6.6577,7.47061],[6.65715,7.47082]]}},{"type":"Feature","properties":{"power":"line","voltage":"330000","_label":null,"_status_group":"unknown","_states":["Kogi"]},"geometry":{"type":"LineString","coordinates":[[6.65763,7.47047],[6.65715,7.47082]]}},{"type":"Feature","properties":{"power":"line","_label":null,"_status_group":"unknown","_states":["Kogi"]},"geometry":{"type":"LineString","coordinates":[[6.65875,7.46966],[6.65814,7.46996]]}},{"type":"Feature","properties":{"power":"line","_label":null,"_status_group":"unknown","_states":["Kogi"]},"geometry":{"type":"LineString","coordinates":[[6.65859,7.46936],[6.65799,7.46967]]}},{"type":"Feature","properties":{"power":"line","voltage":"330000","_label":null,"_status_group":"unknown","_states":["Kogi","Edo"]},"geometry":{"type":"LineString","coordinates":[[6.65457,7.47077],[6.61332,7.44092],[6.49217,7.40274],[6.44389,7.35234],[6.42706,7.32283],[6.39383,7.29832],[6.38242,7.27987],[6.35024,7.26205],[6.35193,7.22109],[6.32584,7.11079],[6.29533,7.05976],[6.27898,7.00167],[6.26787,6.99684],[6.22333,6.76432],[6.19406,6.72972],[6.15498,6.70238]]}},{"type":"Feature","properties":{"power":"line","voltage":"330000","_label":null,"_status_group":"unknown","_states":["Kogi","Edo"]},"geometry":{"type":"LineString","coordinates":[[6.65418,7.47097],[6.61316,7.44133],[6.49193,7.40312],[6.4435,7.35258],[6.42674,7.32314],[6.39351,7.29864],[6.38211,7.28019],[6.3498,7.2623],[6.35149,7.22117],[6.32542,7.11095],[6.29492,7.05994],[6.27853,7.00206],[6.26748,6.99715],[6.22294,6.76453],[6.19347,6.72986],[6.15474,6.70276]]}},{"type":"Feature","properties":{"power":"line","_label":null,"_status_group":"unknown","_states":["Kogi"]},"geometry":{"type":"LineString","coordinates":[[6.65468,7.47219],[6.65442,7.47174]]}},{"type":"Feature","properties":{"power":"line","_label":null,"_status_group":"unknown","_states":["Kogi"]},"geometry":{"type":"LineString","coordinates":[[6.65821,7.47055],[6.65773,7.4697]]}},{"type":"Feature","properties":{"power":"line","_label":null,"_status_group":"unknown","_states":["Kogi"]},"geometry":{"type":"LineString","coordinates":[[6.6581,7.47061],[6.65762,7.46977]]}},{"type":"Feature","properties":{"power":"line","name":"Ikeja-Sakete","voltage":"330000","_label":"Ikeja-Sakete","_status_group":"unknown","_states":["Ogun","Lagos"]},"geometry":{"type":"LineString","coordinates":[[3.24574,6.60285],[3.21443,6.62541],[3.13282,6.64944],[3.08105,6.65245],[2.95674,6.69313],[2.91992,6.73855],[2.90394,6.73143],[2.69033,6.7517],[2.6493,6.74051]]}},{"type":"Feature","properties":{"power":"line","voltage":"330000","_label":null,"_status_group":"unknown","_states":["Niger","Kaduna"]},"geometry":{"type":"LineString","coordinates":[[7.41116,10.59182],[7.12631,10.40226],[7.01505,10.30678],[6.96808,10.25085],[6.87191,10.15967],[6.83066,10.07971],[6.81569,9.98757],[6.82978,9.97255]]}},{"type":"Feature","properties":{"power":"line","voltage":"330000","_label":null,"_status_group":"unknown","_states":["Niger","Kaduna"]},"geometry":{"type":"LineString","coordinates":[[7.41096,10.59126],[7.12656,10.40187],[7.01536,10.3064],[6.96842,10.25055],[6.87227,10.15938],[6.83111,10.0796],[6.81619,9.98785],[6.82966,9.97298]]}},{"type":"Feature","properties":{"power":"line","name":"Kaduna-Kumbotso","operator":"Transmission Company of Nigeria","voltage":"330000","_label":"Kaduna-Kumbotso","_status_group":"unknown","_states":["Kano","Kaduna"]},"geometry":{"type":"LineString","coordinates":[[7.41125,10.59215],[7.40874,10.59847],[7.47859,10.6689],[7.5101,10.72623],[7.53976,10.7516],[7.56145,10.80534],[7.64381,10.9226],[7.61561,11.02715],[7.66774,11.09067],[7.70638,11.1197],[7.71949,11.13968],[7.83932,11.22925],[7.94323,11.34708],[7.99199,11.36872],[8.02788,11.3668],[8.06874,11.38148],[8.18238,11.47547],[8.37874,11.61421],[8.41142,11.6692],[8.41965,11.77752],[8.43712,11.80284],[8.47433,11.92705]]}},{"type":"Feature","properties":{"power":"line","voltage":"330000","_label":null,"_status_group":"unknown","_states":["Plateau","Kaduna"]},"geometry":{"type":"LineString","coordinates":[[8.84564,9.98856],[8.80826,10.04212],[8.80456,10.08336],[8.77808,10.14628],[8.73745,10.28661],[8.57524,10.43811],[7.98624,10.68019],[7.57599,10.69785],[7.47574,10.6282],[7.41972,10.60608],[7.41159,10.59287]]}},{"type":"Feature","properties":{"power":"line","voltage":"132000","_label":null,"_status_group":"unknown","_states":["Plateau","Bauchi"]},"geometry":{"type":"LineString","coordinates":[[8.84656,9.98748],[8.99859,10.03819],[9.08068,10.04348],[9.26452,10.11773],[9.38519,10.21099],[9.48573,10.2065],[9.50868,10.2173],[9.55456,10.20951],[9.65471,10.24285],[9.82581,10.27298],[9.84996,10.285]]}},{"type":"Feature","properties":{"power":"line","voltage":"132000","_label":null,"_status_group":"unknown","_states":["Gombe","Bauchi"]},"geometry":{"type":"LineString","coordinates":[[11.13711,10.32001],[11.08129,10.3013],[10.9696,10.30367],[10.83915,10.35912],[10.21632,10.2383],[10.15205,10.23537],[10.13442,10.24919],[10.00757,10.25011],[9.88982,10.29807],[9.85,10.28501]]}},{"type":"Feature","properties":{"power":"line","voltage":"330000","_label":null,"_status_group":"unknown","_states":["Plateau","Gombe","Bauchi"]},"geometry":{"type":"LineString","coordinates":[[11.13855,10.31883],[11.08139,10.30087],[10.96955,10.30321],[10.83915,10.35864],[10.21646,10.23781],[10.15189,10.23492],[10.13433,10.24877],[10.00752,10.24969],[9.88981,10.29759],[9.82595,10.27254],[9.65404,10.24219],[9.55375,10.20876],[9.50877,10.21685],[9.48584,10.20605],[9.38527,10.21054],[9.26464,10.1173],[9.20624,10.09269],[9.18113,10.08813],[9.07991,10.04266],[8.99847,10.03863],[8.89505,10.00031],[8.84735,9.99504],[8.84596,9.98866]]}},{"type":"Feature","properties":{"power":"line","voltage":"132000","_label":null,"_status_group":"unknown","_states":["Gombe","Adamawa"]},"geometry":{"type":"LineString","coordinates":[[12.03211,9.48022],[12.02789,9.5182],[12.00393,9.53531],[11.91829,9.55446],[11.87664,9.59477],[11.86375,9.628],[11.80532,9.67096],[11.75712,9.72752],[11.70349,9.71521],[11.65059,9.73523],[11.48365,9.68708],[11.4311,9.70305],[11.36022,9.8224],[11.31129,9.85715],[11.24071,9.8677],[11.15584,10.07837],[11.10868,10.11554],[11.11882,10.20107],[11.11066,10.25329],[11.12025,10.30899],[11.13697,10.31987]]}},{"type":"Feature","properties":{"power":"line","voltage":"132000","_label":null,"_status_group":"unknown","_states":["Gombe"]},"geometry":{"type":"LineString","coordinates":[[11.13768,10.32046],[11.14462,10.35148]]}},{"type":"Feature","properties":{"power":"line","voltage":"132000","_label":null,"_status_group":"unknown","_states":["Gombe"]},"geometry":{"type":"LineString","coordinates":[[11.13777,10.32053],[11.14859,10.32919]]}},{"type":"Feature","properties":{"power":"line","voltage":"330000","_label":null,"_status_group":"unknown","_states":["Gombe","Adamawa"]},"geometry":{"type":"LineString","coordinates":[[11.13879,10.31856],[11.1207,10.30855],[11.11379,10.26873],[11.11932,10.20107],[11.10922,10.11596],[11.15509,10.08146],[11.24108,9.8681],[11.31149,9.85759],[11.36057,9.82273],[11.43161,9.70327],[11.48367,9.68756],[11.65061,9.73577],[11.70357,9.71584],[11.757,9.72823],[11.80565,9.67128],[11.86549,9.62718],[11.88894,9.58162],[11.9246,9.55634],[12.0275,9.52391],[12.03211,9.48022]]}},{"type":"Feature","properties":{"power":"line","voltage":"132000","_label":null,"_status_group":"unknown","_states":["Adamawa"]},"geometry":{"type":"LineString","coordinates":[[12.03564,9.47188],[12.06706,9.45341],[12.11473,9.44691],[12.23103,9.32692],[12.23799,9.30618],[12.26498,9.2775],[12.33681,9.29016],[12.39186,9.27234]]}},{"type":"Feature","properties":{"power":"line","voltage":"132000","_label":null,"_status_group":"unknown","_states":["Adamawa","Taraba"]},"geometry":{"type":"LineString","coordinates":[[11.37891,8.96771],[11.39072,8.97019],[11.39764,8.98863],[11.41903,9.00126],[11.41964,9.03864],[11.45094,9.08181],[11.48208,9.09584],[11.49716,9.09625],[11.51993,9.07371],[11.55637,9.06582],[11.6072,9.02673],[11.69247,8.99186],[11.75355,8.98021],[11.78027,8.98911],[11.84313,8.97679],[11.8815,8.95859],[11.8998,8.95853],[11.93427,8.98012],[12.0075,8.98718],[12.0234,9.00461],[12.0668,9.01652],[12.07982,9.14559],[12.09621,9.16158],[12.10409,9.19615],[12.12026,9.21876],[12.14425,9.24355],[12.18927,9.25852],[12.21651,9.29626],[12.23963,9.30521]]}},{"type":"Feature","properties":{"power":"line","voltage":"330000","_label":null,"_status_group":"unknown","_states":["Kogi"]},"geometry":{"type":"LineString","coordinates":[[6.65351,7.47066],[6.65447,7.56249],[6.67586,7.60759],[6.67979,7.63894],[6.71213,7.68265],[6.71404,7.70899],[6.72877,7.73403],[6.71791,7.76746],[6.66794,7.77478],[6.62377,7.81501],[6.62864,7.82303]]}},{"type":"Feature","properties":{"power":"line","voltage":"330000","_label":null,"_status_group":"unknown","_states":["Edo"]},"geometry":{"type":"LineString","coordinates":[[5.93588,6.57181],[6.0742,6.66464],[6.15498,6.70238]]}},{"type":"Feature","properties":{"power":"line","voltage":"330000","_label":null,"_status_group":"unknown","_states":["Edo"]},"geometry":{"type":"LineString","coordinates":[[6.15474,6.70276],[6.07398,6.66504],[5.93568,6.57218],[5.90179,6.56968],[5.82724,6.46463],[5.80773,6.45217],[5.67904,6.30641]]}},{"type":"Feature","properties":{"power":"line","_label":null,"_status_group":"unknown","_states":["Edo"]},"geometry":{"type":"LineString","coordinates":[[5.66181,6.0748],[5.66645,6.1354],[5.64934,6.16261],[5.63385,6.29431]]}},{"type":"Feature","properties":{"power":"line","_label":null,"_status_group":"unknown","_states":["Delta","Edo"]},"geometry":{"type":"LineString","coordinates":[[5.69192,5.99943],[5.66412,6.05343]]}},{"type":"Feature","properties":{"power":"line","voltage":"330000","_label":null,"_status_group":"unknown","_states":["Borno","Yobe"]},"geometry":{"type":"LineString","coordinates":[[13.08105,11.74139],[13.06887,11.74745],[13.04364,11.80682],[13.02518,11.81594],[12.95639,11.84251],[12.87233,11.84394],[12.52118,11.79942],[12.26451,11.75413],[12.13891,11.71375],[12.03431,11.72378]]}},{"type":"Feature","properties":{"power":"line","voltage":"330000","_label":null,"_status_group":"unknown","_states":["Kwara","Osun","Niger"]},"geometry":{"type":"LineString","coordinates":[[4.57872,7.80203],[4.57137,7.83065],[4.62409,7.96635],[4.71476,8.47164],[4.81803,8.82934],[4.823,8.91634],[4.85447,9.1234],[4.83887,9.12968],[4.83849,9.152],[4.82197,9.16746]]}},{"type":"Feature","properties":{"power":"line","voltage":"330000","_label":null,"_status_group":"unknown","_states":["Delta","Edo","Anambra"]},"geometry":{"type":"LineString","coordinates":[[5.63565,6.29743],[5.72365,6.32969],[5.93193,6.28804],[6.04242,6.28073],[6.17244,6.23725],[6.3036,6.24323],[6.39532,6.2088],[6.54463,6.20903],[6.71807,6.17436],[6.73242,6.13939],[6.78691,6.1112]]}},{"type":"Feature","properties":{"power":"line","voltage":"330000","_label":null,"_status_group":"unknown","_states":["Delta","Edo","Anambra"]},"geometry":{"type":"LineString","coordinates":[[5.63576,6.2958],[5.6654,6.28414],[5.68381,6.31505],[5.72386,6.32925],[5.85226,6.30051],[6.0092,6.28048],[6.15212,6.23137],[6.3144,6.23874],[6.39517,6.20837],[6.54458,6.2085],[6.71773,6.17394],[6.73211,6.13905],[6.74586,6.12586],[6.78691,6.1112]]}},{"type":"Feature","properties":{"power":"line","voltage":"330000","_label":null,"_status_group":"unknown","_states":["Akwa Ibom","Rivers","Abia"]},"geometry":{"type":"LineString","coordinates":[[7.2556,4.84913],[7.2626,4.84862],[7.26272,4.87274],[7.36465,4.93048],[7.46709,4.95662],[7.67389,5.10794],[7.68033,5.15203]]}},{"type":"Feature","properties":{"power":"line","voltage":"330000;132000","_label":null,"_status_group":"unknown","_states":["Adamawa"]},"geometry":{"type":"LineString","coordinates":[[12.23963,9.30521],[12.25877,9.28485],[12.32173,9.29998],[12.35786,9.29189],[12.39309,9.2718]]}},{"type":"Feature","properties":{"power":"line","name":"Kumbotso-Dutse","operator":"Transmission Company of Nigeria","voltage":"132000","_label":"Kumbotso-Dutse","_status_group":"unknown","_states":["Jigawa","Kano"]},"geometry":{"type":"LineString","coordinates":[[8.47677,11.92906],[8.53898,11.89895],[8.67171,11.88452],[8.73095,11.82431],[8.81592,11.80899],[8.84192,11.77699],[8.93952,11.8405],[8.98286,11.85621],[9.07117,11.83271],[9.13324,11.81552],[9.19162,11.75405],[9.31355,11.7499],[9.32651,11.72761],[9.33444,11.68834],[9.34883,11.68979]]}},{"type":"Feature","properties":{"power":"line","_label":null,"_status_group":"unknown","_states":["Lagos"]},"geometry":{"type":"LineString","coordinates":[[3.33431,6.42325],[3.31799,6.43391]]}},{"type":"Feature","properties":{"power":"line","voltage":"330000","_label":null,"_status_group":"unknown","_states":["Edo"]},"geometry":{"type":"LineString","coordinates":[[5.5913,6.48736],[5.62606,6.46243],[5.69152,6.43462],[5.70053,6.42422],[5.6851,6.40952]]}},{"type":"Feature","properties":{"power":"line","voltage":"330000","_label":null,"_status_group":"unknown","_states":["Kwara","Osun","Niger"]},"geometry":{"type":"LineString","coordinates":[[4.57802,7.80243],[4.57089,7.83066],[4.62363,7.96645],[4.71428,8.47172],[4.81753,8.82941],[4.82257,8.9164],[4.85397,9.12312],[4.83847,9.12938],[4.83798,9.1519],[4.82084,9.16716]]}},{"type":"Feature","properties":{"power":"line","voltage":"330000","_label":null,"_status_group":"unknown","_states":["Kwara","Osun","Niger"]},"geometry":{"type":"LineString","coordinates":[[4.57772,7.8026],[4.57042,7.83066],[4.623,7.96608],[4.71385,8.47186],[4.81711,8.82947],[4.82209,8.91647],[4.84677,9.07802],[4.82172,9.08953],[4.82391,9.10782],[4.80792,9.14766],[4.82036,9.1669]]}},{"type":"Feature","properties":{"power":"line","voltage":"330000","_label":null,"_status_group":"unknown","_states":["Niger"]},"geometry":{"type":"LineString","coordinates":[[4.82252,9.16906],[4.86222,9.23117],[4.90959,9.26423],[5.05216,9.30296],[5.31047,9.3399]]}},{"type":"Feature","properties":{"power":"line","voltage":"330000","_label":null,"_status_group":"unknown","_states":["Niger"]},"geometry":{"type":"LineString","coordinates":[[4.82202,9.16891],[4.86193,9.23152],[4.90942,9.26464],[5.05205,9.30342],[5.63642,9.39131],[5.85921,9.44295],[5.93736,9.44113],[6.40676,9.63442],[6.80092,9.97649],[6.82983,9.97238]]}},{"type":"Feature","properties":{"power":"line","voltage":"330000","_label":null,"_status_group":"unknown","_states":["Niger"]},"geometry":{"type":"LineString","coordinates":[[4.82136,9.16872],[4.80193,9.35499],[4.79003,9.37245],[4.70543,9.70167]]}},{"type":"Feature","properties":{"power":"line","voltage":"330000","_label":null,"_status_group":"unknown","_states":["Niger"]},"geometry":{"type":"LineString","coordinates":[[4.82066,9.16851],[4.80151,9.3544],[4.79026,9.36968],[4.69191,9.75254],[4.6313,9.84558],[4.61309,9.85991]]}},{"type":"Feature","properties":{"power":"line","voltage":"330000","_label":null,"_status_group":"unknown","_states":["Niger"]},"geometry":{"type":"LineString","coordinates":[[4.79158,9.14144],[4.82012,9.16839]]}},{"type":"Feature","properties":{"power":"line","voltage":"132000","_label":null,"_status_group":"unknown","_states":["Edo"]},"geometry":{"type":"LineString","coordinates":[[5.6751,6.44107],[5.68021,6.40719],[5.68707,6.40519]]}},{"type":"Feature","properties":{"power":"line","operator":"KEDCO","voltage":"11000","_label":null,"_status_group":"unknown","_states":["Kano"]},"geometry":{"type":"LineString","coordinates":[[8.53517,11.99119],[8.53688,11.99167]]}},{"type":"Feature","properties":{"power":"line","operator":"KEDCO","voltage":"11000","_label":null,"_status_group":"unknown","_states":["Kano"]},"geometry":{"type":"LineString","coordinates":[[8.54069,11.98752],[8.53514,11.99134]]}},{"type":"Feature","properties":{"power":"line","operator":"KEDCO","voltage":"11000","_label":null,"_status_group":"unknown","_states":["Kano"]},"geometry":{"type":"LineString","coordinates":[[8.54144,11.99293],[8.54156,11.99261]]}},{"type":"Feature","properties":{"power":"line","operator":"KEDCO","voltage":"11000","_label":null,"_status_group":"unknown","_states":["Kano"]},"geometry":{"type":"LineString","coordinates":[[8.54132,11.99291],[8.54192,11.98793]]}},{"type":"Feature","properties":{"power":"line","operator":"KEDCO","voltage":"11000","_label":null,"_status_group":"unknown","_states":["Kano"]},"geometry":{"type":"LineString","coordinates":[[8.54612,11.99326],[8.54628,11.9924]]}},{"type":"Feature","properties":{"power":"line","operator":"KEDCO","voltage":"11000","_label":null,"_status_group":"unknown","_states":["Kano"]},"geometry":{"type":"LineString","coordinates":[[8.54483,11.99291],[8.5468,11.99338]]}},{"type":"Feature","properties":{"power":"line","operator":"KEDCO","voltage":"11000","_label":null,"_status_group":"unknown","_states":["Kano"]},"geometry":{"type":"LineString","coordinates":[[8.54526,11.99182],[8.5458,11.99201]]}},{"type":"Feature","properties":{"power":"line","operator":"KEDCO","voltage":"11000","_label":null,"_status_group":"unknown","_states":["Kano"]},"geometry":{"type":"LineString","coordinates":[[8.546,11.98955],[8.54577,11.98946]]}},{"type":"Feature","properties":{"power":"line","operator":"KEDCO","voltage":"11000","_label":null,"_status_group":"unknown","_states":["Kano"]},"geometry":{"type":"LineString","coordinates":[[8.54571,11.99064],[8.54635,11.99091]]}},{"type":"Feature","properties":{"power":"line","operator":"KEDCO","voltage":"11000","_label":null,"_status_group":"unknown","_states":["Kano"]},"geometry":{"type":"LineString","coordinates":[[8.5455,11.99122],[8.54617,11.99148]]}},{"type":"Feature","properties":{"power":"line","operator":"KEDCO","voltage":"11000","_label":null,"_status_group":"unknown","_states":["Kano"]},"geometry":{"type":"LineString","coordinates":[[8.54539,11.99148],[8.54505,11.99127]]}},{"type":"Feature","properties":{"power":"line","operator":"KEDCO","voltage":"11000","_label":null,"_status_group":"unknown","_states":["Kano"]},"geometry":{"type":"LineString","coordinates":[[8.54625,11.98768],[8.54447,11.99386]]}},{"type":"Feature","properties":{"power":"line","operator":"KEDCO","voltage":"11000","_label":null,"_status_group":"unknown","_states":["Kano"]},"geometry":{"type":"LineString","coordinates":[[8.5436,11.98938],[8.54585,11.99019]]}},{"type":"Feature","properties":{"power":"line","operator":"KEDCO","voltage":"33000","_label":null,"_status_group":"unknown","_states":["Kano"]},"geometry":{"type":"LineString","coordinates":[[8.54245,11.99048],[8.54398,11.99066]]}},{"type":"Feature","properties":{"power":"line","operator":"KEDCO","voltage":"11000","_label":null,"_status_group":"unknown","_states":["Kano"]},"geometry":{"type":"LineString","coordinates":[[8.54453,11.98829],[8.55053,11.989]]}},{"type":"Feature","properties":{"power":"line","operator":"KEDCO","voltage":"33000","_label":null,"_status_group":"unknown","_states":["Kano"]},"geometry":{"type":"LineString","coordinates":[[8.54209,11.98704],[8.5462,11.98838]]}},{"type":"Feature","properties":{"power":"line","operator":"KEDCO","voltage":"11000","_label":null,"_status_group":"unknown","_states":["Kano"]},"geometry":{"type":"LineString","coordinates":[[8.544,11.99539],[8.54706,11.9963]]}},{"type":"Feature","properties":{"power":"line","operator":"KEDCO","voltage":"11000","_label":null,"_status_group":"unknown","_states":["Kano"]},"geometry":{"type":"LineString","coordinates":[[8.5445,11.99377],[8.54536,11.99388]]}},{"type":"Feature","properties":{"power":"line","operator":"KEDCO","voltage":"11000","_label":null,"_status_group":"unknown","_states":["Kano"]},"geometry":{"type":"LineString","coordinates":[[8.54447,11.99384],[8.54387,11.99366]]}},{"type":"Feature","properties":{"power":"line","operator":"KEDCO","voltage":"11000","_label":null,"_status_group":"unknown","_states":["Kano"]},"geometry":{"type":"LineString","coordinates":[[8.55178,11.99387],[8.55178,11.99402]]}},{"type":"Feature","properties":{"power":"line","operator":"KEDCO","voltage":"11000","_label":null,"_status_group":"unknown","_states":["Kano"]},"geometry":{"type":"LineString","coordinates":[[8.55202,11.99385],[8.54639,11.99981]]}},{"type":"Feature","properties":{"power":"line","operator":"KEDCO","voltage":"11000","_label":null,"_status_group":"unknown","_states":["Kano"]},"geometry":{"type":"LineString","coordinates":[[8.54907,11.9935],[8.5503,11.99565]]}},{"type":"Feature","properties":{"power":"line","operator":"KEDCO","voltage":"11000","_label":null,"_status_group":"unknown","_states":["Kano"]},"geometry":{"type":"LineString","coordinates":[[8.54778,11.99483],[8.54759,11.99537]]}},{"type":"Feature","properties":{"power":"line","operator":"KEDCO","voltage":"11000","_label":null,"_status_group":"unknown","_states":["Kano"]},"geometry":{"type":"LineString","coordinates":[[8.54704,11.99461],[8.5503,11.99574]]}},{"type":"Feature","properties":{"power":"line","operator":"KEDCO","voltage":"11000","_label":null,"_status_group":"unknown","_states":["Kano"]},"geometry":{"type":"LineString","coordinates":[[8.55134,11.98659],[8.55572,11.99089]]}},{"type":"Feature","properties":{"power":"line","operator":"KEDCO","voltage":"11000","_label":null,"_status_group":"unknown","_states":["Kano"]},"geometry":{"type":"LineString","coordinates":[[8.55428,11.99227],[8.55432,11.99271]]}},{"type":"Feature","properties":{"power":"line","operator":"KEDCO","voltage":"11000","_label":null,"_status_group":"unknown","_states":["Kano"]},"geometry":{"type":"LineString","coordinates":[[8.5504,11.98968],[8.55467,11.992]]}},{"type":"Feature","properties":{"power":"line","operator":"KEDCO","voltage":"11000","_label":null,"_status_group":"unknown","_states":["Kano"]},"geometry":{"type":"LineString","coordinates":[[8.55093,11.9863],[8.55008,11.99188]]}},{"type":"Feature","properties":{"power":"line","operator":"KEDCO","voltage":"11000","_label":null,"_status_group":"unknown","_states":["Kano"]},"geometry":{"type":"LineString","coordinates":[[8.54806,11.98711],[8.56493,11.97749]]}},{"type":"Feature","properties":{"power":"line","voltage":"330000","_label":null,"_status_group":"unknown","_states":["Edo"]},"geometry":{"type":"LineString","coordinates":[[5.68368,6.40795],[5.68163,6.4101]]}},{"type":"Feature","properties":{"power":"line","voltage":"330000","_label":null,"_status_group":"unknown","_states":["Sokoto","Kebbi","Niger"]},"geometry":{"type":"LineString","coordinates":[[4.19725,12.43639],[4.23055,12.30515],[4.51994,11.73888],[4.51464,11.45789],[4.62523,11.18572],[4.6925,11.10444],[4.76745,10.92383],[4.74154,10.65183],[4.71158,10.18929],[4.65728,9.98901],[4.64945,9.90018],[4.61426,9.86075]]}},{"type":"Feature","properties":{"power":"line","operator":"KEDCO","voltage":"33000","_label":null,"_status_group":"unknown","_states":["Kano"]},"geometry":{"type":"LineString","coordinates":[[8.55645,11.98265],[8.55251,11.98775]]}},{"type":"Feature","properties":{"power":"line","operator":"KEDCO","voltage":"33000","_label":null,"_status_group":"unknown","_states":["Kano"]},"geometry":{"type":"LineString","coordinates":[[8.55555,11.98602],[8.55555,11.98576]]}},{"type":"Feature","properties":{"power":"line","operator":"KEDCO","voltage":"11000","_label":null,"_status_group":"unknown","_states":["Kano"]},"geometry":{"type":"LineString","coordinates":[[8.55646,11.98264],[8.55569,11.99088]]}},{"type":"Feature","properties":{"power":"line","operator":"KEDCO","voltage":"33000","_label":null,"_status_group":"unknown","_states":["Kano"]},"geometry":{"type":"LineString","coordinates":[[8.55531,11.99125],[8.55659,11.98996]]}},{"type":"Feature","properties":{"power":"line","operator":"KEDCO","voltage":"11000","_label":null,"_status_group":"unknown","_states":["Kano"]},"geometry":{"type":"LineString","coordinates":[[8.55488,11.9901],[8.55488,11.98982]]}},{"type":"Feature","properties":{"power":"line","voltage":"11000","_label":null,"_status_group":"unknown","_states":["Kano"]},"geometry":{"type":"LineString","coordinates":[[8.56048,11.99896],[8.55282,11.98803]]}},{"type":"Feature","properties":{"power":"line","operator":"KEDCO","voltage":"11000","_label":null,"_status_group":"unknown","_states":["Kano"]},"geometry":{"type":"LineString","coordinates":[[8.55755,11.98794],[8.56337,11.9899]]}},{"type":"Feature","properties":{"power":"line","operator":"KEDCO","voltage":"11000","_label":null,"_status_group":"unknown","_states":["Kano"]},"geometry":{"type":"LineString","coordinates":[[8.55566,11.98578],[8.55693,11.98979]]}},{"type":"Feature","properties":{"power":"line","operator":"KEDCO","voltage":"11000","_label":null,"_status_group":"unknown","_states":["Kano"]},"geometry":{"type":"LineString","coordinates":[[8.56599,11.99768],[8.56313,11.98273]]}},{"type":"Feature","properties":{"power":"line","operator":"KEDCO","voltage":"33000","_label":null,"_status_group":"unknown","_states":["Kano"]},"geometry":{"type":"LineString","coordinates":[[8.56387,11.98757],[8.56584,11.99763]]}},{"type":"Feature","properties":{"power":"line","operator":"KEDCO","voltage":"33000","_label":null,"_status_group":"unknown","_states":["Kano"]},"geometry":{"type":"LineString","coordinates":[[8.56172,11.99373],[8.56502,11.99158]]}},{"type":"Feature","properties":{"power":"line","operator":"KEDCO","voltage":"11000","_label":null,"_status_group":"unknown","_states":["Kano"]},"geometry":{"type":"LineString","coordinates":[[8.55828,11.99399],[8.56316,11.99167]]}},{"type":"Feature","properties":{"power":"line","operator":"KEDCO","voltage":"33000","_label":null,"_status_group":"unknown","_states":["Kano"]},"geometry":{"type":"LineString","coordinates":[[8.56047,11.99388],[8.56027,11.98743]]}},{"type":"Feature","properties":{"power":"line","operator":"KEDCO","voltage":"11000","_label":null,"_status_group":"unknown","_states":["Kano"]},"geometry":{"type":"LineString","coordinates":[[8.56033,11.99258],[8.56154,11.98944]]}},{"type":"Feature","properties":{"power":"line","operator":"KEDCO","voltage":"11000","_label":null,"_status_group":"unknown","_states":["Kano"]},"geometry":{"type":"LineString","coordinates":[[8.55565,11.99691],[8.55691,11.99691]]}},{"type":"Feature","properties":{"power":"line","operator":"KEDCO","voltage":"11000","_label":null,"_status_group":"unknown","_states":["Kano"]},"geometry":{"type":"LineString","coordinates":[[8.55706,11.99594],[8.55533,12.00077]]}},{"type":"Feature","properties":{"power":"line","operator":"KEDCO","voltage":"11000","_label":null,"_status_group":"unknown","_states":["Kano"]},"geometry":{"type":"LineString","coordinates":[[8.56217,11.98536],[8.5593,11.98294]]}},{"type":"Feature","properties":{"power":"line","operator":"KEDCO","voltage":"33000","_label":null,"_status_group":"unknown","_states":["Kano"]},"geometry":{"type":"LineString","coordinates":[[8.56165,11.98932],[8.56264,11.98323]]}},{"type":"Feature","properties":{"power":"line","operator":"KEDCO","voltage":"11000","_label":null,"_status_group":"unknown","_states":["Kano"]},"geometry":{"type":"LineString","coordinates":[[8.56233,11.98608],[8.56154,11.98944]]}},{"type":"Feature","properties":{"power":"line","operator":"KEDCO","voltage":"11000","_label":null,"_status_group":"unknown","_states":["Kano"]},"geometry":{"type":"LineString","coordinates":[[8.5593,11.99031],[8.55949,11.99035]]}},{"type":"Feature","properties":{"power":"line","operator":"KEDCO","voltage":"11000","_label":null,"_status_group":"unknown","_states":["Kano"]},"geometry":{"type":"LineString","coordinates":[[8.5591,11.99076],[8.55952,11.99093]]}},{"type":"Feature","properties":{"power":"line","operator":"KEDCO","voltage":"11000","_label":null,"_status_group":"unknown","_states":["Kano"]},"geometry":{"type":"LineString","coordinates":[[8.55978,11.98885],[8.55806,11.99206]]}},{"type":"Feature","properties":{"power":"line","operator":"KEDCO","voltage":"11000","_label":null,"_status_group":"unknown","_states":["Kano"]},"geometry":{"type":"LineString","coordinates":[[8.56344,11.98044],[8.56535,11.97973]]}},{"type":"Feature","properties":{"power":"line","_label":null,"_status_group":"unknown","_states":["Rivers"]},"geometry":{"type":"LineString","coordinates":[[6.99787,4.87349],[6.9976,4.87312],[6.99799,4.87289],[6.99821,4.87331],[6.99787,4.87349]]}},{"type":"Feature","properties":{"power":"line","name":"Ikeja West/Egbin - Omotoshu/Benin","operator":"Transmission Company of Nigeria","voltage":"330000","_label":"Ikeja West/Egbin - Omotoshu/Benin","_status_group":"unknown","_states":["Ogun","Ondo"]},"geometry":{"type":"LineString","coordinates":[[3.55302,6.77297],[3.62194,6.82272],[3.68955,6.82215],[3.8485,6.80688],[3.92258,6.76898],[3.97456,6.759],[4.02924,6.76665],[4.14979,6.72981],[4.31787,6.70382],[4.37935,6.71459],[4.65382,6.72042]]}},{"type":"Feature","properties":{"power":"line","voltage":"132000","_label":null,"_status_group":"unknown","_states":["Lagos"]},"geometry":{"type":"LineString","coordinates":[[3.27946,6.58984],[3.24898,6.60185]]}},{"type":"Feature","properties":{"power":"line","voltage":"132000","_label":null,"_status_group":"unknown","_states":["Lagos"]},"geometry":{"type":"LineString","coordinates":[[3.24938,6.60182],[3.24905,6.602]]}},{"type":"Feature","properties":{"power":"line","voltage":"132000","_label":null,"_status_group":"unknown","_states":["Lagos"]},"geometry":{"type":"LineString","coordinates":[[3.24949,6.60193],[3.24923,6.60219]]}},{"type":"Feature","properties":{"power":"line","voltage":"132000","_label":null,"_status_group":"unknown","_states":["Lagos"]},"geometry":{"type":"LineString","coordinates":[[3.27929,6.59231],[3.24938,6.60232]]}},{"type":"Feature","properties":{"power":"line","voltage":"132000","_label":null,"_status_group":"unknown","_states":["Lagos"]},"geometry":{"type":"LineString","coordinates":[[3.24983,6.60223],[3.24949,6.60248]]}},{"type":"Feature","properties":{"power":"line","voltage":"132000","_label":null,"_status_group":"unknown","_states":["Lagos"]},"geometry":{"type":"LineString","coordinates":[[3.25012,6.60236],[3.24964,6.60259]]}},{"type":"Feature","properties":{"power":"line","_label":null,"_status_group":"unknown","_states":["Lagos"]},"geometry":{"type":"LineString","coordinates":[[3.24957,6.60443],[3.25003,6.60403]]}},{"type":"Feature","properties":{"power":"line","_label":null,"_status_group":"unknown","_states":["Lagos"]},"geometry":{"type":"LineString","coordinates":[[3.24939,6.60422],[3.24988,6.60389]]}},{"type":"Feature","properties":{"power":"line","name":"Ikeja West - Okearo","voltage":"330000","_label":"Ikeja West - Okearo","_status_group":"unknown","_states":["Ogun","Lagos"]},"geometry":{"type":"LineString","coordinates":[[3.24674,6.60476],[3.2564,6.66157],[3.30567,6.6969],[3.31784,6.6974]]}},{"type":"Feature","properties":{"power":"line","voltage":"330000","_label":null,"_status_group":"unknown","_states":["Cross River"]},"geometry":{"type":"LineString","coordinates":[[8.33888,5.07178],[8.33085,5.13538],[8.33786,5.15371],[8.27515,5.19182]]}},{"type":"Feature","properties":{"power":"line","voltage":"330000","_label":null,"_status_group":"unknown","_states":["Abuja Federal Capital Territory","Kogi"]},"geometry":{"type":"LineString","coordinates":[[6.62912,7.82402],[6.65225,7.88235],[6.65927,7.96477],[6.71567,8.04594],[6.76884,8.05924],[6.78011,8.0703],[6.80394,8.18138],[6.83629,8.23507],[6.91493,8.45179],[6.92062,8.51043],[6.91111,8.56674],[6.93529,8.68712],[7.0134,8.7939],[7.04842,8.97617],[7.07112,8.97658]]}},{"type":"Feature","properties":{"power":"line","voltage":"132000","_label":null,"_status_group":"unknown","_states":["Lagos"]},"geometry":{"type":"LineString","coordinates":[[3.42162,6.46239],[3.41756,6.4715],[3.46627,6.46471],[3.46583,6.45347],[3.45385,6.4482],[3.46221,6.4296],[3.5261,6.4389],[3.55392,6.45061],[3.55657,6.462],[3.57126,6.47008]]}},{"type":"Feature","properties":{"power":"line","voltage":"330000","_label":null,"_status_group":"unknown","_states":["Abuja Federal Capital Territory"]},"geometry":{"type":"LineString","coordinates":[[7.07107,8.97805],[7.09071,8.97371],[7.11044,8.95281],[7.1659,8.92496],[7.22126,8.91996],[7.26155,8.92872],[7.26224,8.91726],[7.29207,8.90679],[7.29317,8.93204],[7.31422,8.9341],[7.37385,8.9766],[7.37168,9.00863]]}},{"type":"Feature","properties":{"power":"line","name":"Kumbotso-Hadejia","operator":"Transmission Company of Nigeria","voltage":"132000","_label":"Kumbotso-Hadejia","_status_group":"unknown","_states":["Jigawa","Kano"]},"geometry":{"type":"LineString","coordinates":[[8.61448,12.01034],[8.67801,12.01884],[8.70743,12.04743],[8.73886,12.04834],[8.83926,12.09779],[9.15175,12.17417],[9.36555,12.25297],[9.40152,12.28577],[9.74984,12.47305],[10.02484,12.47206]]}},{"type":"Feature","properties":{"power":"line","voltage":"330000","_label":null,"_status_group":"unknown","_states":["Edo"]},"geometry":{"type":"LineString","coordinates":[[5.63608,6.29596],[5.66524,6.2848],[5.67904,6.30641]]}},{"type":"Feature","properties":{"power":"line","voltage":"330000","_label":null,"_status_group":"unknown","_states":["Delta","Edo"]},"geometry":{"type":"LineString","coordinates":[[5.63453,6.2957],[5.64568,6.19481],[5.66707,6.13545],[5.66495,6.05792],[5.70273,5.9824],[5.66131,5.90971],[5.6465,5.91053],[5.64271,5.92388]]}},{"type":"Feature","properties":{"power":"line","voltage":"330000","_label":null,"_status_group":"unknown","_states":["Delta","Edo"]},"geometry":{"type":"LineString","coordinates":[[5.64235,5.92473],[5.6461,5.90989],[5.66251,5.90898],[5.70356,5.9824],[5.66565,6.05806],[5.66775,6.1356],[5.6463,6.19493],[5.63543,6.29563]]}},{"type":"Feature","properties":{"power":"line","_label":null,"_status_group":"unknown","_states":["Edo"]},"geometry":{"type":"LineString","coordinates":[[5.63253,6.29564],[5.63584,6.29712]]}},{"type":"Feature","properties":{"power":"line","voltage":"330000","_label":null,"_status_group":"unknown","_states":["Delta"]},"geometry":{"type":"LineString","coordinates":[[5.78882,5.48509],[5.80604,5.49554],[5.81102,5.51015],[5.80383,5.57141],[5.77558,5.58861],[5.75909,5.69256],[5.72295,5.83373],[5.71478,5.85704],[5.67845,5.87828],[5.63888,5.88556],[5.64284,5.92629]]}},{"type":"Feature","properties":{"power":"line","_label":null,"_status_group":"unknown","_states":["Delta"]},"geometry":{"type":"LineString","coordinates":[[5.79021,5.48498],[5.77263,5.48493]]}},{"type":"Feature","properties":{"power":"line","_label":null,"_status_group":"unknown","_states":["Delta"]},"geometry":{"type":"LineString","coordinates":[[5.64284,5.92629],[5.64398,5.92406]]}},{"type":"Feature","properties":{"power":"line","voltage":"132000","_label":null,"_status_group":"unknown","_states":["Delta"]},"geometry":{"type":"LineString","coordinates":[[5.79843,5.55907],[5.79204,5.55999]]}},{"type":"Feature","properties":{"power":"line","voltage":"132000","_label":null,"_status_group":"unknown","_states":["Delta"]},"geometry":{"type":"LineString","coordinates":[[5.83522,5.56631],[5.91556,5.54328]]}},{"type":"Feature","properties":{"power":"line","voltage":"132000","_label":null,"_status_group":"unknown","_states":["Delta"]},"geometry":{"type":"LineString","coordinates":[[5.7316,5.84461],[5.7412,5.76107],[5.75625,5.73357],[5.77164,5.67283],[5.89172,5.58355],[5.91585,5.54351]]}},{"type":"Feature","properties":{"power":"line","voltage":"330000","_label":null,"_status_group":"unknown","_states":["Enugu"]},"geometry":{"type":"LineString","coordinates":[[7.55804,6.40413],[7.54248,6.43218],[7.54231,6.45131]]}},{"type":"Feature","properties":{"power":"line","voltage":"330000","_label":null,"_status_group":"unknown","_states":["Enugu"]},"geometry":{"type":"LineString","coordinates":[[7.55723,6.40293],[7.55772,6.40376]]}},{"type":"Feature","properties":{"power":"line","voltage":"132000","_label":null,"_status_group":"unknown","_states":["Plateau","Kaduna"]},"geometry":{"type":"LineString","coordinates":[[8.84514,9.98688],[8.83812,9.98381],[8.81282,9.90698],[8.76619,9.89235],[8.69671,9.75096],[8.64192,9.71871],[8.60906,9.68485],[8.53282,9.68926],[8.44519,9.66997],[8.40722,9.62752],[8.34037,9.58916]]}},{"type":"Feature","properties":{"power":"line","voltage":"330000","_label":null,"_status_group":"unknown","_states":["Benue","Plateau","Nasarawa","Kaduna"]},"geometry":{"type":"LineString","coordinates":[[8.56836,7.62695],[8.57864,7.63302],[8.57924,7.65464],[8.56473,7.6827],[8.57377,7.69882],[8.59067,7.70144],[8.6008,7.72598],[8.59302,7.77501],[8.60521,7.91714],[8.57598,7.98025],[8.58442,8.10544],[8.59244,8.11515],[8.60002,8.18326],[8.5883,8.20178],[8.58183,8.28829],[8.57284,8.4092],[8.58665,8.47713],[8.56719,8.58008],[8.55868,8.73878],[8.52747,8.81936],[8.54526,8.89002],[8.57638,8.92563],[8.61074,9.08932],[8.6184,9.16759],[8.58015,9.4805],[8.64279,9.57299],[8.65163,9.68431],[8.67071,9.70314],[8.67539,9.73357],[8.70191,9.74661],[8.70113,9.75913],[8.75924,9.84522],[8.80698,9.8979],[8.8205,9.9212],[8.83557,9.98596],[8.84496,9.98886]]}},{"type":"Feature","properties":{"power":"line","voltage":"330000","_label":null,"_status_group":"unknown","_states":["Benue","Enugu","Ebonyi"]},"geometry":{"type":"LineString","coordinates":[[8.50041,7.28834],[8.4872,7.27792],[8.32523,7.27823],[8.24663,7.2455],[8.14776,7.17743],[8.14801,7.1647],[8.13573,7.15728],[8.04678,6.8549],[7.85602,6.77309],[7.775,6.67089],[7.77253,6.58471],[7.65528,6.4612],[7.61706,6.45026],[7.55848,6.40391]]}},{"type":"Feature","properties":{"power":"line","voltage":"132000","_label":null,"_status_group":"unknown","_states":["Enugu"]},"geometry":{"type":"LineString","coordinates":[[7.53669,6.45762],[7.53052,6.46535],[7.53772,6.48914],[7.52148,6.50697],[7.49261,6.52015],[7.44335,6.48658],[7.41357,6.4498],[7.3953,6.45776],[7.4226,6.61567],[7.40769,6.64338],[7.40701,6.67877],[7.41947,6.70306],[7.42741,6.7503],[7.43758,6.75568],[7.44863,6.8164],[7.43829,6.84777],[7.42984,6.85001]]}},{"type":"Feature","properties":{"power":"line","voltage":"330000","_label":null,"_status_group":"unknown","_states":["Akwa Ibom","Imo","Abia","Enugu"]},"geometry":{"type":"LineString","coordinates":[[7.67993,5.15437],[7.68563,5.2165],[7.59002,5.3568],[7.52752,5.43574],[7.47162,5.45049],[7.44135,5.48388],[7.43255,5.55113],[7.41367,5.57682],[7.39527,5.68676],[7.37835,5.70768],[7.37053,5.76707],[7.37116,5.82192],[7.38511,5.83042],[7.47911,5.9854],[7.51933,6.09375],[7.50372,6.14144],[7.51407,6.15025],[7.51304,6.20396],[7.47531,6.26629],[7.51297,6.34428],[7.51712,6.37242],[7.55683,6.40232]]}},{"type":"Feature","properties":{"power":"line","voltage":"330000","_label":null,"_status_group":"unknown","_states":["Akwa Ibom","Imo","Abia","Enugu"]},"geometry":{"type":"LineString","coordinates":[[7.68051,5.15441],[7.68638,5.21669],[7.59057,5.35725],[7.5281,5.43624],[7.47192,5.45124],[7.44223,5.48389],[7.43326,5.5515],[7.41439,5.57719],[7.39605,5.68704],[7.37915,5.70784],[7.37127,5.76718],[7.37193,5.82127],[7.38548,5.82965],[7.4779,5.98198],[7.5103,6.06053],[7.51997,6.09369],[7.5046,6.14124],[7.51465,6.14977],[7.51369,6.20433],[7.47607,6.26628],[7.51363,6.34425],[7.51777,6.37209],[7.55733,6.40204]]}},{"type":"Feature","properties":{"power":"line","voltage":"132000","_label":null,"_status_group":"unknown","_states":["Enugu"]},"geometry":{"type":"LineString","coordinates":[[7.53799,6.4893],[7.53729,6.45804]]}},{"type":"Feature","properties":{"power":"line","voltage":"132000","_label":null,"_status_group":"unknown","_states":["Imo"]},"geometry":{"type":"LineString","coordinates":[[7.36678,5.80375],[7.34428,5.8027]]}},{"type":"Feature","properties":{"power":"line","voltage":"330000;132000","_label":null,"_status_group":"unknown","_states":["Adamawa"]},"geometry":{"type":"LineString","coordinates":[[12.03211,9.48022],[12.03564,9.47188]]}},{"type":"Feature","properties":{"power":"line","voltage":"330000","_label":null,"_status_group":"unknown","_states":["Adamawa"]},"geometry":{"type":"LineString","coordinates":[[12.03564,9.47188],[12.06749,9.45378],[12.11559,9.44728],[12.23124,9.32782],[12.23963,9.30521]]}},{"type":"Feature","properties":{"power":"line","voltage":"132000","_label":null,"_status_group":"unknown","_states":["Niger"]},"geometry":{"type":"LineString","coordinates":[[6.54239,9.58737],[6.55936,9.57737],[6.58331,9.58636],[6.61098,9.64071],[6.65643,9.6622],[6.7707,9.69001],[6.80699,9.78946],[6.81461,9.86213],[6.80335,9.89254],[6.80709,9.94999],[6.82108,9.96991],[6.83008,9.97127]]}},{"type":"Feature","properties":{"power":"line","voltage":"330000","_label":null,"_status_group":"unknown","_states":["Niger"]},"geometry":{"type":"LineString","coordinates":[[5.31047,9.3399],[5.63653,9.3909],[5.85927,9.44246],[5.93749,9.44071],[6.407,9.63406],[6.80106,9.97609],[6.82991,9.97212]]}},{"type":"Feature","properties":{"power":"line","voltage":"330000","_label":null,"_status_group":"unknown","_states":["Niger"]},"geometry":{"type":"LineString","coordinates":[[6.83446,9.97342],[6.83121,9.97292]]}},{"type":"Feature","properties":{"power":"line","voltage":"330000","_label":null,"_status_group":"unknown","_states":["Niger"]},"geometry":{"type":"LineString","coordinates":[[6.83439,9.9736],[6.83117,9.97313]]}},{"type":"Feature","properties":{"power":"line","voltage":"330000","_label":null,"_status_group":"unknown","_states":["Niger"]},"geometry":{"type":"LineString","coordinates":[[6.83422,9.97409],[6.83107,9.97346]]}},{"type":"Feature","properties":{"power":"line","voltage":"330000","_label":null,"_status_group":"unknown","_states":["Niger"]},"geometry":{"type":"LineString","coordinates":[[6.83139,9.97238],[6.83166,9.97263]]}},{"type":"Feature","properties":{"power":"line","voltage":"330000","_label":null,"_status_group":"unknown","_states":["Kogi"]},"geometry":{"type":"LineString","coordinates":[[6.48095,7.88243],[6.61786,7.82064],[6.62912,7.82402]]}},{"type":"Feature","properties":{"power":"line","voltage":"132000","_label":null,"_status_group":"unknown","_states":["Kogi"]},"geometry":{"type":"LineString","coordinates":[[6.38485,7.51681],[6.43479,7.52091],[6.48691,7.49746],[6.52528,7.49282],[6.54761,7.50666],[6.63873,7.52326]]}},{"type":"Feature","properties":{"power":"line","name":"Tamburawa-Kumbotso","operator":"Transmission Company of Nigeria","voltage":"132000","_label":"Tamburawa-Kumbotso","_status_group":"unknown","_states":["Kano"]},"geometry":{"type":"LineString","coordinates":[[8.45557,11.87368],[8.47686,11.92896]]}},{"type":"Feature","properties":{"power":"line","voltage":"132000","_label":null,"_status_group":"unknown","_states":["Kogi"]},"geometry":{"type":"LineString","coordinates":[[6.38485,7.51681],[6.37937,7.58621],[6.3465,7.61474],[6.32132,7.6175]]}},{"type":"Feature","properties":{"power":"line","voltage":"132000","_label":null,"_status_group":"unknown","_states":["Kogi"]},"geometry":{"type":"LineString","coordinates":[[6.68507,7.49703],[6.65552,7.47284]]}},{"type":"Feature","properties":{"power":"line","voltage":"330000","_label":null,"_status_group":"unknown","_states":["Gombe","Yobe"]},"geometry":{"type":"LineString","coordinates":[[11.13959,10.31919],[11.14971,10.32797],[11.15474,10.3587],[11.19029,10.39777],[11.26584,10.4467],[11.29611,10.45423],[11.35907,10.50648],[11.40099,10.62569],[11.40368,10.67016],[11.45732,10.74073],[11.4658,10.78419],[11.51948,10.88269],[11.53259,10.89018],[11.6379,11.04163],[11.68103,11.25288],[11.74732,11.36214],[11.77633,11.44213],[11.89161,11.62965],[11.96899,11.67361],[12.03441,11.7234]]}},{"type":"Feature","properties":{"power":"line","voltage":"132000","_label":null,"_status_group":"unknown","_states":["Abia"]},"geometry":{"type":"LineString","coordinates":[[7.49583,5.66293],[7.49307,5.5989],[7.48456,5.58527]]}},{"type":"Feature","properties":{"power":"line","voltage":"132000","_label":null,"_status_group":"unknown","_states":["Abia"]},"geometry":{"type":"LineString","coordinates":[[7.48456,5.58527],[7.48029,5.53353],[7.4546,5.51419]]}},{"type":"Feature","properties":{"power":"line","voltage":"132000","_label":null,"_status_group":"unknown","_states":["Edo"]},"geometry":{"type":"LineString","coordinates":[[6.19705,6.73416],[6.16205,6.70658],[6.07382,6.66539],[5.93547,6.57266],[5.90157,6.56999],[5.82728,6.46523],[5.80798,6.4528],[5.67959,6.31422],[5.63572,6.29864]]}},{"type":"Feature","properties":{"power":"line","voltage":"330000","_label":null,"_status_group":"unknown","_states":["Akwa Ibom"]},"geometry":{"type":"LineString","coordinates":[[7.68069,5.1538],[7.68051,5.15441]]}},{"type":"Feature","properties":{"power":"line","voltage":"330000","_label":null,"_status_group":"unknown","_states":["Akwa Ibom"]},"geometry":{"type":"LineString","coordinates":[[7.67976,5.15379],[7.67993,5.15437]]}},{"type":"Feature","properties":{"power":"line","voltage":"132000","_label":null,"_status_group":"unknown","_states":["Gombe"]},"geometry":{"type":"LineString","coordinates":[[11.14462,10.35148],[11.20272,10.43186],[11.29541,10.45699],[11.37007,10.57023],[11.35112,10.69742],[11.35313,10.76731],[11.39917,10.79395],[11.42888,10.87372],[11.47904,10.91679],[11.47745,10.93279]]}},{"type":"Feature","properties":{"power":"line","voltage":"330000","_label":null,"_status_group":"unknown","_states":["Edo"]},"geometry":{"type":"LineString","coordinates":[[5.67904,6.30641],[5.80802,6.4518],[5.82756,6.46427],[5.90198,6.56925],[5.93588,6.57181]]}},{"type":"Feature","properties":{"power":"line","voltage":"330000","_label":null,"_status_group":"unknown","_states":["Akwa Ibom","Abia"]},"geometry":{"type":"LineString","coordinates":[[7.3215,5.05518],[7.30995,5.01619],[7.3273,4.99433],[7.34231,4.99035],[7.38841,5.02438],[7.43526,5.10335],[7.52773,5.13849],[7.59938,5.15379],[7.67971,5.15209]]}},{"type":"Feature","properties":{"power":"line","voltage":"330000","_label":null,"_status_group":"unknown","_states":["Rivers","Abia"]},"geometry":{"type":"LineString","coordinates":[[7.32106,5.05543],[7.3082,5.01409],[7.27359,4.97254],[7.2404,4.85707],[7.25091,4.85186]]}},{"type":"Feature","properties":{"power":"line","voltage":"330000","_label":null,"_status_group":"unknown","_states":["Abia"]},"geometry":{"type":"LineString","coordinates":[[7.32344,5.06573],[7.32163,5.05756]]}},{"type":"Feature","properties":{"power":"line","voltage":"132000","_label":null,"_status_group":"unknown","_states":["Borno","Gombe"]},"geometry":{"type":"LineString","coordinates":[[11.14859,10.32919],[11.22995,10.31997],[11.29693,10.29794],[11.49238,10.28855],[11.57952,10.34466],[11.69864,10.39184],[11.75279,10.46623],[11.9065,10.53487],[11.95662,10.56539],[12.14628,10.62981],[12.18544,10.6326]]}},{"type":"Feature","properties":{"power":"line","voltage":"132000","_label":null,"_status_group":"unknown","_states":["Borno"]},"geometry":{"type":"LineString","coordinates":[[13.08288,11.7398],[13.08692,11.73603],[13.04468,11.67431],[13.01662,11.57577],[12.9587,11.45774],[12.85683,11.29659]]}},{"type":"Feature","properties":{"power":"line","voltage":"132000","_label":null,"_status_group":"unknown","_states":["Borno"]},"geometry":{"type":"LineString","coordinates":[[13.08302,11.74001],[13.08847,11.73823],[13.10358,11.7603],[13.10182,11.83484],[13.13974,11.85614]]}},{"type":"Feature","properties":{"power":"line","voltage":"132000","_label":null,"_status_group":"unknown","_states":["Abuja Federal Capital Territory"]},"geometry":{"type":"LineString","coordinates":[[7.44102,9.02449],[7.43708,9.0291],[7.37988,8.98185],[7.37229,9.00812]]}},{"type":"Feature","properties":{"power":"line","voltage":"330000","_label":null,"_status_group":"unknown","_states":["Abuja Federal Capital Territory","Niger"]},"geometry":{"type":"LineString","coordinates":[[7.23103,9.15335],[7.22281,9.15776],[7.19655,9.14001],[7.16001,9.0492],[7.0955,9.02153],[7.07079,8.97742]]}},{"type":"Feature","properties":{"power":"line","voltage":"132000","_label":null,"_status_group":"unknown","_states":["Abuja Federal Capital Territory","Niger"]},"geometry":{"type":"LineString","coordinates":[[7.31654,9.15291],[7.27671,9.13472],[7.21991,9.16225]]}},{"type":"Feature","properties":{"power":"line","voltage":"132000","_label":null,"_status_group":"unknown","_states":["Abuja Federal Capital Territory","Niger"]},"geometry":{"type":"LineString","coordinates":[[7.2086,9.19931],[7.13381,9.27053],[7.10395,9.27003],[7.03598,9.24964],[7.01669,9.26148],[7.00783,9.31161],[6.94512,9.3831],[6.87709,9.39548],[6.77663,9.39791],[6.63399,9.44493],[6.59594,9.51225],[6.5583,9.5436],[6.54172,9.58628]]}},{"type":"Feature","properties":{"power":"line","_label":null,"_status_group":"unknown","_states":["Niger"]},"geometry":{"type":"LineString","coordinates":[[6.54166,9.58652],[6.54156,9.58638]]}},{"type":"Feature","properties":{"power":"line","_label":null,"_status_group":"unknown","_states":["Niger"]},"geometry":{"type":"LineString","coordinates":[[6.54183,9.58641],[6.54172,9.58628]]}},{"type":"Feature","properties":{"power":"line","voltage":"132000","_label":null,"_status_group":"unknown","_states":["Niger"]},"geometry":{"type":"LineString","coordinates":[[6.54156,9.58638],[6.52774,9.56301],[6.46073,9.51264],[6.4321,9.46757],[6.33595,9.38871],[6.28735,9.36945],[6.26164,9.33215],[6.21455,9.30656],[6.09485,9.17428],[6.04226,9.14126],[6.01879,9.14771]]}},{"type":"Feature","properties":{"power":"line","voltage":"132000","_label":null,"_status_group":"unknown","_states":["Niger"]},"geometry":{"type":"LineString","coordinates":[[6.54221,9.58707],[6.54239,9.58737]]}},{"type":"Feature","properties":{"power":"line","_label":null,"_status_group":"unknown","_states":["Niger"]},"geometry":{"type":"LineString","coordinates":[[6.54111,9.58703],[6.54129,9.58699]]}},{"type":"Feature","properties":{"power":"line","name":"Dutse-Azare","operator":"Transmission Company of Nigeria","voltage":"132000","_label":"Dutse-Azare","_status_group":"unknown","_states":["Jigawa","Bauchi"]},"geometry":{"type":"LineString","coordinates":[[9.34871,11.68993],[9.39985,11.73704],[9.42357,11.77845],[9.52915,11.76928],[9.59039,11.77102],[9.61935,11.78062],[9.64564,11.75894],[9.69097,11.76856],[9.7195,11.76167],[9.78704,11.72539],[9.83682,11.7192],[9.86856,11.69911],[9.93086,11.68257],[9.95242,11.65683],[9.97719,11.6468],[10.06842,11.67292],[10.15442,11.6771],[10.16662,11.68561]]}},{"type":"Feature","properties":{"power":"line","_label":null,"_status_group":"unknown","_states":["Niger"]},"geometry":{"type":"LineString","coordinates":[[6.01879,9.14771],[6.01853,9.14785]]}},{"type":"Feature","properties":{"power":"line","voltage":"132000","_label":null,"_status_group":"unknown","_states":["Borno"]},"geometry":{"type":"LineString","coordinates":[[12.18544,10.6326],[12.18571,10.63236]]}},{"type":"Feature","properties":{"power":"line","voltage":"132000","_label":null,"_status_group":"unknown","_states":["Borno"]},"geometry":{"type":"LineString","coordinates":[[12.18554,10.63272],[12.2255,10.72849],[12.43824,10.91298],[12.72163,11.11414],[12.78285,11.17828]]}},{"type":"Feature","properties":{"power":"line","voltage":"132000","_label":null,"_status_group":"unknown","_states":["Borno"]},"geometry":{"type":"LineString","coordinates":[[12.18578,10.63244],[12.18554,10.63272]]}},{"type":"Feature","properties":{"power":"line","voltage":"132000","_label":null,"_status_group":"unknown","_states":["Plateau"]},"geometry":{"type":"LineString","coordinates":[[8.87506,9.85433],[8.88231,9.83586]]}},{"type":"Feature","properties":{"power":"line","voltage":"132000","_label":null,"_status_group":"unknown","_states":["Plateau"]},"geometry":{"type":"LineString","coordinates":[[8.87496,9.8543],[8.87916,9.8431],[8.86773,9.83815],[8.85389,9.84045],[8.83513,9.86073],[8.83412,9.88996],[8.82102,9.91551],[8.84628,9.94356],[8.83892,9.96775],[8.84612,9.98669]]}},{"type":"Feature","properties":{"power":"line","voltage":"132000","_label":null,"_status_group":"unknown","_states":["Kebbi"]},"geometry":{"type":"LineString","coordinates":[[2.13461,13.49471],[2.16622,13.44123],[2.26574,13.41693],[2.4061,13.39835],[2.63813,13.27315],[2.7422,13.13754],[2.92028,13.06507],[2.99071,13.09157],[3.10931,13.05612],[3.18331,13.04278],[3.25454,12.94985],[3.71742,12.57479],[4.05634,12.48331],[4.14786,12.44801],[4.19691,12.43762]]}},{"type":"Feature","properties":{"power":"line","name":"Kumbotso-Dakata","operator":"Transmission Company of Nigeria","voltage":"132000","_label":"Kumbotso-Dakata","_status_group":"unknown","_states":["Kano"]},"geometry":{"type":"LineString","coordinates":[[8.58975,12.02295],[8.60875,12.0193],[8.61448,12.01034]]}},{"type":"Feature","properties":{"power":"line","voltage":"330000","_label":null,"_status_group":"unknown","_states":["Oyo","Osun"]},"geometry":{"type":"LineString","coordinates":[[4.02502,7.55301],[4.10844,7.59523],[4.16494,7.65079],[4.21711,7.68091],[4.31313,7.7596],[4.40854,7.77324],[4.44779,7.771],[4.49152,7.79285],[4.57704,7.80168]]}},{"type":"Feature","properties":{"power":"line","voltage":"132000","_label":null,"_status_group":"unknown","_states":["Osun"]},"geometry":{"type":"LineString","coordinates":[[4.44936,7.76908],[4.45835,7.75534]]}},{"type":"Feature","properties":{"power":"line","voltage":"330000","_label":null,"_status_group":"unknown","_states":["Benue"]},"geometry":{"type":"LineString","coordinates":[[8.50041,7.28834],[8.50512,7.3155],[8.5574,7.34669],[8.586,7.38324],[8.61232,7.44559],[8.60951,7.57499],[8.59253,7.58655],[8.57057,7.62752]]}},{"type":"Feature","properties":{"power":"line","voltage":"132000","_label":null,"_status_group":"unknown","_states":["Benue"]},"geometry":{"type":"LineString","coordinates":[[8.48844,7.28577],[8.50468,7.31591],[8.55704,7.34708],[8.58294,7.38053],[8.58296,7.42043],[8.61184,7.44586],[8.59723,7.51375],[8.60899,7.57474],[8.59195,7.58632],[8.57104,7.62556]]}},{"type":"Feature","properties":{"power":"line","voltage":"330000","_label":null,"_status_group":"unknown","_states":["Cross River"]},"geometry":{"type":"LineString","coordinates":[[8.27515,5.19182],[8.27448,5.19145]]}},{"type":"Feature","properties":{"power":"line","voltage":"132000","_label":null,"_status_group":"unknown","_states":["Abuja Federal Capital Territory"]},"geometry":{"type":"LineString","coordinates":[[7.4898,8.99999],[7.47445,8.98918],[7.45025,8.99322],[7.43055,9.01068],[7.44126,9.02422]]}},{"type":"Feature","properties":{"power":"line","voltage":"330000","_label":null,"_status_group":"unknown","_states":["Ogun","Oyo"]},"geometry":{"type":"LineString","coordinates":[[3.34118,7.11722],[3.39674,7.14206],[3.56033,7.24488],[3.66381,7.33912],[3.69436,7.40569],[3.74821,7.4294],[3.84081,7.43886],[3.88384,7.52242],[3.961,7.51595]]}},{"type":"Feature","properties":{"power":"line","voltage":"330000","_label":null,"_status_group":"unknown","_states":["Oyo"]},"geometry":{"type":"LineString","coordinates":[[4.02502,7.55301],[3.961,7.51595]]}},{"type":"Feature","properties":{"power":"line","name":"Ijora-Ikoyi","voltage":"132000","_label":"Ijora-Ikoyi","_status_group":"unknown","_states":["Lagos"]},"geometry":{"type":"LineString","coordinates":[[3.37942,6.46814],[3.40141,6.45937],[3.42094,6.46225]]}},{"type":"Feature","properties":{"power":"line","voltage":"132000","_label":null,"_status_group":"unknown","_states":["Lagos"]},"geometry":{"type":"LineString","coordinates":[[3.3796,6.46883],[3.3934,6.48705],[3.39609,6.521]]}},{"type":"Feature","properties":{"power":"line","_label":null,"_status_group":"unknown","_states":["Niger"]},"geometry":{"type":"LineString","coordinates":[[7.20868,9.19908],[7.2086,9.19931]]}},{"type":"Feature","properties":{"power":"line","_label":null,"_status_group":"unknown","_states":["Niger"]},"geometry":{"type":"LineString","coordinates":[[7.20888,9.19828],[7.20892,9.19811]]}},{"type":"Feature","properties":{"power":"line","voltage":"132000","_label":null,"_status_group":"unknown","_states":["Niger"]},"geometry":{"type":"LineString","coordinates":[[7.21991,9.16225],[7.20892,9.19811]]}},{"type":"Feature","properties":{"power":"line","voltage":"132000","_label":null,"_status_group":"unknown","_states":["Oyo"]},"geometry":{"type":"LineString","coordinates":[[3.87389,7.42497],[3.8544,7.40142],[3.85701,7.37336]]}},{"type":"Feature","properties":{"power":"line","voltage":"132000","_label":null,"_status_group":"unknown","_states":["Lagos"]},"geometry":{"type":"LineString","coordinates":[[3.52452,6.67965],[3.5245,6.67944]]}},{"type":"Feature","properties":{"power":"line","voltage":"330000","_label":null,"_status_group":"unknown","_states":["Ogun","Oyo"]},"geometry":{"type":"LineString","coordinates":[[3.38488,7.13612],[3.56058,7.24454],[3.67226,7.34706],[3.75097,7.37131],[3.83052,7.35959],[3.85561,7.37081]]}},{"type":"Feature","properties":{"power":"line","_label":null,"_status_group":"unknown","_states":["Lagos"]},"geometry":{"type":"LineString","coordinates":[[3.57126,6.47008],[3.57118,6.4709]]}},{"type":"Feature","properties":{"power":"line","voltage":"330000","_label":null,"_status_group":"unknown","_states":["Niger"]},"geometry":{"type":"LineString","coordinates":[[4.61412,9.861],[4.61426,9.86075]]}},{"type":"Feature","properties":{"power":"line","voltage":"330000","_label":null,"_status_group":"unknown","_states":["Niger"]},"geometry":{"type":"LineString","coordinates":[[4.61364,9.86075],[4.61386,9.86048]]}},{"type":"Feature","properties":{"power":"line","voltage":"330000","_label":null,"_status_group":"unknown","_states":["Niger"]},"geometry":{"type":"LineString","coordinates":[[4.6129,9.86018],[4.61309,9.85991]]}},{"type":"Feature","properties":{"power":"line","voltage":"330000","_label":null,"_status_group":"unknown","_states":["Ogun"]},"geometry":{"type":"LineString","coordinates":[[3.3382,7.11584],[3.37348,7.13965],[3.38488,7.13612]]}},{"type":"Feature","properties":{"power":"line","voltage":"132000","_label":null,"_status_group":"unknown","_states":["Kogi","Benue","Enugu"]},"geometry":{"type":"LineString","coordinates":[[8.9878,7.4055],[8.97601,7.33406],[8.95335,7.30191],[8.90261,7.28018],[8.82235,7.29362],[8.69036,7.28964],[8.60907,7.29668],[8.54,7.27676],[8.45996,7.29598],[8.4148,7.28104],[8.32508,7.27936],[8.24657,7.24615],[8.14096,7.17506],[8.12489,7.18134],[7.98837,7.18579],[7.89852,7.14073],[7.84741,7.14981],[7.7132,7.14159],[7.65867,7.09997],[7.61638,7.05366],[7.55302,6.95551],[7.45894,6.8648],[7.43159,6.73101],[7.40761,6.67904],[7.40906,6.64329],[7.42916,6.60707],[7.41975,6.56806],[7.42492,6.55998],[7.45843,6.53577],[7.5217,6.50736],[7.53799,6.4893]]}},{"type":"Feature","properties":{"power":"line","voltage":"132000","_label":null,"_status_group":"unknown","_states":["Borno"]},"geometry":{"type":"LineString","coordinates":[[12.78341,11.17928],[12.78487,11.18037]]}},{"type":"Feature","properties":{"power":"line","voltage":"132000","_label":null,"_status_group":"unknown","_states":["Borno"]},"geometry":{"type":"LineString","coordinates":[[12.78487,11.18037],[12.85683,11.29659]]}},{"type":"Feature","properties":{"power":"line","voltage":"132000","_label":null,"_status_group":"unknown","_states":["Borno"]},"geometry":{"type":"LineString","coordinates":[[12.78285,11.17828],[12.78292,11.17925]]}},{"type":"Feature","properties":{"power":"line","voltage":"330000","_label":null,"_status_group":"unknown","_states":["Delta","Anambra"]},"geometry":{"type":"LineString","coordinates":[[6.57428,5.71231],[6.68768,6.05227],[6.74191,6.07683],[6.80692,6.09428],[6.80319,6.11489]]}},{"type":"Feature","properties":{"power":"line","voltage":"330000","_label":null,"_status_group":"unknown","_states":["Rivers","Anambra","Imo","Abia"]},"geometry":{"type":"LineString","coordinates":[[6.80088,6.11616],[6.79765,6.10768],[6.81313,6.09733],[6.82041,6.06548],[6.80869,6.02475],[6.81745,5.97635],[6.85573,5.92702],[6.8599,5.87147],[6.87945,5.84806],[6.88516,5.8114],[6.98026,5.62549],[7.03091,5.55902],[7.04699,5.51411],[7.10022,5.44647],[7.11624,5.40376],[7.15714,5.36594],[7.1865,5.31927],[7.22307,5.2386],[7.29524,5.18237],[7.32532,5.12711]]}},{"type":"Feature","properties":{"power":"line","voltage":"132000","_label":null,"_status_group":"unknown","_states":["Ogun"]},"geometry":{"type":"LineString","coordinates":[[3.33551,7.11228],[3.34419,7.1071],[3.36712,7.11567],[3.3906,7.10501]]}},{"type":"Feature","properties":{"power":"line","voltage":"330000","_label":null,"_status_group":"unknown","_states":["Ogun"]},"geometry":{"type":"LineString","coordinates":[[3.21033,6.84845],[3.21378,6.892],[3.23876,6.95299],[3.24411,7.04695],[3.2604,7.05988]]}},{"type":"Feature","properties":{"power":"line","voltage":"330000","_label":null,"_status_group":"unknown","_states":["Ogun","Lagos"]},"geometry":{"type":"LineString","coordinates":[[3.24605,6.60318],[3.20818,6.64165],[3.20784,6.75351],[3.14862,6.80981],[3.19497,7.03229],[3.21997,7.07075],[3.27975,7.08534],[3.3382,7.11584]]}},{"type":"Feature","properties":{"power":"line","_label":null,"_status_group":"unknown","_states":["Rivers","Imo","Abia"]},"geometry":{"type":"LineString","coordinates":[[7.06947,5.46819],[7.10106,5.44032],[7.11511,5.40301],[7.15606,5.36503],[7.19099,5.30873],[7.22199,5.23774],[7.29623,5.17632]]}},{"type":"Feature","properties":{"power":"line","voltage":"132000","_label":null,"_status_group":"unknown","_states":["Plateau"]},"geometry":{"type":"LineString","coordinates":[[8.87386,9.48092],[8.81713,9.48239],[8.80298,9.47544],[8.75074,9.43236],[8.74219,9.40969],[8.72852,9.40493]]}},{"type":"Feature","properties":{"power":"line","_label":null,"_status_group":"unknown","_states":["Plateau"]},"geometry":{"type":"LineString","coordinates":[[8.72852,9.40493],[8.72819,9.40498]]}},{"type":"Feature","properties":{"power":"line","voltage":"132000","_label":null,"_status_group":"unknown","_states":["Plateau"]},"geometry":{"type":"LineString","coordinates":[[8.72793,9.40505],[8.68135,9.38821]]}},{"type":"Feature","properties":{"power":"line","voltage":"132000","_label":null,"_status_group":"unknown","_states":["Plateau"]},"geometry":{"type":"LineString","coordinates":[[8.8943,9.54455],[8.87407,9.48103]]}},{"type":"Feature","properties":{"power":"line","voltage":"132000","_label":null,"_status_group":"unknown","_states":["Plateau"]},"geometry":{"type":"LineString","coordinates":[[8.89467,9.54466],[8.8943,9.54455]]}},{"type":"Feature","properties":{"power":"line","voltage":"132000","_label":null,"_status_group":"unknown","_states":["Plateau"]},"geometry":{"type":"LineString","coordinates":[[8.89494,9.54521],[8.89476,9.54483]]}},{"type":"Feature","properties":{"power":"line","voltage":"132000","_label":null,"_status_group":"unknown","_states":["Plateau"]},"geometry":{"type":"LineString","coordinates":[[8.86438,9.78261],[8.8622,9.74394],[8.87425,9.735],[8.89263,9.68651],[8.89086,9.64406],[8.90541,9.5763],[8.89494,9.54521]]}},{"type":"Feature","properties":{"power":"line","voltage":"132000","_label":null,"_status_group":"unknown","_states":["Plateau"]},"geometry":{"type":"LineString","coordinates":[[8.88231,9.83586],[8.8976,9.80863],[8.87539,9.72849],[8.89414,9.68617],[8.9014,9.64271],[8.89686,9.60051],[8.9058,9.57633],[8.95191,9.53955],[9.00836,9.54114],[9.0864,9.51308],[9.16082,9.49831],[9.23988,9.43365],[9.28073,9.42075],[9.37033,9.36581],[9.42165,9.35177],[9.42435,9.34474]]}},{"type":"Feature","properties":{"power":"line","voltage":"132000","_label":null,"_status_group":"unknown","_states":["Plateau"]},"geometry":{"type":"LineString","coordinates":[[8.86458,9.78346],[8.86438,9.78261]]}},{"type":"Feature","properties":{"power":"line","_label":null,"_status_group":"unknown","_states":["Plateau"]},"geometry":{"type":"LineString","coordinates":[[8.87407,9.48103],[8.87382,9.48102]]}},{"type":"Feature","properties":{"power":"line","voltage":"132000","_label":null,"_status_group":"unknown","_states":["Rivers"]},"geometry":{"type":"LineString","coordinates":[[6.6507,5.06693],[6.67391,5.05546],[6.69134,5.06188]]}},{"type":"Feature","properties":{"power":"line","voltage":"132000","_label":null,"_status_group":"unknown","_states":["Cross River"]},"geometry":{"type":"LineString","coordinates":[[8.32915,4.99191],[8.33459,5.00217],[8.32568,5.04484]]}},{"type":"Feature","properties":{"power":"line","voltage":"132000","_label":null,"_status_group":"unknown","_states":["Plateau"]},"geometry":{"type":"LineString","coordinates":[[9.42435,9.34474],[9.42463,9.34324]]}},{"type":"Feature","properties":{"power":"line","voltage":"132000","_label":null,"_status_group":"unknown","_states":["Rivers"]},"geometry":{"type":"LineString","coordinates":[[7.03522,4.83188],[7.01431,4.86968],[7.01301,4.89084],[7.00323,4.89147]]}},{"type":"Feature","properties":{"power":"line","voltage":"132000","_label":null,"_status_group":"unknown","_states":["Rivers"]},"geometry":{"type":"LineString","coordinates":[[6.96383,4.89439],[7.00323,4.89147]]}},{"type":"Feature","properties":{"power":"line","voltage":"132000","_label":null,"_status_group":"unknown","_states":["Rivers"]},"geometry":{"type":"LineString","coordinates":[[6.96344,4.8946],[6.94069,4.8972],[6.92546,4.8883],[6.90325,4.89897]]}},{"type":"Feature","properties":{"power":"line","voltage":"132000","_label":null,"_status_group":"unknown","_states":["Rivers"]},"geometry":{"type":"LineString","coordinates":[[6.90325,4.89897],[6.87747,4.88889],[6.85736,4.89045],[6.82075,4.92263],[6.80145,4.92798],[6.75186,4.97441],[6.75207,4.99437],[6.7319,5.04397],[6.71816,5.05964],[6.69134,5.06188]]}},{"type":"Feature","properties":{"power":"line","voltage":"330000","_label":null,"_status_group":"unknown","_states":["Ogun"]},"geometry":{"type":"LineString","coordinates":[[3.21033,6.84845],[3.23357,6.86768],[3.28457,6.87207],[3.31241,6.88285]]}},{"type":"Feature","properties":{"power":"line","voltage":"132000","_label":null,"_status_group":"unknown","_states":["Akwa Ibom"]},"geometry":{"type":"LineString","coordinates":[[7.56929,4.56322],[7.59555,4.56144],[7.6311,4.58172],[7.62315,4.59823],[7.65142,4.61393],[7.69881,4.61228],[7.73359,4.62047],[7.74771,4.63606],[7.80826,4.62655],[7.83451,4.64437],[7.84265,4.63738],[7.86322,4.64756],[7.86914,4.63669],[7.89524,4.63233],[7.92254,4.65198]]}},{"type":"Feature","properties":{"power":"line","voltage":"132000","_label":null,"_status_group":"unknown","_states":["Rivers"]},"geometry":{"type":"LineString","coordinates":[[7.2269,4.83353],[7.23019,4.84332]]}},{"type":"Feature","properties":{"power":"line","voltage":"132000","_label":null,"_status_group":"unknown","_states":["Rivers"]},"geometry":{"type":"LineString","coordinates":[[7.22605,4.83351],[7.22398,4.83338]]}},{"type":"Feature","properties":{"power":"line","voltage":"132000","_label":null,"_status_group":"unknown","_states":["Rivers"]},"geometry":{"type":"LineString","coordinates":[[7.10576,4.85264],[7.08354,4.84584]]}},{"type":"Feature","properties":{"power":"line","voltage":"132000","_label":null,"_status_group":"unknown","_states":["Rivers"]},"geometry":{"type":"LineString","coordinates":[[7.08285,4.84569],[7.14439,4.85598],[7.22188,4.84398],[7.22443,4.81856],[7.16532,4.77031],[7.15137,4.76218],[7.11617,4.76444]]}},{"type":"Feature","properties":{"power":"line","voltage":"132000","_label":null,"_status_group":"unknown","_states":["Rivers"]},"geometry":{"type":"LineString","coordinates":[[7.09992,4.85759],[7.10576,4.85264]]}},{"type":"Feature","properties":{"power":"line","voltage":"132000","_label":null,"_status_group":"unknown","_states":["Rivers"]},"geometry":{"type":"LineString","coordinates":[[7.09992,4.85759],[7.04307,4.91199]]}},{"type":"Feature","properties":{"power":"line","_label":null,"_status_group":"unknown","_states":["Bayelsa"]},"geometry":{"type":"LineString","coordinates":[[6.3274,4.99025],[6.3165,4.9857],[6.29294,4.99179],[6.29383,5.0024]]}},{"type":"Feature","properties":{"power":"line","_label":null,"_status_group":"unknown","_states":["Bayelsa"]},"geometry":{"type":"LineString","coordinates":[[6.30105,5.02908],[6.30235,5.0124],[6.29466,5.00435]]}},{"type":"Feature","properties":{"power":"line","_label":null,"_status_group":"unknown","_states":["Bayelsa","Rivers"]},"geometry":{"type":"LineString","coordinates":[[6.30133,5.02894],[6.31829,5.03034],[6.33147,5.04958],[6.33973,5.04539],[6.36031,5.05483],[6.43083,5.04924],[6.49467,5.06562],[6.55817,5.05814],[6.66068,5.06564]]}},{"type":"Feature","properties":{"power":"line","voltage":"132000","_label":null,"_status_group":"unknown","_states":["Abia"]},"geometry":{"type":"LineString","coordinates":[[7.49846,5.73587],[7.49583,5.66293]]}},{"type":"Feature","properties":{"power":"line","voltage":"132000","_label":null,"_status_group":"unknown","_states":["Imo","Abia"]},"geometry":{"type":"LineString","coordinates":[[7.36678,5.80375],[7.42201,5.80411],[7.45775,5.76007],[7.49815,5.73624]]}},{"type":"Feature","properties":{"power":"line","voltage":"132000","_label":null,"_status_group":"unknown","_states":["Abia"]},"geometry":{"type":"LineString","coordinates":[[7.32865,5.2715],[7.34176,5.32876],[7.36499,5.35057],[7.37841,5.3834],[7.4022,5.40823],[7.41219,5.44602],[7.44311,5.47219],[7.45366,5.51341]]}},{"type":"Feature","properties":{"power":"line","_label":null,"_status_group":"unknown","_states":["Abia"]},"geometry":{"type":"LineString","coordinates":[[7.4546,5.51419],[7.45417,5.51377]]}},{"type":"Feature","properties":{"power":"line","voltage":"132000","_label":null,"_status_group":"unknown","_states":["Benue"]},"geometry":{"type":"LineString","coordinates":[[8.57074,7.62608],[8.57104,7.62556]]}},{"type":"Feature","properties":{"power":"line","voltage":"132000","_label":null,"_status_group":"unknown","_states":["Gombe","Yobe"]},"geometry":{"type":"LineString","coordinates":[[11.35805,10.94686],[11.33825,11.08372],[11.34114,11.11334],[11.36883,11.13434],[11.33149,11.2328],[11.28595,11.38943],[11.22658,11.48296]]}},{"type":"Feature","properties":{"power":"line","voltage":"132000","_label":null,"_status_group":"unknown","_states":["Abuja Federal Capital Territory","Nasarawa"]},"geometry":{"type":"LineString","coordinates":[[7.49088,9.0021],[7.65458,8.99361],[7.6935,8.909],[7.71129,8.89175],[7.81869,8.85249],[7.85745,8.82795],[7.86352,8.80562]]}},{"type":"Feature","properties":{"power":"line","name":"Kumbotso-Dan Agundi","operator":"Transmission Company of Nigeria","voltage":"132000","_label":"Kumbotso-Dan Agundi","_status_group":"unknown","_states":["Kano"]},"geometry":{"type":"LineString","coordinates":[[8.52243,11.97994],[8.5124,11.95724],[8.47654,11.92932]]}},{"type":"Feature","properties":{"power":"line","_label":null,"_status_group":"unknown","_states":["Abuja Federal Capital Territory"]},"geometry":{"type":"LineString","coordinates":[[7.48946,9.00019],[7.50625,9.03721],[7.52476,9.05765],[7.5235,9.07361],[7.50997,9.09077]]}},{"type":"Feature","properties":{"power":"line","voltage":"132000","_label":null,"_status_group":"unknown","_states":["Nasarawa"]},"geometry":{"type":"LineString","coordinates":[[7.86359,8.80552],[8.0313,8.84869],[8.14269,8.83698],[8.2211,8.86014],[8.26217,8.86146],[8.29971,8.90983],[8.39625,8.89952]]}},{"type":"Feature","properties":{"power":"line","name":"Zaria-Dangora","operator":"Transmission Company of Nigeria","voltage":"132000","_label":"Zaria-Dangora","_status_group":"unknown","_states":["Kano","Kaduna"]},"geometry":{"type":"LineString","coordinates":[[8.1899,11.48003],[8.06898,11.38109],[8.02793,11.3664],[7.99716,11.36801],[7.94117,11.34386],[7.8396,11.22892],[7.71188,11.12697]]}},{"type":"Feature","properties":{"power":"line","voltage":"132000","_label":null,"_status_group":"unknown","_states":["Gombe"]},"geometry":{"type":"LineString","coordinates":[[11.35805,10.94686],[11.37087,10.92222],[11.42665,10.87202]]}},{"type":"Feature","properties":{"power":"line","voltage":"132000","_label":null,"_status_group":"unknown","_states":["Yobe"]},"geometry":{"type":"LineString","coordinates":[[11.22658,11.48296],[11.19215,11.56361],[11.08398,11.66498],[11.07215,11.7026]]}},{"type":"Feature","properties":{"power":"line","voltage":"132000","_label":null,"_status_group":"unknown","_states":["Kaduna"]},"geometry":{"type":"LineString","coordinates":[[7.40214,10.50022],[7.38794,10.52582],[7.41341,10.59165]]}},{"type":"Feature","properties":{"power":"line","name":"Kumbotso-Kankiya","operator":"Transmission Company of Nigeria","voltage":"132000","_label":"Kumbotso-Kankiya","_status_group":"unknown","_states":["Katsina","Kano"]},"geometry":{"type":"LineString","coordinates":[[8.47648,11.92939],[8.47822,11.93505],[8.44582,11.95582],[8.43601,12.07732],[8.3512,12.15766],[8.22708,12.23383],[8.15916,12.29639],[8.05965,12.35514],[8.01692,12.41714],[7.93787,12.48881],[7.84541,12.55112]]}},{"type":"Feature","properties":{"power":"line","name":"Kumbotso-Katsina","operator":"Transmission Company of Nigeria","voltage":"132000","_label":"Kumbotso-Katsina","_status_group":"unknown","_states":["Katsina","Kano"]},"geometry":{"type":"LineString","coordinates":[[8.4764,11.92948],[8.44553,11.95564],[8.43574,12.07714],[8.35101,12.1574],[8.2268,12.2336],[8.15902,12.29606],[8.05939,12.35494],[8.01702,12.41641],[7.90761,12.50958],[7.84524,12.55015],[7.71787,12.69933],[7.6174,12.96865]]}},{"type":"Feature","properties":{"power":"line","_label":null,"_status_group":"unknown","_states":["Lagos"]},"geometry":{"type":"LineString","coordinates":[[3.57077,6.47052],[3.56666,6.46848]]}},{"type":"Feature","properties":{"power":"line","name":"Kankiya-Katsina","operator":"Transmission Company of Nigeria","voltage":"132000","_label":"Kankiya-Katsina","_status_group":"unknown","_states":["Katsina"]},"geometry":{"type":"LineString","coordinates":[[7.84541,12.55112],[7.71818,12.69948],[7.61745,12.96887]]}},{"type":"Feature","properties":{"power":"line","_label":null,"_status_group":"unknown","_states":["Kano"]},"geometry":{"type":"LineString","coordinates":[[8.58752,12.02294],[8.58851,12.0225]]}},{"type":"Feature","properties":{"power":"line","_label":null,"_status_group":"unknown","_states":["Kano"]},"geometry":{"type":"LineString","coordinates":[[8.58839,12.02299],[8.58697,12.02341]]}},{"type":"Feature","properties":{"power":"line","_label":null,"_status_group":"unknown","_states":["Kano"]},"geometry":{"type":"LineString","coordinates":[[8.58843,12.02314],[8.58734,12.02349]]}},{"type":"Feature","properties":{"power":"line","voltage":"132000","_label":null,"_status_group":"unknown","_states":["Kano"]},"geometry":{"type":"LineString","coordinates":[[8.45624,11.87365],[8.45557,11.87368]]}},{"type":"Feature","properties":{"power":"line","name":"Katsina-Gazoua","voltage":"132000","_label":"Katsina-Gazoua","_status_group":"unknown","_states":["Katsina"]},"geometry":{"type":"LineString","coordinates":[[7.61753,12.96902],[7.62839,12.95801],[7.69645,13.0108],[7.78253,13.33284],[7.85136,13.46203],[7.87981,13.48373],[7.89397,13.50951]]}},{"type":"Feature","properties":{"power":"line","voltage":"132000","_label":null,"_status_group":"unknown","_states":["Edo"]},"geometry":{"type":"LineString","coordinates":[[6.36792,7.31521],[6.33773,7.22367],[6.3293,7.15359],[6.29731,7.1285],[6.28278,7.09091],[6.26829,6.96226],[6.27058,6.8909],[6.2519,6.84919],[6.25308,6.83145],[6.23802,6.80489],[6.23332,6.77395],[6.19708,6.73436]]}},{"type":"Feature","properties":{"power":"line","voltage":"132000","_label":null,"_status_group":"unknown","_states":["Kogi","Edo"]},"geometry":{"type":"LineString","coordinates":[[6.21753,7.54941],[6.24968,7.52559],[6.26199,7.48858],[6.36917,7.38663],[6.36792,7.31571]]}},{"type":"Feature","properties":{"power":"line","voltage":"330000","_label":null,"_status_group":"unknown","_states":["Abuja Federal Capital Territory"]},"geometry":{"type":"LineString","coordinates":[[7.07172,8.97765],[7.07079,8.97742]]}},{"type":"Feature","properties":{"power":"line","_label":null,"_status_group":"unknown","_states":["Gombe"]},"geometry":{"type":"LineString","coordinates":[[11.13719,10.32024],[11.13736,10.32005]]}},{"type":"Feature","properties":{"power":"line","_label":null,"_status_group":"unknown","_states":["Gombe"]},"geometry":{"type":"LineString","coordinates":[[11.13729,10.32034],[11.13746,10.32015]]}},{"type":"Feature","properties":{"power":"line","name":"Katsina-Daura","operator":"Transmission Company of Nigeria","voltage":"132000","_label":"Katsina-Daura","_status_group":"unknown","_states":["Katsina"]},"geometry":{"type":"LineString","coordinates":[[8.30024,13.02618],[8.20276,12.97347],[7.74156,12.94985],[7.62498,12.95064],[7.61786,12.9686]]}},{"type":"Feature","properties":{"power":"line","voltage":"132000","_label":null,"_status_group":"unknown","_states":["Benue"]},"geometry":{"type":"LineString","coordinates":[[8.55713,7.74305],[8.5462,7.72967],[8.53512,7.68819],[8.56807,7.62695]]}},{"type":"Feature","properties":{"power":"line","voltage":"132000","_label":null,"_status_group":"unknown","_states":["Ebonyi"]},"geometry":{"type":"LineString","coordinates":[[7.79428,6.54177],[7.7737,6.5018],[7.82958,6.42804],[7.90341,6.40683],[7.99555,6.40036],[8.06747,6.36748],[8.0849,6.34482]]}},{"type":"Feature","properties":{"power":"line","voltage":"132000","_label":null,"_status_group":"unknown","_states":["Enugu","Ebonyi"]},"geometry":{"type":"LineString","coordinates":[[7.58313,6.43589],[7.59012,6.45258],[7.6172,6.45052],[7.6519,6.4631],[7.71788,6.45826],[7.75889,6.47537],[7.78276,6.53978],[7.79306,6.54167]]}},{"type":"Feature","properties":{"power":"line","voltage":"132000","_label":null,"_status_group":"unknown","_states":["Abia"]},"geometry":{"type":"LineString","coordinates":[[7.32865,5.2715],[7.32388,5.16314]]}},{"type":"Feature","properties":{"power":"line","voltage":"330000","_label":null,"_status_group":"unknown","_states":["Abuja Federal Capital Territory","Niger"]},"geometry":{"type":"LineString","coordinates":[[7.23103,9.15335],[7.27668,9.13528],[7.31119,9.15875],[7.35214,9.1674],[7.40683,9.12204],[7.47705,9.11522]]}},{"type":"Feature","properties":{"power":"line","voltage":"132000","_label":null,"_status_group":"unknown","_states":["Abuja Federal Capital Territory"]},"geometry":{"type":"LineString","coordinates":[[7.50736,9.09165],[7.49453,9.11321]]}},{"type":"Feature","properties":{"power":"line","voltage":"132000","_label":null,"_status_group":"unknown","_states":["Abuja Federal Capital Territory"]},"geometry":{"type":"LineString","coordinates":[[7.47763,9.11521],[7.49464,9.11342],[7.53179,9.06585],[7.53423,9.04968]]}},{"type":"Feature","properties":{"power":"line","voltage":"132000","_label":null,"_status_group":"unknown","_states":["Abuja Federal Capital Territory"]},"geometry":{"type":"LineString","coordinates":[[7.36801,9.14941],[7.40663,9.12161],[7.47753,9.11526]]}},{"type":"Feature","properties":{"power":"line","_label":null,"_status_group":"unknown","_states":["Niger"]},"geometry":{"type":"LineString","coordinates":[[7.2084,9.19816],[7.20836,9.19793]]}},{"type":"Feature","properties":{"power":"line","voltage":"330000","_label":null,"_status_group":"unknown","_states":["Abuja Federal Capital Territory"]},"geometry":{"type":"LineString","coordinates":[[7.47683,9.11562],[7.47705,9.11522]]}},{"type":"Feature","properties":{"power":"line","voltage":"330000","_label":null,"_status_group":"unknown","_states":["Abuja Federal Capital Territory"]},"geometry":{"type":"LineString","coordinates":[[7.47705,9.11522],[7.47663,9.11524]]}},{"type":"Feature","properties":{"power":"line","voltage":"132000","_label":null,"_status_group":"unknown","_states":["Abuja Federal Capital Territory"]},"geometry":{"type":"LineString","coordinates":[[7.478,9.11455],[7.49453,9.11321]]}},{"type":"Feature","properties":{"power":"line","name":"Ikeja West/Egbin/Benin - Omotosho","operator":"Transmission Company of Nigeria","voltage":"330000","_label":"Ikeja West/Egbin/Benin - Omotosho","_status_group":"unknown","_states":["Ondo"]},"geometry":{"type":"LineString","coordinates":[[4.70782,6.73663],[4.68345,6.73706],[4.65382,6.72042]]}},{"type":"Feature","properties":{"power":"line","_label":null,"_status_group":"unknown","_states":["Abuja Federal Capital Territory"]},"geometry":{"type":"LineString","coordinates":[[7.48993,9.00033],[7.48946,9.00019]]}},{"type":"Feature","properties":{"power":"line","_label":null,"_status_group":"unknown","_states":["Abuja Federal Capital Territory"]},"geometry":{"type":"LineString","coordinates":[[7.49081,9.00111],[7.49125,9.00038]]}},{"type":"Feature","properties":{"power":"line","_label":null,"_status_group":"unknown","_states":["Abuja Federal Capital Territory"]},"geometry":{"type":"LineString","coordinates":[[7.49145,9.00047],[7.49098,9.00114]]}},{"type":"Feature","properties":{"power":"line","_label":null,"_status_group":"unknown","_states":["Abuja Federal Capital Territory"]},"geometry":{"type":"LineString","coordinates":[[7.49037,9.00038],[7.49048,9.00015]]}},{"type":"Feature","properties":{"power":"line","_label":null,"_status_group":"unknown","_states":["Abuja Federal Capital Territory"]},"geometry":{"type":"LineString","coordinates":[[7.49002,9.00011],[7.4898,8.99999]]}},{"type":"Feature","properties":{"power":"line","_label":null,"_status_group":"unknown","_states":["Abuja Federal Capital Territory"]},"geometry":{"type":"LineString","coordinates":[[7.49071,9.00184],[7.49088,9.0021]]}},{"type":"Feature","properties":{"power":"line","_label":null,"_status_group":"unknown","_states":["Abuja Federal Capital Territory"]},"geometry":{"type":"LineString","coordinates":[[7.49051,9.00177],[7.49049,9.00206]]}},{"type":"Feature","properties":{"power":"line","voltage":"132000","_label":null,"_status_group":"unknown","_states":["Abuja Federal Capital Territory"]},"geometry":{"type":"LineString","coordinates":[[7.49049,9.00206],[7.52443,9.02992],[7.53423,9.04968]]}},{"type":"Feature","properties":{"power":"line","voltage":"330000","_label":null,"_status_group":"unknown","_states":["Ondo"]},"geometry":{"type":"LineString","coordinates":[[4.70852,6.73687],[4.70782,6.73663]]}},{"type":"Feature","properties":{"power":"line","voltage":"330000","_label":null,"_status_group":"unknown","_states":["Rivers"]},"geometry":{"type":"LineString","coordinates":[[7.25359,4.85062],[7.25146,4.85162]]}},{"type":"Feature","properties":{"power":"line","voltage":"132000","_label":null,"_status_group":"unknown","_states":["Nasarawa"]},"geometry":{"type":"LineString","coordinates":[[8.39625,8.89952],[8.39662,8.89947]]}},{"type":"Feature","properties":{"power":"line","voltage":"132000","_label":null,"_status_group":"unknown","_states":["Sokoto","Kebbi"]},"geometry":{"type":"LineString","coordinates":[[4.19711,12.43776],[4.39971,12.51869],[4.68996,12.70072],[4.82084,12.69779],[5.08335,12.77432],[5.16889,12.87939],[5.14956,12.95651],[5.20707,13.0283]]}},{"type":"Feature","properties":{"power":"line","voltage":"132000","_label":null,"_status_group":"unknown","_states":["Sokoto","Zamfara"]},"geometry":{"type":"LineString","coordinates":[[6.01748,12.5798],[5.95532,12.58044],[5.88549,12.65124],[5.85514,12.70515],[5.81427,12.74138],[5.80612,12.78027],[5.76641,12.86683],[5.59968,12.91588],[5.47612,12.91089],[5.4197,12.92406],[5.3082,12.93142],[5.20292,12.98163],[5.1922,13.01239],[5.20727,13.02826]]}},{"type":"Feature","properties":{"power":"line","name":"Talanta Mafara-Gusau","operator":"Transmission Company of Nigeria","voltage":"132000","_label":"Talanta Mafara-Gusau","_status_group":"unknown","_states":["Zamfara"]},"geometry":{"type":"LineString","coordinates":[[6.69922,12.15336],[6.70724,12.18298],[6.59675,12.24647],[6.55416,12.25545],[6.49792,12.24997],[6.36875,12.32465],[6.28193,12.35387],[6.22726,12.38107],[6.17438,12.45362],[6.01748,12.5798],[6.03229,12.62508]]}},{"type":"Feature","properties":{"power":"line","name":"Gusau-Funtua","operator":"Transmission Company of Nigeria","voltage":"132000","_label":"Gusau-Funtua","_status_group":"unknown","_states":["Zamfara","Katsina"]},"geometry":{"type":"LineString","coordinates":[[7.3261,11.5283],[7.3332,11.52965],[7.33141,11.53713],[7.19039,11.6591],[7.07278,11.77739],[6.98004,11.84791],[6.86708,11.99289],[6.8409,12.06554],[6.73617,12.14674],[6.69916,12.15326]]}},{"type":"Feature","properties":{"power":"line","name":"Funtua-Zaria","operator":"Transmission Company of Nigeria","voltage":"132000","_label":"Funtua-Zaria","_status_group":"unknown","_states":["Katsina","Kaduna"]},"geometry":{"type":"LineString","coordinates":[[7.71176,11.12681],[7.71379,11.14153],[7.68119,11.16004],[7.50214,11.33981],[7.4256,11.44586],[7.34351,11.52443],[7.32611,11.52816]]}},{"type":"Feature","properties":{"power":"line","voltage":"132000","_label":null,"_status_group":"unknown","_states":["Niger"]},"geometry":{"type":"LineString","coordinates":[[6.82138,9.97127],[6.80211,9.97489],[6.71575,10.13743],[6.64401,10.16776],[6.57846,10.20842],[6.44277,10.13694],[6.36332,10.06041],[6.1785,10.0797]]}},{"type":"Feature","properties":{"power":"line","voltage":"132000","_label":null,"_status_group":"unknown","_states":["Niger","Kaduna"]},"geometry":{"type":"LineString","coordinates":[[6.17867,10.0798],[6.21127,10.12597],[6.22022,10.2479],[6.29229,10.29207],[6.39852,10.42018],[6.43238,10.53932],[6.5002,10.62847],[6.52281,10.69049],[6.55145,10.69388]]}},{"type":"Feature","properties":{"power":"line","voltage":"132000","_label":null,"_status_group":"unknown","_states":["Niger"]},"geometry":{"type":"LineString","coordinates":[[6.17875,10.08023],[6.17867,10.0798]]}},{"type":"Feature","properties":{"power":"line","voltage":"132000","_label":null,"_status_group":"unknown","_states":["Niger"]},"geometry":{"type":"LineString","coordinates":[[6.1785,10.0797],[6.1128,10.12727],[5.94547,10.15364],[5.87016,10.22152],[5.8348,10.26521],[5.7749,10.2881],[5.66035,10.295],[5.53144,10.39998],[5.46174,10.37969]]}},{"type":"Feature","properties":{"power":"line","voltage":"132000","_label":null,"_status_group":"unknown","_states":["Niger"]},"geometry":{"type":"LineString","coordinates":[[5.46174,10.37969],[5.46126,10.37994]]}},{"type":"Feature","properties":{"power":"line","voltage":"132000","_label":null,"_status_group":"unknown","_states":["Niger"]},"geometry":{"type":"LineString","coordinates":[[5.46062,10.37937],[5.46097,10.37986]]}},{"type":"Feature","properties":{"power":"line","voltage":"132000","_label":null,"_status_group":"unknown","_states":["Kebbi","Niger"]},"geometry":{"type":"LineString","coordinates":[[4.75343,10.81076],[4.81846,10.69766],[4.86013,10.68726],[4.92885,10.61279],[5.0237,10.53084],[5.15731,10.49648],[5.25075,10.46028],[5.35852,10.38652],[5.43856,10.37295],[5.46062,10.37937]]}},{"type":"Feature","properties":{"power":"line","voltage":"330000","_label":null,"_status_group":"unknown","_states":["Ekiti","Osun"]},"geometry":{"type":"LineString","coordinates":[[5.01456,7.40695],[5.00547,7.40693],[4.90766,7.47997],[4.84113,7.61069],[4.75981,7.64559],[4.72403,7.68933]]}},{"type":"Feature","properties":{"power":"line","voltage":"132000","_label":null,"_status_group":"unknown","_states":["Osun"]},"geometry":{"type":"LineString","coordinates":[[4.57694,7.80004],[4.58608,7.78898],[4.58494,7.74197],[4.49386,7.55254],[4.50419,7.49834]]}},{"type":"Feature","properties":{"power":"line","voltage":"330000","_label":null,"_status_group":"unknown","_states":["Osun"]},"geometry":{"type":"LineString","coordinates":[[4.5789,7.80151],[4.6202,7.74071]]}},{"type":"Feature","properties":{"power":"line","voltage":"330000","_label":null,"_status_group":"unknown","_states":["Ondo","Edo"]},"geometry":{"type":"LineString","coordinates":[[5.59142,6.46059],[5.58879,6.57281],[5.57026,6.62254],[5.55866,6.74001],[5.58841,6.81165],[5.59301,6.86972],[5.55096,6.91632],[5.48054,7.01639],[5.41759,7.0438],[5.36131,7.08737],[5.31889,7.15025],[5.18323,7.23127],[5.16926,7.24664],[5.15228,7.31126],[5.1122,7.33348],[5.05806,7.38466],[5.01456,7.40695]]}},{"type":"Feature","properties":{"power":"line","voltage":"330000","_label":null,"_status_group":"unknown","_states":["Edo"]},"geometry":{"type":"LineString","coordinates":[[5.63253,6.29667],[5.63309,6.29589]]}},{"type":"Feature","properties":{"power":"line","voltage":"330000","_label":null,"_status_group":"unknown","_states":["Edo"]},"geometry":{"type":"LineString","coordinates":[[5.59142,6.46059],[5.59374,6.39822],[5.57457,6.30219],[5.58974,6.28632],[5.63253,6.29667]]}},{"type":"Feature","properties":{"power":"line","voltage":"330000","_label":null,"_status_group":"unknown","_states":["Osun"]},"geometry":{"type":"LineString","coordinates":[[4.72403,7.68933],[4.63384,7.72468],[4.6202,7.74071]]}},{"type":"Feature","properties":{"power":"line","voltage":"132000","_label":null,"_status_group":"unknown","_states":["Kaduna"]},"geometry":{"type":"LineString","coordinates":[[7.37248,10.46042],[7.37232,10.46077]]}},{"type":"Feature","properties":{"power":"line","voltage":"132000","_label":null,"_status_group":"unknown","_states":["Kebbi"]},"geometry":{"type":"LineString","coordinates":[[4.75343,10.81076],[4.75316,10.81109]]}},{"type":"Feature","properties":{"power":"line","voltage":"132000","_label":null,"_status_group":"unknown","_states":["Osun"]},"geometry":{"type":"LineString","coordinates":[[4.5045,7.49757],[4.50416,7.49483]]}},{"type":"Feature","properties":{"power":"line","voltage":"132000","_label":null,"_status_group":"unknown","_states":["Ondo"]},"geometry":{"type":"LineString","coordinates":[[4.84001,7.05612],[4.83849,7.0566]]}},{"type":"Feature","properties":{"power":"line","voltage":"132000","_label":null,"_status_group":"unknown","_states":["Ondo","Osun"]},"geometry":{"type":"LineString","coordinates":[[4.50416,7.49483],[4.50409,7.48319],[4.60102,7.29456],[4.66665,7.19404],[4.7462,7.13886],[4.78314,7.12704],[4.81166,7.07315],[4.83849,7.0566]]}},{"type":"Feature","properties":{"power":"line","voltage":"132000","_label":null,"_status_group":"unknown","_states":["Abuja Federal Capital Territory"]},"geometry":{"type":"LineString","coordinates":[[7.50736,9.09165],[7.47763,9.11392]]}},{"type":"Feature","properties":{"power":"line","voltage":"330000","_label":null,"_status_group":"unknown","_states":["Niger"]},"geometry":{"type":"LineString","coordinates":[[4.8204,9.16728],[4.82036,9.1669]]}},{"type":"Feature","properties":{"power":"line","voltage":"330000","_label":null,"_status_group":"unknown","_states":["Niger"]},"geometry":{"type":"LineString","coordinates":[[4.8224,9.1686],[4.82252,9.16906]]}},{"type":"Feature","properties":{"power":"line","voltage":"330000","_label":null,"_status_group":"unknown","_states":["Niger"]},"geometry":{"type":"LineString","coordinates":[[4.82204,9.16849],[4.82202,9.16891]]}},{"type":"Feature","properties":{"power":"line","voltage":"330000","_label":null,"_status_group":"unknown","_states":["Niger"]},"geometry":{"type":"LineString","coordinates":[[4.8215,9.16834],[4.82136,9.16872]]}},{"type":"Feature","properties":{"power":"line","voltage":"330000","_label":null,"_status_group":"unknown","_states":["Niger"]},"geometry":{"type":"LineString","coordinates":[[4.82074,9.16812],[4.82066,9.16851]]}},{"type":"Feature","properties":{"power":"line","_label":null,"_status_group":"unknown","_states":["Abuja Federal Capital Territory"]},"geometry":{"type":"LineString","coordinates":[[7.27385,9.00936],[7.27979,9.00132],[7.24536,8.96228]]}},{"type":"Feature","properties":{"power":"line","_label":null,"_status_group":"unknown","_states":["Abuja Federal Capital Territory"]},"geometry":{"type":"LineString","coordinates":[[7.37609,8.98235],[7.31186,8.94021],[7.24536,8.96228]]}},{"type":"Feature","properties":{"power":"line","voltage":"132000","_label":null,"_status_group":"unknown","_states":["Kogi"]},"geometry":{"type":"LineString","coordinates":[[6.21719,7.54957],[6.21737,7.54954]]}},{"type":"Feature","properties":{"power":"line","voltage":"132000","_label":null,"_status_group":"unknown","_states":["Rivers"]},"geometry":{"type":"LineString","coordinates":[[6.6507,5.06693],[6.62123,5.12196],[6.63592,5.21579],[6.64866,5.2303],[6.65732,5.26531],[6.64778,5.27513],[6.64699,5.29844],[6.65347,5.32205],[6.67946,5.35049],[6.66415,5.38925]]}},{"type":"Feature","properties":{"power":"line","_label":null,"_status_group":"unknown","_states":["Rivers"]},"geometry":{"type":"LineString","coordinates":[[6.66449,5.38963],[6.67195,5.38672],[6.68789,5.41148],[6.67792,5.4555],[6.62201,5.48108],[6.60999,5.51744],[6.58728,5.54162]]}},{"type":"Feature","properties":{"power":"line","_label":null,"_status_group":"unknown","_states":["Cross River"]},"geometry":{"type":"LineString","coordinates":[[8.34056,5.06993],[8.34,5.06986]]}},{"type":"Feature","properties":{"power":"line","voltage":"132000","_label":null,"_status_group":"unknown","_states":["Cross River"]},"geometry":{"type":"LineString","coordinates":[[8.33928,5.06951],[8.33937,5.06905]]}},{"type":"Feature","properties":{"power":"line","voltage":"132000","_label":null,"_status_group":"unknown","_states":["Cross River"]},"geometry":{"type":"LineString","coordinates":[[8.33969,5.0691],[8.33955,5.06961]]}},{"type":"Feature","properties":{"power":"line","voltage":"330000","_label":null,"_status_group":"unknown","_states":["Cross River"]},"geometry":{"type":"LineString","coordinates":[[8.33892,5.07143],[8.33888,5.07178]]}},{"type":"Feature","properties":{"power":"line","voltage":"132000","_label":null,"_status_group":"unknown","_states":["Adamawa"]},"geometry":{"type":"LineString","coordinates":[[12.39309,9.2718],[12.39191,9.27103]]}},{"type":"Feature","properties":{"power":"line","voltage":"330000","_label":null,"_status_group":"unknown","_states":["Plateau"]},"geometry":{"type":"LineString","coordinates":[[8.84534,9.98845],[8.84496,9.98886]]}},{"type":"Feature","properties":{"power":"line","_label":null,"_status_group":"unknown","_states":["Abia"]},"geometry":{"type":"LineString","coordinates":[[7.45422,5.513],[7.45436,5.5127]]}},{"type":"Feature","properties":{"power":"line","_label":null,"_status_group":"unknown","_states":["Abia"]},"geometry":{"type":"LineString","coordinates":[[7.45437,5.51311],[7.45465,5.5129]]}},{"type":"Feature","properties":{"power":"line","_label":null,"_status_group":"unknown","_states":["Rivers"]},"geometry":{"type":"LineString","coordinates":[[7.25358,4.84996],[7.25333,4.8495]]}},{"type":"Feature","properties":{"power":"line","voltage":"132000","_label":null,"_status_group":"unknown","_states":["Enugu"]},"geometry":{"type":"LineString","coordinates":[[7.53817,6.45767],[7.5383,6.45766]]}},{"type":"Feature","properties":{"power":"line","voltage":"132000","_label":null,"_status_group":"unknown","_states":["Enugu"]},"geometry":{"type":"LineString","coordinates":[[7.53729,6.45804],[7.53748,6.4576]]}},{"type":"Feature","properties":{"power":"line","_label":null,"_status_group":"unknown","_states":["Enugu"]},"geometry":{"type":"LineString","coordinates":[[7.53698,6.45745],[7.53704,6.45762]]}},{"type":"Feature","properties":{"power":"line","voltage":"132000","_label":null,"_status_group":"unknown","_states":["Enugu"]},"geometry":{"type":"LineString","coordinates":[[7.5368,6.45727],[7.53669,6.45762]]}},{"type":"Feature","properties":{"power":"line","voltage":"132000","_label":null,"_status_group":"unknown","_states":["Enugu"]},"geometry":{"type":"LineString","coordinates":[[7.53732,6.45673],[7.52806,6.42299],[7.4775,6.37042],[7.39829,6.31904],[7.39231,6.30391],[7.2993,6.2729],[7.28761,6.2761],[7.27271,6.25804]]}},{"type":"Feature","properties":{"power":"line","voltage":"330000","_label":null,"_status_group":"unknown","_states":["Enugu"]},"geometry":{"type":"LineString","coordinates":[[7.53839,6.45612],[7.53877,6.45604]]}},{"type":"Feature","properties":{"power":"line","voltage":"330000","_label":null,"_status_group":"unknown","_states":["Anambra","Enugu"]},"geometry":{"type":"LineString","coordinates":[[7.53833,6.45573],[7.54326,6.39606],[7.46826,6.33685],[7.41106,6.3409],[7.39409,6.32725],[7.3864,6.30675],[7.3134,6.27989],[7.1882,6.26994],[7.00231,6.19974],[6.97554,6.20805],[6.90205,6.16439],[6.87361,6.16568],[6.85958,6.14624],[6.80122,6.11754]]}},{"type":"Feature","properties":{"power":"line","_label":null,"_status_group":"unknown","_states":["Ebonyi"]},"geometry":{"type":"LineString","coordinates":[[7.79475,6.54272],[7.79376,6.54235]]}},{"type":"Feature","properties":{"power":"line","voltage":"132000","_label":null,"_status_group":"unknown","_states":["Ebonyi"]},"geometry":{"type":"LineString","coordinates":[[7.79306,6.54167],[7.79322,6.54184]]}},{"type":"Feature","properties":{"power":"line","voltage":"132000","_label":null,"_status_group":"unknown","_states":["Ebonyi"]},"geometry":{"type":"LineString","coordinates":[[7.79372,6.54229],[7.79428,6.54177]]}},{"type":"Feature","properties":{"power":"line","voltage":"132000","_label":null,"_status_group":"unknown","_states":["Ebonyi"]},"geometry":{"type":"LineString","coordinates":[[8.0849,6.34482],[8.08499,6.34472]]}},{"type":"Feature","properties":{"power":"line","_label":null,"_status_group":"unknown","_states":["Kaduna"]},"geometry":{"type":"LineString","coordinates":[[7.41138,10.58985],[7.40227,10.59702],[7.38233,10.59061],[7.34905,10.59677]]}},{"type":"Feature","properties":{"power":"line","voltage":"330000","_label":null,"_status_group":"unknown","_states":["Abia"]},"geometry":{"type":"LineString","coordinates":[[7.32163,5.05756],[7.32154,5.05719]]}},{"type":"Feature","properties":{"power":"line","voltage":"330000","_label":null,"_status_group":"unknown","_states":["Abia"]},"geometry":{"type":"LineString","coordinates":[[7.32158,5.05605],[7.3215,5.05518]]}},{"type":"Feature","properties":{"power":"line","voltage":"330000","_label":null,"_status_group":"unknown","_states":["Abia"]},"geometry":{"type":"LineString","coordinates":[[7.32114,5.05619],[7.32106,5.05543]]}},{"type":"Feature","properties":{"power":"line","voltage":"33000","_label":null,"_status_group":"unknown","_states":["Abia"]},"geometry":{"type":"LineString","coordinates":[[7.32282,5.06771],[7.32307,5.06736]]}},{"type":"Feature","properties":{"power":"line","voltage":"132000","_label":null,"_status_group":"unknown","_states":["Abia"]},"geometry":{"type":"LineString","coordinates":[[7.32511,5.06659],[7.3237,5.0667]]}},{"type":"Feature","properties":{"power":"line","voltage":"330000","_label":null,"_status_group":"unknown","_states":["Abia"]},"geometry":{"type":"LineString","coordinates":[[7.3232,5.06596],[7.32344,5.06573]]}},{"type":"Feature","properties":{"power":"line","_label":null,"_status_group":"unknown","_states":["Imo"]},"geometry":{"type":"LineString","coordinates":[[7.06121,5.4801],[7.06109,5.48062]]}},{"type":"Feature","properties":{"power":"line","voltage":"132000","_label":null,"_status_group":"unknown","_states":["Akwa Ibom"]},"geometry":{"type":"LineString","coordinates":[[7.56889,4.56411],[7.56929,4.56322]]}},{"type":"Feature","properties":{"power":"line","_label":null,"_status_group":"unknown","_states":["Bayelsa"]},"geometry":{"type":"LineString","coordinates":[[6.29466,5.00435],[6.29414,5.00307]]}},{"type":"Feature","properties":{"power":"line","_label":null,"_status_group":"unknown","_states":["Bayelsa"]},"geometry":{"type":"LineString","coordinates":[[6.32798,4.99025],[6.3274,4.99025]]}},{"type":"Feature","properties":{"power":"line","voltage":"132000","_label":null,"_status_group":"unknown","_states":["Anambra"]},"geometry":{"type":"LineString","coordinates":[[6.80377,6.11694],[6.82068,6.1142],[6.86613,6.15475],[6.90071,6.16165],[6.96003,6.19083],[7.06369,6.18842]]}},{"type":"Feature","properties":{"power":"line","voltage":"330000","_label":null,"_status_group":"unknown","_states":["Anambra"]},"geometry":{"type":"LineString","coordinates":[[6.80051,6.1176],[6.80118,6.11741]]}},{"type":"Feature","properties":{"power":"line","voltage":"330000","_label":null,"_status_group":"unknown","_states":["Delta"]},"geometry":{"type":"LineString","coordinates":[[6.57446,5.71144],[6.57428,5.71231]]}},{"type":"Feature","properties":{"power":"line","_label":null,"_status_group":"unknown","_states":["Kano"]},"geometry":{"type":"LineString","coordinates":[[8.61609,11.95988],[8.62431,11.95473]]}},{"type":"Feature","properties":{"power":"minor_line","_label":null,"_status_group":"unknown","_states":["Katsina"]},"geometry":{"type":"LineString","coordinates":[[7.61608,12.96865],[7.61317,12.96101]]}},{"type":"Feature","properties":{"power":"minor_line","_label":null,"_status_group":"unknown","_states":["Katsina"]},"geometry":{"type":"LineString","coordinates":[[7.61317,12.96101],[7.61217,12.95845]]}},{"type":"Feature","properties":{"power":"minor_line","_label":null,"_status_group":"unknown","_states":["Katsina"]},"geometry":{"type":"LineString","coordinates":[[7.61187,12.95761],[7.59509,12.95251]]}},{"type":"Feature","properties":{"power":"minor_line","_label":null,"_status_group":"unknown","_states":["Katsina"]},"geometry":{"type":"LineString","coordinates":[[7.59859,12.9528],[7.59395,12.95685]]}},{"type":"Feature","properties":{"power":"minor_line","_label":null,"_status_group":"unknown","_states":["Katsina"]},"geometry":{"type":"LineString","coordinates":[[7.59307,12.95727],[7.59144,12.95853]]}},{"type":"Feature","properties":{"power":"minor_line","_label":null,"_status_group":"unknown","_states":["Katsina"]},"geometry":{"type":"LineString","coordinates":[[7.61934,12.95846],[7.61517,12.96325]]}},{"type":"Feature","properties":{"power":"minor_line","_label":null,"_status_group":"unknown","_states":["Katsina"]},"geometry":{"type":"LineString","coordinates":[[7.61934,12.95846],[7.61253,12.9543]]}},{"type":"Feature","properties":{"power":"line","_label":null,"_status_group":"unknown","_states":["Katsina"]},"geometry":{"type":"LineString","coordinates":[[7.6104,12.9538],[7.6111,12.95403]]}},{"type":"Feature","properties":{"power":"minor_line","_label":null,"_status_group":"unknown","_states":["Katsina"]},"geometry":{"type":"LineString","coordinates":[[7.61923,12.95777],[7.61,12.95315]]}},{"type":"Feature","properties":{"power":"minor_line","_label":null,"_status_group":"unknown","_states":["Katsina"]},"geometry":{"type":"LineString","coordinates":[[7.61923,12.95777],[7.62437,12.96127]]}},{"type":"Feature","properties":{"power":"line","_label":null,"_status_group":"unknown","_states":["Lagos"]},"geometry":{"type":"LineString","coordinates":[[3.39609,6.521],[3.39606,6.521]]}},{"type":"Feature","properties":{"power":"line","_label":null,"_status_group":"unknown","_states":["Lagos"]},"geometry":{"type":"LineString","coordinates":[[3.39609,6.521],[3.39607,6.52106]]}},{"type":"Feature","properties":{"power":"line","voltage":"330000","_label":null,"_status_group":"unknown","_states":["Niger"]},"geometry":{"type":"LineString","coordinates":[[6.83429,9.97382],[6.83111,9.9733]]}},{"type":"Feature","properties":{"power":"line","voltage":"132000","_label":null,"_status_group":"unknown","_states":["Abia"]},"geometry":{"type":"LineString","coordinates":[[7.32542,5.06927],[7.32511,5.06659]]}},{"type":"Feature","properties":{"power":"minor_line","_label":null,"_status_group":"unknown","_states":["Abia"]},"geometry":{"type":"LineString","coordinates":[[7.3327,5.21049],[7.32865,5.2715]]}},{"type":"Feature","properties":{"power":"line","voltage":"132000","_label":null,"_status_group":"unknown","_states":["Niger"]},"geometry":{"type":"LineString","coordinates":[[6.82138,9.97127],[6.83,9.97152]]}},{"type":"Feature","properties":{"power":"line","voltage":"330000","_label":null,"_status_group":"unknown","_states":["Kogi"]},"geometry":{"type":"LineString","coordinates":[[6.65359,7.47128],[6.65351,7.47066]]}},{"type":"Feature","properties":{"power":"line","voltage":"330000","_label":null,"_status_group":"unknown","_states":["Kogi"]},"geometry":{"type":"LineString","coordinates":[[6.65351,7.47066],[6.65399,7.47107]]}},{"type":"Feature","properties":{"power":"line","voltage":"132000","_label":null,"_status_group":"unknown","_states":["Kogi"]},"geometry":{"type":"LineString","coordinates":[[6.63873,7.52326],[6.68022,7.53518]]}},{"type":"Feature","properties":{"power":"line","voltage":"132000","_label":null,"_status_group":"unknown","_states":["Kogi"]},"geometry":{"type":"LineString","coordinates":[[6.63873,7.52326],[6.65508,7.47302]]}},{"type":"Feature","properties":{"power":"line","voltage":"330000","_label":null,"_status_group":"unknown","_states":["Kogi"]},"geometry":{"type":"LineString","coordinates":[[6.62912,7.82402],[6.62958,7.82403]]}},{"type":"Feature","properties":{"power":"line","voltage":"132000","_label":null,"_status_group":"unknown","_states":["Lagos"]},"geometry":{"type":"LineString","coordinates":[[3.5255,6.6612],[3.53559,6.63807],[3.58869,6.60779],[3.5977,6.57601],[3.61333,6.56547]]}},{"type":"Feature","properties":{"power":"line","voltage":"330000","_label":null,"_status_group":"unknown","_states":["Ogun"]},"geometry":{"type":"LineString","coordinates":[[3.31784,6.696],[3.3182,6.69731]]}},{"type":"Feature","properties":{"power":"line","voltage":"330000","_label":null,"_status_group":"unknown","_states":["Lagos"]},"geometry":{"type":"LineString","coordinates":[[3.61585,6.56646],[3.62128,6.5722],[3.62344,6.56006],[3.57136,6.47244]]}},{"type":"Feature","properties":{"power":"line","voltage":"132000","_label":null,"_status_group":"unknown","_states":["Lagos"]},"geometry":{"type":"LineString","coordinates":[[3.5247,6.67946],[3.52452,6.67965]]}},{"type":"Feature","properties":{"power":"line","voltage":"132000","_label":null,"_status_group":"unknown","_states":["Ogun","Lagos"]},"geometry":{"type":"LineString","coordinates":[[3.52497,6.73025],[3.50977,6.70918],[3.51068,6.68222],[3.52452,6.67965]]}},{"type":"Feature","properties":{"power":"line","voltage":"330000","_label":null,"_status_group":"unknown","_states":["Edo"]},"geometry":{"type":"LineString","coordinates":[[5.63275,6.29573],[5.63232,6.29623]]}},{"type":"Feature","properties":{"power":"line","voltage":"330000","_label":null,"_status_group":"unknown","_states":["Ondo"]},"geometry":{"type":"LineString","coordinates":[[4.70848,6.73632],[4.70782,6.73663]]}},{"type":"Feature","properties":{"power":"line","name":"Ikeja West/Egbin/Omotosho - Benin","operator":"Transmission Company of Nigeria","voltage":"330000","_label":"Ikeja West/Egbin/Omotosho - Benin","_status_group":"unknown","_states":["Ondo","Edo"]},"geometry":{"type":"LineString","coordinates":[[4.65382,6.72042],[4.71184,6.71878],[4.87645,6.73646],[4.9052,6.74836],[4.93663,6.74197],[4.99936,6.76912],[5.10375,6.76074],[5.13773,6.7512],[5.31932,6.63015],[5.51801,6.54507],[5.58772,6.46404],[5.57364,6.37295],[5.57365,6.2831],[5.63232,6.29623]]}},{"type":"Feature","properties":{"power":"line","voltage":"132000","_label":null,"_status_group":"unknown","_states":["Lagos"]},"geometry":{"type":"LineString","coordinates":[[3.52452,6.67965],[3.53002,6.67325]]}},{"type":"Feature","properties":{"power":"line","voltage":"330000","_label":null,"_status_group":"unknown","_states":["Lagos"]},"geometry":{"type":"LineString","coordinates":[[3.2469,6.60418],[3.24674,6.60476]]}},{"type":"Feature","properties":{"power":"line","voltage":"330000","_label":null,"_status_group":"unknown","_states":["Lagos"]},"geometry":{"type":"LineString","coordinates":[[3.24652,6.6038],[3.2461,6.60428]]}},{"type":"Feature","properties":{"power":"line","voltage":"330000","_label":null,"_status_group":"unknown","_states":["Lagos"]},"geometry":{"type":"LineString","coordinates":[[3.24715,6.60444],[3.24674,6.60476]]}},{"type":"Feature","properties":{"power":"line","voltage":"330000","_label":null,"_status_group":"unknown","_states":["Lagos"]},"geometry":{"type":"LineString","coordinates":[[3.24679,6.60407],[3.2461,6.60428]]}},{"type":"Feature","properties":{"power":"line","voltage":"330000","_label":null,"_status_group":"unknown","_states":["Osun"]},"geometry":{"type":"LineString","coordinates":[[4.57751,7.80226],[4.57772,7.8026]]}},{"type":"Feature","properties":{"power":"line","voltage":"330000","_label":null,"_status_group":"unknown","_states":["Osun"]},"geometry":{"type":"LineString","coordinates":[[4.57784,7.80206],[4.57802,7.80243]]}},{"type":"Feature","properties":{"power":"line","voltage":"330000","_label":null,"_status_group":"unknown","_states":["Osun"]},"geometry":{"type":"LineString","coordinates":[[4.5785,7.8017],[4.57872,7.80203]]}},{"type":"Feature","properties":{"power":"line","voltage":"132000","_label":null,"_status_group":"unknown","_states":["Oyo"]},"geometry":{"type":"LineString","coordinates":[[3.8568,7.3732],[3.85359,7.38405]]}},{"type":"Feature","properties":{"power":"line","voltage":"132000","_label":null,"_status_group":"unknown","_states":["Oyo"]},"geometry":{"type":"LineString","coordinates":[[3.86949,7.45057],[3.87389,7.42497]]}},{"type":"Feature","properties":{"power":"line","voltage":"330000","_label":null,"_status_group":"unknown","_states":["Ogun"]},"geometry":{"type":"LineString","coordinates":[[3.31241,6.88285],[3.31284,6.88252]]}},{"type":"Feature","properties":{"power":"line","voltage":"330000","_label":null,"_status_group":"unknown","_states":["Ogun"]},"geometry":{"type":"LineString","coordinates":[[3.31241,6.88285],[3.31292,6.88306]]}},{"type":"Feature","properties":{"power":"line","voltage":"330000","_label":null,"_status_group":"unknown","_states":["Niger"]},"geometry":{"type":"LineString","coordinates":[[4.7916,9.1411],[4.79158,9.14144]]}},{"type":"Feature","properties":{"power":"line","voltage":"330000","_label":null,"_status_group":"unknown","_states":["Niger"]},"geometry":{"type":"LineString","coordinates":[[4.79124,9.14135],[4.79158,9.14144]]}},{"type":"Feature","properties":{"power":"line","voltage":"330000","_label":null,"_status_group":"unknown","_states":["Niger"]},"geometry":{"type":"LineString","coordinates":[[4.82012,9.16839],[4.82037,9.16799]]}},{"type":"Feature","properties":{"power":"line","voltage":"330000","_label":null,"_status_group":"unknown","_states":["Niger"]},"geometry":{"type":"LineString","coordinates":[[4.82012,9.16839],[4.82004,9.16789]]}},{"type":"Feature","properties":{"power":"line","voltage":"330000","_label":null,"_status_group":"unknown","_states":["Niger"]},"geometry":{"type":"LineString","coordinates":[[4.82197,9.16746],[4.82186,9.16772]]}},{"type":"Feature","properties":{"power":"line","voltage":"330000","_label":null,"_status_group":"unknown","_states":["Niger"]},"geometry":{"type":"LineString","coordinates":[[4.82076,9.16739],[4.82084,9.16716]]}},{"type":"Feature","properties":{"power":"line","voltage":"330000","_label":null,"_status_group":"unknown","_states":["Edo"]},"geometry":{"type":"LineString","coordinates":[[5.63331,6.29678],[5.63361,6.29612]]}},{"type":"Feature","properties":{"power":"line","_label":null,"_status_group":"unknown","_states":["Edo"]},"geometry":{"type":"LineString","coordinates":[[5.80456,6.31933],[5.81217,6.31085],[5.84887,6.30226]]}},{"type":"Feature","properties":{"power":"line","voltage":"330000","_label":null,"_status_group":"unknown","_states":["Edo"]},"geometry":{"type":"LineString","coordinates":[[5.63418,6.29638],[5.63453,6.2957]]}},{"type":"Feature","properties":{"power":"line","voltage":"330000","_label":null,"_status_group":"unknown","_states":["Edo"]},"geometry":{"type":"LineString","coordinates":[[5.63555,6.29699],[5.63608,6.29596]]}},{"type":"Feature","properties":{"power":"line","voltage":"330000","_label":null,"_status_group":"unknown","_states":["Edo"]},"geometry":{"type":"LineString","coordinates":[[5.63543,6.29563],[5.63488,6.2967]]}},{"type":"Feature","properties":{"power":"line","voltage":"330000","_label":null,"_status_group":"unknown","_states":["Edo"]},"geometry":{"type":"LineString","coordinates":[[5.63576,6.2958],[5.63522,6.29685]]}},{"type":"Feature","properties":{"power":"line","voltage":"132000","_label":null,"_status_group":"unknown","_states":["Edo"]},"geometry":{"type":"LineString","coordinates":[[5.5905,6.51253],[5.65704,6.44966],[5.67525,6.44195]]}},{"type":"Feature","properties":{"power":"line","voltage":"132000","_label":null,"_status_group":"unknown","_states":["Edo"]},"geometry":{"type":"LineString","coordinates":[[5.67525,6.44195],[5.6751,6.44107]]}},{"type":"Feature","properties":{"power":"line","voltage":"132000","_label":null,"_status_group":"unknown","_states":["Edo"]},"geometry":{"type":"LineString","coordinates":[[5.67525,6.44195],[5.6751,6.44107]]}},{"type":"Feature","properties":{"power":"line","voltage":"330000","_label":null,"_status_group":"unknown","_states":["Edo"]},"geometry":{"type":"LineString","coordinates":[[5.6851,6.40952],[5.68427,6.40915]]}},{"type":"Feature","properties":{"power":"line","voltage":"330000","_label":null,"_status_group":"unknown","_states":["Edo"]},"geometry":{"type":"LineString","coordinates":[[5.68441,6.40889],[5.6851,6.40952]]}},{"type":"Feature","properties":{"power":"line","voltage":"330000","_label":null,"_status_group":"unknown","_states":["Delta"]},"geometry":{"type":"LineString","coordinates":[[5.9131,5.54194],[5.8444,5.56696],[5.80583,5.55809]]}},{"type":"Feature","properties":{"power":"line","voltage":"330000","_label":null,"_status_group":"unknown","_states":["Delta"]},"geometry":{"type":"LineString","coordinates":[[5.91348,5.54129],[5.9131,5.54194]]}},{"type":"Feature","properties":{"power":"line","voltage":"330000","_label":null,"_status_group":"unknown","_states":["Delta"]},"geometry":{"type":"LineString","coordinates":[[5.9131,5.54194],[5.91375,5.54155]]}},{"type":"Feature","properties":{"power":"line","voltage":"330000","_label":null,"_status_group":"unknown","_states":["Delta"]},"geometry":{"type":"LineString","coordinates":[[5.76966,5.48515],[5.78882,5.48509]]}},{"type":"Feature","properties":{"power":"line","voltage":"330000","_label":null,"_status_group":"unknown","_states":["Delta"]},"geometry":{"type":"LineString","coordinates":[[5.64297,5.92604],[5.6394,5.88574],[5.67852,5.87875],[5.71514,5.85737],[5.72343,5.83375],[5.75953,5.69263],[5.77596,5.58887],[5.80425,5.57172],[5.81149,5.50999],[5.80649,5.4952],[5.78882,5.48509]]}},{"type":"Feature","properties":{"power":"line","voltage":"330000","_label":null,"_status_group":"unknown","_states":["Delta"]},"geometry":{"type":"LineString","coordinates":[[5.64271,5.92388],[5.64376,5.92449]]}},{"type":"Feature","properties":{"power":"line","voltage":"330000","_label":null,"_status_group":"unknown","_states":["Delta"]},"geometry":{"type":"LineString","coordinates":[[5.64331,5.92537],[5.64235,5.92473]]}},{"type":"Feature","properties":{"power":"line","voltage":"330000","_label":null,"_status_group":"unknown","_states":["Delta"]},"geometry":{"type":"LineString","coordinates":[[5.64271,5.92388],[5.64388,5.92425]]}},{"type":"Feature","properties":{"power":"line","voltage":"330000","_label":null,"_status_group":"unknown","_states":["Delta"]},"geometry":{"type":"LineString","coordinates":[[5.64235,5.92473],[5.64345,5.9251]]}},{"type":"Feature","properties":{"power":"line","voltage":"330000","_label":null,"_status_group":"unknown","_states":["Lagos"]},"geometry":{"type":"LineString","coordinates":[[3.24702,6.60228],[3.31703,6.51454],[3.32399,6.49294],[3.34552,6.49474]]}},{"type":"Feature","properties":{"power":"line","voltage":"330000","_label":null,"_status_group":"unknown","_states":["Lagos"]},"geometry":{"type":"LineString","coordinates":[[3.2473,6.60253],[3.3296,6.49714],[3.34553,6.49548]]}},{"type":"Feature","properties":{"power":"line","voltage":"330000","_label":null,"_status_group":"unknown","_states":["Lagos"]},"geometry":{"type":"LineString","coordinates":[[3.61573,6.56567],[3.61585,6.56646]]}},{"type":"Feature","properties":{"power":"line","voltage":"330000","_label":null,"_status_group":"unknown","_states":["Lagos"]},"geometry":{"type":"LineString","coordinates":[[3.61483,6.56567],[3.61491,6.5665]]}},{"type":"Feature","properties":{"power":"line","voltage":"132000","_label":null,"_status_group":"unknown","_states":["Lagos"]},"geometry":{"type":"LineString","coordinates":[[3.39609,6.521],[3.39604,6.54268],[3.38861,6.55006]]}},{"type":"Feature","properties":{"power":"line","voltage":"330000","_label":null,"_status_group":"unknown","_states":["Delta","Edo"]},"geometry":{"type":"LineString","coordinates":[[6.67247,6.1824],[6.54451,6.20798],[6.39509,6.20792],[6.31431,6.23824],[6.1521,6.23103],[6.00919,6.28005],[5.85204,6.30005],[5.7235,6.32885],[5.6981,6.32008]]}},{"type":"Feature","properties":{"power":"line","voltage":"330000","_label":null,"_status_group":"unknown","_states":["Anambra"]},"geometry":{"type":"LineString","coordinates":[[6.80088,6.11616],[6.8015,6.11609]]}},{"type":"Feature","properties":{"power":"line","voltage":"330000","_label":null,"_status_group":"unknown","_states":["Anambra"]},"geometry":{"type":"LineString","coordinates":[[6.80081,6.1165],[6.80139,6.1165]]}},{"type":"Feature","properties":{"power":"line","voltage":"330000","_label":null,"_status_group":"unknown","_states":["Anambra"]},"geometry":{"type":"LineString","coordinates":[[6.80072,6.11687],[6.8013,6.11698]]}},{"type":"Feature","properties":{"power":"line","voltage":"330000","_label":null,"_status_group":"unknown","_states":["Delta","Anambra"]},"geometry":{"type":"LineString","coordinates":[[6.67373,6.18223],[6.7174,6.17362],[6.73692,6.12602],[6.76381,6.11358],[6.80081,6.1165]]}},{"type":"Feature","properties":{"power":"line","voltage":"330000","_label":null,"_status_group":"unknown","_states":["Anambra"]},"geometry":{"type":"LineString","coordinates":[[6.79839,6.11659],[6.80051,6.1176]]}},{"type":"Feature","properties":{"power":"line","voltage":"330000","_label":null,"_status_group":"unknown","_states":["Anambra"]},"geometry":{"type":"LineString","coordinates":[[6.79839,6.11659],[6.80072,6.11687]]}},{"type":"Feature","properties":{"power":"line","voltage":"330000","_label":null,"_status_group":"unknown","_states":["Enugu"]},"geometry":{"type":"LineString","coordinates":[[7.54231,6.45131],[7.53877,6.45604]]}},{"type":"Feature","properties":{"power":"line","voltage":"330000","_label":null,"_status_group":"unknown","_states":["Enugu"]},"geometry":{"type":"LineString","coordinates":[[7.54231,6.45131],[7.53877,6.45604]]}},{"type":"Feature","properties":{"power":"line","voltage":"330000","_label":null,"_status_group":"unknown","_states":["Enugu"]},"geometry":{"type":"LineString","coordinates":[[7.55785,6.40368],[7.55804,6.40413]]}},{"type":"Feature","properties":{"power":"line","voltage":"330000","_label":null,"_status_group":"unknown","_states":["Enugu"]},"geometry":{"type":"LineString","coordinates":[[7.55683,6.40232],[7.5573,6.40289]]}},{"type":"Feature","properties":{"power":"line","voltage":"330000","_label":null,"_status_group":"unknown","_states":["Enugu"]},"geometry":{"type":"LineString","coordinates":[[7.55733,6.40204],[7.55773,6.40263]]}},{"type":"Feature","properties":{"power":"line","voltage":"330000","_label":null,"_status_group":"unknown","_states":["Akwa Ibom"]},"geometry":{"type":"LineString","coordinates":[[7.68033,5.15203],[7.68013,5.15267]]}},{"type":"Feature","properties":{"power":"line","voltage":"330000","_label":null,"_status_group":"unknown","_states":["Akwa Ibom"]},"geometry":{"type":"LineString","coordinates":[[7.67971,5.15209],[7.67991,5.15268]]}},{"type":"Feature","properties":{"power":"line","voltage":"330000","_label":null,"_status_group":"unknown","_states":["Akwa Ibom"]},"geometry":{"type":"LineString","coordinates":[[7.67971,5.15209],[7.67954,5.15269]]}},{"type":"Feature","properties":{"power":"line","voltage":"330000","_label":null,"_status_group":"unknown","_states":["Akwa Ibom"]},"geometry":{"type":"LineString","coordinates":[[7.68033,5.15203],[7.6805,5.15266]]}},{"type":"Feature","properties":{"power":"line","_label":null,"_status_group":"unknown","_states":["Imo"]},"geometry":{"type":"LineString","coordinates":[[7.06069,5.48053],[7.10148,5.44071],[7.11562,5.40338],[7.15666,5.3655],[7.22853,5.23351]]}},{"type":"Feature","properties":{"power":"line","voltage":"132000","_label":null,"_status_group":"unknown","_states":["Delta"]},"geometry":{"type":"LineString","coordinates":[[6.67071,6.18109],[6.67111,6.18106]]}},{"type":"Feature","properties":{"power":"line","voltage":"132000","_label":null,"_status_group":"unknown","_states":["Delta"]},"geometry":{"type":"LineString","coordinates":[[6.67071,6.18109],[6.67106,6.18087]]}},{"type":"Feature","properties":{"power":"line","voltage":"132000","_label":null,"_status_group":"unknown","_states":["Delta"]},"geometry":{"type":"LineString","coordinates":[[6.65936,6.18674],[6.66217,6.18347]]}},{"type":"Feature","properties":{"power":"line","voltage":"132000","_label":null,"_status_group":"unknown","_states":["Delta"]},"geometry":{"type":"LineString","coordinates":[[6.66217,6.18347],[6.67071,6.18109]]}},{"type":"Feature","properties":{"power":"line","voltage":"132000","_label":null,"_status_group":"unknown","_states":["Delta"]},"geometry":{"type":"LineString","coordinates":[[6.65936,6.18674],[6.66217,6.18347]]}},{"type":"Feature","properties":{"power":"line","voltage":"132000","_label":null,"_status_group":"unknown","_states":["Delta"]},"geometry":{"type":"LineString","coordinates":[[6.2168,6.23992],[6.30439,6.24368],[6.39394,6.20978],[6.54429,6.20939],[6.65936,6.18674]]}},{"type":"Feature","properties":{"power":"line","voltage":"330000","_label":null,"_status_group":"unknown","_states":["Delta"]},"geometry":{"type":"LineString","coordinates":[[6.57475,5.71159],[6.57428,5.71231]]}},{"type":"Feature","properties":{"power":"line","voltage":"330000","_label":null,"_status_group":"unknown","_states":["Anambra"]},"geometry":{"type":"LineString","coordinates":[[6.79839,6.11659],[6.78691,6.1112]]}},{"type":"Feature","properties":{"power":"line","voltage":"330000","_label":null,"_status_group":"unknown","_states":["Plateau"]},"geometry":{"type":"LineString","coordinates":[[8.84496,9.98834],[8.84496,9.98886]]}},{"type":"Feature","properties":{"power":"line","voltage":"330000","_label":null,"_status_group":"unknown","_states":["Abuja Federal Capital Territory"]},"geometry":{"type":"LineString","coordinates":[[7.0717,8.97723],[7.07079,8.97742]]}},{"type":"Feature","properties":{"power":"line","voltage":"330000","_label":null,"_status_group":"unknown","_states":["Abuja Federal Capital Territory"]},"geometry":{"type":"LineString","coordinates":[[7.07169,8.97785],[7.07107,8.97805]]}},{"type":"Feature","properties":{"power":"line","voltage":"330000","_label":null,"_status_group":"unknown","_states":["Abuja Federal Capital Territory"]},"geometry":{"type":"LineString","coordinates":[[7.07171,8.97827],[7.07107,8.97805]]}},{"type":"Feature","properties":{"power":"line","voltage":"330000","_label":null,"_status_group":"unknown","_states":["Abuja Federal Capital Territory"]},"geometry":{"type":"LineString","coordinates":[[7.07112,8.97658],[7.07172,8.97684]]}},{"type":"Feature","properties":{"power":"line","voltage":"330000","_label":null,"_status_group":"unknown","_states":["Abuja Federal Capital Territory"]},"geometry":{"type":"LineString","coordinates":[[7.07112,8.97658],[7.0717,8.9764]]}},{"type":"Feature","properties":{"power":"line","voltage":"132000","_label":null,"_status_group":"unknown","_states":["Adamawa"]},"geometry":{"type":"LineString","coordinates":[[12.39209,9.27207],[12.39197,9.27156]]}},{"type":"Feature","properties":{"power":"line","voltage":"330000","_label":null,"_status_group":"unknown","_states":["Adamawa"]},"geometry":{"type":"LineString","coordinates":[[12.39309,9.2718],[12.39302,9.27144]]}},{"type":"Feature","properties":{"power":"line","voltage":"330000","_label":null,"_status_group":"unknown","_states":["Kebbi"]},"geometry":{"type":"LineString","coordinates":[[4.19719,12.43661],[4.19725,12.43639]]}},{"type":"Feature","properties":{"power":"line","_label":null,"_status_group":"unknown","_states":["Cross River","Akwa Ibom"]},"geometry":{"type":"LineString","coordinates":[[7.99505,5.16289],[8.06211,5.18114],[8.11319,5.1813],[8.22492,5.069],[8.27009,5.05061],[8.32417,5.05438]]}},{"type":"Feature","properties":{"power":"line","voltage":"132000","_label":null,"_status_group":"unknown","_states":["Akwa Ibom"]},"geometry":{"type":"LineString","coordinates":[[7.56868,4.56398],[7.56929,4.56322]]}},{"type":"Feature","properties":{"power":"line","name":"Ikeja West - Egbin/Omotoshu/Benin","voltage":"330000","_label":"Ikeja West - Egbin/Omotoshu/Benin","_status_group":"unknown","_states":["Ogun","Lagos"]},"geometry":{"type":"LineString","coordinates":[[3.2461,6.60428],[3.25546,6.66213],[3.31263,6.69927],[3.36865,6.69469],[3.40684,6.72193],[3.41713,6.7731],[3.42611,6.77975],[3.52599,6.7745]]}},{"type":"Feature","properties":{"power":"line","voltage":"132000","_label":null,"_status_group":"unknown","_states":["Edo"]},"geometry":{"type":"LineString","coordinates":[[5.58817,6.51426],[5.5905,6.51253]]}},{"type":"Feature","properties":{"power":"line","voltage":"132000","_label":null,"_status_group":"unknown","_states":["Edo"]},"geometry":{"type":"LineString","coordinates":[[5.37842,6.71506],[5.38166,6.69362],[5.35118,6.66417],[5.3398,6.63435],[5.38698,6.60646],[5.51387,6.55946],[5.58817,6.51426]]}},{"type":"Feature","properties":{"power":"line","voltage":"132000","_label":null,"_status_group":"unknown","_states":["Edo"]},"geometry":{"type":"LineString","coordinates":[[5.68707,6.40519],[5.68725,6.40555]]}},{"type":"Feature","properties":{"power":"line","voltage":"132000","_label":null,"_status_group":"unknown","_states":["Edo"]},"geometry":{"type":"LineString","coordinates":[[5.68707,6.40519],[5.6874,6.40531]]}},{"type":"Feature","properties":{"power":"line","voltage":"330000","_label":null,"_status_group":"unknown","_states":["Akwa Ibom"]},"geometry":{"type":"LineString","coordinates":[[7.68032,5.15379],[7.68051,5.15441]]}},{"type":"Feature","properties":{"power":"line","voltage":"330000","_label":null,"_status_group":"unknown","_states":["Akwa Ibom"]},"geometry":{"type":"LineString","coordinates":[[7.68014,5.15379],[7.67993,5.15437]]}},{"type":"Feature","properties":{"power":"line","voltage":"330000","_label":null,"_status_group":"unknown","_states":["Akwa Ibom"]},"geometry":{"type":"LineString","coordinates":[[7.68165,5.1526],[7.68146,5.15199]]}},{"type":"Feature","properties":{"power":"line","voltage":"330000","_label":null,"_status_group":"unknown","_states":["Cross River","Akwa Ibom"]},"geometry":{"type":"LineString","coordinates":[[7.68146,5.15199],[7.76229,5.15348],[7.84871,5.18934],[7.89907,5.19535],[7.93383,5.17923],[8.0145,5.17817],[8.03964,5.17048],[8.06095,5.17884],[8.12861,5.16482],[8.17803,5.16597],[8.20363,5.18669],[8.23916,5.17579],[8.27474,5.19239]]}},{"type":"Feature","properties":{"power":"line","voltage":"330000","_label":null,"_status_group":"unknown","_states":["Akwa Ibom"]},"geometry":{"type":"LineString","coordinates":[[7.68126,5.15261],[7.68146,5.15199]]}},{"type":"Feature","properties":{"power":"line","voltage":"330000","_label":null,"_status_group":"unknown","_states":["Benue"]},"geometry":{"type":"LineString","coordinates":[[8.57057,7.62752],[8.56952,7.62712]]}},{"type":"Feature","properties":{"power":"line","voltage":"330000","_label":null,"_status_group":"unknown","_states":["Benue"]},"geometry":{"type":"LineString","coordinates":[[8.57057,7.62752],[8.56968,7.62683]]}},{"type":"Feature","properties":{"power":"line","voltage":"330000","_label":null,"_status_group":"unknown","_states":["Benue"]},"geometry":{"type":"LineString","coordinates":[[8.56957,7.62676],[8.56864,7.62644]]}},{"type":"Feature","properties":{"power":"line","voltage":"330000","_label":null,"_status_group":"unknown","_states":["Benue"]},"geometry":{"type":"LineString","coordinates":[[8.56915,7.62754],[8.56836,7.62695]]}},{"type":"Feature","properties":{"power":"line","voltage":"132000","_label":null,"_status_group":"unknown","_states":["Niger"]},"geometry":{"type":"LineString","coordinates":[[4.54493,9.84665],[4.54432,9.84743]]}},{"type":"Feature","properties":{"power":"line","voltage":"132000","_label":null,"_status_group":"unknown","_states":["Niger"]},"geometry":{"type":"LineString","coordinates":[[4.54493,9.84665],[4.54415,9.84727]]}},{"type":"Feature","properties":{"power":"line","voltage":"132000","_label":null,"_status_group":"unknown","_states":["Niger"]},"geometry":{"type":"LineString","coordinates":[[4.60842,9.85636],[4.54493,9.84665]]}},{"type":"Feature","properties":{"power":"line","voltage":"330000","_label":null,"_status_group":"unknown","_states":["Niger"]},"geometry":{"type":"LineString","coordinates":[[4.61275,9.86006],[4.60969,9.85726]]}},{"type":"Feature","properties":{"power":"line","voltage":"132000","_label":null,"_status_group":"unknown","_states":["Osun"]},"geometry":{"type":"LineString","coordinates":[[4.44649,7.76881],[4.44919,7.77003]]}},{"type":"Feature","properties":{"power":"line","voltage":"132000","_label":null,"_status_group":"unknown","_states":["Osun"]},"geometry":{"type":"LineString","coordinates":[[4.44919,7.77003],[4.49158,7.79177],[4.57677,7.80028]]}},{"type":"Feature","properties":{"power":"line","voltage":"330000","_label":null,"_status_group":"unknown","_states":["Ogun"]},"geometry":{"type":"LineString","coordinates":[[3.26628,7.06331],[3.2799,7.08503],[3.33536,7.11345]]}},{"type":"Feature","properties":{"power":"line","voltage":"330000;132000","_label":null,"_status_group":"unknown","_states":["Ogun"]},"geometry":{"type":"LineString","coordinates":[[3.2604,7.05988],[3.26628,7.06331]]}},{"type":"Feature","properties":{"power":"line","voltage":"132000","_label":null,"_status_group":"unknown","_states":["Ogun"]},"geometry":{"type":"LineString","coordinates":[[3.33542,7.11337],[3.279,7.08475],[3.26628,7.06331]]}},{"type":"Feature","properties":{"power":"line","voltage":"132000","_label":null,"_status_group":"unknown","_states":["Ogun"]},"geometry":{"type":"LineString","coordinates":[[3.33577,7.1125],[3.33551,7.11228]]}},{"type":"Feature","properties":{"power":"line","voltage":"132000","_label":null,"_status_group":"unknown","_states":["Ogun"]},"geometry":{"type":"LineString","coordinates":[[3.33551,7.11228],[3.33569,7.11274]]}},{"type":"Feature","properties":{"power":"line","voltage":"132000","_label":null,"_status_group":"unknown","_states":["Ogun"]},"geometry":{"type":"LineString","coordinates":[[3.3906,7.10501],[3.39049,7.1042]]}},{"type":"Feature","properties":{"power":"line","voltage":"132000","_label":null,"_status_group":"unknown","_states":["Ogun"]},"geometry":{"type":"LineString","coordinates":[[3.3906,7.10501],[3.39097,7.10428]]}},{"type":"Feature","properties":{"power":"line","voltage":"132000","_label":null,"_status_group":"unknown","_states":["Osun"]},"geometry":{"type":"LineString","coordinates":[[4.15542,7.62818],[4.19079,7.61915],[4.20879,7.6305],[4.25949,7.71333],[4.30641,7.74864],[4.34388,7.74966],[4.41982,7.72667]]}},{"type":"Feature","properties":{"power":"line","voltage":"132000","_label":null,"_status_group":"unknown","_states":["Osun"]},"geometry":{"type":"LineString","coordinates":[[4.84681,7.60207],[4.82952,7.65082],[4.79959,7.66802],[4.63315,7.72599],[4.5775,7.79982]]}},{"type":"Feature","properties":{"power":"line","voltage":"132000","_label":null,"_status_group":"unknown","_states":["Kwara","Osun"]},"geometry":{"type":"LineString","coordinates":[[4.57664,7.80045],[4.57182,7.83057],[4.6245,7.9662],[4.66284,8.1837],[4.95869,8.17333],[5.09544,8.15195]]}},{"type":"Feature","properties":{"power":"line","voltage":"132000","_label":null,"_status_group":"unknown","_states":["Oyo","Osun"]},"geometry":{"type":"LineString","coordinates":[[3.9129,7.47797],[3.99691,7.43887],[4.03948,7.45275],[4.07082,7.48239],[4.08681,7.54226],[4.13069,7.61577],[4.1553,7.62812]]}},{"type":"Feature","properties":{"power":"line","voltage":"132000","_label":null,"_status_group":"unknown","_states":["Kogi"]},"geometry":{"type":"LineString","coordinates":[[6.32132,7.6175],[6.32121,7.61731]]}},{"type":"Feature","properties":{"power":"line","voltage":"132000","_label":null,"_status_group":"unknown","_states":["Kogi"]},"geometry":{"type":"LineString","coordinates":[[6.32132,7.6175],[6.32112,7.61752]]}},{"type":"Feature","properties":{"power":"line","voltage":"132000","_label":null,"_status_group":"unknown","_states":["Kogi"]},"geometry":{"type":"LineString","coordinates":[[6.21719,7.54957],[6.22496,7.55983],[6.24781,7.55863],[6.28836,7.52624],[6.33669,7.51302],[6.38485,7.51681]]}},{"type":"Feature","properties":{"power":"line","voltage":"330000","_label":null,"_status_group":"unknown","_states":["Kogi"]},"geometry":{"type":"LineString","coordinates":[[6.62864,7.82303],[6.62909,7.82301]]}},{"type":"Feature","properties":{"power":"line","voltage":"330000","_label":null,"_status_group":"unknown","_states":["Kogi"]},"geometry":{"type":"LineString","coordinates":[[6.62894,7.8227],[6.62864,7.82303]]}},{"type":"Feature","properties":{"power":"line","voltage":"330000","_label":null,"_status_group":"unknown","_states":["Kogi"]},"geometry":{"type":"LineString","coordinates":[[6.62912,7.82402],[6.62942,7.8237]]}},{"type":"Feature","properties":{"power":"line","voltage":"330000","_label":null,"_status_group":"unknown","_states":["Anambra"]},"geometry":{"type":"LineString","coordinates":[[6.80319,6.11489],[6.80281,6.1156]]}},{"type":"Feature","properties":{"power":"line","voltage":"330000","_label":null,"_status_group":"unknown","_states":["Anambra"]},"geometry":{"type":"LineString","coordinates":[[6.80319,6.11489],[6.80317,6.11568]]}},{"type":"Feature","properties":{"power":"line","voltage":"132000","_label":null,"_status_group":"unknown","_states":["Kaduna"]},"geometry":{"type":"LineString","coordinates":[[8.34037,9.58916],[8.3401,9.5886]]}},{"type":"Feature","properties":{"power":"line","voltage":"132000","_label":null,"_status_group":"unknown","_states":["Kaduna"]},"geometry":{"type":"LineString","coordinates":[[8.34037,9.58916],[8.34032,9.58858]]}},{"type":"Feature","properties":{"power":"line","voltage":"132000","_label":null,"_status_group":"unknown","_states":["Ogun","Lagos"]},"geometry":{"type":"LineString","coordinates":[[3.20628,6.65433],[3.20649,6.64103],[3.24878,6.60136]]}},{"type":"Feature","properties":{"power":"line","voltage":"330000","_label":null,"_status_group":"unknown","_states":["Niger"]},"geometry":{"type":"LineString","coordinates":[[4.70441,9.70564],[4.69236,9.7528],[4.63166,9.8459],[4.61386,9.86048]]}},{"type":"Feature","properties":{"power":"line","voltage":"330000","_label":null,"_status_group":"unknown","_states":["Niger"]},"geometry":{"type":"LineString","coordinates":[[4.70441,9.70564],[4.70543,9.70167]]}},{"type":"Feature","properties":{"power":"line","voltage":"330000","_label":null,"_status_group":"unknown","_states":["Rivers"]},"geometry":{"type":"LineString","coordinates":[[7.25333,4.8495],[7.15735,4.76307]]}},{"type":"Feature","properties":{"power":"line","voltage":"330000","_label":null,"_status_group":"unknown","_states":["Rivers"]},"geometry":{"type":"LineString","coordinates":[[7.15735,4.76307],[7.15687,4.76266]]}},{"type":"Feature","properties":{"power":"line","voltage":"330000","_label":null,"_status_group":"unknown","_states":["Rivers"]},"geometry":{"type":"LineString","coordinates":[[7.15735,4.76307],[7.15656,4.76279]]}},{"type":"Feature","properties":{"power":"line","_label":null,"_status_group":"unknown","_states":["Rivers"]},"geometry":{"type":"LineString","coordinates":[[6.97633,4.8926],[6.97903,4.89246]]}},{"type":"Feature","properties":{"power":"line","_label":null,"_status_group":"unknown","_states":["Rivers"]},"geometry":{"type":"LineString","coordinates":[[6.94938,4.89579],[6.95228,4.89534]]}},{"type":"Feature","properties":{"power":"line","voltage":"132000","_label":null,"_status_group":"unknown","_states":["Lagos"]},"geometry":{"type":"LineString","coordinates":[[3.24832,6.6024],[3.24897,6.60151]]}},{"type":"Feature","properties":{"power":"line","voltage":"132000","_label":null,"_status_group":"unknown","_states":["Lagos"]},"geometry":{"type":"LineString","coordinates":[[3.24878,6.60136],[3.24796,6.60205]]}},{"type":"Feature","properties":{"power":"line","voltage":"132000","_label":null,"_status_group":"unknown","_states":["Lagos"]},"geometry":{"type":"LineString","coordinates":[[3.24792,6.60202],[3.24906,6.60311]]}},{"type":"Feature","properties":{"power":"line","voltage":"132000","_label":null,"_status_group":"unknown","_states":["Lagos"]},"geometry":{"type":"LineString","coordinates":[[3.24803,6.60213],[3.24878,6.60136]]}},{"type":"Feature","properties":{"power":"line","voltage":"132000","_label":null,"_status_group":"unknown","_states":["Lagos"]},"geometry":{"type":"LineString","coordinates":[[3.24897,6.60151],[3.24811,6.6022]]}},{"type":"Feature","properties":{"power":"line","voltage":"132000","_label":null,"_status_group":"unknown","_states":["Ogun","Lagos"]},"geometry":{"type":"LineString","coordinates":[[3.24897,6.60151],[3.2049,6.56369],[3.1565,6.56016],[3.10739,6.52262],[3.07867,6.52082],[3.08388,6.50444]]}},{"type":"Feature","properties":{"power":"line","voltage":"330000","_label":null,"_status_group":"unknown","_states":["Ogun"]},"geometry":{"type":"LineString","coordinates":[[3.31762,6.69607],[3.31784,6.6974]]}},{"type":"Feature","properties":{"power":"line","voltage":"330000","_label":null,"_status_group":"unknown","_states":["Ogun"]},"geometry":{"type":"LineString","coordinates":[[3.31784,6.6974],[3.31745,6.69621]]}},{"type":"Feature","properties":{"power":"line","name":"Okearo - Egbin","operator":"Transmission Company of Nigeria","voltage":"330000","_label":"Okearo - Egbin","_status_group":"unknown","_states":["Ogun","Lagos"]},"geometry":{"type":"LineString","coordinates":[[3.3182,6.69731],[3.38116,6.6941],[3.3999,6.70759],[3.46033,6.70441],[3.53001,6.67357],[3.53208,6.64033],[3.58918,6.60819],[3.59823,6.57639],[3.61491,6.5665]]}},{"type":"Feature","properties":{"power":"line","voltage":"330000","_label":null,"_status_group":"unknown","_states":["Ogun"]},"geometry":{"type":"LineString","coordinates":[[3.3182,6.69731],[3.31803,6.69598]]}},{"type":"Feature","properties":{"power":"line","voltage":"330000","_label":null,"_status_group":"unknown","_states":["Lagos"]},"geometry":{"type":"LineString","coordinates":[[3.61491,6.5665],[3.61502,6.56567]]}},{"type":"Feature","properties":{"power":"line","voltage":"132000","_label":null,"_status_group":"unknown","_states":["Lagos"]},"geometry":{"type":"LineString","coordinates":[[3.61436,6.56539],[3.61333,6.56547]]}},{"type":"Feature","properties":{"power":"line","voltage":"132000","_label":null,"_status_group":"unknown","_states":["Lagos"]},"geometry":{"type":"LineString","coordinates":[[3.61333,6.56547],[3.61436,6.56555]]}},{"type":"Feature","properties":{"power":"line","voltage":"330000","_label":null,"_status_group":"unknown","_states":["Lagos"]},"geometry":{"type":"LineString","coordinates":[[3.61585,6.56646],[3.61594,6.56568]]}},{"type":"Feature","properties":{"power":"line","voltage":"330000","_label":null,"_status_group":"unknown","_states":["Lagos"]},"geometry":{"type":"LineString","coordinates":[[3.5712,6.47149],[3.57136,6.47244]]}},{"type":"Feature","properties":{"power":"line","voltage":"330000","_label":null,"_status_group":"unknown","_states":["Lagos"]},"geometry":{"type":"LineString","coordinates":[[3.57136,6.47244],[3.57109,6.47149]]}},{"type":"Feature","properties":{"power":"line","voltage":"330000","_label":null,"_status_group":"unknown","_states":["Edo"]},"geometry":{"type":"LineString","coordinates":[[5.63232,6.29623],[5.63259,6.29566]]}},{"type":"Feature","properties":{"power":"line","voltage":"330000","_label":null,"_status_group":"unknown","_states":["Niger"]},"geometry":{"type":"LineString","coordinates":[[6.83166,9.97263],[6.80756,9.94981],[6.80393,9.89259],[6.81507,9.86219],[6.80908,9.80513],[6.85021,9.68579],[6.88264,9.65692],[6.95116,9.64905],[7.0729,9.54672],[7.10234,9.48099],[7.13959,9.44971],[7.18856,9.35648],[7.20965,9.33514],[7.2135,9.28507],[7.2194,9.28218],[7.218,9.21817],[7.23103,9.15335]]}},{"type":"Feature","properties":{"power":"line","voltage":"330000","_label":null,"_status_group":"unknown","_states":["Niger"]},"geometry":{"type":"LineString","coordinates":[[6.83166,9.97263],[6.83133,9.97253]]}},{"type":"Feature","properties":{"power":"line","voltage":"132000","_label":null,"_status_group":"unknown","_states":["Kaduna"]},"geometry":{"type":"LineString","coordinates":[[7.37169,10.45957],[7.37136,10.46029]]}},{"type":"Feature","properties":{"power":"line","voltage":"132000","_label":null,"_status_group":"unknown","_states":["Kaduna"]},"geometry":{"type":"LineString","coordinates":[[7.37154,10.46038],[7.37196,10.45948]]}},{"type":"Feature","properties":{"power":"line","voltage":"132000","_label":null,"_status_group":"unknown","_states":["Kaduna"]},"geometry":{"type":"LineString","coordinates":[[7.37318,10.46063],[7.37152,10.45984]]}},{"type":"Feature","properties":{"power":"line","voltage":"132000","_label":null,"_status_group":"unknown","_states":["Kaduna"]},"geometry":{"type":"LineString","coordinates":[[7.37161,10.46024],[7.37142,10.46015]]}},{"type":"Feature","properties":{"power":"line","voltage":"132000","_label":null,"_status_group":"unknown","_states":["Kaduna"]},"geometry":{"type":"LineString","coordinates":[[7.37115,10.46068],[7.37316,10.43065],[7.39038,10.39476],[7.40858,10.37656],[7.40209,10.32367],[7.38029,10.30438],[7.3669,10.14917],[7.49381,9.79985],[7.70564,9.6553],[7.71373,9.63831],[7.73161,9.64558]]}},{"type":"Feature","properties":{"power":"line","voltage":"132000","_label":null,"_status_group":"unknown","_states":["Kaduna"]},"geometry":{"type":"LineString","coordinates":[[7.37313,10.46062],[7.37291,10.46106]]}},{"type":"Feature","properties":{"power":"line","voltage":"132000","_label":null,"_status_group":"unknown","_states":["Kaduna"]},"geometry":{"type":"LineString","coordinates":[[7.37253,10.46087],[7.37274,10.46043]]}},{"type":"Feature","properties":{"power":"line","voltage":"132000","_label":null,"_status_group":"unknown","_states":["Kaduna"]},"geometry":{"type":"LineString","coordinates":[[7.37271,10.46097],[7.37289,10.46062]]}},{"type":"Feature","properties":{"power":"line","voltage":"132000","_label":null,"_status_group":"unknown","_states":["Kaduna"]},"geometry":{"type":"LineString","coordinates":[[7.37148,10.45993],[7.37313,10.46073]]}},{"type":"Feature","properties":{"power":"line","voltage":"330000","_label":null,"_status_group":"unknown","_states":["Benue"]},"geometry":{"type":"LineString","coordinates":[[8.56922,7.62767],[8.56982,7.62658]]}},{"type":"Feature","properties":{"power":"line","voltage":"330000","_label":null,"_status_group":"unknown","_states":["Benue"]},"geometry":{"type":"LineString","coordinates":[[8.56931,7.62724],[8.56836,7.62695]]}},{"type":"Feature","properties":{"power":"line","voltage":"330000","_label":null,"_status_group":"unknown","_states":["Benue"]},"geometry":{"type":"LineString","coordinates":[[8.5697,7.62652],[8.56911,7.6276]]}},{"type":"Feature","properties":{"power":"line","voltage":"330000","_label":null,"_status_group":"unknown","_states":["Benue"]},"geometry":{"type":"LineString","coordinates":[[8.56864,7.62644],[8.5694,7.62706]]}},{"type":"Feature","properties":{"power":"line","voltage":"330000","_label":null,"_status_group":"unknown","_states":["Benue"]},"geometry":{"type":"LineString","coordinates":[[8.56989,7.62732],[8.57031,7.62659]]}},{"type":"Feature","properties":{"power":"line","voltage":"330000","_label":null,"_status_group":"unknown","_states":["Enugu"]},"geometry":{"type":"LineString","coordinates":[[7.55813,6.40351],[7.55848,6.40391]]}},{"type":"Feature","properties":{"power":"line","voltage":"330000","_label":null,"_status_group":"unknown","_states":["Enugu"]},"geometry":{"type":"LineString","coordinates":[[7.55848,6.40391],[7.55829,6.40342]]}},{"type":"Feature","properties":{"power":"line","_label":null,"_status_group":"unknown","_states":["Lagos"]},"geometry":{"type":"LineString","coordinates":[[3.61604,6.5637],[3.61593,6.56525]]}},{"type":"Feature","properties":{"power":"line","_label":null,"_status_group":"unknown","_states":["Lagos"]},"geometry":{"type":"LineString","coordinates":[[3.61484,6.56526],[3.61399,6.56507]]}},{"type":"Feature","properties":{"power":"line","_label":null,"_status_group":"unknown","_states":["Lagos"]},"geometry":{"type":"LineString","coordinates":[[3.6153,6.56526],[3.61517,6.56369]]}},{"type":"Feature","properties":{"power":"line","_label":null,"_status_group":"unknown","_states":["Lagos"]},"geometry":{"type":"LineString","coordinates":[[3.61574,6.56525],[3.6158,6.56369]]}},{"type":"Feature","properties":{"power":"line","_label":null,"_status_group":"unknown","_states":["Lagos"]},"geometry":{"type":"LineString","coordinates":[[3.61475,6.56369],[3.61502,6.56526]]}},{"type":"Feature","properties":{"power":"line","_label":null,"_status_group":"unknown","_states":["Lagos"]},"geometry":{"type":"LineString","coordinates":[[3.61558,6.56369],[3.61548,6.56526]]}},{"type":"Feature","properties":{"power":"line","voltage":"330000","_label":null,"_status_group":"unknown","_states":["Niger"]},"geometry":{"type":"LineString","coordinates":[[4.61232,9.86424],[4.61259,9.86131]]}},{"type":"Feature","properties":{"power":"line","voltage":"330000","_label":null,"_status_group":"unknown","_states":["Niger"]},"geometry":{"type":"LineString","coordinates":[[4.6126,9.86441],[4.61314,9.86171]]}},{"type":"Feature","properties":{"power":"line","voltage":"330000","_label":null,"_status_group":"unknown","_states":["Niger"]},"geometry":{"type":"LineString","coordinates":[[4.61279,9.86454],[4.6133,9.86183]]}},{"type":"Feature","properties":{"power":"line","voltage":"330000","_label":null,"_status_group":"unknown","_states":["Niger"]},"geometry":{"type":"LineString","coordinates":[[4.61125,9.86349],[4.61213,9.861]]}},{"type":"Feature","properties":{"power":"line","voltage":"330000","_label":null,"_status_group":"unknown","_states":["Niger"]},"geometry":{"type":"LineString","coordinates":[[4.61145,9.86361],[4.61226,9.86111]]}},{"type":"Feature","properties":{"power":"line","voltage":"330000","_label":null,"_status_group":"unknown","_states":["Niger"]},"geometry":{"type":"LineString","coordinates":[[4.61171,9.86379],[4.61241,9.8612]]}},{"type":"Feature","properties":{"power":"line","name":"UC Rusal ALSCON Transmission Line","operator":"UC Rusal ALSCON","voltage":"33000","_label":"UC Rusal ALSCON Transmission Line","_status_group":"unknown","_states":["Akwa Ibom"]},"geometry":{"type":"LineString","coordinates":[[7.57452,4.56764],[7.5836,4.56862]]}},{"type":"Feature","properties":{"power":"line","voltage":"132000","_label":null,"_status_group":"unknown","_states":["Akwa Ibom"]},"geometry":{"type":"LineString","coordinates":[[7.58272,4.56672],[7.56929,4.56429]]}},{"type":"Feature","properties":{"power":"line","_label":null,"_status_group":"unknown","_states":["Imo"]},"geometry":{"type":"LineString","coordinates":[[6.7405,5.56504],[6.74857,5.5699],[6.81911,5.53907]]}},{"type":"Feature","properties":{"power":"line","voltage":"132000","_label":null,"_status_group":"unknown","_states":["Rivers"]},"geometry":{"type":"LineString","coordinates":[[7.22656,4.83352],[7.23055,4.84352]]}},{"type":"Feature","properties":{"power":"minor_line","_label":null,"_status_group":"unknown","_states":["Ondo"]},"geometry":{"type":"LineString","coordinates":[[5.16546,7.28022],[5.16675,7.27813]]}},{"type":"Feature","properties":{"power":"minor_line","_label":null,"_status_group":"unknown","_states":["Ondo"]},"geometry":{"type":"LineString","coordinates":[[5.24091,7.36311],[5.24096,7.36272]]}},{"type":"Feature","properties":{"power":"minor_line","_label":null,"_status_group":"unknown","_states":["Ondo"]},"geometry":{"type":"LineString","coordinates":[[5.24405,7.36517],[5.24257,7.36534]]}},{"type":"Feature","properties":{"power":"minor_line","_label":null,"_status_group":"unknown","_states":["Ondo"]},"geometry":{"type":"LineString","coordinates":[[5.24064,7.36441],[5.23918,7.36321]]}},{"type":"Feature","properties":{"power":"minor_line","_label":null,"_status_group":"unknown","_states":["Ondo"]},"geometry":{"type":"LineString","coordinates":[[5.2414,7.36363],[5.2406,7.36282]]}},{"type":"Feature","properties":{"power":"minor_line","_label":null,"_status_group":"unknown","_states":["Ondo"]},"geometry":{"type":"LineString","coordinates":[[5.2457,7.36345],[5.24626,7.36323]]}},{"type":"Feature","properties":{"power":"minor_line","_label":null,"_status_group":"unknown","_states":["Ondo"]},"geometry":{"type":"LineString","coordinates":[[5.24139,7.36459],[5.24054,7.36476]]}},{"type":"Feature","properties":{"power":"minor_line","_label":null,"_status_group":"unknown","_states":["Ondo"]},"geometry":{"type":"LineString","coordinates":[[5.24497,7.36385],[5.24529,7.36362]]}},{"type":"Feature","properties":{"power":"minor_line","_label":null,"_status_group":"unknown","_states":["Ondo"]},"geometry":{"type":"LineString","coordinates":[[5.24252,7.36451],[5.24152,7.36364]]}},{"type":"Feature","properties":{"power":"minor_line","_label":null,"_status_group":"unknown","_states":["Ondo"]},"geometry":{"type":"LineString","coordinates":[[5.24433,7.36515],[5.24332,7.36319]]}},{"type":"Feature","properties":{"power":"minor_line","_label":null,"_status_group":"unknown","_states":["Ondo"]},"geometry":{"type":"LineString","coordinates":[[5.24538,7.3637],[5.24563,7.3634]]}},{"type":"Feature","properties":{"power":"minor_line","_label":null,"_status_group":"unknown","_states":["Ondo"]},"geometry":{"type":"LineString","coordinates":[[5.2421,7.36449],[5.24207,7.36295]]}},{"type":"Feature","properties":{"power":"minor_line","_label":null,"_status_group":"unknown","_states":["Ondo"]},"geometry":{"type":"LineString","coordinates":[[5.24497,7.36385],[5.24476,7.36419]]}},{"type":"Feature","properties":{"power":"minor_line","_label":null,"_status_group":"unknown","_states":["Ondo"]},"geometry":{"type":"LineString","coordinates":[[5.24054,7.36476],[5.24049,7.36489]]}},{"type":"Feature","properties":{"power":"minor_line","_label":null,"_status_group":"unknown","_states":["Ondo"]},"geometry":{"type":"LineString","coordinates":[[5.23703,7.36257],[5.23673,7.36423]]}},{"type":"Feature","properties":{"power":"minor_line","_label":null,"_status_group":"unknown","_states":["Ondo"]},"geometry":{"type":"LineString","coordinates":[[5.24099,7.36451],[5.24093,7.36471]]}},{"type":"Feature","properties":{"power":"minor_line","_label":null,"_status_group":"unknown","_states":["Ondo"]},"geometry":{"type":"LineString","coordinates":[[5.23666,7.36219],[5.23649,7.36185]]}},{"type":"Feature","properties":{"power":"minor_line","_label":null,"_status_group":"unknown","_states":["Ondo"]},"geometry":{"type":"LineString","coordinates":[[5.24257,7.36534],[5.24238,7.36531]]}},{"type":"Feature","properties":{"power":"minor_line","_label":null,"_status_group":"unknown","_states":["Ondo"]},"geometry":{"type":"LineString","coordinates":[[5.24257,7.36534],[5.24274,7.36534]]}},{"type":"Feature","properties":{"power":"minor_line","_label":null,"_status_group":"unknown","_states":["Ondo"]},"geometry":{"type":"LineString","coordinates":[[5.23884,7.36343],[5.23643,7.3622]]}},{"type":"Feature","properties":{"power":"minor_line","_label":null,"_status_group":"unknown","_states":["Ondo"]},"geometry":{"type":"LineString","coordinates":[[5.23643,7.3622],[5.23397,7.36555]]}},{"type":"Feature","properties":{"power":"minor_line","name":"mile 1","_label":"mile 1","_status_group":"unknown","_states":["Rivers"]},"geometry":{"type":"LineString","coordinates":[[7.03759,4.88452],[7.03606,4.88506]]}},{"type":"Feature","properties":{"power":"line","_label":null,"_status_group":"unknown","_states":["Delta","Edo"]},"geometry":{"type":"LineString","coordinates":[[5.70014,5.93174],[5.70084,5.98525],[5.66409,6.0547]]}},{"type":"Feature","properties":{"power":"line","operator":"Transmission Company of Nigeria","voltage":"132000","_label":null,"_status_group":"unknown","_states":["Kano"]},"geometry":{"type":"LineString","coordinates":[[8.19059,11.4791],[8.1899,11.48003]]}},{"type":"Feature","properties":{"power":"line","name":"Dangora-Tamburawa","operator":"Transmission Company of Nigeria","voltage":"132000","_label":"Dangora-Tamburawa","_status_group":"unknown","_states":["Kano"]},"geometry":{"type":"LineString","coordinates":[[8.45557,11.87368],[8.43756,11.80263],[8.42009,11.77735],[8.40966,11.64011],[8.3465,11.58587],[8.1899,11.48003]]}},{"type":"Feature","properties":{"power":"line","_label":null,"_status_group":"unknown","_states":["Kano"]},"geometry":{"type":"LineString","coordinates":[[8.62372,12.01342],[8.61445,12.01368]]}},{"type":"Feature","properties":{"power":"line","name":"Kumbotso-Hadejia/Dakata","operator":"Transmission Company of Nigeria","voltage":"132000","_label":"Kumbotso-Hadejia/Dakata","_status_group":"unknown","_states":["Kano"]},"geometry":{"type":"LineString","coordinates":[[8.47659,11.92927],[8.52772,11.92065],[8.57145,11.97386],[8.61448,12.01034]]}},{"type":"Feature","properties":{"power":"line","_label":null,"_status_group":"unknown","_states":["Lagos"]},"geometry":{"type":"LineString","coordinates":[[3.33607,6.61822],[3.33617,6.61822]]}},{"type":"Feature","properties":{"power":"line","_label":null,"_status_group":"unknown","_states":["Lagos"]},"geometry":{"type":"LineString","coordinates":[[3.33621,6.61764],[3.3488,6.62225],[3.35148,6.61019]]}},{"type":"Feature","properties":{"power":"minor_line","_label":null,"_status_group":"unknown","_states":["Lagos"]},"geometry":{"type":"LineString","coordinates":[[3.33711,6.605],[3.33564,6.61677]]}},{"type":"Feature","properties":{"power":"line","_label":null,"_status_group":"unknown","_states":["Lagos"]},"geometry":{"type":"LineString","coordinates":[[3.33583,6.61799],[3.33571,6.61799]]}},{"type":"Feature","properties":{"power":"minor_line","_label":null,"_status_group":"unknown","_states":["Lagos"]},"geometry":{"type":"LineString","coordinates":[[3.33551,6.61852],[3.32412,6.63368]]}},{"type":"Feature","properties":{"power":"line","voltage":"132000","_label":null,"_status_group":"unknown","_states":["Ogun","Lagos"]},"geometry":{"type":"LineString","coordinates":[[3.33595,6.618],[3.33532,6.62756],[3.27823,6.66915],[3.25878,6.70662],[3.22625,6.71728],[3.21358,6.73745],[3.20764,6.81173],[3.21348,6.89215],[3.22796,6.9246],[3.23842,7.02422],[3.29948,7.06481],[3.30344,7.09533],[3.33548,7.11321]]}},{"type":"Feature","properties":{"power":"line","_label":null,"_status_group":"unknown","_states":["Lagos"]},"geometry":{"type":"LineString","coordinates":[[3.33569,6.61866],[3.33519,6.62724],[3.32135,6.635]]}},{"type":"Feature","properties":{"power":"minor_line","_label":null,"_status_group":"unknown","_states":["Ogun","Lagos"]},"geometry":{"type":"LineString","coordinates":[[3.32412,6.63368],[3.32306,6.66393],[3.33668,6.67406]]}},{"type":"Feature","properties":{"power":"minor_line","_label":null,"_status_group":"unknown","_states":["Lagos"]},"geometry":{"type":"LineString","coordinates":[[3.32412,6.63368],[3.29488,6.65719]]}},{"type":"Feature","properties":{"power":"line","_label":null,"_status_group":"unknown","_states":["Lagos"]},"geometry":{"type":"LineString","coordinates":[[3.33543,6.61835],[3.3356,6.6181]]}},{"type":"Feature","properties":{"power":"minor_line","_label":null,"_status_group":"unknown","_states":["Lagos"]},"geometry":{"type":"LineString","coordinates":[[3.33531,6.61785],[3.33528,6.61835]]}},{"type":"Feature","properties":{"power":"line","voltage":"132000","_label":null,"_status_group":"unknown","_states":["Cross River"]},"geometry":{"type":"LineString","coordinates":[[8.32568,5.04484],[8.33048,5.06358],[8.33937,5.06905]]}},{"type":"Feature","properties":{"power":"line","voltage":"132000","_label":null,"_status_group":"unknown","_states":["Cross River"]},"geometry":{"type":"LineString","coordinates":[[8.32568,5.04484],[8.33969,5.0691]]}},{"type":"Feature","properties":{"power":"line","voltage":"132000","_label":null,"_status_group":"unknown","_states":["Kaduna"]},"geometry":{"type":"LineString","coordinates":[[7.45825,10.62097],[7.42108,10.60556],[7.41303,10.59242]]}},{"type":"Feature","properties":{"power":"line","voltage":"132000","_label":null,"_status_group":"unknown","_states":["Abuja Federal Capital Territory"]},"geometry":{"type":"LineString","coordinates":[[7.07472,8.97748],[7.07812,8.97807]]}},{"type":"Feature","properties":{"power":"line","voltage":"132000","_label":null,"_status_group":"unknown","_states":["Ebonyi"]},"geometry":{"type":"LineString","coordinates":[[8.08517,6.34498],[8.02781,6.39815],[7.98742,6.41099]]}},{"type":"Feature","properties":{"power":"line","_label":null,"_status_group":"unknown","_states":["Lagos"]},"geometry":{"type":"LineString","coordinates":[[3.34799,6.49594],[3.34662,6.49808]]}},{"type":"Feature","properties":{"power":"line","_label":null,"_status_group":"unknown","_states":["Lagos"]},"geometry":{"type":"LineString","coordinates":[[3.36317,6.47619],[3.3474,6.49473]]}},{"type":"Feature","properties":{"power":"line","_label":null,"_status_group":"unknown","_states":["Lagos"]},"geometry":{"type":"LineString","coordinates":[[3.36423,6.47475],[3.36317,6.47619]]}},{"type":"Feature","properties":{"power":"line","_label":null,"_status_group":"unknown","_states":["Lagos"]},"geometry":{"type":"LineString","coordinates":[[3.36423,6.47475],[3.37925,6.46891]]}},{"type":"Feature","properties":{"power":"line","voltage":"132000","_label":null,"_status_group":"unknown","_states":["Lagos"]},"geometry":{"type":"LineString","coordinates":[[3.05791,6.4861],[3.10725,6.49879],[3.14177,6.47342],[3.17338,6.47186],[3.18074,6.47793],[3.21111,6.46037]]}},{"type":"Feature","properties":{"power":"line","_label":null,"_status_group":"unknown","_states":["Lagos"]},"geometry":{"type":"LineString","coordinates":[[3.17586,6.48096],[3.18074,6.47793]]}},{"type":"Feature","properties":{"power":"line","_label":null,"_status_group":"unknown","_states":["Lagos"]},"geometry":{"type":"LineString","coordinates":[[3.33749,6.43706],[3.33696,6.43795]]}},{"type":"Feature","properties":{"power":"line","_label":null,"_status_group":"unknown","_states":["Lagos"]},"geometry":{"type":"LineString","coordinates":[[3.32013,6.43016],[3.32052,6.42887]]}},{"type":"Feature","properties":{"power":"line","voltage":"132000","_label":null,"_status_group":"unknown","_states":["Lagos"]},"geometry":{"type":"LineString","coordinates":[[3.38788,6.41175],[3.3668,6.40303],[3.2905,6.40631],[3.27481,6.43667]]}},{"type":"Feature","properties":{"power":"line","_label":null,"_status_group":"unknown","_states":["Lagos"]},"geometry":{"type":"LineString","coordinates":[[3.25666,6.4504],[3.26167,6.44953]]}},{"type":"Feature","properties":{"power":"line","voltage":"132000","_label":null,"_status_group":"unknown","_states":["Lagos"]},"geometry":{"type":"LineString","coordinates":[[3.2114,6.46003],[3.27222,6.45759]]}},{"type":"Feature","properties":{"power":"line","voltage":"132000","_label":null,"_status_group":"unknown","_states":["Lagos"]},"geometry":{"type":"LineString","coordinates":[[3.21115,6.46035],[3.21143,6.46035]]}},{"type":"Feature","properties":{"power":"line","voltage":"132000","_label":null,"_status_group":"unknown","_states":["Lagos"]},"geometry":{"type":"LineString","coordinates":[[3.21124,6.46035],[3.21124,6.46019]]}},{"type":"Feature","properties":{"power":"line","voltage":"132000","_label":null,"_status_group":"unknown","_states":["Lagos"]},"geometry":{"type":"LineString","coordinates":[[3.21111,6.46037],[3.21116,6.46019]]}},{"type":"Feature","properties":{"power":"line","voltage":"132000","_label":null,"_status_group":"unknown","_states":["Lagos"]},"geometry":{"type":"LineString","coordinates":[[3.21134,6.46035],[3.21134,6.4607]]}},{"type":"Feature","properties":{"power":"line","voltage":"132000","_label":null,"_status_group":"unknown","_states":["Lagos"]},"geometry":{"type":"LineString","coordinates":[[3.21143,6.46035],[3.21143,6.46019]]}},{"type":"Feature","properties":{"power":"line","voltage":"132000","_label":null,"_status_group":"unknown","_states":["Lagos"]},"geometry":{"type":"LineString","coordinates":[[3.21124,6.46071],[3.21124,6.46035]]}},{"type":"Feature","properties":{"power":"line","voltage":"132000","_label":null,"_status_group":"unknown","_states":["Lagos"]},"geometry":{"type":"LineString","coordinates":[[3.2114,6.46003],[3.21135,6.46019]]}},{"type":"Feature","properties":{"power":"line","voltage":"132000","_label":null,"_status_group":"unknown","_states":["Lagos"]},"geometry":{"type":"LineString","coordinates":[[3.27222,6.45759],[3.31677,6.45452]]}},{"type":"Feature","properties":{"power":"line","_label":null,"_status_group":"unknown","_states":["Lagos"]},"geometry":{"type":"LineString","coordinates":[[3.31627,6.45467],[3.30425,6.45396]]}},{"type":"Feature","properties":{"power":"line","voltage":"132000","_label":null,"_status_group":"unknown","_states":["Lagos"]},"geometry":{"type":"LineString","coordinates":[[3.31649,6.45423],[3.34829,6.47847],[3.34741,6.49439]]}},{"type":"Feature","properties":{"power":"line","_label":null,"_status_group":"unknown","_states":["Lagos"]},"geometry":{"type":"LineString","coordinates":[[3.32293,6.46253],[3.33135,6.46246]]}},{"type":"Feature","properties":{"power":"line","voltage":"132000","_label":null,"_status_group":"unknown","_states":["Oyo","Osun"]},"geometry":{"type":"LineString","coordinates":[[4.15508,7.62889],[4.14156,7.65271],[4.12242,7.6538],[4.0234,7.75827],[3.96717,7.75962],[3.84326,7.88473],[3.7261,7.89259],[3.67261,7.90819],[3.61873,7.93717],[3.61008,7.96613]]}},{"type":"Feature","properties":{"power":"line","voltage":"330000","_label":null,"_status_group":"unknown","_states":["Katsina","Kano"]},"geometry":{"type":"LineString","coordinates":[[8.21588,12.24309],[8.15571,12.29749],[8.05905,12.35449],[8.01363,12.41893],[7.90728,12.50921],[7.84841,12.54758]]}},{"type":"Feature","properties":{"power":"line","voltage":"330000","_label":null,"_status_group":"unknown","_states":["Katsina"]},"geometry":{"type":"LineString","coordinates":[[7.84354,12.55195],[7.71605,12.7028],[7.62382,12.95081]]}},{"type":"Feature","properties":{"power":"line","_label":null,"_status_group":"unknown","_states":["Lagos"]},"geometry":{"type":"LineString","coordinates":[[3.38173,6.53849],[3.38193,6.53849],[3.38193,6.53838],[3.38172,6.53835],[3.38173,6.53849]]}},{"type":"Feature","properties":{"power":"line","_label":null,"_status_group":"unknown","_states":["Ogun"]},"geometry":{"type":"LineString","coordinates":[[3.5197,6.72023],[3.52104,6.71957]]}},{"type":"Feature","properties":{"power":"line","name":"Ikeja West/Egbin - Omotoshu/Benin","operator":"Transmission Company of Nigeria","voltage":"330000","_label":"Ikeja West/Egbin - Omotoshu/Benin","_status_group":"unknown","_states":["Ogun"]},"geometry":{"type":"LineString","coordinates":[[3.52599,6.7745],[3.55302,6.77297]]}},{"type":"Feature","properties":{"power":"line","voltage":"330000","_label":null,"_status_group":"unknown","_states":["Ogun"]},"geometry":{"type":"LineString","coordinates":[[3.55402,6.77165],[3.55302,6.77297]]}},{"type":"Feature","properties":{"power":"line","_label":null,"_status_group":"unknown","_states":["Kaduna"]},"geometry":{"type":"LineString","coordinates":[[7.41138,10.58985],[7.41263,10.59033]]}},{"type":"Feature","properties":{"power":"line","voltage":"132000","_label":null,"_status_group":"unknown","_states":["Kaduna"]},"geometry":{"type":"LineString","coordinates":[[7.37214,10.46114],[7.34661,10.48822],[7.33411,10.54793],[7.38435,10.60111],[7.40231,10.60443],[7.41102,10.59641]]}},{"type":"Feature","properties":{"power":"line","voltage":"132000","_label":null,"_status_group":"unknown","_states":["Niger"]},"geometry":{"type":"LineString","coordinates":[[6.17911,10.08106],[6.19573,10.0776],[6.2587,9.92051],[6.28743,9.898]]}},{"type":"Feature","properties":{"power":"line","name":"Kaduna-Zaria","operator":"Transmission Company of Nigeria","voltage":"132000","_label":"Kaduna-Zaria","_status_group":"unknown","_states":["Kaduna"]},"geometry":{"type":"LineString","coordinates":[[7.71172,11.12674],[7.66806,11.09036],[7.61609,11.02705],[7.64429,10.92253],[7.56318,10.80734],[7.54017,10.75136],[7.51034,10.72589],[7.51208,10.66992],[7.47523,10.62848],[7.42067,10.60586],[7.41353,10.59202]]}},{"type":"Feature","properties":{"power":"line","voltage":"132000","_label":null,"_status_group":"unknown","_states":["Abuja Federal Capital Territory"]},"geometry":{"type":"LineString","coordinates":[[7.4523,9.04913],[7.43743,9.04025],[7.44108,9.02483]]}},{"type":"Feature","properties":{"power":"line","voltage":"132000","_label":null,"_status_group":"unknown","_states":["Kwara"]},"geometry":{"type":"LineString","coordinates":[[4.60297,8.4089],[4.61736,8.39051],[4.66086,8.38067],[4.67347,8.38995]]}},{"type":"Feature","properties":{"power":"line","voltage":"330000","_label":null,"_status_group":"unknown","_states":["Kwara"]},"geometry":{"type":"LineString","coordinates":[[4.60468,8.41029],[4.61756,8.39062],[4.69715,8.37189]]}},{"type":"Feature","properties":{"power":"line","voltage":"132000","_label":null,"_status_group":"unknown","_states":["Ogun"]},"geometry":{"type":"LineString","coordinates":[[3.17744,6.78386],[3.17696,6.78158]]}},{"type":"Feature","properties":{"power":"line","voltage":"132000","_label":null,"_status_group":"unknown","_states":["Ogun"]},"geometry":{"type":"LineString","coordinates":[[3.17744,6.78386],[3.17696,6.78158]]}},{"type":"Feature","properties":{"power":"line","voltage":"132000","_label":null,"_status_group":"unknown","_states":["Ogun"]},"geometry":{"type":"LineString","coordinates":[[3.20618,6.65493],[3.17966,6.6349],[3.15027,6.65562],[3.14602,6.66867],[3.14782,6.71039],[3.16945,6.74761],[3.17696,6.78158]]}},{"type":"Feature","properties":{"power":"line","voltage":"132000","_label":null,"_status_group":"unknown","_states":["Ogun"]},"geometry":{"type":"LineString","coordinates":[[3.17744,6.78386],[3.17155,6.80961],[3.18026,6.85755],[3.17364,6.87923],[3.19987,6.90186],[3.20568,6.89901]]}},{"type":"Feature","properties":{"power":"line","voltage":"132000","_label":null,"_status_group":"unknown","_states":["Gombe"]},"geometry":{"type":"LineString","coordinates":[[11.49505,10.29232],[11.47916,10.31966]]}},{"type":"Feature","properties":{"power":"line","_label":null,"_status_group":"unknown","_states":["Gombe"]},"geometry":{"type":"LineString","coordinates":[[11.48133,10.32119],[11.47949,10.32006]]}},{"type":"Feature","properties":{"power":"line","voltage":"132000","_label":null,"_status_group":"unknown","_states":["Plateau","Kaduna"]},"geometry":{"type":"LineString","coordinates":[[8.84319,9.99179],[8.80775,10.04196],[8.80409,10.08327],[8.77769,10.14603],[8.73677,10.28671],[8.57494,10.43769],[7.98643,10.67963],[7.57586,10.69835],[7.47778,10.63024]]}},{"type":"Feature","properties":{"power":"line","voltage":"330000","_label":null,"_status_group":"unknown","_states":["Ogun","Lagos"]},"geometry":{"type":"LineString","coordinates":[[3.61528,6.56566],[3.59854,6.57682],[3.58962,6.60854],[3.546,6.63362],[3.5349,6.65324],[3.52709,6.71193],[3.53184,6.77407]]}},{"type":"Feature","properties":{"power":"line","voltage":"132000","_label":null,"_status_group":"unknown","_states":["Benue","Taraba"]},"geometry":{"type":"LineString","coordinates":[[9.81071,7.84102],[9.79376,7.83353],[9.59827,7.64774],[9.41971,7.51406],[9.19067,7.42713],[8.98829,7.40601]]}},{"type":"Feature","properties":{"power":"line","_label":null,"_status_group":"unknown","_states":["Niger"]},"geometry":{"type":"LineString","coordinates":[[6.40555,9.63507],[6.37583,9.65859],[6.2745,9.84087],[6.28873,9.8972]]}},{"type":"Feature","properties":{"power":"line","_label":null,"_status_group":"unknown","_states":["Anambra"]},"geometry":{"type":"LineString","coordinates":[[6.88506,5.84254],[6.89216,5.86672],[6.92038,5.90504],[6.93424,5.95453],[6.95731,5.98263]]}},{"type":"Feature","properties":{"power":"line","voltage":"132000","_label":null,"_status_group":"unknown","_states":["Taraba"]},"geometry":{"type":"LineString","coordinates":[[9.89269,7.69613],[9.88361,7.69409]]}},{"type":"Feature","properties":{"power":"line","voltage":"132000","_label":null,"_status_group":"unknown","_states":["Taraba"]},"geometry":{"type":"LineString","coordinates":[[9.89296,7.69619],[9.9093,7.70895],[9.93771,7.70517],[10.02586,7.7204],[10.03634,7.71184]]}},{"type":"Feature","properties":{"power":"line","voltage":"132000","_label":null,"_status_group":"unknown","_states":["Taraba"]},"geometry":{"type":"LineString","coordinates":[[9.81246,7.84161],[9.84606,7.77028],[9.87142,7.74737],[9.88386,7.68507],[9.87939,7.62765],[9.88882,7.57526],[9.91187,7.52571],[9.93672,7.36138],[9.95697,7.30429],[9.94582,7.26526],[9.91362,7.23971]]}},{"type":"Feature","properties":{"power":"line","voltage":"132000","_label":null,"_status_group":"unknown","_states":["Taraba"]},"geometry":{"type":"LineString","coordinates":[[9.91333,7.23942],[9.8983,7.22196],[9.88809,7.15972],[9.7375,7.05158],[9.70585,6.97189],[9.70034,6.9196],[9.73569,6.88422],[9.76101,6.87481]]}},{"type":"Feature","properties":{"power":"line","voltage":"132000","_label":null,"_status_group":"unknown","_states":["Delta"]},"geometry":{"type":"LineString","coordinates":[[5.91608,5.54344],[6.0011,5.54574],[6.01313,5.53534]]}},{"type":"Feature","properties":{"power":"line","_label":null,"_status_group":"unknown","_states":["Akwa Ibom"]},"geometry":{"type":"LineString","coordinates":[[7.90109,5.04173],[7.90339,5.00216]]}},{"type":"Feature","properties":{"power":"line","_label":null,"_status_group":"unknown","_states":["Akwa Ibom"]},"geometry":{"type":"LineString","coordinates":[[7.92306,4.65206],[7.916,4.66954],[7.92414,4.71725],[7.90914,4.73429],[7.88941,4.82114],[7.86605,4.84731],[7.84214,4.91162],[7.87525,4.97749],[7.90339,5.00216]]}},{"type":"Feature","properties":{"power":"line","_label":null,"_status_group":"unknown","_states":["Rivers"]},"geometry":{"type":"LineString","coordinates":[[7.03076,4.81673],[7.03566,4.83057]]}},{"type":"Feature","properties":{"power":"line","voltage":"132000","_label":null,"_status_group":"unknown","_states":["Lagos"]},"geometry":{"type":"LineString","coordinates":[[3.21116,6.46019],[3.21115,6.46035]]}},{"type":"Feature","properties":{"power":"line","voltage":"132000","_label":null,"_status_group":"unknown","_states":["Lagos"]},"geometry":{"type":"LineString","coordinates":[[3.21124,6.46019],[3.21111,6.46037]]}},{"type":"Feature","properties":{"power":"line","voltage":"132000","_label":null,"_status_group":"unknown","_states":["Lagos"]},"geometry":{"type":"LineString","coordinates":[[3.21135,6.46019],[3.21134,6.46035]]}},{"type":"Feature","properties":{"power":"line","voltage":"132000","_label":null,"_status_group":"unknown","_states":["Lagos"]},"geometry":{"type":"LineString","coordinates":[[3.21143,6.46019],[3.2114,6.46003]]}},{"type":"Feature","properties":{"power":"line","_label":null,"_status_group":"unknown","_states":["Gombe"]},"geometry":{"type":"LineString","coordinates":[[11.23185,9.88966],[11.23087,9.89001]]}},{"type":"Feature","properties":{"power":"line","voltage":"132000","_label":null,"_status_group":"unknown","_states":["Lagos"]},"geometry":{"type":"LineString","coordinates":[[3.27481,6.43667],[3.27222,6.45759]]}},{"type":"Feature","properties":{"power":"line","_label":null,"_status_group":"unknown","_states":["Ogun"]},"geometry":{"type":"LineString","coordinates":[[3.20591,6.89897],[3.21379,6.89693]]}},{"type":"Feature","properties":{"power":"line","_label":null,"_status_group":"unknown","_states":["Lagos"]},"geometry":{"type":"LineString","coordinates":[[3.38868,6.5508],[3.38224,6.56192]]}},{"type":"Feature","properties":{"power":"line","_label":null,"_status_group":"unknown","_states":["Delta"]},"geometry":{"type":"LineString","coordinates":[[5.73138,5.8453],[5.72827,5.86688],[5.73812,5.89475],[5.72783,5.90834],[5.70166,5.91894],[5.70014,5.93152]]}},{"type":"Feature","properties":{"power":"line","_label":null,"_status_group":"unknown","_states":["Lagos"]},"geometry":{"type":"LineString","coordinates":[[3.36142,6.55898],[3.33786,6.53615]]}},{"type":"Feature","properties":{"power":"line","_label":null,"_status_group":"unknown","_states":["Abia"]},"geometry":{"type":"LineString","coordinates":[[7.38675,5.14654],[7.35677,5.17271],[7.3071,5.16659]]}},{"type":"Feature","properties":{"power":"line","_label":null,"_status_group":"unknown","_states":["Rivers","Imo"]},"geometry":{"type":"LineString","coordinates":[[6.66064,5.06535],[6.74364,5.06318],[6.83037,5.12507],[6.85646,5.17519],[6.86141,5.21487],[6.87214,5.23173],[6.86744,5.25207],[6.89194,5.33169],[6.96289,5.39838],[7.01421,5.41385],[7.0248,5.44441],[7.0532,5.46682]]}},{"type":"Feature","properties":{"power":"line","_label":null,"_status_group":"unknown","_states":["Kogi"]},"geometry":{"type":"LineString","coordinates":[[6.44315,7.99486],[6.42951,7.93001]]}},{"type":"Feature","properties":{"power":"line","voltage":"132000","_label":null,"_status_group":"unknown","_states":["Ogun"]},"geometry":{"type":"LineString","coordinates":[[3.65271,6.86331],[3.63142,6.85228],[3.6171,6.81503]]}},{"type":"Feature","properties":{"power":"line","_label":null,"_status_group":"unknown","_states":["Plateau"]},"geometry":{"type":"LineString","coordinates":[[8.89841,9.54289],[8.89471,9.54455]]}},{"type":"Feature","properties":{"power":"line","_label":null,"_status_group":"unknown","_states":["Lagos"]},"geometry":{"type":"LineString","coordinates":[[3.50556,6.62489],[3.45205,6.62105],[3.43871,6.60833],[3.42225,6.6091]]}},{"type":"Feature","properties":{"power":"line","_label":null,"_status_group":"unknown","_states":["Lagos"]},"geometry":{"type":"LineString","coordinates":[[3.52598,6.67973],[3.52601,6.67872]]}},{"type":"Feature","properties":{"power":"line","voltage":"330000","_label":null,"_status_group":"unknown","_states":["Niger"]},"geometry":{"type":"LineString","coordinates":[[6.40634,9.6359],[6.40985,9.63712]]}},{"type":"Feature","properties":{"power":"line","voltage":"330000","_label":null,"_status_group":"unknown","_states":["Niger"]},"geometry":{"type":"LineString","coordinates":[[6.40954,9.63627],[6.40654,9.63553]]}},{"type":"Feature","properties":{"power":"line","_label":null,"_status_group":"unknown","_states":["Abuja Federal Capital Territory"]},"geometry":{"type":"LineString","coordinates":[[7.49002,9.00161],[7.49026,8.99319],[7.4787,8.99113]]}},{"type":"Feature","properties":{"power":"line","_label":null,"_status_group":"unknown","_states":["Abuja Federal Capital Territory"]},"geometry":{"type":"LineString","coordinates":[[7.49855,8.94062],[7.49973,8.94311]]}},{"type":"Feature","properties":{"power":"line","_label":null,"_status_group":"unknown","_states":["Lagos"]},"geometry":{"type":"LineString","coordinates":[[3.08384,6.50414],[3.08861,6.49836]]}},{"type":"Feature","properties":{"power":"line","_label":null,"_status_group":"unknown","_states":["Lagos"]},"geometry":{"type":"LineString","coordinates":[[3.36142,6.55931],[3.36178,6.56065]]}},{"type":"Feature","properties":{"power":"line","voltage":"132000","_label":null,"_status_group":"unknown","_states":["Enugu"]},"geometry":{"type":"LineString","coordinates":[[7.5383,6.45766],[7.58313,6.43589]]}},{"type":"Feature","properties":{"power":"line","_label":null,"_status_group":"unknown","_states":["Ogun","Oyo"]},"geometry":{"type":"LineString","coordinates":[[3.31063,7.4191],[3.30509,7.39992],[3.31773,7.36386],[3.30082,7.29293],[3.30124,7.2301],[3.29001,7.20183]]}},{"type":"Feature","properties":{"power":"line","_label":null,"_status_group":"unknown","_states":["Oyo"]},"geometry":{"type":"LineString","coordinates":[[3.421,7.62509],[3.39201,7.51645],[3.32081,7.44769],[3.3123,7.42097]]}},{"type":"Feature","properties":{"power":"line","_label":null,"_status_group":"unknown","_states":["Akwa Ibom"]},"geometry":{"type":"LineString","coordinates":[[7.90254,5.04299],[7.91271,5.03929]]}},{"type":"Feature","properties":{"power":"line","_label":null,"_status_group":"unknown","_states":["Kaduna"]},"geometry":{"type":"LineString","coordinates":[[7.40226,10.50052],[7.41686,10.49905]]}},{"type":"Feature","properties":{"power":"line","_label":null,"_status_group":"unknown","_states":["Rivers"]},"geometry":{"type":"LineString","coordinates":[[6.76548,5.07832],[6.77336,5.07993]]}},{"type":"Feature","properties":{"power":"line","_label":null,"_status_group":"unknown","_states":["Ogun","Lagos"]},"geometry":{"type":"LineString","coordinates":[[3.38224,6.56192],[3.39998,6.59288],[3.39844,6.61591],[3.36306,6.65013],[3.3326,6.65742],[3.32689,6.67117]]}},{"type":"Feature","properties":{"power":"line","_label":null,"_status_group":"unknown","_states":["Lagos"]},"geometry":{"type":"LineString","coordinates":[[3.50554,6.62473],[3.51243,6.63331],[3.53474,6.63618]]}},{"type":"Feature","properties":{"power":"line","_label":null,"_status_group":"unknown","_states":["Lagos"]},"geometry":{"type":"LineString","coordinates":[[3.51148,6.63197],[3.50729,6.62708]]}},{"type":"Feature","properties":{"power":"line","_label":null,"_status_group":"unknown","_states":["Niger"]},"geometry":{"type":"LineString","coordinates":[[4.60912,9.84936],[4.60799,9.85304]]}},{"type":"Feature","properties":{"power":"line","_label":null,"_status_group":"unknown","_states":["Ogun"]},"geometry":{"type":"LineString","coordinates":[[3.65435,6.86425],[3.68599,6.823],[3.74594,6.81476],[3.84656,6.80747],[3.88215,6.84247],[3.88866,6.86009],[3.9188,6.83614]]}},{"type":"Feature","properties":{"power":"line","_label":null,"_status_group":"unknown","_states":["Ogun"]},"geometry":{"type":"LineString","coordinates":[[3.65335,6.86466],[3.65423,6.86581]]}},{"type":"Feature","properties":{"power":"line","_label":null,"_status_group":"unknown","_states":["Ogun"]},"geometry":{"type":"LineString","coordinates":[[3.60755,6.81216],[3.60871,6.81025]]}},{"type":"Feature","properties":{"power":"line","voltage":"132000","_label":null,"_status_group":"unknown","_states":["Ogun"]},"geometry":{"type":"LineString","coordinates":[[3.61603,6.81743],[3.59028,6.80808],[3.52996,6.75634],[3.52465,6.73016]]}},{"type":"Feature","properties":{"power":"line","_label":null,"_status_group":"unknown","_states":["Ogun"]},"geometry":{"type":"LineString","coordinates":[[3.5276,6.74558],[3.5271,6.74531]]}},{"type":"Feature","properties":{"power":"line","_label":null,"_status_group":"unknown","_states":["Ogun"]},"geometry":{"type":"LineString","coordinates":[[3.52752,6.74474],[3.5271,6.74531]]}},{"type":"Feature","properties":{"power":"line","_label":null,"_status_group":"unknown","_states":["Ebonyi"]},"geometry":{"type":"LineString","coordinates":[[7.8962,5.90662],[7.89423,5.94371],[8.00488,6.01837],[8.00641,6.13973],[8.01418,6.15476],[7.98426,6.19734],[8.04326,6.31298],[8.07039,6.34037],[8.08498,6.34442]]}},{"type":"Feature","properties":{"power":"line","_label":null,"_status_group":"unknown","_states":["Lagos"]},"geometry":{"type":"LineString","coordinates":[[3.51092,6.68024],[3.51648,6.64455],[3.50572,6.62504]]}},{"type":"Feature","properties":{"power":"line","_label":null,"_status_group":"unknown","_states":["Ondo"]},"geometry":{"type":"LineString","coordinates":[[4.70919,6.73216],[4.71849,6.71932],[4.75052,6.72424]]}},{"type":"Feature","properties":{"power":"line","_label":null,"_status_group":"unknown","_states":["Ondo"]},"geometry":{"type":"LineString","coordinates":[[4.73899,6.46098],[4.72991,6.49105],[4.73357,6.52503],[4.76387,6.54687],[4.75479,6.65426],[4.79308,6.67167],[4.82178,6.665],[4.83779,6.66979],[4.85336,6.69363]]}},{"type":"Feature","properties":{"power":"line","_label":null,"_status_group":"unknown","_states":["Kebbi"]},"geometry":{"type":"LineString","coordinates":[[4.26183,11.66344],[4.26206,11.66371]]}},{"type":"Feature","properties":{"power":"line","_label":null,"_status_group":"unknown","_states":["Kebbi"]},"geometry":{"type":"LineString","coordinates":[[4.26173,11.66321],[4.26254,11.66327]]}},{"type":"Feature","properties":{"power":"line","_label":null,"_status_group":"unknown","_states":["Kebbi"]},"geometry":{"type":"LineString","coordinates":[[4.26142,11.66331],[4.26172,11.66284]]}},{"type":"Feature","properties":{"power":"line","_label":null,"_status_group":"unknown","_states":["Kebbi"]},"geometry":{"type":"LineString","coordinates":[[4.26076,11.66221],[4.26098,11.664]]}},{"type":"Feature","properties":{"power":"line","_label":null,"_status_group":"unknown","_states":["Kebbi"]},"geometry":{"type":"LineString","coordinates":[[4.26058,11.66219],[4.26064,11.66354]]}},{"type":"Feature","properties":{"power":"line","_label":null,"_status_group":"unknown","_states":["Kebbi"]},"geometry":{"type":"LineString","coordinates":[[4.25993,11.66196],[4.25944,11.66326]]}},{"type":"Feature","properties":{"power":"line","_label":null,"_status_group":"unknown","_states":["Kebbi"]},"geometry":{"type":"LineString","coordinates":[[4.25894,11.66246],[4.25948,11.6624]]}},{"type":"Feature","properties":{"power":"line","_label":null,"_status_group":"unknown","_states":["Kebbi"]},"geometry":{"type":"LineString","coordinates":[[4.25657,11.66282],[4.25609,11.66229]]}},{"type":"Feature","properties":{"power":"line","_label":null,"_status_group":"unknown","_states":["Kebbi"]},"geometry":{"type":"LineString","coordinates":[[4.25757,11.66313],[4.25729,11.66306]]}},{"type":"Feature","properties":{"power":"line","_label":null,"_status_group":"unknown","_states":["Kebbi"]},"geometry":{"type":"LineString","coordinates":[[4.2585,11.66195],[4.25866,11.66337]]}},{"type":"Feature","properties":{"power":"line","_label":null,"_status_group":"unknown","_states":["Kebbi"]},"geometry":{"type":"LineString","coordinates":[[4.25731,11.66219],[4.25681,11.66252]]}},{"type":"Feature","properties":{"power":"line","_label":null,"_status_group":"unknown","_states":["Kebbi"]},"geometry":{"type":"LineString","coordinates":[[4.25787,11.66251],[4.25827,11.66294]]}},{"type":"Feature","properties":{"power":"line","_label":null,"_status_group":"unknown","_states":["Kebbi"]},"geometry":{"type":"LineString","coordinates":[[4.2578,11.66212],[4.25811,11.66256]]}},{"type":"Feature","properties":{"power":"line","_label":null,"_status_group":"unknown","_states":["Kebbi"]},"geometry":{"type":"LineString","coordinates":[[4.26275,11.66044],[4.26309,11.66002]]}},{"type":"Feature","properties":{"power":"line","_label":null,"_status_group":"unknown","_states":["Kebbi"]},"geometry":{"type":"LineString","coordinates":[[4.2622,11.66187],[4.26222,11.66124]]}},{"type":"Feature","properties":{"power":"line","_label":null,"_status_group":"unknown","_states":["Kebbi"]},"geometry":{"type":"LineString","coordinates":[[4.26167,11.662],[4.26345,11.66048]]}},{"type":"Feature","properties":{"power":"line","_label":null,"_status_group":"unknown","_states":["Kebbi"]},"geometry":{"type":"LineString","coordinates":[[4.26305,11.66173],[4.26298,11.6611]]}},{"type":"Feature","properties":{"power":"line","_label":null,"_status_group":"unknown","_states":["Kebbi"]},"geometry":{"type":"LineString","coordinates":[[4.26097,11.6622],[4.2637,11.66193]]}},{"type":"Feature","properties":{"power":"line","_label":null,"_status_group":"unknown","_states":["Kebbi"]},"geometry":{"type":"LineString","coordinates":[[4.26021,11.66074],[4.2602,11.66026]]}},{"type":"Feature","properties":{"power":"line","_label":null,"_status_group":"unknown","_states":["Kebbi"]},"geometry":{"type":"LineString","coordinates":[[4.25872,11.66085],[4.26055,11.66081]]}},{"type":"Feature","properties":{"power":"line","_label":null,"_status_group":"unknown","_states":["Kebbi"]},"geometry":{"type":"LineString","coordinates":[[4.25954,11.66191],[4.2611,11.66092]]}},{"type":"Feature","properties":{"power":"line","_label":null,"_status_group":"unknown","_states":["Kebbi"]},"geometry":{"type":"LineString","coordinates":[[4.25875,11.66127],[4.25939,11.66135]]}},{"type":"Feature","properties":{"power":"line","_label":null,"_status_group":"unknown","_states":["Kebbi"]},"geometry":{"type":"LineString","coordinates":[[4.25744,11.6615],[4.25749,11.66181]]}},{"type":"Feature","properties":{"power":"line","_label":null,"_status_group":"unknown","_states":["Kebbi"]},"geometry":{"type":"LineString","coordinates":[[4.25788,11.66146],[4.25688,11.66153]]}},{"type":"Feature","properties":{"power":"line","_label":null,"_status_group":"unknown","_states":["Kebbi"]},"geometry":{"type":"LineString","coordinates":[[4.2582,11.66196],[4.25787,11.66107]]}},{"type":"Feature","properties":{"power":"line","_label":null,"_status_group":"unknown","_states":["Kebbi"]},"geometry":{"type":"LineString","coordinates":[[4.25602,11.6619],[4.26343,11.66234]]}},{"type":"Feature","properties":{"power":"line","_label":null,"_status_group":"unknown","_states":["Kebbi"]},"geometry":{"type":"LineString","coordinates":[[4.25886,11.6595],[4.25883,11.65915]]}},{"type":"Feature","properties":{"power":"line","_label":null,"_status_group":"unknown","_states":["Kebbi"]},"geometry":{"type":"LineString","coordinates":[[4.26065,11.65698],[4.26105,11.65651]]}},{"type":"Feature","properties":{"power":"line","_label":null,"_status_group":"unknown","_states":["Kebbi"]},"geometry":{"type":"LineString","coordinates":[[4.26085,11.6577],[4.26134,11.65744]]}},{"type":"Feature","properties":{"power":"line","_label":null,"_status_group":"unknown","_states":["Kebbi"]},"geometry":{"type":"LineString","coordinates":[[4.2595,11.65967],[4.26132,11.6597]]}},{"type":"Feature","properties":{"power":"line","_label":null,"_status_group":"unknown","_states":["Kebbi"]},"geometry":{"type":"LineString","coordinates":[[4.25871,11.65991],[4.26027,11.65695]]}},{"type":"Feature","properties":{"power":"line","_label":null,"_status_group":"unknown","_states":["Kebbi"]},"geometry":{"type":"LineString","coordinates":[[4.25871,11.66024],[4.25932,11.66017]]}},{"type":"Feature","properties":{"power":"line","_label":null,"_status_group":"unknown","_states":["Kebbi"]},"geometry":{"type":"LineString","coordinates":[[4.25707,11.66098],[4.25679,11.66007]]}},{"type":"Feature","properties":{"power":"line","_label":null,"_status_group":"unknown","_states":["Kebbi"]},"geometry":{"type":"LineString","coordinates":[[4.25533,11.65979],[4.25603,11.66057]]}},{"type":"Feature","properties":{"power":"line","_label":null,"_status_group":"unknown","_states":["Kebbi"]},"geometry":{"type":"LineString","coordinates":[[4.25631,11.65991],[4.25604,11.66127]]}},{"type":"Feature","properties":{"power":"line","_label":null,"_status_group":"unknown","_states":["Kebbi"]},"geometry":{"type":"LineString","coordinates":[[4.25747,11.65978],[4.2579,11.66085]]}},{"type":"Feature","properties":{"power":"line","_label":null,"_status_group":"unknown","_states":["Kebbi"]},"geometry":{"type":"LineString","coordinates":[[4.25299,11.65935],[4.25326,11.65962]]}},{"type":"Feature","properties":{"power":"line","_label":null,"_status_group":"unknown","_states":["Kebbi"]},"geometry":{"type":"LineString","coordinates":[[4.25322,11.6588],[4.25249,11.65877]]}},{"type":"Feature","properties":{"power":"line","_label":null,"_status_group":"unknown","_states":["Kebbi"]},"geometry":{"type":"LineString","coordinates":[[4.25373,11.65885],[4.25254,11.65931]]}},{"type":"Feature","properties":{"power":"line","_label":null,"_status_group":"unknown","_states":["Kebbi"]},"geometry":{"type":"LineString","coordinates":[[4.25852,11.65765],[4.25902,11.65775]]}},{"type":"Feature","properties":{"power":"line","_label":null,"_status_group":"unknown","_states":["Kebbi"]},"geometry":{"type":"LineString","coordinates":[[4.25856,11.65712],[4.25951,11.65725]]}},{"type":"Feature","properties":{"power":"line","_label":null,"_status_group":"unknown","_states":["Kebbi"]},"geometry":{"type":"LineString","coordinates":[[4.25661,11.65829],[4.25766,11.65816]]}},{"type":"Feature","properties":{"power":"line","_label":null,"_status_group":"unknown","_states":["Kebbi"]},"geometry":{"type":"LineString","coordinates":[[4.25699,11.6574],[4.25864,11.65663]]}},{"type":"Feature","properties":{"power":"line","_label":null,"_status_group":"unknown","_states":["Kebbi"]},"geometry":{"type":"LineString","coordinates":[[4.25661,11.65788],[4.25778,11.65655]]}},{"type":"Feature","properties":{"power":"line","_label":null,"_status_group":"unknown","_states":["Kebbi"]},"geometry":{"type":"LineString","coordinates":[[4.25563,11.65671],[4.25564,11.65753]]}},{"type":"Feature","properties":{"power":"line","_label":null,"_status_group":"unknown","_states":["Kebbi"]},"geometry":{"type":"LineString","coordinates":[[4.25496,11.65664],[4.25577,11.65584]]}},{"type":"Feature","properties":{"power":"line","_label":null,"_status_group":"unknown","_states":["Kebbi"]},"geometry":{"type":"LineString","coordinates":[[4.25373,11.6574],[4.25502,11.65818]]}},{"type":"Feature","properties":{"power":"line","_label":null,"_status_group":"unknown","_states":["Kebbi"]},"geometry":{"type":"LineString","coordinates":[[4.25485,11.65687],[4.25238,11.65628]]}},{"type":"Feature","properties":{"power":"line","_label":null,"_status_group":"unknown","_states":["Kebbi"]},"geometry":{"type":"LineString","coordinates":[[4.25513,11.65933],[4.25561,11.65933]]}},{"type":"Feature","properties":{"power":"line","_label":null,"_status_group":"unknown","_states":["Kebbi"]},"geometry":{"type":"LineString","coordinates":[[4.2551,11.65978],[4.25509,11.65887]]}},{"type":"Feature","properties":{"power":"line","_label":null,"_status_group":"unknown","_states":["Kebbi"]},"geometry":{"type":"LineString","coordinates":[[4.25443,11.65942],[4.25373,11.65857]]}},{"type":"Feature","properties":{"power":"line","_label":null,"_status_group":"unknown","_states":["Kebbi"]},"geometry":{"type":"LineString","coordinates":[[4.25752,11.65955],[4.25348,11.65596]]}},{"type":"Feature","properties":{"power":"line","_label":null,"_status_group":"unknown","_states":["Kebbi"]},"geometry":{"type":"LineString","coordinates":[[4.257,11.65906],[4.25631,11.6594]]}},{"type":"Feature","properties":{"power":"line","_label":null,"_status_group":"unknown","_states":["Kebbi"]},"geometry":{"type":"LineString","coordinates":[[4.25716,11.65903],[4.25721,11.65868]]}},{"type":"Feature","properties":{"power":"line","_label":null,"_status_group":"unknown","_states":["Kebbi"]},"geometry":{"type":"LineString","coordinates":[[4.25745,11.65904],[4.2566,11.65609]]}},{"type":"Feature","properties":{"power":"line","_label":null,"_status_group":"unknown","_states":["Kebbi"]},"geometry":{"type":"LineString","coordinates":[[4.25914,11.65951],[4.25851,11.6589]]}},{"type":"Feature","properties":{"power":"line","_label":null,"_status_group":"unknown","_states":["Kebbi"]},"geometry":{"type":"LineString","coordinates":[[4.2583,11.65961],[4.25796,11.65902]]}},{"type":"Feature","properties":{"power":"line","_label":null,"_status_group":"unknown","_states":["Kebbi"]},"geometry":{"type":"LineString","coordinates":[[4.2583,11.6597],[4.2589,11.66345]]}},{"type":"Feature","properties":{"power":"line","_label":null,"_status_group":"unknown","_states":["Sokoto"]},"geometry":{"type":"LineString","coordinates":[[5.32614,13.76977],[5.32608,13.77011]]}},{"type":"Feature","properties":{"power":"line","_label":null,"_status_group":"unknown","_states":["Sokoto"]},"geometry":{"type":"LineString","coordinates":[[5.33014,13.77262],[5.33043,13.77161]]}},{"type":"Feature","properties":{"power":"line","_label":null,"_status_group":"unknown","_states":["Sokoto"]},"geometry":{"type":"LineString","coordinates":[[5.3295,13.77239],[5.32938,13.77351]]}},{"type":"Feature","properties":{"power":"line","_label":null,"_status_group":"unknown","_states":["Sokoto"]},"geometry":{"type":"LineString","coordinates":[[5.32865,13.77268],[5.32921,13.77273]]}},{"type":"Feature","properties":{"power":"line","_label":null,"_status_group":"unknown","_states":["Sokoto"]},"geometry":{"type":"LineString","coordinates":[[5.32876,13.77214],[5.32794,13.77267]]}},{"type":"Feature","properties":{"power":"line","_label":null,"_status_group":"unknown","_states":["Sokoto"]},"geometry":{"type":"LineString","coordinates":[[5.32807,13.7719],[5.328,13.77229]]}},{"type":"Feature","properties":{"power":"line","_label":null,"_status_group":"unknown","_states":["Sokoto"]},"geometry":{"type":"LineString","coordinates":[[5.32754,13.77175],[5.32755,13.7723]]}},{"type":"Feature","properties":{"power":"line","_label":null,"_status_group":"unknown","_states":["Sokoto"]},"geometry":{"type":"LineString","coordinates":[[5.32654,13.77196],[5.32745,13.77257]]}},{"type":"Feature","properties":{"power":"line","_label":null,"_status_group":"unknown","_states":["Sokoto"]},"geometry":{"type":"LineString","coordinates":[[5.3265,13.77172],[5.32655,13.77232]]}},{"type":"Feature","properties":{"power":"line","_label":null,"_status_group":"unknown","_states":["Sokoto"]},"geometry":{"type":"LineString","coordinates":[[5.32536,13.77164],[5.32572,13.77101]]}},{"type":"Feature","properties":{"power":"line","_label":null,"_status_group":"unknown","_states":["Sokoto"]},"geometry":{"type":"LineString","coordinates":[[5.326,13.77164],[5.32643,13.77094]]}},{"type":"Feature","properties":{"power":"line","_label":null,"_status_group":"unknown","_states":["Sokoto"]},"geometry":{"type":"LineString","coordinates":[[5.32547,13.76929],[5.32467,13.76838]]}},{"type":"Feature","properties":{"power":"line","_label":null,"_status_group":"unknown","_states":["Sokoto"]},"geometry":{"type":"LineString","coordinates":[[5.32546,13.76864],[5.32512,13.76862]]}},{"type":"Feature","properties":{"power":"line","_label":null,"_status_group":"unknown","_states":["Sokoto"]},"geometry":{"type":"LineString","coordinates":[[5.32557,13.76951],[5.32546,13.7682]]}},{"type":"Feature","properties":{"power":"line","_label":null,"_status_group":"unknown","_states":["Sokoto"]},"geometry":{"type":"LineString","coordinates":[[5.32938,13.77235],[5.32957,13.77077]]}},{"type":"Feature","properties":{"power":"line","_label":null,"_status_group":"unknown","_states":["Sokoto"]},"geometry":{"type":"LineString","coordinates":[[5.3287,13.77208],[5.32887,13.77148]]}},{"type":"Feature","properties":{"power":"line","_label":null,"_status_group":"unknown","_states":["Sokoto"]},"geometry":{"type":"LineString","coordinates":[[5.32851,13.77086],[5.32836,13.77145]]}},{"type":"Feature","properties":{"power":"line","_label":null,"_status_group":"unknown","_states":["Sokoto"]},"geometry":{"type":"LineString","coordinates":[[5.32682,13.77164],[5.33084,13.7728]]}},{"type":"Feature","properties":{"power":"line","_label":null,"_status_group":"unknown","_states":["Sokoto"]},"geometry":{"type":"LineString","coordinates":[[5.32617,13.77264],[5.329,13.77072]]}},{"type":"Feature","properties":{"power":"line","_label":null,"_status_group":"unknown","_states":["Sokoto"]},"geometry":{"type":"LineString","coordinates":[[5.32493,13.77151],[5.32485,13.77241]]}},{"type":"Feature","properties":{"power":"line","_label":null,"_status_group":"unknown","_states":["Sokoto"]},"geometry":{"type":"LineString","coordinates":[[5.32472,13.77113],[5.3245,13.77251]]}},{"type":"Feature","properties":{"power":"line","_label":null,"_status_group":"unknown","_states":["Sokoto"]},"geometry":{"type":"LineString","coordinates":[[5.32428,13.76973],[5.32439,13.76924]]}},{"type":"Feature","properties":{"power":"line","_label":null,"_status_group":"unknown","_states":["Sokoto"]},"geometry":{"type":"LineString","coordinates":[[5.32524,13.7697],[5.32411,13.76955]]}},{"type":"Feature","properties":{"power":"line","_label":null,"_status_group":"unknown","_states":["Sokoto"]},"geometry":{"type":"LineString","coordinates":[[5.32834,13.77051],[5.32859,13.76997]]}},{"type":"Feature","properties":{"power":"line","_label":null,"_status_group":"unknown","_states":["Sokoto"]},"geometry":{"type":"LineString","coordinates":[[5.32769,13.77027],[5.32769,13.77062]]}},{"type":"Feature","properties":{"power":"line","_label":null,"_status_group":"unknown","_states":["Sokoto"]},"geometry":{"type":"LineString","coordinates":[[5.33038,13.77104],[5.33089,13.77151]]}},{"type":"Feature","properties":{"power":"line","_label":null,"_status_group":"unknown","_states":["Sokoto"]},"geometry":{"type":"LineString","coordinates":[[5.33045,13.77001],[5.33144,13.7712]]}},{"type":"Feature","properties":{"power":"line","_label":null,"_status_group":"unknown","_states":["Sokoto"]},"geometry":{"type":"LineString","coordinates":[[5.33129,13.77044],[5.33203,13.77011]]}},{"type":"Feature","properties":{"power":"line","_label":null,"_status_group":"unknown","_states":["Sokoto"]},"geometry":{"type":"LineString","coordinates":[[5.33092,13.76982],[5.32944,13.77057]]}},{"type":"Feature","properties":{"power":"line","_label":null,"_status_group":"unknown","_states":["Sokoto"]},"geometry":{"type":"LineString","coordinates":[[5.33064,13.76834],[5.33157,13.77092]]}},{"type":"Feature","properties":{"power":"line","_label":null,"_status_group":"unknown","_states":["Sokoto"]},"geometry":{"type":"LineString","coordinates":[[5.32955,13.76817],[5.32939,13.7696]]}},{"type":"Feature","properties":{"power":"line","_label":null,"_status_group":"unknown","_states":["Sokoto"]},"geometry":{"type":"LineString","coordinates":[[5.32703,13.76959],[5.32722,13.76853]]}},{"type":"Feature","properties":{"power":"line","_label":null,"_status_group":"unknown","_states":["Sokoto"]},"geometry":{"type":"LineString","coordinates":[[5.32747,13.76578],[5.32763,13.76508]]}},{"type":"Feature","properties":{"power":"line","_label":null,"_status_group":"unknown","_states":["Sokoto"]},"geometry":{"type":"LineString","coordinates":[[5.328,13.7661],[5.32839,13.76452]]}},{"type":"Feature","properties":{"power":"line","_label":null,"_status_group":"unknown","_states":["Sokoto"]},"geometry":{"type":"LineString","coordinates":[[5.32842,13.76641],[5.32614,13.76518]]}},{"type":"Feature","properties":{"power":"line","_label":null,"_status_group":"unknown","_states":["Sokoto"]},"geometry":{"type":"LineString","coordinates":[[5.32735,13.7677],[5.3311,13.76838]]}},{"type":"Feature","properties":{"power":"line","_label":null,"_status_group":"unknown","_states":["Sokoto"]},"geometry":{"type":"LineString","coordinates":[[5.32759,13.76722],[5.32915,13.7676]]}},{"type":"Feature","properties":{"power":"line","_label":null,"_status_group":"unknown","_states":["Sokoto"]},"geometry":{"type":"LineString","coordinates":[[5.32774,13.76702],[5.32709,13.76676]]}},{"type":"Feature","properties":{"power":"line","_label":null,"_status_group":"unknown","_states":["Sokoto"]},"geometry":{"type":"LineString","coordinates":[[5.32654,13.76709],[5.3269,13.76593]]}},{"type":"Feature","properties":{"power":"line","_label":null,"_status_group":"unknown","_states":["Sokoto"]},"geometry":{"type":"LineString","coordinates":[[5.32616,13.76677],[5.32602,13.76775]]}},{"type":"Feature","properties":{"power":"line","_label":null,"_status_group":"unknown","_states":["Sokoto"]},"geometry":{"type":"LineString","coordinates":[[5.32651,13.76882],[5.32425,13.76536]]}},{"type":"Feature","properties":{"power":"line","_label":null,"_status_group":"unknown","_states":["Sokoto"]},"geometry":{"type":"LineString","coordinates":[[5.32766,13.76876],[5.32906,13.77059]]}},{"type":"Feature","properties":{"power":"line","_label":null,"_status_group":"unknown","_states":["Sokoto"]},"geometry":{"type":"LineString","coordinates":[[5.32618,13.7696],[5.32888,13.76556]]}},{"type":"Feature","properties":{"power":"line","_label":null,"_status_group":"unknown","_states":["Sokoto"]},"geometry":{"type":"LineString","coordinates":[[5.3278,13.7696],[5.32618,13.7696]]}},{"type":"Feature","properties":{"power":"line","_label":null,"_status_group":"unknown","_states":["Sokoto"]},"geometry":{"type":"LineString","coordinates":[[5.3278,13.7695],[5.32815,13.76981]]}},{"type":"Feature","properties":{"power":"line","_label":null,"_status_group":"unknown","_states":["Nasarawa"]},"geometry":{"type":"LineString","coordinates":[[8.57302,8.55425],[8.56453,8.62875]]}},{"type":"Feature","properties":{"power":"line","_label":null,"_status_group":"unknown","_states":["Kebbi"]},"geometry":{"type":"LineString","coordinates":[[4.30827,11.71941],[4.30812,11.7193]]}},{"type":"Feature","properties":{"power":"line","_label":null,"_status_group":"unknown","_states":["Kebbi"]},"geometry":{"type":"LineString","coordinates":[[4.30709,11.71885],[4.30737,11.71886]]}},{"type":"Feature","properties":{"power":"line","_label":null,"_status_group":"unknown","_states":["Kebbi"]},"geometry":{"type":"LineString","coordinates":[[4.30767,11.71832],[4.3074,11.71826]]}},{"type":"Feature","properties":{"power":"line","_label":null,"_status_group":"unknown","_states":["Kebbi"]},"geometry":{"type":"LineString","coordinates":[[4.30732,11.71938],[4.30785,11.71942]]}},{"type":"Feature","properties":{"power":"line","_label":null,"_status_group":"unknown","_states":["Kebbi"]},"geometry":{"type":"LineString","coordinates":[[4.30611,11.71923],[4.30636,11.71935]]}},{"type":"Feature","properties":{"power":"line","_label":null,"_status_group":"unknown","_states":["Kebbi"]},"geometry":{"type":"LineString","coordinates":[[4.30499,11.71804],[4.30491,11.71822]]}},{"type":"Feature","properties":{"power":"line","_label":null,"_status_group":"unknown","_states":["Kebbi"]},"geometry":{"type":"LineString","coordinates":[[4.30414,11.71894],[4.30364,11.71878]]}},{"type":"Feature","properties":{"power":"line","_label":null,"_status_group":"unknown","_states":["Kebbi"]},"geometry":{"type":"LineString","coordinates":[[4.30881,11.71721],[4.3086,11.71719]]}},{"type":"Feature","properties":{"power":"line","_label":null,"_status_group":"unknown","_states":["Kebbi"]},"geometry":{"type":"LineString","coordinates":[[4.30841,11.71915],[4.30929,11.71998]]}},{"type":"Feature","properties":{"power":"line","_label":null,"_status_group":"unknown","_states":["Kebbi"]},"geometry":{"type":"LineString","coordinates":[[4.30741,11.71731],[4.30714,11.71687]]}},{"type":"Feature","properties":{"power":"line","_label":null,"_status_group":"unknown","_states":["Kebbi"]},"geometry":{"type":"LineString","coordinates":[[4.30632,11.71666],[4.30628,11.71709]]}},{"type":"Feature","properties":{"power":"line","_label":null,"_status_group":"unknown","_states":["Kebbi"]},"geometry":{"type":"LineString","coordinates":[[4.30679,11.71816],[4.30671,11.71831]]}},{"type":"Feature","properties":{"power":"line","_label":null,"_status_group":"unknown","_states":["Kebbi"]},"geometry":{"type":"LineString","coordinates":[[4.30562,11.71852],[4.30634,11.71835]]}},{"type":"Feature","properties":{"power":"line","_label":null,"_status_group":"unknown","_states":["Kebbi"]},"geometry":{"type":"LineString","coordinates":[[4.30768,11.71757],[4.30817,11.71734]]}},{"type":"Feature","properties":{"power":"line","_label":null,"_status_group":"unknown","_states":["Kebbi"]},"geometry":{"type":"LineString","coordinates":[[4.30838,11.71898],[4.30794,11.71897]]}},{"type":"Feature","properties":{"power":"line","_label":null,"_status_group":"unknown","_states":["Kebbi"]},"geometry":{"type":"LineString","coordinates":[[4.30785,11.71727],[4.30723,11.71733]]}},{"type":"Feature","properties":{"power":"line","_label":null,"_status_group":"unknown","_states":["Kebbi"]},"geometry":{"type":"LineString","coordinates":[[4.30705,11.71899],[4.30705,11.71864]]}},{"type":"Feature","properties":{"power":"line","_label":null,"_status_group":"unknown","_states":["Kebbi"]},"geometry":{"type":"LineString","coordinates":[[4.30592,11.71821],[4.30653,11.71737]]}},{"type":"Feature","properties":{"power":"line","_label":null,"_status_group":"unknown","_states":["Kebbi"]},"geometry":{"type":"LineString","coordinates":[[4.30785,11.71976],[4.30849,11.71971]]}},{"type":"Feature","properties":{"power":"line","_label":null,"_status_group":"unknown","_states":["Kebbi"]},"geometry":{"type":"LineString","coordinates":[[4.30806,11.71848],[4.30894,11.71887]]}},{"type":"Feature","properties":{"power":"line","_label":null,"_status_group":"unknown","_states":["Kebbi"]},"geometry":{"type":"LineString","coordinates":[[4.3072,11.71998],[4.30613,11.72058]]}},{"type":"Feature","properties":{"power":"line","_label":null,"_status_group":"unknown","_states":["Kebbi"]},"geometry":{"type":"LineString","coordinates":[[4.3046,11.71894],[4.3048,11.71857]]}},{"type":"Feature","properties":{"power":"line","_label":null,"_status_group":"unknown","_states":["Kebbi"]},"geometry":{"type":"LineString","coordinates":[[4.30726,11.7182],[4.30458,11.71788]]}},{"type":"Feature","properties":{"power":"line","_label":null,"_status_group":"unknown","_states":["Kebbi"]},"geometry":{"type":"LineString","coordinates":[[4.30546,11.71931],[4.30676,11.71652]]}},{"type":"Feature","properties":{"power":"line","_label":null,"_status_group":"unknown","_states":["Kebbi"]},"geometry":{"type":"LineString","coordinates":[[4.30546,11.71998],[4.30475,11.71969]]}},{"type":"Feature","properties":{"power":"line","_label":null,"_status_group":"unknown","_states":["Kebbi"]},"geometry":{"type":"LineString","coordinates":[[4.30598,11.71992],[4.30514,11.72057]]}},{"type":"Feature","properties":{"power":"line","_label":null,"_status_group":"unknown","_states":["Kebbi"]},"geometry":{"type":"LineString","coordinates":[[4.30644,11.71872],[4.30679,11.71945]]}},{"type":"Feature","properties":{"power":"line","_label":null,"_status_group":"unknown","_states":["Kebbi"]},"geometry":{"type":"LineString","coordinates":[[4.30745,11.71909],[4.30726,11.7196]]}},{"type":"Feature","properties":{"power":"line","_label":null,"_status_group":"unknown","_states":["Kebbi"]},"geometry":{"type":"LineString","coordinates":[[4.3099,11.71785],[4.30951,11.71739]]}},{"type":"Feature","properties":{"power":"line","_label":null,"_status_group":"unknown","_states":["Kebbi"]},"geometry":{"type":"LineString","coordinates":[[4.30955,11.7185],[4.31053,11.71733]]}},{"type":"Feature","properties":{"power":"line","_label":null,"_status_group":"unknown","_states":["Kebbi"]},"geometry":{"type":"LineString","coordinates":[[4.30782,11.71774],[4.30813,11.71624]]}},{"type":"Feature","properties":{"power":"line","_label":null,"_status_group":"unknown","_states":["Kebbi"]},"geometry":{"type":"LineString","coordinates":[[4.30846,11.72038],[4.31061,11.71869]]}},{"type":"Feature","properties":{"power":"line","_label":null,"_status_group":"unknown","_states":["Kebbi"]},"geometry":{"type":"LineString","coordinates":[[4.30607,11.71896],[4.30409,11.7197]]}},{"type":"Feature","properties":{"power":"line","_label":null,"_status_group":"unknown","_states":["Kebbi"]},"geometry":{"type":"LineString","coordinates":[[4.30888,11.71692],[4.30607,11.71896]]}},{"type":"Feature","properties":{"power":"line","_label":null,"_status_group":"unknown","_states":["Kebbi"]},"geometry":{"type":"LineString","coordinates":[[4.54586,11.08334],[4.54603,11.08228]]}},{"type":"Feature","properties":{"power":"line","_label":null,"_status_group":"unknown","_states":["Kebbi"]},"geometry":{"type":"LineString","coordinates":[[4.54361,11.0842],[4.54331,11.08459]]}},{"type":"Feature","properties":{"power":"line","_label":null,"_status_group":"unknown","_states":["Kebbi"]},"geometry":{"type":"LineString","coordinates":[[4.54728,11.08172],[4.54756,11.08168]]}},{"type":"Feature","properties":{"power":"line","_label":null,"_status_group":"unknown","_states":["Kebbi"]},"geometry":{"type":"LineString","coordinates":[[4.54836,11.08268],[4.54867,11.0821]]}},{"type":"Feature","properties":{"power":"line","_label":null,"_status_group":"unknown","_states":["Kebbi"]},"geometry":{"type":"LineString","coordinates":[[4.54846,11.08288],[4.54879,11.08255]]}},{"type":"Feature","properties":{"power":"line","_label":null,"_status_group":"unknown","_states":["Kebbi"]},"geometry":{"type":"LineString","coordinates":[[4.54276,11.08399],[4.54275,11.08364]]}},{"type":"Feature","properties":{"power":"line","_label":null,"_status_group":"unknown","_states":["Kebbi"]},"geometry":{"type":"LineString","coordinates":[[4.5425,11.0842],[4.54209,11.08301]]}},{"type":"Feature","properties":{"power":"line","_label":null,"_status_group":"unknown","_states":["Kebbi"]},"geometry":{"type":"LineString","coordinates":[[4.5478,11.08378],[4.54781,11.08414]]}},{"type":"Feature","properties":{"power":"line","_label":null,"_status_group":"unknown","_states":["Kebbi"]},"geometry":{"type":"LineString","coordinates":[[4.54833,11.08384],[4.5483,11.08418]]}},{"type":"Feature","properties":{"power":"line","_label":null,"_status_group":"unknown","_states":["Kebbi"]},"geometry":{"type":"LineString","coordinates":[[4.5461,11.08554],[4.54626,11.08585]]}},{"type":"Feature","properties":{"power":"line","_label":null,"_status_group":"unknown","_states":["Kebbi"]},"geometry":{"type":"LineString","coordinates":[[4.54641,11.08551],[4.54657,11.08578]]}},{"type":"Feature","properties":{"power":"line","_label":null,"_status_group":"unknown","_states":["Kebbi"]},"geometry":{"type":"LineString","coordinates":[[4.54576,11.08521],[4.54612,11.08519]]}},{"type":"Feature","properties":{"power":"line","_label":null,"_status_group":"unknown","_states":["Kebbi"]},"geometry":{"type":"LineString","coordinates":[[4.54607,11.08482],[4.54674,11.08536]]}},{"type":"Feature","properties":{"power":"line","_label":null,"_status_group":"unknown","_states":["Kebbi"]},"geometry":{"type":"LineString","coordinates":[[4.54377,11.08459],[4.54204,11.08381]]}},{"type":"Feature","properties":{"power":"line","_label":null,"_status_group":"unknown","_states":["Kebbi"]},"geometry":{"type":"LineString","coordinates":[[4.54445,11.08216],[4.54412,11.08231]]}},{"type":"Feature","properties":{"power":"line","_label":null,"_status_group":"unknown","_states":["Kebbi"]},"geometry":{"type":"LineString","coordinates":[[4.54535,11.08324],[4.5445,11.08184]]}},{"type":"Feature","properties":{"power":"line","_label":null,"_status_group":"unknown","_states":["Kebbi"]},"geometry":{"type":"LineString","coordinates":[[4.54441,11.08425],[4.54446,11.08296]]}},{"type":"Feature","properties":{"power":"line","_label":null,"_status_group":"unknown","_states":["Kebbi"]},"geometry":{"type":"LineString","coordinates":[[4.5487,11.0832],[4.54979,11.08229]]}},{"type":"Feature","properties":{"power":"line","_label":null,"_status_group":"unknown","_states":["Kebbi"]},"geometry":{"type":"LineString","coordinates":[[4.55105,11.0835],[4.5507,11.08263]]}},{"type":"Feature","properties":{"power":"line","_label":null,"_status_group":"unknown","_states":["Kebbi"]},"geometry":{"type":"LineString","coordinates":[[4.55084,11.08398],[4.55151,11.08322]]}},{"type":"Feature","properties":{"power":"line","_label":null,"_status_group":"unknown","_states":["Kebbi"]},"geometry":{"type":"LineString","coordinates":[[4.55141,11.08401],[4.55152,11.08435]]}},{"type":"Feature","properties":{"power":"line","_label":null,"_status_group":"unknown","_states":["Kebbi"]},"geometry":{"type":"LineString","coordinates":[[4.54533,11.08443],[4.54653,11.08428]]}},{"type":"Feature","properties":{"power":"line","_label":null,"_status_group":"unknown","_states":["Kebbi"]},"geometry":{"type":"LineString","coordinates":[[4.54707,11.08389],[4.54689,11.08515]]}},{"type":"Feature","properties":{"power":"line","_label":null,"_status_group":"unknown","_states":["Kebbi"]},"geometry":{"type":"LineString","coordinates":[[4.54645,11.0836],[4.54666,11.08428]]}},{"type":"Feature","properties":{"power":"line","_label":null,"_status_group":"unknown","_states":["Kebbi"]},"geometry":{"type":"LineString","coordinates":[[4.54742,11.08325],[4.54708,11.08317]]}},{"type":"Feature","properties":{"power":"line","_label":null,"_status_group":"unknown","_states":["Kebbi"]},"geometry":{"type":"LineString","coordinates":[[4.54788,11.08355],[4.54789,11.0833]]}},{"type":"Feature","properties":{"power":"line","_label":null,"_status_group":"unknown","_states":["Kebbi"]},"geometry":{"type":"LineString","coordinates":[[4.54808,11.08376],[4.54755,11.08307]]}},{"type":"Feature","properties":{"power":"line","_label":null,"_status_group":"unknown","_states":["Kebbi"]},"geometry":{"type":"LineString","coordinates":[[4.54753,11.08385],[4.54744,11.08349]]}},{"type":"Feature","properties":{"power":"line","_label":null,"_status_group":"unknown","_states":["Kebbi"]},"geometry":{"type":"LineString","coordinates":[[4.54761,11.0829],[4.54686,11.08238]]}},{"type":"Feature","properties":{"power":"line","_label":null,"_status_group":"unknown","_states":["Kebbi"]},"geometry":{"type":"LineString","coordinates":[[4.5478,11.08232],[4.54788,11.0831]]}},{"type":"Feature","properties":{"power":"line","_label":null,"_status_group":"unknown","_states":["Kebbi"]},"geometry":{"type":"LineString","coordinates":[[4.5472,11.08151],[4.54716,11.0821]]}},{"type":"Feature","properties":{"power":"line","_label":null,"_status_group":"unknown","_states":["Kebbi"]},"geometry":{"type":"LineString","coordinates":[[4.54905,11.08377],[4.54645,11.07888]]}},{"type":"Feature","properties":{"power":"line","_label":null,"_status_group":"unknown","_states":["Kebbi"]},"geometry":{"type":"LineString","coordinates":[[4.54869,11.08387],[4.55235,11.08366]]}},{"type":"Feature","properties":{"power":"line","_label":null,"_status_group":"unknown","_states":["Kebbi"]},"geometry":{"type":"LineString","coordinates":[[4.54725,11.08421],[4.54896,11.08411]]}},{"type":"Feature","properties":{"power":"line","_label":null,"_status_group":"unknown","_states":["Kebbi"]},"geometry":{"type":"LineString","coordinates":[[4.54597,11.08359],[4.54821,11.0844]]}},{"type":"Feature","properties":{"power":"line","_label":null,"_status_group":"unknown","_states":["Kebbi"]},"geometry":{"type":"LineString","coordinates":[[4.54474,11.0831],[4.54678,11.08485]]}},{"type":"Feature","properties":{"power":"line","_label":null,"_status_group":"unknown","_states":["Kebbi"]},"geometry":{"type":"LineString","coordinates":[[4.5457,11.08104],[4.54276,11.08454]]}},{"type":"Feature","properties":{"power":"line","_label":null,"_status_group":"unknown","_states":["Lagos"]},"geometry":{"type":"LineString","coordinates":[[3.33747,6.53617],[3.32469,6.53747]]}},{"type":"Feature","properties":{"power":"line","_label":null,"_status_group":"unknown","_states":["Ogun","Lagos"]},"geometry":{"type":"LineString","coordinates":[[3.27869,6.67027],[3.3157,6.67792],[3.32689,6.67117]]}},{"type":"Feature","properties":{"power":"line","_label":null,"_status_group":"unknown","_states":["Lagos"]},"geometry":{"type":"LineString","coordinates":[[3.60631,6.56935],[3.58998,6.57805],[3.58104,6.60979],[3.53474,6.63618]]}},{"type":"Feature","properties":{"power":"line","voltage":"132000","_label":null,"_status_group":"unknown","_states":["Kaduna"]},"geometry":{"type":"LineString","coordinates":[[7.37115,10.46068],[7.37154,10.46038]]}},{"type":"Feature","properties":{"power":"line","voltage":"132000","_label":null,"_status_group":"unknown","_states":["Kaduna"]},"geometry":{"type":"LineString","coordinates":[[7.37136,10.46029],[7.37115,10.46068]]}},{"type":"Feature","properties":{"power":"line","voltage":"132000","_label":null,"_status_group":"unknown","_states":["Kaduna"]},"geometry":{"type":"LineString","coordinates":[[7.37253,10.46087],[7.37214,10.46114]]}},{"type":"Feature","properties":{"power":"line","voltage":"132000","_label":null,"_status_group":"unknown","_states":["Kaduna"]},"geometry":{"type":"LineString","coordinates":[[7.37232,10.46077],[7.37214,10.46114]]}},{"type":"Feature","properties":{"power":"line","voltage":"132000","_label":null,"_status_group":"unknown","_states":["Kaduna"]},"geometry":{"type":"LineString","coordinates":[[7.41228,10.59617],[7.41102,10.59641]]}},{"type":"Feature","properties":{"power":"line","voltage":"132000","_label":null,"_status_group":"unknown","_states":["Kaduna"]},"geometry":{"type":"LineString","coordinates":[[7.41102,10.59641],[7.41228,10.59617]]}},{"type":"Feature","properties":{"power":"line","voltage":"132000","_label":null,"_status_group":"unknown","_states":["Kaduna"]},"geometry":{"type":"LineString","coordinates":[[7.41395,10.59394],[7.41228,10.59617]]}},{"type":"Feature","properties":{"power":"line","voltage":"132000","_label":null,"_status_group":"unknown","_states":["Kaduna"]},"geometry":{"type":"LineString","coordinates":[[7.41353,10.59226],[7.41399,10.59213]]}},{"type":"Feature","properties":{"power":"line","voltage":"132000","_label":null,"_status_group":"unknown","_states":["Kaduna"]},"geometry":{"type":"LineString","coordinates":[[7.41356,10.59234],[7.41399,10.59213]]}},{"type":"Feature","properties":{"power":"line","voltage":"132000","_label":null,"_status_group":"unknown","_states":["Kaduna"]},"geometry":{"type":"LineString","coordinates":[[7.41395,10.59394],[7.41465,10.59288]]}},{"type":"Feature","properties":{"power":"line","voltage":"132000","_label":null,"_status_group":"unknown","_states":["Kaduna"]},"geometry":{"type":"LineString","coordinates":[[7.41395,10.59394],[7.41465,10.59288]]}},{"type":"Feature","properties":{"power":"line","voltage":"132000","_label":null,"_status_group":"unknown","_states":["Kaduna"]},"geometry":{"type":"LineString","coordinates":[[7.41399,10.59213],[7.41465,10.59288]]}},{"type":"Feature","properties":{"power":"line","voltage":"330000","_label":null,"_status_group":"unknown","_states":["Abuja Federal Capital Territory"]},"geometry":{"type":"LineString","coordinates":[[7.37211,9.00846],[7.37168,9.00863]]}},{"type":"Feature","properties":{"power":"line","voltage":"330000","_label":null,"_status_group":"unknown","_states":["Abuja Federal Capital Territory"]},"geometry":{"type":"LineString","coordinates":[[7.37204,9.00883],[7.37168,9.00863]]}},{"type":"Feature","properties":{"power":"line","_label":null,"_status_group":"unknown","_states":["Abuja Federal Capital Territory"]},"geometry":{"type":"LineString","coordinates":[[7.43845,9.02983],[7.44243,9.02552]]}},{"type":"Feature","properties":{"power":"line","voltage":"132000","_label":null,"_status_group":"unknown","_states":["Abuja Federal Capital Territory"]},"geometry":{"type":"LineString","coordinates":[[7.44193,9.02469],[7.44126,9.02422]]}},{"type":"Feature","properties":{"power":"line","voltage":"132000","_label":null,"_status_group":"unknown","_states":["Abuja Federal Capital Territory"]},"geometry":{"type":"LineString","coordinates":[[7.44185,9.02477],[7.44126,9.02422]]}},{"type":"Feature","properties":{"power":"line","voltage":"132000","_label":null,"_status_group":"unknown","_states":["Abuja Federal Capital Territory"]},"geometry":{"type":"LineString","coordinates":[[7.44176,9.02487],[7.44102,9.02449]]}},{"type":"Feature","properties":{"power":"line","voltage":"132000","_label":null,"_status_group":"unknown","_states":["Abuja Federal Capital Territory"]},"geometry":{"type":"LineString","coordinates":[[7.44166,9.02498],[7.44102,9.02449]]}},{"type":"Feature","properties":{"power":"line","voltage":"132000","_label":null,"_status_group":"unknown","_states":["Abuja Federal Capital Territory"]},"geometry":{"type":"LineString","coordinates":[[7.44159,9.02505],[7.44108,9.02483]]}},{"type":"Feature","properties":{"power":"line","voltage":"132000","_label":null,"_status_group":"unknown","_states":["Abuja Federal Capital Territory"]},"geometry":{"type":"LineString","coordinates":[[7.44151,9.02514],[7.44108,9.02483]]}},{"type":"Feature","properties":{"power":"line","voltage":"132000","_label":null,"_status_group":"unknown","_states":["Abuja Federal Capital Territory"]},"geometry":{"type":"LineString","coordinates":[[7.47781,9.11472],[7.478,9.11455]]}},{"type":"Feature","properties":{"power":"line","voltage":"132000","_label":null,"_status_group":"unknown","_states":["Abuja Federal Capital Territory"]},"geometry":{"type":"LineString","coordinates":[[7.47776,9.11462],[7.478,9.11455]]}},{"type":"Feature","properties":{"power":"line","voltage":"132000","_label":null,"_status_group":"unknown","_states":["Abuja Federal Capital Territory"]},"geometry":{"type":"LineString","coordinates":[[7.47747,9.11405],[7.47763,9.11392]]}},{"type":"Feature","properties":{"power":"line","voltage":"132000","_label":null,"_status_group":"unknown","_states":["Abuja Federal Capital Territory"]},"geometry":{"type":"LineString","coordinates":[[7.47741,9.11395],[7.47763,9.11392]]}},{"type":"Feature","properties":{"power":"line","voltage":"132000","_label":null,"_status_group":"unknown","_states":["Abuja Federal Capital Territory"]},"geometry":{"type":"LineString","coordinates":[[7.31654,9.15291],[7.33997,9.16356],[7.36787,9.14951]]}},{"type":"Feature","properties":{"power":"line","operator":"Transmission Company of Nigeria","voltage":"132000","_label":null,"_status_group":"unknown","_states":["Osun"]},"geometry":{"type":"LineString","coordinates":[[4.72479,7.65486],[4.71865,7.65617]]}},{"type":"Feature","properties":{"power":"line","operator":"Transmission Company of Nigeria","_label":null,"_status_group":"unknown","_states":["Ogun"]},"geometry":{"type":"LineString","coordinates":[[3.5276,6.74558],[3.52781,6.74551]]}},{"type":"Feature","properties":{"power":"line","_label":null,"_status_group":"unknown","_states":["Anambra","Enugu"]},"geometry":{"type":"LineString","coordinates":[[7.10652,6.2261],[7.14722,6.25163],[7.19151,6.25952],[7.27281,6.25732]]}},{"type":"Feature","properties":{"power":"line","_label":null,"_status_group":"unknown","_states":["Anambra"]},"geometry":{"type":"LineString","coordinates":[[7.06418,6.18859],[7.10594,6.22571]]}},{"type":"Feature","properties":{"power":"line","_label":null,"_status_group":"unknown","_states":["Taraba"]},"geometry":{"type":"LineString","coordinates":[[9.81071,7.84022],[9.8559,7.76109]]}},{"type":"Feature","properties":{"power":"line","_label":null,"_status_group":"unknown","_states":["Ogun"]},"geometry":{"type":"LineString","coordinates":[[3.62194,6.79598],[3.60871,6.81025]]}},{"type":"Feature","properties":{"power":"line","operator":"Transmission Company of Nigeria","voltage":"132000","_label":null,"_status_group":"unknown","_states":["Jigawa"]},"geometry":{"type":"LineString","coordinates":[[9.58428,12.38856],[9.58518,12.38392]]}},{"type":"Feature","properties":{"power":"line","voltage":"132000","_label":null,"_status_group":"unknown","_states":["Osun"]},"geometry":{"type":"LineString","coordinates":[[4.58301,7.73886],[4.70435,7.686],[4.71865,7.65617]]}},{"type":"Feature","properties":{"power":"line","voltage":"132000","_label":null,"_status_group":"unknown","_states":["Adamawa"]},"geometry":{"type":"LineString","coordinates":[[11.90942,9.58822],[11.89538,9.57756]]}}]}
