{"type":"FeatureCollection","name":"protected_areas","product":{"name":"Infraxis Atlas — Nigeria","master_brand":"Infraxis Atlas","country":"Nigeria","former_name":"Nigeria Infrastructure Atlas","tagline":"Mapping infrastructure. Measuring disruption."},"atlas_release":{"version":"0.12.0","date":"2026-08-05","title":"Infraxis Atlas Rebrand and Pan-African Foundation"},"metadata":{"description":"Protected and conserved areas including forest reserves, parks, and wetlands.","source":"UNEP-WCMC / IUCN Protected Planet","source_date":"2026-07-22","license":"Source-specific terms; non-commercial restrictions apply","quality":"A","quality_note":"Authoritative source geometry, simplified only for web display.","path":"data/processed/03_environmental/wdpa_protected_areas_nigeria.csv","key":"protected_areas","label":"Protected Areas (WDPA)","category":"environmental","category_label":"Environmental","record_count":1005,"download_url":"https://raw.githubusercontent.com/Diamonds10/nigeria-infrastructure-atlas/main/data/processed/03_environmental/wdpa_protected_areas_nigeria.csv","refresh":{"cadence":"annual_or_source_release","last_checked":"2026-07-22","next_review_due":"2027-07-23","review_status":"current"}},"features":[{"type":"Feature","properties":{"NAME":"Abak River","DESIG_ENG":"Forest Reserve","IUCN_CAT":"Not Reported","GIS_AREA":11.198715,"STATUS":"Designated","STATUS_YR":0,"GOV_TYPE":"Sub-national ministry or agency","_label":"Abak River","_status_group":"other","_states":["Plateau","Kaduna"]},"geometry":{"type":"Polygon","coordinates":[[[8.68366,9.37614],[8.68864,9.38613],[8.70539,9.38679],[8.70225,9.33372],[8.68949,9.3439],[8.68366,9.37614]]]}},{"type":"Feature","properties":{"NAME":"Abba Isari","DESIG_ENG":"Forest Reserve","IUCN_CAT":"Not Reported","GIS_AREA":21.53104,"STATUS":"Designated","STATUS_YR":0,"GOV_TYPE":"Sub-national ministry or agency","_label":"Abba Isari","_status_group":"other","_states":["Gombe"]},"geometry":{"type":"Polygon","coordinates":[[[11.34273,10.87548],[11.34198,10.85455],[11.31339,10.83799],[11.30897,10.82478],[11.29931,10.84],[11.28278,10.84496],[11.27585,10.86122],[11.2932,10.86906],[11.31625,10.86458],[11.34273,10.87548]]]}},{"type":"Feature","properties":{"NAME":"Aburifa","DESIG_ENG":"Forest Reserve","IUCN_CAT":"Not Reported","GIS_AREA":0.37687,"STATUS":"Designated","STATUS_YR":0,"GOV_TYPE":"Sub-national ministry or agency","_label":"Aburifa","_status_group":"other","_states":["Niger"]},"geometry":{"type":"Polygon","coordinates":[[[6.32502,8.93894],[6.32791,8.93273],[6.32265,8.93572],[6.32502,8.93894]]]}},{"type":"Feature","properties":{"NAME":"Achalla","DESIG_ENG":"Forest Reserve","IUCN_CAT":"Not Reported","GIS_AREA":1.459096,"STATUS":"Designated","STATUS_YR":0,"GOV_TYPE":"Sub-national ministry or agency","_label":"Achalla","_status_group":"other","_states":["Anambra"]},"geometry":{"type":"Polygon","coordinates":[[[6.98056,6.35186],[6.96928,6.35176],[6.96617,6.36147],[6.97096,6.36277],[6.98056,6.35186]]]}},{"type":"Feature","properties":{"NAME":"Achara Ihe","DESIG_ENG":"Forest Reserve","IUCN_CAT":"Not Reported","GIS_AREA":15.130827,"STATUS":"Designated","STATUS_YR":0,"GOV_TYPE":"Sub-national ministry or agency","_label":"Achara Ihe","_status_group":"other","_states":["Cross River"]},"geometry":{"type":"Polygon","coordinates":[[[7.95276,5.50564],[7.93544,5.50861],[7.93508,5.51968],[7.98732,5.54228],[8.004,5.53124],[7.95276,5.50564]]]}},{"type":"Feature","properties":{"NAME":"Acharane","DESIG_ENG":"Forest Reserve","IUCN_CAT":"Not Reported","GIS_AREA":58.897542,"STATUS":"Designated","STATUS_YR":0,"GOV_TYPE":"Sub-national ministry or agency","_label":"Acharane","_status_group":"other","_states":["Kogi"]},"geometry":{"type":"Polygon","coordinates":[[[7.45336,7.32519],[7.44478,7.32743],[7.43818,7.34278],[7.41924,7.34847],[7.40261,7.40527],[7.44347,7.41299],[7.47029,7.40404],[7.47947,7.35499],[7.45336,7.32519]]]}},{"type":"Feature","properties":{"NAME":"Adaki","DESIG_ENG":"Forest Reserve","IUCN_CAT":"Not Reported","GIS_AREA":13.131836,"STATUS":"Designated","STATUS_YR":0,"GOV_TYPE":"Sub-national ministry or agency","_label":"Adaki","_status_group":"other","_states":["Kogi"]},"geometry":{"type":"Polygon","coordinates":[[[6.78278,8.14981],[6.84664,8.14202],[6.78538,8.12377],[6.78278,8.14981]]]}},{"type":"Feature","properties":{"NAME":"Adankolo","DESIG_ENG":"Forest Reserve","IUCN_CAT":"Not Reported","GIS_AREA":29.870814,"STATUS":"Designated","STATUS_YR":0,"GOV_TYPE":"Sub-national ministry or agency","_label":"Adankolo","_status_group":"other","_states":["Kogi"]},"geometry":{"type":"Polygon","coordinates":[[[6.58217,7.95487],[6.54443,7.94921],[6.49971,7.91173],[6.45008,7.92402],[6.47326,7.94534],[6.49837,7.93859],[6.5611,7.9697],[6.58217,7.95487]]]}},{"type":"Feature","properties":{"NAME":"Adiani","DESIG_ENG":"Forest Reserve","IUCN_CAT":"Not Reported","GIS_AREA":1.320384,"STATUS":"Designated","STATUS_YR":0,"GOV_TYPE":"Sub-national ministry or agency","_label":"Adiani","_status_group":"other","_states":["Jigawa"]},"geometry":{"type":"Polygon","coordinates":[[[10.42721,12.79036],[10.41742,12.78809],[10.41694,12.79644],[10.42702,12.79721],[10.42721,12.79036]]]}},{"type":"Feature","properties":{"NAME":"Adoru","DESIG_ENG":"Forest Reserve","IUCN_CAT":"Not Reported","GIS_AREA":332.394376,"STATUS":"Designated","STATUS_YR":0,"GOV_TYPE":"Sub-national ministry or agency","_label":"Adoru","_status_group":"other","_states":["Kogi"]},"geometry":{"type":"MultiPolygon","coordinates":[[[[7.05449,6.90978],[7.01396,6.90899],[6.99399,6.90023],[6.97344,6.90969],[6.97419,6.93856],[6.95861,6.97773],[6.97939,6.99726],[6.97457,7.00012],[7.02106,7.02361],[7.12329,7.00415],[7.12702,6.99417],[7.11338,6.95691],[7.08192,6.92448],[7.05449,6.90978]]],[[[7.13292,7.04702],[7.07769,7.04825],[7.0624,7.0553],[7.08773,7.0906],[7.10998,7.18241],[7.14224,7.23027],[7.15545,7.1893],[7.19922,7.13981],[7.18391,7.1032],[7.13292,7.04702]]]]}},{"type":"Feature","properties":{"NAME":"Afaka","DESIG_ENG":"Forest Reserve","IUCN_CAT":"Not Reported","GIS_AREA":151.625701,"STATUS":"Designated","STATUS_YR":0,"GOV_TYPE":"Sub-national ministry or agency","_label":"Afaka","_status_group":"other","_states":["Kaduna"]},"geometry":{"type":"Polygon","coordinates":[[[7.33931,10.67893],[7.37083,10.6676],[7.35398,10.64804],[7.36427,10.62972],[7.35049,10.6134],[7.35053,10.59876],[7.36638,10.61003],[7.37696,10.6007],[7.35901,10.55422],[7.34929,10.54707],[7.287,10.54423],[7.26156,10.53245],[7.24658,10.5391],[7.2368,10.55028],[7.2345,10.58253],[7.24529,10.61204],[7.2937,10.63138],[7.33931,10.67893]]]}},{"type":"Feature","properties":{"NAME":"Afi Mountain","DESIG_ENG":"Wildlife Sanctuary","IUCN_CAT":"Not Reported","GIS_AREA":103.95572,"STATUS":"Designated","STATUS_YR":0,"GOV_TYPE":"Sub-national ministry or agency","_label":"Afi Mountain","_status_group":"other","_states":["Cross River"]},"geometry":{"type":"Polygon","coordinates":[[[9.01051,6.38179],[9.0265,6.38179],[9.02249,6.34647],[9.00259,6.34479],[8.98082,6.28365],[9.003,6.28173],[8.97062,6.26008],[8.96235,6.26667],[8.9544,6.30861],[8.92439,6.32002],[8.91308,6.37097],[8.92803,6.37503],[8.9343,6.39535],[8.9479,6.40169],[8.97893,6.39556],[8.999,6.36494],[9.00926,6.36622],[9.01051,6.38179]]]}},{"type":"Feature","properties":{"NAME":"Afi River","DESIG_ENG":"Forest Reserve","IUCN_CAT":"Not Reported","GIS_AREA":310.177341,"STATUS":"Designated","STATUS_YR":0,"GOV_TYPE":"Sub-national ministry or agency","_label":"Afi River","_status_group":"other","_states":["Cross River"]},"geometry":{"type":"Polygon","coordinates":[[[9.08201,6.36001],[9.0598,6.28473],[9.05117,6.29225],[9.02786,6.25772],[9.04198,6.24104],[9.03428,6.21859],[9.04127,6.20839],[8.98464,6.14952],[8.97919,6.12885],[8.93806,6.12472],[8.92323,6.1304],[8.92027,6.14088],[8.8757,6.14119],[8.86427,6.15227],[8.84906,6.17331],[8.84809,6.24425],[8.89763,6.2687],[8.96353,6.23191],[8.99856,6.2553],[9.0032,6.28356],[9.02156,6.28349],[9.04131,6.33266],[9.04787,6.33258],[9.05207,6.38103],[9.01051,6.38179],[9.03002,6.41158],[9.05037,6.4152],[9.07916,6.39318],[9.08201,6.36001]]]}},{"type":"Feature","properties":{"NAME":"Agaie Gate","DESIG_ENG":"Forest Reserve","IUCN_CAT":"Not Reported","GIS_AREA":1.703819,"STATUS":"Designated","STATUS_YR":0,"GOV_TYPE":"Sub-national ministry or agency","_label":"Agaie Gate","_status_group":"other","_states":["Niger"]},"geometry":{"type":"Polygon","coordinates":[[[6.03783,9.06964],[6.02893,9.07281],[6.03067,9.08424],[6.03865,9.08032],[6.03783,9.06964]]]}},{"type":"Feature","properties":{"NAME":"Agala","DESIG_ENG":"Forest Reserve","IUCN_CAT":"Not Reported","GIS_AREA":7.111501,"STATUS":"Designated","STATUS_YR":0,"GOV_TYPE":"Sub-national ministry or agency","_label":"Agala","_status_group":"other","_states":["Benue"]},"geometry":{"type":"Polygon","coordinates":[[[7.92948,6.58348],[7.91995,6.59917],[7.94151,6.61157],[7.95271,6.60579],[7.95521,6.59902],[7.92948,6.58348]]]}},{"type":"Feature","properties":{"NAME":"Agbaja","DESIG_ENG":"Forest Reserve","IUCN_CAT":"Not Reported","GIS_AREA":147.460035,"STATUS":"Designated","STATUS_YR":0,"GOV_TYPE":"Sub-national ministry or agency","_label":"Agbaja","_status_group":"other","_states":["Kogi"]},"geometry":{"type":"Polygon","coordinates":[[[6.75229,7.84698],[6.73898,7.84936],[6.68319,7.89291],[6.68173,7.93259],[6.64929,7.96669],[6.65566,7.98166],[6.69305,8.01047],[6.72787,8.02291],[6.74951,8.04341],[6.76242,7.98964],[6.74353,7.94128],[6.7568,7.86973],[6.75229,7.84698]]]}},{"type":"Feature","properties":{"NAME":"Agbun","DESIG_ENG":"Forest Reserve","IUCN_CAT":"Not Reported","GIS_AREA":4.472131,"STATUS":"Designated","STATUS_YR":0,"GOV_TYPE":"Sub-national ministry or agency","_label":"Agbun","_status_group":"other","_states":["Taraba"]},"geometry":{"type":"Polygon","coordinates":[[[9.97748,8.03742],[9.99174,8.02907],[9.99589,8.01555],[9.96738,8.02012],[9.96464,8.03035],[9.97748,8.03742]]]}},{"type":"Feature","properties":{"NAME":"Ago-Owu","DESIG_ENG":"Forest Reserve","IUCN_CAT":"Not Reported","GIS_AREA":238.519173,"STATUS":"Designated","STATUS_YR":0,"GOV_TYPE":"Sub-national ministry or agency","_label":"Ago-Owu","_status_group":"other","_states":["Ogun","Oyo","Osun"]},"geometry":{"type":"Polygon","coordinates":[[[4.37735,7.11665],[4.35237,7.07151],[4.29665,7.09002],[4.26259,7.08736],[4.17702,7.14588],[4.13478,7.16544],[4.1027,7.15839],[4.07683,7.14129],[4.08928,7.15388],[4.07904,7.16429],[4.08463,7.19782],[4.0959,7.22005],[4.14184,7.22959],[4.35419,7.1335],[4.37735,7.11665]]]}},{"type":"Feature","properties":{"NAME":"Agoi","DESIG_ENG":"Forest Reserve","IUCN_CAT":"Not Reported","GIS_AREA":52.018381,"STATUS":"Designated","STATUS_YR":0,"GOV_TYPE":"Sub-national ministry or agency","_label":"Agoi","_status_group":"other","_states":["Cross River"]},"geometry":{"type":"Polygon","coordinates":[[[8.20946,5.6967],[8.23981,5.66942],[8.26726,5.66409],[8.19655,5.6159],[8.1807,5.62245],[8.17447,5.63527],[8.18389,5.67523],[8.17255,5.67771],[8.17343,5.68567],[8.20946,5.6967]]]}},{"type":"Feature","properties":{"NAME":"Aguara","DESIG_ENG":"Forest Reserve","IUCN_CAT":"Not Reported","GIS_AREA":3.490747,"STATUS":"Designated","STATUS_YR":0,"GOV_TYPE":"Sub-national ministry or agency","_label":"Aguara","_status_group":"other","_states":["Anambra","Enugu"]},"geometry":{"type":"Polygon","coordinates":[[[7.13494,6.22258],[7.1264,6.2276],[7.13668,6.24248],[7.15109,6.23639],[7.13494,6.22258]]]}},{"type":"Feature","properties":{"NAME":"Aguobu Owa","DESIG_ENG":"Forest Reserve","IUCN_CAT":"Not Reported","GIS_AREA":7.231611,"STATUS":"Designated","STATUS_YR":0,"GOV_TYPE":"Sub-national ministry or agency","_label":"Aguobu Owa","_status_group":"other","_states":["Enugu"]},"geometry":{"type":"Polygon","coordinates":[[[7.30515,6.37886],[7.27414,6.37351],[7.29851,6.40372],[7.30707,6.39235],[7.30515,6.37886]]]}},{"type":"Feature","properties":{"NAME":"Ajaokuta","DESIG_ENG":"Forest Reserve","IUCN_CAT":"Not Reported","GIS_AREA":100.078374,"STATUS":"Designated","STATUS_YR":0,"GOV_TYPE":"Sub-national ministry or agency","_label":"Ajaokuta","_status_group":"other","_states":["Kogi"]},"geometry":{"type":"Polygon","coordinates":[[[6.61079,7.59631],[6.63725,7.58472],[6.6284,7.56992],[6.65108,7.52156],[6.68819,7.50674],[6.65755,7.50225],[6.64548,7.4683],[6.62315,7.46468],[6.5787,7.50654],[6.55303,7.51502],[6.60004,7.59073],[6.61079,7.59631]]]}},{"type":"Feature","properties":{"NAME":"Ajigin","DESIG_ENG":"Forest Reserve","IUCN_CAT":"Not Reported","GIS_AREA":76.342342,"STATUS":"Designated","STATUS_YR":0,"GOV_TYPE":"Sub-national ministry or agency","_label":"Ajigin","_status_group":"other","_states":["Borno","Yobe"]},"geometry":{"type":"Polygon","coordinates":[[[12.29132,11.35727],[12.29112,11.33351],[12.27031,11.30169],[12.25146,11.29778],[12.25182,11.29046],[12.21293,11.28515],[12.20327,11.30135],[12.17389,11.30904],[12.21142,11.36062],[12.22779,11.35297],[12.25884,11.35977],[12.26238,11.37292],[12.29132,11.35727]]]}},{"type":"Feature","properties":{"NAME":"Akanga","DESIG_ENG":"Forest Reserve","IUCN_CAT":"Not Reported","GIS_AREA":4.065212,"STATUS":"Designated","STATUS_YR":0,"GOV_TYPE":"Sub-national ministry or agency","_label":"Akanga","_status_group":"other","_states":["Nasarawa"]},"geometry":{"type":"Polygon","coordinates":[[[8.55741,8.25329],[8.5453,8.25691],[8.55053,8.28047],[8.56149,8.27808],[8.55741,8.25329]]]}},{"type":"Feature","properties":{"NAME":"Akanto","DESIG_ENG":"Forest Reserve","IUCN_CAT":"Not Reported","GIS_AREA":27.682835,"STATUS":"Designated","STATUS_YR":0,"GOV_TYPE":"Sub-national ministry or agency","_label":"Akanto","_status_group":"other","_states":["Ebonyi"]},"geometry":{"type":"Polygon","coordinates":[[[7.83393,5.96921],[7.82997,5.93916],[7.81588,5.92981],[7.77179,5.92882],[7.76536,5.93738],[7.76887,5.9559],[7.79439,5.95632],[7.82055,5.97565],[7.83393,5.96921]]]}},{"type":"Feature","properties":{"NAME":"Akerre","DESIG_ENG":"Forest Reserve","IUCN_CAT":"Not Reported","GIS_AREA":82.606037,"STATUS":"Designated","STATUS_YR":0,"GOV_TYPE":"Sub-national ministry or agency","_label":"Akerre","_status_group":"other","_states":["Niger"]},"geometry":{"type":"Polygon","coordinates":[[[5.86602,9.64211],[5.83547,9.614],[5.81528,9.61732],[5.80355,9.59366],[5.77875,9.62729],[5.76104,9.67328],[5.79169,9.70497],[5.80353,9.70668],[5.81908,9.68572],[5.86307,9.66922],[5.86602,9.64211]]]}},{"type":"Feature","properties":{"NAME":"Ako","DESIG_ENG":"Forest Reserve","IUCN_CAT":"Not Reported","GIS_AREA":54.361263,"STATUS":"Designated","STATUS_YR":0,"GOV_TYPE":"Sub-national ministry or agency","_label":"Ako","_status_group":"other","_states":["Gombe"]},"geometry":{"type":"Polygon","coordinates":[[[11.04913,10.28566],[11.04491,10.266],[10.98779,10.25484],[10.98507,10.33069],[11.04066,10.33884],[11.04913,10.28566]]]}},{"type":"Feature","properties":{"NAME":"Akobiwho","DESIG_ENG":"Forest Reserve","IUCN_CAT":"Not Reported","GIS_AREA":7.818961,"STATUS":"Designated","STATUS_YR":0,"GOV_TYPE":"Sub-national ministry or agency","_label":"Akobiwho","_status_group":"other","_states":["Benue"]},"geometry":{"type":"Polygon","coordinates":[[[8.69047,7.74564],[8.67222,7.7499],[8.69602,7.76583],[8.7216,7.75954],[8.69047,7.74564]]]}},{"type":"Feature","properties":{"NAME":"Akpaka","DESIG_ENG":"Forest Reserve","IUCN_CAT":"Not Reported","GIS_AREA":3.733662,"STATUS":"Designated","STATUS_YR":0,"GOV_TYPE":"Sub-national ministry or agency","_label":"Akpaka","_status_group":"other","_states":["Anambra"]},"geometry":{"type":"Polygon","coordinates":[[[6.79437,6.1705],[6.77927,6.16656],[6.78804,6.19761],[6.79437,6.1705]]]}},{"type":"Feature","properties":{"NAME":"Akpatakum","DESIG_ENG":"Forest Reserve","IUCN_CAT":"Not Reported","GIS_AREA":100.071719,"STATUS":"Designated","STATUS_YR":0,"GOV_TYPE":"Sub-national ministry or agency","_label":"Akpatakum","_status_group":"other","_states":["Kogi"]},"geometry":{"type":"Polygon","coordinates":[[[6.84022,7.56778],[6.8054,7.55945],[6.77259,7.56769],[6.73268,7.55646],[6.73567,7.59603],[6.75611,7.6213],[6.74963,7.63813],[6.77313,7.65578],[6.81176,7.65546],[6.81869,7.63563],[6.8463,7.6147],[6.83716,7.58771],[6.84022,7.56778]]]}},{"type":"Feature","properties":{"NAME":"Akpugo","DESIG_ENG":"Forest Reserve","IUCN_CAT":"Not Reported","GIS_AREA":2.238958,"STATUS":"Designated","STATUS_YR":0,"GOV_TYPE":"Sub-national ministry or agency","_label":"Akpugo","_status_group":"other","_states":["Enugu"]},"geometry":{"type":"Polygon","coordinates":[[[7.26544,6.70541],[7.25424,6.70853],[7.26535,6.72668],[7.26712,6.72419],[7.26544,6.70541]]]}},{"type":"Feature","properties":{"NAME":"Akumazi","DESIG_ENG":"Forest Reserve","IUCN_CAT":"Not Reported","GIS_AREA":23.429332,"STATUS":"Designated","STATUS_YR":0,"GOV_TYPE":"Sub-national ministry or agency","_label":"Akumazi","_status_group":"other","_states":["Delta","Edo"]},"geometry":{"type":"Polygon","coordinates":[[[6.32455,6.37269],[6.37017,6.3405],[6.3662,6.33274],[6.35189,6.34563],[6.34698,6.34249],[6.35059,6.32977],[6.37021,6.3199],[6.3674,6.31218],[6.30465,6.3203],[6.32623,6.34694],[6.31869,6.3662],[6.32455,6.37269]]]}},{"type":"Feature","properties":{"NAME":"Akure","DESIG_ENG":"Strict Nature Reserve","IUCN_CAT":"Ia","STATUS":"Designated","STATUS_YR":0,"GOV_TYPE":"Federal or national ministry or agency","_label":"Akure","_status_group":"other","_states":["Ondo"]},"geometry":{"type":"Point","coordinates":[5.03333,7.3]}},{"type":"Feature","properties":{"NAME":"Akure","DESIG_ENG":"Forest Reserve","IUCN_CAT":"Not Reported","GIS_AREA":65.927253,"STATUS":"Designated","STATUS_YR":0,"GOV_TYPE":"Sub-national ministry or agency","_label":"Akure","_status_group":"other","_states":["Ondo"]},"geometry":{"type":"Polygon","coordinates":[[[5.03926,7.36026],[5.04796,7.33395],[5.04472,7.30751],[5.07466,7.2383],[5.0265,7.20368],[5.03768,7.24096],[5.02526,7.28237],[5.00506,7.29231],[5.00701,7.32699],[4.9989,7.35198],[5.00707,7.35993],[5.03926,7.36026]]]}},{"type":"Feature","properties":{"NAME":"Akure-Ofosu","DESIG_ENG":"Forest Reserve","IUCN_CAT":"Not Reported","GIS_AREA":392.388236,"STATUS":"Designated","STATUS_YR":0,"GOV_TYPE":"Sub-national ministry or agency","_label":"Akure-Ofosu","_status_group":"other","_states":["Ondo","Edo"]},"geometry":{"type":"Polygon","coordinates":[[[5.41204,7.03195],[5.4209,6.99099],[5.4775,6.94417],[5.47274,6.93308],[5.48035,6.92062],[5.51247,6.90437],[5.51535,6.88856],[5.24163,6.88495],[5.23261,6.89429],[5.24005,6.91579],[5.22222,6.92927],[5.22186,6.94896],[5.22396,6.95897],[5.23751,6.96566],[5.2415,6.98752],[5.23249,6.99606],[5.25568,6.99995],[5.27748,7.03294],[5.41204,7.03195]]]}},{"type":"Feature","properties":{"NAME":"Akwana East","DESIG_ENG":"Forest Reserve","IUCN_CAT":"Not Reported","GIS_AREA":198.294064,"STATUS":"Designated","STATUS_YR":0,"GOV_TYPE":"Sub-national ministry or agency","_label":"Akwana East","_status_group":"other","_states":["Kaduna"]},"geometry":{"type":"Polygon","coordinates":[[[7.88287,9.87335],[7.86826,9.79906],[7.88346,9.79558],[7.88387,9.8118],[7.8992,9.82713],[7.92323,9.83244],[7.93715,9.80865],[7.92959,9.78771],[7.91579,9.80307],[7.89009,9.7287],[7.8772,9.71463],[7.86414,9.71359],[7.82771,9.73064],[7.80454,9.71449],[7.79292,9.68282],[7.77684,9.67914],[7.76165,9.69796],[7.7385,9.71032],[7.73364,9.73427],[7.74055,9.73906],[7.74396,9.72197],[7.75261,9.72307],[7.76835,9.75474],[7.81028,9.79499],[7.84027,9.87015],[7.85425,9.86438],[7.86535,9.87907],[7.88287,9.87335]]]}},{"type":"Feature","properties":{"NAME":"Akwana West","DESIG_ENG":"Forest Reserve","IUCN_CAT":"Not Reported","GIS_AREA":27.939023,"STATUS":"Designated","STATUS_YR":0,"GOV_TYPE":"Sub-national ministry or agency","_label":"Akwana West","_status_group":"other","_states":["Kaduna"]},"geometry":{"type":"Polygon","coordinates":[[[7.70387,9.6394],[7.67733,9.70621],[7.69307,9.72795],[7.70613,9.72402],[7.7172,9.70578],[7.71722,9.64465],[7.70387,9.6394]]]}},{"type":"Feature","properties":{"NAME":"Akwari Ani","DESIG_ENG":"Forest Reserve","IUCN_CAT":"Not Reported","GIS_AREA":2.128921,"STATUS":"Designated","STATUS_YR":0,"GOV_TYPE":"Sub-national ministry or agency","_label":"Akwari Ani","_status_group":"other","_states":["Enugu"]},"geometry":{"type":"Polygon","coordinates":[[[7.48308,6.80706],[7.47142,6.81105],[7.47412,6.81911],[7.48866,6.81464],[7.48308,6.80706]]]}},{"type":"Feature","properties":{"NAME":"Ala","DESIG_ENG":"Forest Reserve","IUCN_CAT":"Not Reported","GIS_AREA":192.801924,"STATUS":"Designated","STATUS_YR":0,"GOV_TYPE":"Sub-national ministry or agency","_label":"Ala","_status_group":"other","_states":["Ondo"]},"geometry":{"type":"Polygon","coordinates":[[[5.47767,7.04936],[5.47137,7.02609],[5.48841,6.99433],[5.48543,6.98209],[5.51452,6.95444],[5.52841,6.92454],[5.54375,6.91817],[5.53726,6.90392],[5.54437,6.88834],[5.51535,6.88856],[5.51247,6.90437],[5.48035,6.92062],[5.47274,6.93308],[5.4775,6.94417],[5.4209,6.99099],[5.40844,7.05806],[5.39892,7.05597],[5.37799,7.08793],[5.40809,7.09316],[5.42206,7.1198],[5.40723,7.11961],[5.40414,7.10831],[5.379,7.09998],[5.37869,7.11663],[5.35797,7.12128],[5.33322,7.15807],[5.41288,7.15788],[5.41503,7.14658],[5.43885,7.14684],[5.43716,7.12552],[5.45836,7.10739],[5.44091,7.09176],[5.45799,7.08999],[5.46522,7.07732],[5.45486,7.06451],[5.47767,7.04936]]]}},{"type":"Feature","properties":{"NAME":"Alagbede","DESIG_ENG":"Forest Reserve","IUCN_CAT":"Not Reported","GIS_AREA":21.682405,"STATUS":"Designated","STATUS_YR":0,"GOV_TYPE":"Sub-national ministry or agency","_label":"Alagbede","_status_group":"other","_states":["Kwara"]},"geometry":{"type":"Polygon","coordinates":[[[4.58375,8.7975],[4.55464,8.78813],[4.57589,8.83819],[4.57352,8.8611],[4.58609,8.87055],[4.60022,8.84152],[4.5895,8.83076],[4.58375,8.7975]]]}},{"type":"Feature","properties":{"NAME":"Alawa","DESIG_ENG":"Forest Reserve","IUCN_CAT":"Not Reported","GIS_AREA":311.41748,"STATUS":"Designated","STATUS_YR":0,"GOV_TYPE":"Sub-national ministry or agency","_label":"Alawa","_status_group":"other","_states":["Niger"]},"geometry":{"type":"Polygon","coordinates":[[[6.56358,10.12694],[6.53059,10.14088],[6.51023,10.16102],[6.48585,10.20933],[6.4822,10.26042],[6.47204,10.27674],[6.48868,10.30152],[6.48923,10.32366],[6.47802,10.34003],[6.48164,10.35579],[6.50272,10.36762],[6.51542,10.38966],[6.51637,10.41318],[6.52818,10.4291],[6.52478,10.45128],[6.56743,10.4355],[6.58028,10.35539],[6.5924,10.22646],[6.5795,10.20809],[6.5836,10.17593],[6.56358,10.12694]]]}},{"type":"Feature","properties":{"NAME":"Alawa","DESIG_ENG":"National Park","IUCN_CAT":"Not Reported","GIS_AREA":669.891031,"STATUS":"Designated","STATUS_YR":2020,"GOV_TYPE":"Federal or national ministry or agency","_label":"Alawa","_status_group":"other","_year":2020,"_year_label":"Designation/status year","_states":["Niger","Kaduna"]},"geometry":{"type":"Polygon","coordinates":[[[6.63263,10.13316],[6.5566,10.10598],[6.51722,10.1357],[6.47615,10.23905],[6.48634,10.29426],[6.48279,10.4313],[6.48924,10.48754],[6.50889,10.56401],[6.52156,10.58098],[6.54064,10.58895],[6.56905,10.57109],[6.57984,10.54708],[6.58381,10.41045],[6.59282,10.37111],[6.60534,10.32006],[6.65879,10.20428],[6.64966,10.15606],[6.63263,10.13316]]]}},{"type":"Feature","properties":{"NAME":"Albasu","DESIG_ENG":"Forest Reserve","IUCN_CAT":"Not Reported","GIS_AREA":3.807066,"STATUS":"Designated","STATUS_YR":0,"GOV_TYPE":"Sub-national ministry or agency","_label":"Albasu","_status_group":"other","_states":["Jigawa"]},"geometry":{"type":"Polygon","coordinates":[[[9.11575,12.57759],[9.10155,12.58471],[9.11195,12.59873],[9.12538,12.59289],[9.11575,12.57759]]]}},{"type":"Feature","properties":{"NAME":"Alin Magani","DESIG_ENG":"Forest Reserve","IUCN_CAT":"Not Reported","GIS_AREA":4.174521,"STATUS":"Designated","STATUS_YR":0,"GOV_TYPE":"Sub-national ministry or agency","_label":"Alin Magani","_status_group":"other","_states":["Gombe"]},"geometry":{"type":"Polygon","coordinates":[[[11.11524,10.18489],[11.08805,10.17437],[11.11099,10.19413],[11.11524,10.18489]]]}},{"type":"Feature","properties":{"NAME":"Alla","DESIG_ENG":"Forest Reserve","IUCN_CAT":"Not Reported","GIS_AREA":24.214669,"STATUS":"Designated","STATUS_YR":0,"GOV_TYPE":"Sub-national ministry or agency","_label":"Alla","_status_group":"other","_states":["Kogi"]},"geometry":{"type":"Polygon","coordinates":[[[7.09429,7.23358],[7.08848,7.22567],[7.04356,7.23478],[7.06142,7.26365],[7.06587,7.28666],[7.08505,7.28253],[7.09429,7.23358]]]}},{"type":"Feature","properties":{"NAME":"Ambakar","DESIG_ENG":"Forest Reserve","IUCN_CAT":"Not Reported","GIS_AREA":152.15885,"STATUS":"Designated","STATUS_YR":0,"GOV_TYPE":"Sub-national ministry or agency","_label":"Ambakar","_status_group":"other","_states":["Nasarawa"]},"geometry":{"type":"Polygon","coordinates":[[[8.96753,8.95081],[8.93546,8.94626],[8.92458,8.93764],[8.938,8.92772],[8.91879,8.9154],[8.89708,8.87491],[8.77375,8.86409],[8.75852,8.95262],[8.83898,8.95251],[8.86612,8.93792],[8.93592,8.95957],[8.96753,8.95081]]]}},{"type":"Feature","properties":{"NAME":"Amere","DESIG_ENG":"Forest Reserve","IUCN_CAT":"Not Reported","GIS_AREA":26.367484,"STATUS":"Designated","STATUS_YR":0,"GOV_TYPE":"Sub-national ministry or agency","_label":"Amere","_status_group":"other","_states":["Kaduna"]},"geometry":{"type":"Polygon","coordinates":[[[8.23897,9.51969],[8.23185,9.45963],[8.21165,9.45324],[8.21322,9.44654],[8.23463,9.4475],[8.22822,9.40338],[8.21472,9.42638],[8.20757,9.42309],[8.20532,9.43874],[8.19667,9.43673],[8.20439,9.43013],[8.19695,9.42095],[8.19,9.43777],[8.21707,9.47824],[8.22382,9.51086],[8.23897,9.51969]]]}},{"type":"Feature","properties":{"NAME":"Anambra","DESIG_ENG":"Game Reserve","IUCN_CAT":"Not Reported","GIS_AREA":150.912849,"STATUS":"Proposed","STATUS_YR":0,"GOV_TYPE":"Sub-national ministry or agency","_label":"Anambra","_status_group":"proposed","_states":["Anambra","Enugu"]},"geometry":{"type":"Polygon","coordinates":[[[6.87065,6.56973],[6.85544,6.57686],[6.82971,6.6517],[6.8134,6.65734],[6.81866,6.69687],[6.9177,6.74897],[6.93086,6.73655],[6.92472,6.68469],[6.93112,6.65778],[6.90151,6.63587],[6.88594,6.58498],[6.87065,6.56973]]]}},{"type":"Feature","properties":{"NAME":"Anambra","DESIG_ENG":"Forest Reserve","IUCN_CAT":"Not Reported","GIS_AREA":150.912849,"STATUS":"Designated","STATUS_YR":0,"GOV_TYPE":"Sub-national ministry or agency","_label":"Anambra","_status_group":"other","_states":["Anambra","Enugu"]},"geometry":{"type":"Polygon","coordinates":[[[6.87065,6.56973],[6.85544,6.57686],[6.82971,6.6517],[6.8134,6.65734],[6.81866,6.69687],[6.9177,6.74897],[6.93086,6.73655],[6.92472,6.68469],[6.93112,6.65778],[6.90151,6.63587],[6.88594,6.58498],[6.87065,6.56973]]]}},{"type":"Feature","properties":{"NAME":"Anara","DESIG_ENG":"Forest Reserve","IUCN_CAT":"Not Reported","GIS_AREA":225.815421,"STATUS":"Designated","STATUS_YR":0,"GOV_TYPE":"Sub-national ministry or agency","_label":"Anara","_status_group":"other","_states":["Kaduna"]},"geometry":{"type":"Polygon","coordinates":[[[7.69586,10.73568],[7.70225,10.70735],[7.71247,10.72843],[7.73267,10.72016],[7.74495,10.69331],[7.74617,10.66528],[7.72583,10.65332],[7.6796,10.67824],[7.6016,10.64799],[7.56529,10.65215],[7.54404,10.67012],[7.55422,10.70211],[7.53466,10.70587],[7.52218,10.69866],[7.51666,10.72248],[7.52478,10.74329],[7.55203,10.73551],[7.56495,10.76336],[7.5896,10.75745],[7.64545,10.76642],[7.60893,10.73547],[7.60683,10.72115],[7.61415,10.72024],[7.64115,10.73442],[7.65313,10.76568],[7.6982,10.77369],[7.71556,10.75191],[7.69586,10.73568]]]}},{"type":"Feature","properties":{"NAME":"Anchau West","DESIG_ENG":"Forest Reserve","IUCN_CAT":"Not Reported","GIS_AREA":129.317448,"STATUS":"Designated","STATUS_YR":0,"GOV_TYPE":"Sub-national ministry or agency","_label":"Anchau West","_status_group":"other","_states":["Kaduna"]},"geometry":{"type":"Polygon","coordinates":[[[8.22874,11.05905],[8.21509,11.03787],[8.23031,11.01433],[8.28434,10.96707],[8.31128,10.95809],[8.34476,10.9599],[8.35647,10.91983],[8.31893,10.90971],[8.29021,10.88853],[8.2536,10.91493],[8.24462,10.94551],[8.19599,10.99723],[8.17913,11.04464],[8.17952,11.06122],[8.19663,11.0588],[8.22615,11.0689],[8.22874,11.05905]]]}},{"type":"Feature","properties":{"NAME":"Andoni","DESIG_ENG":"Forest Reserve","IUCN_CAT":"Not Reported","STATUS":"Proposed","STATUS_YR":0,"GOV_TYPE":"Sub-national ministry or agency","_label":"Andoni","_status_group":"proposed","_states":[]},"geometry":{"type":"Point","coordinates":[7.33333,4.06667]}},{"type":"Feature","properties":{"NAME":"Anfani","DESIG_ENG":"Forest Reserve","IUCN_CAT":"Not Reported","GIS_AREA":62.841875,"STATUS":"Designated","STATUS_YR":0,"GOV_TYPE":"Sub-national ministry or agency","_label":"Anfani","_status_group":"other","_states":["Niger"]},"geometry":{"type":"Polygon","coordinates":[[[6.49696,9.25454],[6.47542,9.21668],[6.46062,9.22214],[6.43283,9.2167],[6.42253,9.24962],[6.40591,9.26241],[6.40471,9.27501],[6.46315,9.30116],[6.49696,9.25454]]]}},{"type":"Feature","properties":{"NAME":"Anji","DESIG_ENG":"Forest Reserve","IUCN_CAT":"Not Reported","GIS_AREA":17.074061,"STATUS":"Designated","STATUS_YR":0,"GOV_TYPE":"Sub-national ministry or agency","_label":"Anji","_status_group":"other","_states":["Nasarawa","Kaduna"]},"geometry":{"type":"Polygon","coordinates":[[[8.23816,9.14248],[8.22389,9.14373],[8.22626,9.13292],[8.17247,9.13229],[8.18065,9.14798],[8.22035,9.14957],[8.2152,9.16831],[8.25213,9.16967],[8.23816,9.14248]]]}},{"type":"Feature","properties":{"NAME":"Anwo","DESIG_ENG":"Forest Reserve","IUCN_CAT":"Not Reported","GIS_AREA":5.182787,"STATUS":"Designated","STATUS_YR":0,"GOV_TYPE":"Sub-national ministry or agency","_label":"Anwo","_status_group":"other","_states":["Benue"]},"geometry":{"type":"Polygon","coordinates":[[[8.94357,7.33373],[8.941,7.34353],[8.97052,7.35883],[8.967,7.34069],[8.94357,7.33373]]]}},{"type":"Feature","properties":{"NAME":"Apoi Ama Kokowerimene Bou Eyor","DESIG_ENG":"Community Conservation Area","IUCN_CAT":"IV","GIS_AREA":10.084925,"STATUS":"Established","STATUS_YR":2020,"GOV_TYPE":"Collaborative governance","_label":"Apoi Ama Kokowerimene Bou Eyor","_status_group":"other","_year":2020,"_year_label":"Designation/status year","_states":["Bayelsa"]},"geometry":{"type":"Polygon","coordinates":[[[5.86987,4.75293],[5.83893,4.72131],[5.8219,4.72888],[5.85651,4.75873],[5.86987,4.75293]]]}},{"type":"Feature","properties":{"NAME":"Apoi Creek","DESIG_ENG":"Forest Reserve","IUCN_CAT":"Not Reported","GIS_AREA":186.29823,"STATUS":"Designated","STATUS_YR":0,"GOV_TYPE":"Sub-national ministry or agency","_label":"Apoi Creek","_status_group":"other","_states":["Bayelsa"]},"geometry":{"type":"Polygon","coordinates":[[[5.96569,4.78898],[5.98687,4.74698],[5.93193,4.7462],[5.92809,4.70287],[5.9693,4.61473],[5.95353,4.59661],[5.95479,4.58089],[5.90848,4.58242],[5.88729,4.56824],[5.87369,4.57607],[5.88055,4.59089],[5.87281,4.60287],[5.88971,4.62724],[5.86892,4.6374],[5.81497,4.59266],[5.81762,4.61132],[5.84088,4.64559],[5.86446,4.7051],[5.94582,4.77917],[5.96569,4.78898]]]}},{"type":"Feature","properties":{"NAME":"Apoi Creek Forests","DESIG_ENG":"National Park","IUCN_CAT":"Not Reported","GIS_AREA":297.149557,"STATUS":"Designated","STATUS_YR":2020,"GOV_TYPE":"Federal or national ministry or agency","_label":"Apoi Creek Forests","_status_group":"other","_year":2020,"_year_label":"Designation/status year","_states":["Bayelsa"]},"geometry":{"type":"Polygon","coordinates":[[[5.91609,4.76287],[5.89677,4.75852],[5.83791,4.70412],[5.84597,4.68485],[5.81667,4.6],[5.79906,4.61371],[5.76568,4.6212],[5.75892,4.61284],[5.74059,4.61509],[5.73255,4.63181],[5.7229,4.62988],[5.70875,4.65047],[5.68303,4.66309],[5.67948,4.68842],[5.71035,4.72123],[5.72676,4.72798],[5.75774,4.77229],[5.8432,4.78293],[5.85312,4.79486],[5.87303,4.7798],[5.9,4.8],[5.92782,4.77594],[5.91609,4.76287]]]}},{"type":"Feature","properties":{"NAME":"Apoi Creek Forests","DESIG_ENG":"Wetland of International Importance (Ramsar Site)","IUCN_CAT":"IV","GIS_AREA":297.149668,"STATUS":"Designated","STATUS_YR":2008,"GOV_TYPE":"Not Reported","_label":"Apoi Creek Forests","_status_group":"other","_year":2008,"_year_label":"Designation/status year","_states":["Bayelsa"]},"geometry":{"type":"Polygon","coordinates":[[[5.91609,4.76287],[5.89677,4.75852],[5.83791,4.70412],[5.84597,4.68485],[5.81667,4.6],[5.79906,4.61371],[5.76568,4.6212],[5.75892,4.61284],[5.74059,4.61509],[5.73255,4.63181],[5.7229,4.62988],[5.70875,4.65047],[5.68303,4.66309],[5.67948,4.68842],[5.71035,4.72123],[5.72676,4.72798],[5.75774,4.77229],[5.8432,4.78293],[5.85312,4.79486],[5.87303,4.7798],[5.9,4.8],[5.92782,4.77594],[5.91609,4.76287]]]}},{"type":"Feature","properties":{"NAME":"Ara","DESIG_ENG":"Forest Reserve","IUCN_CAT":"Not Reported","GIS_AREA":34.018911,"STATUS":"Designated","STATUS_YR":0,"GOV_TYPE":"Sub-national ministry or agency","_label":"Ara","_status_group":"other","_states":["Ekiti"]},"geometry":{"type":"Polygon","coordinates":[[[5.04761,7.7957],[5.07304,7.76443],[5.06604,7.74301],[5.0459,7.74995],[5.02549,7.74486],[4.98374,7.76818],[4.98921,7.77555],[5.01597,7.77656],[5.04761,7.7957]]]}},{"type":"Feature","properties":{"NAME":"Arakanga","DESIG_ENG":"Forest Reserve","IUCN_CAT":"Not Reported","GIS_AREA":2.663133,"STATUS":"Designated","STATUS_YR":0,"GOV_TYPE":"Sub-national ministry or agency","_label":"Arakanga","_status_group":"other","_states":["Ogun"]},"geometry":{"type":"Polygon","coordinates":[[[3.34651,7.20021],[3.35955,7.1873],[3.33162,7.19319],[3.34651,7.20021]]]}},{"type":"Feature","properties":{"NAME":"Assob Bachit","DESIG_ENG":"Forest Reserve","IUCN_CAT":"Not Reported","GIS_AREA":63.087706,"STATUS":"Designated","STATUS_YR":0,"GOV_TYPE":"Sub-national ministry or agency","_label":"Assob Bachit","_status_group":"other","_states":["Plateau","Kaduna"]},"geometry":{"type":"Polygon","coordinates":[[[8.67507,9.39001],[8.64386,9.41278],[8.61546,9.47102],[8.6003,9.48075],[8.60758,9.50048],[8.6142,9.49915],[8.62622,9.51809],[8.60748,9.52323],[8.58919,9.51257],[8.5802,9.51539],[8.56797,9.54486],[8.58041,9.57268],[8.59531,9.55985],[8.63529,9.55088],[8.64415,9.52229],[8.64309,9.49128],[8.63398,9.48569],[8.63054,9.4638],[8.65467,9.4494],[8.64264,9.42254],[8.67501,9.39995],[8.67507,9.39001]]]}},{"type":"Feature","properties":{"NAME":"Auchi","DESIG_ENG":"Forest Reserve","IUCN_CAT":"Not Reported","GIS_AREA":6.937127,"STATUS":"Designated","STATUS_YR":0,"GOV_TYPE":"Sub-national ministry or agency","_label":"Auchi","_status_group":"other","_states":["Edo"]},"geometry":{"type":"Polygon","coordinates":[[[6.28732,7.09417],[6.27426,7.07961],[6.27199,7.08578],[6.25639,7.07965],[6.24403,7.08669],[6.25064,7.10295],[6.28732,7.09417]]]}},{"type":"Feature","properties":{"NAME":"Auno","DESIG_ENG":"Forest Reserve","IUCN_CAT":"Not Reported","GIS_AREA":38.440646,"STATUS":"Designated","STATUS_YR":0,"GOV_TYPE":"Sub-national ministry or agency","_label":"Auno","_status_group":"other","_states":["Borno"]},"geometry":{"type":"Polygon","coordinates":[[[12.91747,11.8954],[12.88872,11.89746],[12.89437,11.91347],[12.91058,11.92391],[12.90333,11.93415],[12.91405,11.95431],[12.90353,11.95562],[12.90585,11.96846],[12.92535,11.97453],[12.93799,11.99746],[12.96251,11.99595],[12.97093,11.98985],[12.95053,11.96444],[12.93639,11.96776],[12.92911,11.95284],[12.94181,11.94014],[12.91747,11.8954]]]}},{"type":"Feature","properties":{"NAME":"Auya","DESIG_ENG":"Forest Reserve","IUCN_CAT":"Not Reported","GIS_AREA":361.414858,"STATUS":"Designated","STATUS_YR":0,"GOV_TYPE":"Sub-national ministry or agency","_label":"Auya","_status_group":"other","_states":["Gombe","Bauchi"]},"geometry":{"type":"Polygon","coordinates":[[[10.78558,11.23612],[10.81155,11.17523],[10.84847,11.18189],[10.8547,11.12444],[10.79391,11.08535],[10.74107,11.06522],[10.74012,11.0797],[10.71988,11.10478],[10.66992,11.12733],[10.65584,11.12592],[10.61674,11.18594],[10.63222,11.20481],[10.65026,11.20581],[10.68251,11.28456],[10.70115,11.3086],[10.73774,11.2654],[10.78558,11.23612]]]}},{"type":"Feature","properties":{"NAME":"Aviele","DESIG_ENG":"Forest Reserve","IUCN_CAT":"Not Reported","GIS_AREA":72.580647,"STATUS":"Designated","STATUS_YR":0,"GOV_TYPE":"Sub-national ministry or agency","_label":"Aviele","_status_group":"other","_states":["Edo"]},"geometry":{"type":"Polygon","coordinates":[[[6.18837,6.83639],[6.23304,6.96731],[6.26062,6.95954],[6.27155,6.94996],[6.26623,6.88026],[6.24126,6.86456],[6.23195,6.8483],[6.18837,6.83639]]]}},{"type":"Feature","properties":{"NAME":"Awlaw-Isikwe","DESIG_ENG":"Forest Reserve","IUCN_CAT":"Not Reported","GIS_AREA":5.096601,"STATUS":"Designated","STATUS_YR":0,"GOV_TYPE":"Sub-national ministry or agency","_label":"Awlaw-Isikwe","_status_group":"other","_states":["Enugu"]},"geometry":{"type":"Polygon","coordinates":[[[7.35645,6.06688],[7.33358,6.06338],[7.33022,6.0787],[7.35283,6.07689],[7.35645,6.06688]]]}},{"type":"Feature","properties":{"NAME":"Aworo","DESIG_ENG":"Forest Reserve","IUCN_CAT":"Not Reported","GIS_AREA":249.26035,"STATUS":"Designated","STATUS_YR":0,"GOV_TYPE":"Sub-national ministry or agency","_label":"Aworo","_status_group":"other","_states":["Ogun"]},"geometry":{"type":"Polygon","coordinates":[[[2.85337,7.33819],[2.90163,7.29589],[2.94725,7.27548],[2.93603,7.22285],[2.90339,7.1848],[2.87925,7.19432],[2.82687,7.19159],[2.80103,7.23895],[2.75,7.26496],[2.74923,7.33343],[2.85337,7.33819]]]}},{"type":"Feature","properties":{"NAME":"Ayu Hills","DESIG_ENG":"Forest Reserve","IUCN_CAT":"Not Reported","GIS_AREA":48.137169,"STATUS":"Designated","STATUS_YR":0,"GOV_TYPE":"Sub-national ministry or agency","_label":"Ayu Hills","_status_group":"other","_states":["Plateau","Kaduna"]},"geometry":{"type":"Polygon","coordinates":[[[8.63389,9.33879],[8.64856,9.32699],[8.673,9.33633],[8.70688,9.31395],[8.67512,9.29144],[8.65394,9.2889],[8.64674,9.2959],[8.65517,9.30664],[8.61067,9.32603],[8.59597,9.31072],[8.5752,9.30502],[8.56213,9.28139],[8.5413,9.28874],[8.56854,9.3264],[8.59332,9.33667],[8.63389,9.33879]]]}},{"type":"Feature","properties":{"NAME":"Azarunikwia","DESIG_ENG":"Forest Reserve","IUCN_CAT":"Not Reported","GIS_AREA":10.449988,"STATUS":"Designated","STATUS_YR":0,"GOV_TYPE":"Sub-national ministry or agency","_label":"Azarunikwia","_status_group":"other","_states":["Jigawa"]},"geometry":{"type":"Polygon","coordinates":[[[9.97591,12.76221],[9.97449,12.81547],[9.9991,12.81574],[9.98491,12.77317],[9.97591,12.76221]]]}},{"type":"Feature","properties":{"NAME":"Azaya","DESIG_ENG":"Forest Reserve","IUCN_CAT":"Not Reported","GIS_AREA":30.293593,"STATUS":"Designated","STATUS_YR":0,"GOV_TYPE":"Sub-national ministry or agency","_label":"Azaya","_status_group":"other","_states":["Borno"]},"geometry":{"type":"Polygon","coordinates":[[[13.38288,11.98025],[13.35737,11.97216],[13.35324,11.96207],[13.33076,11.96267],[13.32974,11.97982],[13.31589,11.98614],[13.34062,12.01188],[13.35896,12.04741],[13.36635,12.01474],[13.35699,11.99953],[13.38684,11.989],[13.38288,11.98025]]]}},{"type":"Feature","properties":{"NAME":"Babban Rafi","DESIG_ENG":"Forest Reserve","IUCN_CAT":"Not Reported","GIS_AREA":157.20383,"STATUS":"Designated","STATUS_YR":0,"GOV_TYPE":"Sub-national ministry or agency","_label":"Babban Rafi","_status_group":"other","_states":["Sokoto"]},"geometry":{"type":"Polygon","coordinates":[[[6.58802,13.24882],[6.53256,13.18863],[6.49853,13.24019],[6.49499,13.25832],[6.47674,13.27061],[6.45833,13.30898],[6.44062,13.3257],[6.43905,13.35039],[6.42446,13.37011],[6.4374,13.37018],[6.44067,13.38217],[6.4543,13.37987],[6.47787,13.35401],[6.47974,13.3314],[6.51296,13.31052],[6.53453,13.32786],[6.57218,13.33282],[6.58802,13.24882]]]}},{"type":"Feature","properties":{"NAME":"Babbankurmi","DESIG_ENG":"Forest Reserve","IUCN_CAT":"Not Reported","GIS_AREA":6.817142,"STATUS":"Designated","STATUS_YR":0,"GOV_TYPE":"Sub-national ministry or agency","_label":"Babbankurmi","_status_group":"other","_states":["Abuja Federal Capital Territory"]},"geometry":{"type":"Polygon","coordinates":[[[7.30872,8.902],[7.29993,8.91068],[7.30259,8.92867],[7.32174,8.93804],[7.32579,8.93442],[7.30872,8.902]]]}},{"type":"Feature","properties":{"NAME":"Badauri","DESIG_ENG":"Forest Reserve","IUCN_CAT":"Not Reported","GIS_AREA":2.452839,"STATUS":"Designated","STATUS_YR":0,"GOV_TYPE":"Sub-national ministry or agency","_label":"Badauri","_status_group":"other","_states":["Katsina"]},"geometry":{"type":"Polygon","coordinates":[[[8.09781,13.07731],[8.09367,13.0845],[8.09478,13.11005],[8.10145,13.09153],[8.09781,13.07731]]]}},{"type":"Feature","properties":{"NAME":"Baga","DESIG_ENG":"Forest Reserve","IUCN_CAT":"Not Reported","GIS_AREA":10.793225,"STATUS":"Designated","STATUS_YR":0,"GOV_TYPE":"Sub-national ministry or agency","_label":"Baga","_status_group":"other","_states":["Borno"]},"geometry":{"type":"Polygon","coordinates":[[[13.75503,12.93349],[13.74212,12.93503],[13.75599,12.96753],[13.79926,12.99554],[13.79987,12.98734],[13.76827,12.96215],[13.75503,12.93349]]]}},{"type":"Feature","properties":{"NAME":"Bagaji","DESIG_ENG":"Forest Reserve","IUCN_CAT":"Not Reported","GIS_AREA":5.489425,"STATUS":"Designated","STATUS_YR":0,"GOV_TYPE":"Sub-national ministry or agency","_label":"Bagaji","_status_group":"other","_states":["Benue"]},"geometry":{"type":"Polygon","coordinates":[[[7.9102,7.87078],[7.89479,7.87969],[7.9086,7.89645],[7.92128,7.88622],[7.9102,7.87078]]]}},{"type":"Feature","properties":{"NAME":"Bagau","DESIG_ENG":"Forest Reserve","IUCN_CAT":"Not Reported","GIS_AREA":6.564033,"STATUS":"Designated","STATUS_YR":0,"GOV_TYPE":"Sub-national ministry or agency","_label":"Bagau","_status_group":"other","_states":["Bauchi"]},"geometry":{"type":"Polygon","coordinates":[[[10.5461,11.42675],[10.53347,11.41975],[10.50943,11.42579],[10.55224,11.44846],[10.5461,11.42675]]]}},{"type":"Feature","properties":{"NAME":"Bage","DESIG_ENG":"Forest Reserve","IUCN_CAT":"Not Reported","GIS_AREA":17.571036,"STATUS":"Designated","STATUS_YR":0,"GOV_TYPE":"Sub-national ministry or agency","_label":"Bage","_status_group":"other","_states":["Gombe"]},"geometry":{"type":"Polygon","coordinates":[[[11.4123,10.91055],[11.39129,10.94203],[11.39769,10.96133],[11.4183,10.95823],[11.42954,10.94359],[11.42761,10.91569],[11.4123,10.91055]]]}},{"type":"Feature","properties":{"NAME":"Bagele Hill","DESIG_ENG":"Forest Reserve","IUCN_CAT":"Not Reported","GIS_AREA":159.004458,"STATUS":"Designated","STATUS_YR":0,"GOV_TYPE":"Sub-national ministry or agency","_label":"Bagele Hill","_status_group":"other","_states":["Adamawa"]},"geometry":{"type":"Polygon","coordinates":[[[12.52938,9.24661],[12.50073,9.25129],[12.52063,9.28746],[12.49047,9.31239],[12.49207,9.32256],[12.56703,9.36564],[12.60393,9.3736],[12.61713,9.36755],[12.64971,9.33489],[12.65421,9.30844],[12.62356,9.29713],[12.60547,9.27646],[12.57075,9.25659],[12.52938,9.24661]]]}},{"type":"Feature","properties":{"NAME":"Bagga","DESIG_ENG":"Forest Reserve","IUCN_CAT":"Not Reported","GIS_AREA":95.557569,"STATUS":"Designated","STATUS_YR":0,"GOV_TYPE":"Sub-national ministry or agency","_label":"Bagga","_status_group":"other","_states":["Kebbi"]},"geometry":{"type":"Polygon","coordinates":[[[4.22843,12.6588],[4.21968,12.6473],[4.22798,12.62589],[4.21904,12.61158],[4.19694,12.63528],[4.169,12.61842],[4.16743,12.60893],[4.12727,12.59859],[4.07138,12.54272],[4.0083,12.51378],[4.00746,12.5334],[4.08385,12.57924],[4.08121,12.58884],[4.06714,12.59274],[4.05132,12.58093],[4.05328,12.59341],[4.12817,12.61063],[4.12093,12.62287],[4.14803,12.65846],[4.18735,12.67198],[4.22843,12.6588]]]}},{"type":"Feature","properties":{"NAME":"Baissa","DESIG_ENG":"Forest Reserve","IUCN_CAT":"Not Reported","GIS_AREA":94.460712,"STATUS":"Designated","STATUS_YR":0,"GOV_TYPE":"Sub-national ministry or agency","_label":"Baissa","_status_group":"other","_states":["Taraba"]},"geometry":{"type":"Polygon","coordinates":[[[10.51436,7.30737],[10.53535,7.29127],[10.5697,7.2879],[10.53744,7.2268],[10.51583,7.23828],[10.5107,7.22916],[10.4994,7.23797],[10.48099,7.23217],[10.43332,7.26339],[10.43673,7.30172],[10.51436,7.30737]]]}},{"type":"Feature","properties":{"NAME":"Bajiye","DESIG_ENG":"Forest Reserve","IUCN_CAT":"Not Reported","GIS_AREA":8.421643,"STATUS":"Designated","STATUS_YR":0,"GOV_TYPE":"Sub-national ministry or agency","_label":"Bajiye","_status_group":"other","_states":["Kaduna"]},"geometry":{"type":"Polygon","coordinates":[[[7.86784,9.58804],[7.84927,9.59856],[7.85189,9.61473],[7.86252,9.62026],[7.87568,9.60894],[7.86784,9.58804]]]}},{"type":"Feature","properties":{"NAME":"Bakanbawa","DESIG_ENG":"Forest Reserve","IUCN_CAT":"Not Reported","GIS_AREA":4.086542,"STATUS":"Designated","STATUS_YR":0,"GOV_TYPE":"Sub-national ministry or agency","_label":"Bakanbawa","_status_group":"other","_states":["Jigawa"]},"geometry":{"type":"Polygon","coordinates":[[[8.93267,12.53256],[8.95914,12.52595],[8.92913,12.51299],[8.93267,12.53256]]]}},{"type":"Feature","properties":{"NAME":"Bakin Dutse","DESIG_ENG":"Forest Reserve","IUCN_CAT":"Not Reported","GIS_AREA":49.074215,"STATUS":"Designated","STATUS_YR":0,"GOV_TYPE":"Sub-national ministry or agency","_label":"Bakin Dutse","_status_group":"other","_states":["Taraba"]},"geometry":{"type":"Polygon","coordinates":[[[11.23476,8.80961],[11.27111,8.78704],[11.26284,8.73087],[11.25664,8.74534],[11.23228,8.74179],[11.19864,8.76245],[11.20467,8.77015],[11.19776,8.77979],[11.2034,8.80326],[11.23476,8.80961]]]}},{"type":"Feature","properties":{"NAME":"Bakono","DESIG_ENG":"Game Reserve","IUCN_CAT":"Not Reported","STATUS":"Designated","STATUS_YR":1972,"GOV_TYPE":"Sub-national ministry or agency","_label":"Bakono","_status_group":"other","_year":1972,"_year_label":"Designation/status year","_states":["Nasarawa"]},"geometry":{"type":"Point","coordinates":[7.72,8.53]}},{"type":"Feature","properties":{"NAME":"Bakura Tureta","DESIG_ENG":"Forest Reserve","IUCN_CAT":"Not Reported","GIS_AREA":608.071743,"STATUS":"Designated","STATUS_YR":0,"GOV_TYPE":"Sub-national ministry or agency","_label":"Bakura Tureta","_status_group":"other","_states":["Sokoto","Zamfara"]},"geometry":{"type":"Polygon","coordinates":[[[5.80377,12.50359],[5.71151,12.46669],[5.64453,12.4657],[5.57634,12.52228],[5.55811,12.59613],[5.607,12.61004],[5.61808,12.63773],[5.65037,12.65973],[5.65225,12.67238],[5.66936,12.66647],[5.81266,12.68687],[5.85017,12.63181],[5.88275,12.6164],[5.86422,12.55984],[5.86506,12.53036],[5.83638,12.52552],[5.80377,12.50359]]]}},{"type":"Feature","properties":{"NAME":"Bam Ngelzarma","DESIG_ENG":"Forest Reserve","IUCN_CAT":"Not Reported","GIS_AREA":107.753695,"STATUS":"Designated","STATUS_YR":0,"GOV_TYPE":"Sub-national ministry or agency","_label":"Bam Ngelzarma","_status_group":"other","_states":["Yobe"]},"geometry":{"type":"Polygon","coordinates":[[[11.5424,11.7155],[11.55747,11.71679],[11.56064,11.70413],[11.54932,11.70559],[11.52976,11.68906],[11.52387,11.67145],[11.53524,11.64961],[11.56449,11.66457],[11.6045,11.65158],[11.57922,11.61692],[11.55929,11.6092],[11.51212,11.61045],[11.51141,11.64482],[11.50648,11.65866],[11.49156,11.66508],[11.49558,11.679],[11.405,11.69348],[11.46944,11.7235],[11.51991,11.72741],[11.5424,11.7155]]]}},{"type":"Feature","properties":{"NAME":"Bam Ngelzarma","DESIG_ENG":"Strict Nature Reserve","IUCN_CAT":"Ia","STATUS":"Designated","STATUS_YR":0,"GOV_TYPE":"Federal or national ministry or agency","_label":"Bam Ngelzarma","_status_group":"other","_states":["Yobe"]},"geometry":{"type":"Point","coordinates":[11.5,11.66667]}},{"type":"Feature","properties":{"NAME":"Bantaji","DESIG_ENG":"Forest Reserve","IUCN_CAT":"Not Reported","GIS_AREA":28.257895,"STATUS":"Designated","STATUS_YR":0,"GOV_TYPE":"Sub-national ministry or agency","_label":"Bantaji","_status_group":"other","_states":["Taraba"]},"geometry":{"type":"Polygon","coordinates":[[[10.21535,8.21158],[10.17,8.21952],[10.16775,8.24194],[10.17548,8.25321],[10.21891,8.25405],[10.22516,8.22489],[10.21535,8.21158]]]}},{"type":"Feature","properties":{"NAME":"Bara","DESIG_ENG":"Forest Reserve","IUCN_CAT":"Not Reported","GIS_AREA":19.76049,"STATUS":"Designated","STATUS_YR":0,"GOV_TYPE":"Sub-national ministry or agency","_label":"Bara","_status_group":"other","_states":["Bauchi"]},"geometry":{"type":"Polygon","coordinates":[[[10.64609,10.37812],[10.69872,10.37074],[10.63241,10.33433],[10.62304,10.35669],[10.64609,10.37812]]]}},{"type":"Feature","properties":{"NAME":"Barawa","DESIG_ENG":"Forest Reserve","IUCN_CAT":"Not Reported","GIS_AREA":59.383856,"STATUS":"Designated","STATUS_YR":0,"GOV_TYPE":"Sub-national ministry or agency","_label":"Barawa","_status_group":"other","_states":["Katsina"]},"geometry":{"type":"Polygon","coordinates":[[[7.51796,12.95782],[7.5337,12.93866],[7.55092,12.93615],[7.54568,12.92064],[7.56143,12.91033],[7.58151,12.94645],[7.59874,12.95475],[7.59035,12.89195],[7.58442,12.88173],[7.56496,12.87452],[7.56799,12.86089],[7.55059,12.85989],[7.54999,12.85092],[7.52618,12.87361],[7.52684,12.88637],[7.53786,12.89727],[7.53401,12.90803],[7.51281,12.9141],[7.51794,12.93852],[7.48685,12.94738],[7.49829,12.95776],[7.51045,12.95048],[7.51796,12.95782]]]}},{"type":"Feature","properties":{"NAME":"Barburam","DESIG_ENG":"Forest Reserve","IUCN_CAT":"Not Reported","GIS_AREA":7.868088,"STATUS":"Designated","STATUS_YR":0,"GOV_TYPE":"Sub-national ministry or agency","_label":"Barburam","_status_group":"other","_states":["Jigawa"]},"geometry":{"type":"Polygon","coordinates":[[[10.07114,12.86473],[10.06252,12.86627],[10.06374,12.89429],[10.09571,12.88727],[10.07114,12.86473]]]}},{"type":"Feature","properties":{"NAME":"Bashari","DESIG_ENG":"Forest Reserve","IUCN_CAT":"Not Reported","GIS_AREA":9.7133,"STATUS":"Designated","STATUS_YR":0,"GOV_TYPE":"Sub-national ministry or agency","_label":"Bashari","_status_group":"other","_states":["Borno"]},"geometry":{"type":"Polygon","coordinates":[[[13.72955,11.65792],[13.72367,11.63414],[13.71269,11.64178],[13.69382,11.6373],[13.69222,11.64786],[13.71315,11.66672],[13.72955,11.65792]]]}},{"type":"Feature","properties":{"NAME":"Baturiya Wetland","DESIG_ENG":"Wetland of International Importance (Ramsar Site)","IUCN_CAT":"IV","GIS_AREA":1011.09159,"STATUS":"Designated","STATUS_YR":2008,"GOV_TYPE":"Not Reported","_label":"Baturiya Wetland","_status_group":"other","_year":2008,"_year_label":"Designation/status year","_states":["Jigawa","Yobe","Bauchi"]},"geometry":{"type":"Polygon","coordinates":[[[10.28364,12.37054],[10.24877,12.40785],[10.2857,12.45922],[10.30826,12.51544],[10.35686,12.56495],[10.49249,12.65599],[10.51939,12.66093],[10.54332,12.64394],[10.59264,12.68573],[10.60208,12.73167],[10.65102,12.72464],[10.66114,12.74498],[10.67421,12.73899],[10.6796,12.688],[10.73615,12.59572],[10.72797,12.5825],[10.70468,12.57872],[10.64048,12.52585],[10.60775,12.512],[10.5939,12.48431],[10.55809,12.46879],[10.56275,12.46128],[10.55487,12.45032],[10.51963,12.43899],[10.49443,12.40292],[10.41009,12.38805],[10.32804,12.38595],[10.28364,12.37054]]]}},{"type":"Feature","properties":{"NAME":"Baturiya Wetlands","DESIG_ENG":"Game Reserve","IUCN_CAT":"IV","GIS_AREA":685.908076,"STATUS":"Designated","STATUS_YR":1976,"GOV_TYPE":"Sub-national ministry or agency","_label":"Baturiya Wetlands","_status_group":"other","_year":1976,"_year_label":"Designation/status year","_states":["Jigawa","Yobe","Bauchi"]},"geometry":{"type":"Polygon","coordinates":[[[10.5547,12.64038],[10.5841,12.64946],[10.59346,12.64173],[10.5958,12.60423],[10.58604,12.56049],[10.55874,12.50363],[10.47613,12.41261],[10.41009,12.38805],[10.35523,12.38893],[10.27697,12.37117],[10.24877,12.40785],[10.25232,12.4162],[10.28438,12.45753],[10.30826,12.51544],[10.36367,12.57165],[10.49249,12.65599],[10.51939,12.66093],[10.5547,12.64038]]]}},{"type":"Feature","properties":{"NAME":"Baturiya Wetlands","DESIG_ENG":"National Park","IUCN_CAT":"Not Reported","STATUS":"Proposed","STATUS_YR":0,"GOV_TYPE":"Federal or national ministry or agency","_label":"Baturiya Wetlands","_status_group":"proposed","_states":["Jigawa"]},"geometry":{"type":"Point","coordinates":[10.43333,12.51667]}},{"type":"Feature","properties":{"NAME":"Bauni","DESIG_ENG":"Forest Reserve","IUCN_CAT":"Not Reported","GIS_AREA":55.443693,"STATUS":"Designated","STATUS_YR":0,"GOV_TYPE":"Sub-national ministry or agency","_label":"Bauni","_status_group":"other","_states":["Sokoto"]},"geometry":{"type":"Polygon","coordinates":[[[5.18341,13.66004],[5.1547,13.57931],[5.14047,13.57882],[5.1032,13.60496],[5.13021,13.66199],[5.17334,13.66819],[5.18341,13.66004]]]}},{"type":"Feature","properties":{"NAME":"Bayawa","DESIG_ENG":"Forest Reserve","IUCN_CAT":"Not Reported","GIS_AREA":2.049896,"STATUS":"Designated","STATUS_YR":0,"GOV_TYPE":"Sub-national ministry or agency","_label":"Bayawa","_status_group":"other","_states":["Niger"]},"geometry":{"type":"Polygon","coordinates":[[[7.16335,9.53627],[7.15392,9.53915],[7.15861,9.54892],[7.17017,9.54332],[7.16335,9.53627]]]}},{"type":"Feature","properties":{"NAME":"Bazairam","DESIG_ENG":"Forest Reserve","IUCN_CAT":"Not Reported","GIS_AREA":48.65879,"STATUS":"Designated","STATUS_YR":0,"GOV_TYPE":"Sub-national ministry or agency","_label":"Bazairam","_status_group":"other","_states":["Yobe"]},"geometry":{"type":"Polygon","coordinates":[[[9.98839,13.01041],[9.93022,13.00156],[9.91739,13.01406],[9.93259,13.04067],[9.95191,13.05474],[9.99883,13.06654],[10.00801,13.05896],[10.00842,13.04484],[9.98839,13.01041]]]}},{"type":"Feature","properties":{"NAME":"Beji","DESIG_ENG":"Forest Reserve","IUCN_CAT":"Not Reported","GIS_AREA":29.597026,"STATUS":"Designated","STATUS_YR":0,"GOV_TYPE":"Sub-national ministry or agency","_label":"Beji","_status_group":"other","_states":["Niger"]},"geometry":{"type":"Polygon","coordinates":[[[6.23929,9.67724],[6.23691,9.65678],[6.25778,9.63694],[6.2571,9.62944],[6.23261,9.61442],[6.20476,9.61811],[6.1968,9.63516],[6.20325,9.6582],[6.21763,9.65972],[6.23929,9.67724]]]}},{"type":"Feature","properties":{"NAME":"Belare","DESIG_ENG":"Forest Reserve","IUCN_CAT":"Not Reported","GIS_AREA":137.697427,"STATUS":"Designated","STATUS_YR":0,"GOV_TYPE":"Sub-national ministry or agency","_label":"Belare","_status_group":"other","_states":["Sokoto","Kebbi"]},"geometry":{"type":"Polygon","coordinates":[[[4.75123,12.65214],[4.75668,12.64004],[4.82297,12.58406],[4.79468,12.54918],[4.74743,12.55103],[4.7084,12.60013],[4.69152,12.58401],[4.64422,12.59596],[4.64963,12.6249],[4.64457,12.6482],[4.75123,12.65214]]]}},{"type":"Feature","properties":{"NAME":"Benisheikh","DESIG_ENG":"Forest Reserve","IUCN_CAT":"Not Reported","GIS_AREA":41.964463,"STATUS":"Designated","STATUS_YR":0,"GOV_TYPE":"Sub-national ministry or agency","_label":"Benisheikh","_status_group":"other","_states":["Borno"]},"geometry":{"type":"Polygon","coordinates":[[[12.5313,11.87896],[12.55991,11.87865],[12.57725,11.84205],[12.60989,11.84383],[12.60956,11.83386],[12.50872,11.81885],[12.50666,11.83647],[12.52159,11.84957],[12.5138,11.86165],[12.5313,11.87896]]]}},{"type":"Feature","properties":{"NAME":"Bida (Bornu State)","DESIG_ENG":"Forest Reserve","IUCN_CAT":"Not Reported","GIS_AREA":7.194405,"STATUS":"Designated","STATUS_YR":0,"GOV_TYPE":"Sub-national ministry or agency","_label":"Bida (Bornu State)","_status_group":"other","_states":["Borno"]},"geometry":{"type":"Polygon","coordinates":[[[13.42421,12.3304],[13.41551,12.33359],[13.41635,12.34235],[13.43037,12.36075],[13.44374,12.35956],[13.4436,12.34522],[13.42421,12.3304]]]}},{"type":"Feature","properties":{"NAME":"Bida (Niger State)","DESIG_ENG":"Forest Reserve","IUCN_CAT":"Not Reported","GIS_AREA":3.01894,"STATUS":"Designated","STATUS_YR":0,"GOV_TYPE":"Sub-national ministry or agency","_label":"Bida (Niger State)","_status_group":"other","_states":["Niger"]},"geometry":{"type":"Polygon","coordinates":[[[5.96783,9.12145],[5.96018,9.1273],[5.9604,9.14749],[5.96935,9.13897],[5.96783,9.12145]]]}},{"type":"Feature","properties":{"NAME":"Biliri Hills","DESIG_ENG":"Forest Reserve","IUCN_CAT":"Not Reported","GIS_AREA":15.968105,"STATUS":"Designated","STATUS_YR":0,"GOV_TYPE":"Sub-national ministry or agency","_label":"Biliri Hills","_status_group":"other","_states":["Gombe"]},"geometry":{"type":"Polygon","coordinates":[[[11.21019,9.83305],[11.19796,9.83751],[11.1913,9.86983],[11.21879,9.89799],[11.22264,9.8772],[11.21019,9.83305]]]}},{"type":"Feature","properties":{"NAME":"Birnin Gwari","DESIG_ENG":"Forest Reserve","IUCN_CAT":"Not Reported","GIS_AREA":320.380523,"STATUS":"Designated","STATUS_YR":0,"GOV_TYPE":"Sub-national ministry or agency","_label":"Birnin Gwari","_status_group":"other","_states":["Kaduna"]},"geometry":{"type":"Polygon","coordinates":[[[6.91687,11.16691],[6.92645,11.15743],[6.92724,11.14055],[6.94688,11.13737],[6.94931,11.09914],[6.8859,11.05909],[6.87338,10.99847],[6.85937,10.98019],[6.86582,10.97193],[6.86159,10.96133],[6.87058,10.95493],[6.90088,10.95257],[6.92858,10.93098],[6.92636,10.90496],[6.93431,10.88037],[6.91846,10.86854],[6.85157,10.84939],[6.79484,10.94811],[6.80918,10.98496],[6.80536,11.04702],[6.86298,11.13265],[6.87586,11.16476],[6.91687,11.16691]]]}},{"type":"Feature","properties":{"NAME":"Birniwa","DESIG_ENG":"Forest Reserve","IUCN_CAT":"Not Reported","GIS_AREA":8.450536,"STATUS":"Designated","STATUS_YR":0,"GOV_TYPE":"Sub-national ministry or agency","_label":"Birniwa","_status_group":"other","_states":["Borno"]},"geometry":{"type":"Polygon","coordinates":[[[13.04381,10.61831],[13.05462,10.6093],[13.04868,10.60035],[13.01774,10.60062],[13.0192,10.61682],[13.04381,10.61831]]]}},{"type":"Feature","properties":{"NAME":"Birniwa Railway","DESIG_ENG":"Forest Reserve","IUCN_CAT":"Not Reported","GIS_AREA":22.553173,"STATUS":"Designated","STATUS_YR":0,"GOV_TYPE":"Sub-national ministry or agency","_label":"Birniwa Railway","_status_group":"other","_states":["Jigawa"]},"geometry":{"type":"Polygon","coordinates":[[[10.16344,12.70191],[10.17331,12.71253],[10.18026,12.74593],[10.19789,12.75489],[10.19833,12.76848],[10.22968,12.76796],[10.23369,12.75605],[10.21731,12.74773],[10.19962,12.71689],[10.16344,12.70191]]]}},{"type":"Feature","properties":{"NAME":"Bissaula","DESIG_ENG":"Forest Reserve","IUCN_CAT":"Not Reported","GIS_AREA":220.915487,"STATUS":"Designated","STATUS_YR":0,"GOV_TYPE":"Sub-national ministry or agency","_label":"Bissaula","_status_group":"other","_states":["Taraba"]},"geometry":{"type":"Polygon","coordinates":[[[10.54982,7.01443],[10.52375,7.00328],[10.45859,7.01416],[10.40262,7.00697],[10.37157,7.04206],[10.36256,7.07404],[10.38544,7.1051],[10.41773,7.12901],[10.48295,7.13613],[10.51446,7.11317],[10.51124,7.07768],[10.54439,7.04165],[10.54982,7.01443]]]}},{"type":"Feature","properties":{"NAME":"Bodor Hill","DESIG_ENG":"Forest Reserve","IUCN_CAT":"Not Reported","GIS_AREA":29.260433,"STATUS":"Designated","STATUS_YR":0,"GOV_TYPE":"Sub-national ministry or agency","_label":"Bodor Hill","_status_group":"other","_states":["Gombe"]},"geometry":{"type":"Polygon","coordinates":[[[11.32381,10.74854],[11.29902,10.75736],[11.30711,10.8076],[11.3244,10.82248],[11.34867,10.7884],[11.34006,10.78217],[11.33947,10.7595],[11.32381,10.74854]]]}},{"type":"Feature","properties":{"NAME":"Bokori","DESIG_ENG":"Forest Reserve","IUCN_CAT":"Not Reported","GIS_AREA":16.037703,"STATUS":"Designated","STATUS_YR":0,"GOV_TYPE":"Sub-national ministry or agency","_label":"Bokori","_status_group":"other","_states":["Katsina"]},"geometry":{"type":"Polygon","coordinates":[[[7.38226,11.6497],[7.37248,11.61805],[7.33675,11.61068],[7.33527,11.64652],[7.38226,11.6497]]]}},{"type":"Feature","properties":{"NAME":"Bonu","DESIG_ENG":"Forest Reserve","IUCN_CAT":"Not Reported","GIS_AREA":60.765754,"STATUS":"Designated","STATUS_YR":0,"GOV_TYPE":"Sub-national ministry or agency","_label":"Bonu","_status_group":"other","_states":["Niger"]},"geometry":{"type":"Polygon","coordinates":[[[6.97276,9.36452],[7.00599,9.378],[7.03305,9.3682],[6.96333,9.32578],[6.88742,9.33674],[6.89036,9.36471],[6.9441,9.3786],[6.97276,9.36452]]]}},{"type":"Feature","properties":{"NAME":"Borgu","DESIG_ENG":"Forest Reserve","IUCN_CAT":"Not Reported","GIS_AREA":3288.612389,"STATUS":"Designated","STATUS_YR":0,"GOV_TYPE":"Sub-national ministry or agency","_label":"Borgu","_status_group":"other","_states":["Kwara","Niger"]},"geometry":{"type":"Polygon","coordinates":[[[4.3139,10.25455],[4.36287,10.2277],[4.3284,10.12572],[4.33258,10.09516],[4.27287,10.0596],[4.29783,10.02799],[4.36493,10.00327],[4.34453,9.9849],[4.35796,9.92645],[4.27563,9.92899],[4.2374,9.92095],[4.17917,9.87137],[4.1333,9.81244],[4.02031,9.76183],[3.95152,9.71638],[3.89781,9.74078],[3.85123,9.73509],[3.79716,9.76422],[3.74896,9.8116],[3.71774,9.87327],[3.71443,9.91025],[3.79168,9.99529],[3.83732,10.05816],[3.89366,10.14708],[3.88892,10.18559],[3.92696,10.26099],[3.96668,10.32613],[4.01925,10.38308],[4.06633,10.40591],[4.13786,10.38547],[4.22924,10.3467],[4.3139,10.25455]]]}},{"type":"Feature","properties":{"NAME":"Bosso Dam","DESIG_ENG":"Forest Reserve","IUCN_CAT":"Not Reported","GIS_AREA":5.275178,"STATUS":"Designated","STATUS_YR":0,"GOV_TYPE":"Sub-national ministry or agency","_label":"Bosso Dam","_status_group":"other","_states":["Niger"]},"geometry":{"type":"Polygon","coordinates":[[[6.54034,9.6679],[6.56055,9.66657],[6.56324,9.64891],[6.54053,9.65094],[6.54034,9.6679]]]}},{"type":"Feature","properties":{"NAME":"Buga Hill","DESIG_ENG":"Forest Reserve","IUCN_CAT":"Not Reported","GIS_AREA":5.169772,"STATUS":"Designated","STATUS_YR":0,"GOV_TYPE":"Sub-national ministry or agency","_label":"Buga Hill","_status_group":"other","_states":["Abuja Federal Capital Territory"]},"geometry":{"type":"Polygon","coordinates":[[[7.32595,8.49346],[7.30495,8.49496],[7.31126,8.51315],[7.33162,8.50802],[7.32595,8.49346]]]}},{"type":"Feature","properties":{"NAME":"Bugau North","DESIG_ENG":"Forest Reserve","IUCN_CAT":"Not Reported","GIS_AREA":22.54839,"STATUS":"Designated","STATUS_YR":0,"GOV_TYPE":"Sub-national ministry or agency","_label":"Bugau North","_status_group":"other","_states":["Kaduna"]},"geometry":{"type":"Polygon","coordinates":[[[8.49938,11.0184],[8.479,11.02848],[8.48096,11.04313],[8.52434,11.0728],[8.54633,11.06657],[8.53398,11.04105],[8.49938,11.0184]]]}},{"type":"Feature","properties":{"NAME":"Bulangu","DESIG_ENG":"Forest Reserve","IUCN_CAT":"Not Reported","GIS_AREA":4.251551,"STATUS":"Designated","STATUS_YR":0,"GOV_TYPE":"Sub-national ministry or agency","_label":"Bulangu","_status_group":"other","_states":["Jigawa"]},"geometry":{"type":"Polygon","coordinates":[[[10.14693,12.08419],[10.1364,12.07269],[10.12061,12.08282],[10.13951,12.09526],[10.14693,12.08419]]]}},{"type":"Feature","properties":{"NAME":"Buli Hill","DESIG_ENG":"Forest Reserve","IUCN_CAT":"Not Reported","GIS_AREA":11.580786,"STATUS":"Designated","STATUS_YR":0,"GOV_TYPE":"Sub-national ministry or agency","_label":"Buli Hill","_status_group":"other","_states":["Bauchi"]},"geometry":{"type":"Polygon","coordinates":[[[9.76212,10.18248],[9.75575,10.19021],[9.76737,10.20786],[9.80132,10.2214],[9.79711,10.20413],[9.76212,10.18248]]]}},{"type":"Feature","properties":{"NAME":"Bunga Hill","DESIG_ENG":"Forest Reserve","IUCN_CAT":"Not Reported","GIS_AREA":19.595052,"STATUS":"Designated","STATUS_YR":0,"GOV_TYPE":"Sub-national ministry or agency","_label":"Bunga Hill","_status_group":"other","_states":["Bauchi"]},"geometry":{"type":"Polygon","coordinates":[[[9.71004,10.9337],[9.66636,10.96962],[9.66707,10.98375],[9.68134,10.99579],[9.72263,10.94668],[9.71004,10.9337]]]}},{"type":"Feature","properties":{"NAME":"Bunu","DESIG_ENG":"Forest Reserve","IUCN_CAT":"Not Reported","GIS_AREA":445.313306,"STATUS":"Designated","STATUS_YR":0,"GOV_TYPE":"Sub-national ministry or agency","_label":"Bunu","_status_group":"other","_states":["Kogi"]},"geometry":{"type":"Polygon","coordinates":[[[6.25917,8.17612],[6.32841,8.15532],[6.35416,8.15669],[6.36532,8.1647],[6.3799,8.15623],[6.48623,8.14595],[6.46835,8.01743],[6.45771,8.00038],[6.4614,7.97778],[6.47802,7.97073],[6.4722,7.95127],[6.44372,7.92067],[6.39983,7.93769],[6.34513,8.04229],[6.31626,8.04103],[6.27004,8.07382],[6.23926,8.12826],[6.2307,8.15943],[6.23331,8.16732],[6.25917,8.17612]]]}},{"type":"Feature","properties":{"NAME":"Burashika","DESIG_ENG":"Forest Reserve","IUCN_CAT":"Not Reported","GIS_AREA":41.945479,"STATUS":"Designated","STATUS_YR":0,"GOV_TYPE":"Sub-national ministry or agency","_label":"Burashika","_status_group":"other","_states":["Borno"]},"geometry":{"type":"Polygon","coordinates":[[[11.90351,10.12698],[11.88895,10.10142],[11.86409,10.1176],[11.85559,10.07893],[11.82282,10.09082],[11.8244,10.10215],[11.81548,10.10892],[11.8177,10.12406],[11.83283,10.13499],[11.8769,10.14928],[11.88697,10.14755],[11.89286,10.13107],[11.90351,10.12698]]]}},{"type":"Feature","properties":{"NAME":"Buratai","DESIG_ENG":"Forest Reserve","IUCN_CAT":"Not Reported","GIS_AREA":52.997408,"STATUS":"Designated","STATUS_YR":0,"GOV_TYPE":"Sub-national ministry or agency","_label":"Buratai","_status_group":"other","_states":["Borno"]},"geometry":{"type":"Polygon","coordinates":[[[11.92865,10.92252],[11.99683,10.9211],[11.99345,10.88882],[11.97424,10.88171],[11.94268,10.85322],[11.93349,10.8542],[11.92249,10.86959],[11.92935,10.88591],[11.89786,10.88792],[11.92865,10.92252]]]}},{"type":"Feature","properties":{"NAME":"Burgo","DESIG_ENG":"Forest Reserve","IUCN_CAT":"Not Reported","GIS_AREA":5.08345,"STATUS":"Designated","STATUS_YR":0,"GOV_TYPE":"Sub-national ministry or agency","_label":"Burgo","_status_group":"other","_states":["Yobe"]},"geometry":{"type":"Polygon","coordinates":[[[12.3066,12.62968],[12.30161,12.65102],[12.32257,12.65181],[12.32,12.63028],[12.3066,12.62968]]]}},{"type":"Feature","properties":{"NAME":"Burra North","DESIG_ENG":"Forest Reserve","IUCN_CAT":"Not Reported","GIS_AREA":5.135448,"STATUS":"Designated","STATUS_YR":0,"GOV_TYPE":"Sub-national ministry or agency","_label":"Burra North","_status_group":"other","_states":["Niger"]},"geometry":{"type":"Polygon","coordinates":[[[7.20909,9.39746],[7.19491,9.39067],[7.17958,9.39399],[7.18799,9.41616],[7.20043,9.41384],[7.20909,9.39746]]]}},{"type":"Feature","properties":{"NAME":"Burra West","DESIG_ENG":"Forest Reserve","IUCN_CAT":"Not Reported","GIS_AREA":166.195261,"STATUS":"Designated","STATUS_YR":0,"GOV_TYPE":"Sub-national ministry or agency","_label":"Burra West","_status_group":"other","_states":["Bauchi"]},"geometry":{"type":"Polygon","coordinates":[[[8.89499,10.99096],[8.89865,10.97647],[8.88667,10.95848],[8.91276,10.93274],[8.92002,10.90424],[8.94919,10.8878],[8.95349,10.87328],[8.91355,10.85287],[8.87783,10.88088],[8.84614,10.87789],[8.82766,10.86579],[8.79066,10.91633],[8.79785,10.96514],[8.84492,10.993],[8.89499,10.99096]]]}},{"type":"Feature","properties":{"NAME":"Busta","DESIG_ENG":"Forest Reserve","IUCN_CAT":"Not Reported","GIS_AREA":18.976128,"STATUS":"Designated","STATUS_YR":0,"GOV_TYPE":"Sub-national ministry or agency","_label":"Busta","_status_group":"other","_states":["Katsina"]},"geometry":{"type":"Polygon","coordinates":[[[7.85687,12.49094],[7.8674,12.47365],[7.80295,12.47198],[7.76931,12.45949],[7.75393,12.48289],[7.77795,12.47703],[7.78024,12.48779],[7.78522,12.48266],[7.79735,12.48949],[7.84444,12.48123],[7.85687,12.49094]]]}},{"type":"Feature","properties":{"NAME":"Cece","DESIG_ENG":"Forest Reserve","IUCN_CAT":"Not Reported","GIS_AREA":19.202768,"STATUS":"Designated","STATUS_YR":0,"GOV_TYPE":"Sub-national ministry or agency","_label":"Cece","_status_group":"other","_states":["Niger"]},"geometry":{"type":"Polygon","coordinates":[[[6.56802,9.13389],[6.58668,9.08272],[6.57188,9.07935],[6.56978,9.09628],[6.54621,9.09948],[6.53632,9.11404],[6.55114,9.13197],[6.56802,9.13389]]]}},{"type":"Feature","properties":{"NAME":"Central Shendam","DESIG_ENG":"Forest Reserve","IUCN_CAT":"Not Reported","GIS_AREA":147.39875,"STATUS":"Designated","STATUS_YR":0,"GOV_TYPE":"Sub-national ministry or agency","_label":"Central Shendam","_status_group":"other","_states":["Plateau"]},"geometry":{"type":"Polygon","coordinates":[[[9.59798,8.76799],[9.60418,8.73587],[9.62647,8.74001],[9.63996,8.76715],[9.66552,8.75566],[9.6738,8.72833],[9.66326,8.69473],[9.64917,8.70918],[9.65872,8.67545],[9.6476,8.59226],[9.62642,8.5872],[9.61916,8.57062],[9.60864,8.61534],[9.59529,8.63355],[9.61995,8.66464],[9.59667,8.69876],[9.57704,8.69641],[9.55474,8.70531],[9.54053,8.7399],[9.57817,8.76923],[9.59798,8.76799]]]}},{"type":"Feature","properties":{"NAME":"Central Wase","DESIG_ENG":"Forest Reserve","IUCN_CAT":"Not Reported","GIS_AREA":382.213341,"STATUS":"Designated","STATUS_YR":0,"GOV_TYPE":"Sub-national ministry or agency","_label":"Central Wase","_status_group":"other","_states":["Plateau","Taraba"]},"geometry":{"type":"Polygon","coordinates":[[[10.17082,9.0051],[10.21896,9.00797],[10.23751,9.00144],[10.22781,8.95878],[10.19778,8.94662],[10.1915,8.92983],[10.19826,8.91294],[10.25437,8.87839],[10.27079,8.8595],[10.28342,8.80139],[10.25806,8.77296],[10.24172,8.77454],[10.18913,8.81436],[10.14562,8.8253],[10.14108,8.83763],[10.15301,8.86718],[10.14417,8.88649],[10.12344,8.88795],[10.09023,8.87468],[10.06538,8.88017],[10.06824,8.91991],[10.05678,8.95033],[10.05703,8.99902],[10.0645,9.01118],[10.09689,9.03016],[10.17082,9.0051]]]}},{"type":"Feature","properties":{"NAME":"Chad Basin","DESIG_ENG":"National Park","IUCN_CAT":"II","STATUS":"Designated","STATUS_YR":1991,"GOV_TYPE":"Federal or national ministry or agency","_label":"Chad Basin","_status_group":"other","_year":1991,"_year_label":"Designation/status year","_states":["Borno"]},"geometry":{"type":"Point","coordinates":[14.2,12.345]}},{"type":"Feature","properties":{"NAME":"Chihurma","DESIG_ENG":"Forest Reserve","IUCN_CAT":"Not Reported","GIS_AREA":1.300088,"STATUS":"Designated","STATUS_YR":0,"GOV_TYPE":"Sub-national ministry or agency","_label":"Chihurma","_status_group":"other","_states":["Abuja Federal Capital Territory"]},"geometry":{"type":"Polygon","coordinates":[[[7.54176,9.31364],[7.53364,9.317],[7.53573,9.32451],[7.54316,9.32323],[7.54176,9.31364]]]}},{"type":"Feature","properties":{"NAME":"Chikwei","DESIG_ENG":"Forest Reserve","IUCN_CAT":"Not Reported","GIS_AREA":1.320128,"STATUS":"Designated","STATUS_YR":0,"GOV_TYPE":"Sub-national ministry or agency","_label":"Chikwei","_status_group":"other","_states":["Abuja Federal Capital Territory"]},"geometry":{"type":"Polygon","coordinates":[[[7.5957,9.36116],[7.58763,9.36395],[7.59211,9.37197],[7.59919,9.37017],[7.5957,9.36116]]]}},{"type":"Feature","properties":{"NAME":"Chinade","DESIG_ENG":"Forest Reserve","IUCN_CAT":"Not Reported","GIS_AREA":11.845559,"STATUS":"Designated","STATUS_YR":0,"GOV_TYPE":"Sub-national ministry or agency","_label":"Chinade","_status_group":"other","_states":["Bauchi"]},"geometry":{"type":"Polygon","coordinates":[[[10.47842,11.58371],[10.47722,11.5539],[10.49772,11.55776],[10.48114,11.53463],[10.47363,11.55108],[10.44727,11.5615],[10.47842,11.58371]]]}},{"type":"Feature","properties":{"NAME":"Chokochoko","DESIG_ENG":"Forest Reserve","IUCN_CAT":"Not Reported","GIS_AREA":173.29679,"STATUS":"Designated","STATUS_YR":0,"GOV_TYPE":"Sub-national ministry or agency","_label":"Chokochoko","_status_group":"other","_states":["Kogi"]},"geometry":{"type":"Polygon","coordinates":[[[6.39008,7.92648],[6.34339,7.87688],[6.33041,7.84515],[6.33725,7.82958],[6.32427,7.81781],[6.21637,7.81408],[6.20185,7.82584],[6.20088,7.85897],[6.19127,7.88266],[6.20146,7.89157],[6.28085,7.92063],[6.3247,7.91746],[6.38248,7.92853],[6.39008,7.92648]]]}},{"type":"Feature","properties":{"NAME":"Cross River","DESIG_ENG":"National Park","IUCN_CAT":"II","GIS_AREA":3296.871435,"STATUS":"Designated","STATUS_YR":1991,"GOV_TYPE":"Federal or national ministry or agency","_label":"Cross River","_status_group":"other","_year":1991,"_year_label":"Designation/status year","_states":["Cross River"]},"geometry":{"type":"MultiPolygon","coordinates":[[[[8.85904,5.75495],[8.82731,5.71265],[8.81554,5.71671],[8.82697,5.68484],[8.78423,5.67579],[8.77245,5.65956],[8.78301,5.58225],[8.79708,5.56499],[8.84074,5.57329],[8.84651,5.59848],[8.82691,5.66088],[8.83448,5.67333],[8.8517,5.66531],[8.86356,5.64069],[8.89942,5.60939],[8.90514,5.59313],[8.90499,5.57281],[8.83607,5.44436],[8.84159,5.42113],[8.81767,5.29676],[8.81653,5.1874],[8.77363,5.11795],[8.67394,5.09592],[8.64652,5.1325],[8.57649,5.13754],[8.57356,5.2271],[8.60563,5.2335],[8.63853,5.25151],[8.63667,5.31781],[8.69291,5.35191],[8.69295,5.40724],[8.70364,5.44398],[8.74252,5.50357],[8.73645,5.50775],[8.69742,5.48915],[8.61213,5.47252],[8.55253,5.3893],[8.56227,5.35364],[8.51462,5.35223],[8.47127,5.31591],[8.45179,5.3353],[8.45508,5.37898],[8.43644,5.41134],[8.40271,5.43433],[8.31052,5.46219],[8.31014,5.64249],[8.34758,5.64336],[8.35461,5.66102],[8.39817,5.66113],[8.40112,5.67884],[8.41001,5.68214],[8.44471,5.68167],[8.44508,5.70966],[8.4627,5.70396],[8.45896,5.73064],[8.48076,5.7324],[8.48516,5.75692],[8.54979,5.75538],[8.5871,5.746],[8.7395,5.74261],[8.76134,5.74778],[8.84023,5.81954],[8.86679,5.79591],[8.84995,5.76574],[8.85904,5.75495]],[[8.7557,5.52664],[8.77577,5.54889],[8.74569,5.59026],[8.7295,5.54882],[8.7557,5.52664]]],[[[9.34751,6.43271],[9.35387,6.36373],[9.3046,6.3425],[9.31032,6.3063],[9.35141,6.30562],[9.29501,6.20782],[9.17212,6.1111],[9.17705,6.12718],[9.15174,6.14949],[9.15518,6.1081],[9.16869,6.10852],[9.14124,6.08622],[9.1357,6.11754],[9.0934,6.11749],[9.08623,6.12339],[9.07108,6.14507],[9.07406,6.16103],[9.08819,6.17687],[9.09011,6.19699],[9.13193,6.26392],[9.13663,6.28464],[9.15808,6.3103],[9.16185,6.34122],[9.21224,6.44372],[9.24722,6.42466],[9.25467,6.39913],[9.27121,6.4416],[9.2966,6.46688],[9.32695,6.45665],[9.34751,6.43271]],[[9.20648,6.26721],[9.21629,6.26726],[9.21959,6.29941],[9.2374,6.34229],[9.18929,6.33315],[9.19382,6.28984],[9.20648,6.26721]],[[9.24069,6.30367],[9.25325,6.26861],[9.26838,6.28217],[9.30195,6.26621],[9.31368,6.27541],[9.30116,6.28356],[9.28939,6.33404],[9.24004,6.32806],[9.24069,6.30367]]]]}},{"type":"Feature","properties":{"NAME":"Cross River (Oban Division)","DESIG_ENG":"National Park","IUCN_CAT":"Not Reported","STATUS":"Designated","STATUS_YR":1988,"GOV_TYPE":"Federal or national ministry or agency","_label":"Cross River (Oban Division)","_status_group":"other","_year":1988,"_year_label":"Designation/status year","_states":["Cross River"]},"geometry":{"type":"Point","coordinates":[8.55,5.3333]}},{"type":"Feature","properties":{"NAME":"Cross River North","DESIG_ENG":"Forest Reserve","IUCN_CAT":"Not Reported","GIS_AREA":166.639743,"STATUS":"Designated","STATUS_YR":0,"GOV_TYPE":"Sub-national ministry or agency","_label":"Cross River North","_status_group":"other","_states":["Cross River"]},"geometry":{"type":"Polygon","coordinates":[[[8.85574,5.80525],[8.83612,5.79099],[8.7968,5.79009],[8.77462,5.7793],[8.74776,5.79098],[8.72565,5.78671],[8.71786,5.80062],[8.70035,5.80577],[8.69748,5.83395],[8.73875,5.84645],[8.75655,5.8775],[8.76884,5.8797],[8.78821,5.89998],[8.83559,5.91896],[8.85031,5.90907],[8.84202,5.88113],[8.85386,5.8343],[8.83964,5.81954],[8.85574,5.80525]]]}},{"type":"Feature","properties":{"NAME":"Cross River South","DESIG_ENG":"Forest Reserve","IUCN_CAT":"Not Reported","GIS_AREA":805.892481,"STATUS":"Designated","STATUS_YR":0,"GOV_TYPE":"Sub-national ministry or agency","_label":"Cross River South","_status_group":"other","_states":["Cross River"]},"geometry":{"type":"Polygon","coordinates":[[[8.39959,5.93738],[8.41438,5.88627],[8.4378,5.88328],[8.44067,5.89258],[8.45028,5.89107],[8.45547,5.9073],[8.46692,5.90725],[8.49944,5.87185],[8.55554,5.8348],[8.57644,5.839],[8.58334,5.84809],[8.59969,5.84489],[8.6063,5.83553],[8.61548,5.83795],[8.62042,5.82892],[8.67573,5.83833],[8.70093,5.82147],[8.70035,5.80577],[8.71786,5.80062],[8.72565,5.78671],[8.74776,5.79098],[8.76968,5.77881],[8.7968,5.79009],[8.83612,5.79099],[8.85574,5.80525],[8.86645,5.7903],[8.84936,5.76574],[8.85756,5.75042],[8.82672,5.71265],[8.81607,5.71875],[8.81887,5.69253],[8.80151,5.66285],[8.50787,5.76503],[8.50607,5.8109],[8.45983,5.83256],[8.45318,5.85771],[8.44066,5.8656],[8.42413,5.86113],[8.40618,5.84322],[8.4308,5.80283],[8.42336,5.77794],[8.2962,5.68938],[8.24318,5.68253],[8.22527,5.77405],[8.23106,5.79691],[8.24847,5.81701],[8.27547,5.80257],[8.29351,5.80411],[8.30033,5.81631],[8.29406,5.85663],[8.30836,5.85901],[8.31976,5.84685],[8.34712,5.85628],[8.36399,5.81469],[8.38871,5.83321],[8.38687,5.90157],[8.35302,5.90796],[8.33854,5.93676],[8.39959,5.93738]]]}},{"type":"Feature","properties":{"NAME":"Dabaga","DESIG_ENG":"Forest Reserve","IUCN_CAT":"Not Reported","GIS_AREA":114.277146,"STATUS":"Designated","STATUS_YR":0,"GOV_TYPE":"Sub-national ministry or agency","_label":"Dabaga","_status_group":"other","_states":["Sokoto"]},"geometry":{"type":"Polygon","coordinates":[[[5.42382,12.68646],[5.42041,12.66111],[5.36932,12.66737],[5.35855,12.78229],[5.4305,12.82871],[5.44383,12.81135],[5.40077,12.78421],[5.43822,12.74117],[5.4418,12.69529],[5.42382,12.68646]]]}},{"type":"Feature","properties":{"NAME":"Dabamsame","DESIG_ENG":"Forest Reserve","IUCN_CAT":"Not Reported","GIS_AREA":22.314668,"STATUS":"Designated","STATUS_YR":0,"GOV_TYPE":"Sub-national ministry or agency","_label":"Dabamsame","_status_group":"other","_states":["Niger"]},"geometry":{"type":"Polygon","coordinates":[[[5.17236,11.1195],[5.13717,11.12534],[5.11415,11.13998],[5.10991,11.15381],[5.18443,11.1409],[5.18277,11.12695],[5.17236,11.1195]]]}},{"type":"Feature","properties":{"NAME":"Dabira","DESIG_ENG":"Forest Reserve","IUCN_CAT":"Not Reported","GIS_AREA":28.755174,"STATUS":"Designated","STATUS_YR":0,"GOV_TYPE":"Sub-national ministry or agency","_label":"Dabira","_status_group":"other","_states":["Borno"]},"geometry":{"type":"Polygon","coordinates":[[[12.52036,12.48339],[12.46691,12.58035],[12.48268,12.58862],[12.53531,12.49678],[12.52036,12.48339]]]}},{"type":"Feature","properties":{"NAME":"Dadingel","DESIG_ENG":"Forest Reserve","IUCN_CAT":"Not Reported","GIS_AREA":11.697201,"STATUS":"Designated","STATUS_YR":0,"GOV_TYPE":"Sub-national ministry or agency","_label":"Dadingel","_status_group":"other","_states":["Yobe"]},"geometry":{"type":"Polygon","coordinates":[[[12.18158,11.52655],[12.14836,11.52373],[12.12853,11.54274],[12.14044,11.54921],[12.15796,11.54537],[12.18158,11.52655]]]}},{"type":"Feature","properties":{"NAME":"Dagida","DESIG_ENG":"Game Reserve","IUCN_CAT":"IV","GIS_AREA":364.675414,"STATUS":"Designated","STATUS_YR":1971,"GOV_TYPE":"Sub-national ministry or agency","_label":"Dagida","_status_group":"other","_year":1971,"_year_label":"Designation/status year","_states":["Niger"]},"geometry":{"type":"Polygon","coordinates":[[[5.44303,9.72925],[5.52961,9.70506],[5.53503,9.71985],[5.61175,9.69718],[5.5815,9.57911],[5.48147,9.55332],[5.50268,9.61343],[5.33625,9.66722],[5.33683,9.70349],[5.37732,9.76565],[5.44664,9.74827],[5.44303,9.72925]]]}},{"type":"Feature","properties":{"NAME":"Dagidda","DESIG_ENG":"Forest Reserve","IUCN_CAT":"Not Reported","GIS_AREA":302.544158,"STATUS":"Designated","STATUS_YR":0,"GOV_TYPE":"Sub-national ministry or agency","_label":"Dagidda","_status_group":"other","_states":["Niger"]},"geometry":{"type":"Polygon","coordinates":[[[5.53846,9.67244],[5.54809,9.64088],[5.54369,9.55964],[5.51418,9.5308],[5.50046,9.52709],[5.47804,9.53898],[5.44855,9.52444],[5.41767,9.52484],[5.38319,9.54222],[5.35008,9.57894],[5.34904,9.59058],[5.37314,9.61659],[5.39782,9.67491],[5.45316,9.66842],[5.50771,9.68597],[5.52648,9.68456],[5.53846,9.67244]]]}},{"type":"Feature","properties":{"NAME":"Dagona","DESIG_ENG":"Game Reserve","IUCN_CAT":"Not Reported","STATUS":"Designated","STATUS_YR":0,"GOV_TYPE":"Sub-national ministry or agency","_label":"Dagona","_status_group":"other","_states":["Yobe"]},"geometry":{"type":"Point","coordinates":[10.75,12.67]}},{"type":"Feature","properties":{"NAME":"Dagona Sanctuary Lake","DESIG_ENG":"Wetland of International Importance (Ramsar Site)","IUCN_CAT":"II","GIS_AREA":3.443548,"STATUS":"Designated","STATUS_YR":2008,"GOV_TYPE":"Not Reported","_label":"Dagona Sanctuary Lake","_status_group":"other","_year":2008,"_year_label":"Designation/status year","_states":["Yobe"]},"geometry":{"type":"Polygon","coordinates":[[[10.73421,12.80994],[10.74833,12.82685],[10.75803,12.82617],[10.74391,12.80841],[10.73421,12.80994]]]}},{"type":"Feature","properties":{"NAME":"Dajina","DESIG_ENG":"Forest Reserve","IUCN_CAT":"Not Reported","GIS_AREA":8.053287,"STATUS":"Designated","STATUS_YR":0,"GOV_TYPE":"Sub-national ministry or agency","_label":"Dajina","_status_group":"other","_states":["Yobe"]},"geometry":{"type":"Polygon","coordinates":[[[12.29989,12.83391],[12.27205,12.8362],[12.26868,12.84427],[12.30436,12.85268],[12.31232,12.84288],[12.29989,12.83391]]]}},{"type":"Feature","properties":{"NAME":"Dakka","DESIG_ENG":"Forest Reserve","IUCN_CAT":"Not Reported","GIS_AREA":61.700373,"STATUS":"Designated","STATUS_YR":0,"GOV_TYPE":"Sub-national ministry or agency","_label":"Dakka","_status_group":"other","_states":["Taraba"]},"geometry":{"type":"Polygon","coordinates":[[[11.55887,8.38523],[11.52945,8.38901],[11.51461,8.41303],[11.48509,8.42281],[11.48584,8.44096],[11.53861,8.44967],[11.58519,8.44094],[11.58861,8.40888],[11.55887,8.38523]]]}},{"type":"Feature","properties":{"NAME":"Dalli","DESIG_ENG":"Forest Reserve","IUCN_CAT":"Not Reported","GIS_AREA":4.381411,"STATUS":"Designated","STATUS_YR":0,"GOV_TYPE":"Sub-national ministry or agency","_label":"Dalli","_status_group":"other","_states":["Niger"]},"geometry":{"type":"Polygon","coordinates":[[[6.01017,9.41364],[6.0207,9.41005],[6.01426,9.39821],[6.00173,9.40636],[6.00457,9.42787],[6.01017,9.41364]]]}},{"type":"Feature","properties":{"NAME":"Dam Makama","DESIG_ENG":"Forest Reserve","IUCN_CAT":"Not Reported","GIS_AREA":1.829858,"STATUS":"Designated","STATUS_YR":0,"GOV_TYPE":"Sub-national ministry or agency","_label":"Dam Makama","_status_group":"other","_states":["Jigawa"]},"geometry":{"type":"Polygon","coordinates":[[[9.28553,12.80452],[9.27334,12.8053],[9.27589,12.81636],[9.28856,12.81166],[9.28553,12.80452]]]}},{"type":"Feature","properties":{"NAME":"Damakuli","DESIG_ENG":"Forest Reserve","IUCN_CAT":"Not Reported","GIS_AREA":7.718777,"STATUS":"Designated","STATUS_YR":0,"GOV_TYPE":"Sub-national ministry or agency","_label":"Damakuli","_status_group":"other","_states":["Borno"]},"geometry":{"type":"Polygon","coordinates":[[[13.4278,12.27729],[13.39279,12.3026],[13.39503,12.31143],[13.42601,12.29592],[13.43267,12.28748],[13.4278,12.27729]]]}},{"type":"Feature","properties":{"NAME":"Damangu","DESIG_ENG":"Forest Reserve","IUCN_CAT":"Not Reported","GIS_AREA":32.418859,"STATUS":"Designated","STATUS_YR":0,"GOV_TYPE":"Sub-national ministry or agency","_label":"Damangu","_status_group":"other","_states":["Katsina"]},"geometry":{"type":"Polygon","coordinates":[[[7.90606,12.99593],[7.92949,12.99456],[7.91495,12.98103],[7.92869,12.96359],[7.91994,12.94712],[7.93029,12.92882],[7.93691,12.9272],[7.9439,12.94369],[7.96001,12.94664],[7.94146,12.91076],[7.92505,12.90981],[7.88833,12.96142],[7.89491,12.97618],[7.86779,12.98714],[7.88924,12.99279],[7.90551,12.97863],[7.90606,12.99593]]]}},{"type":"Feature","properties":{"NAME":"Damasak","DESIG_ENG":"Forest Reserve","IUCN_CAT":"Not Reported","GIS_AREA":23.152962,"STATUS":"Designated","STATUS_YR":0,"GOV_TYPE":"Sub-national ministry or agency","_label":"Damasak","_status_group":"other","_states":["Borno"]},"geometry":{"type":"MultiPolygon","coordinates":[[[[12.6146,13.11692],[12.60695,13.12482],[12.61266,13.14078],[12.60572,13.16637],[12.6126,13.17968],[12.6253,13.1833],[12.63477,13.16637],[12.6146,13.11692]]],[[[12.62354,13.21321],[12.60854,13.22069],[12.60784,13.23659],[12.6196,13.24863],[12.63336,13.22341],[12.62354,13.21321]]]]}},{"type":"Feature","properties":{"NAME":"Damboa","DESIG_ENG":"Forest Reserve","IUCN_CAT":"Not Reported","GIS_AREA":93.864975,"STATUS":"Designated","STATUS_YR":0,"GOV_TYPE":"Sub-national ministry or agency","_label":"Damboa","_status_group":"other","_states":["Borno"]},"geometry":{"type":"Polygon","coordinates":[[[12.8542,11.10637],[12.84428,11.10571],[12.82582,11.07092],[12.7968,11.06626],[12.78461,11.05256],[12.74793,11.06422],[12.73686,11.08476],[12.75525,11.09236],[12.76691,11.14469],[12.8118,11.16259],[12.85512,11.12219],[12.8542,11.10637]]]}},{"type":"Feature","properties":{"NAME":"Damri","DESIG_ENG":"Forest Reserve","IUCN_CAT":"Not Reported","GIS_AREA":172.593833,"STATUS":"Designated","STATUS_YR":0,"GOV_TYPE":"Sub-national ministry or agency","_label":"Damri","_status_group":"other","_states":["Sokoto","Zamfara"]},"geometry":{"type":"Polygon","coordinates":[[[5.81615,12.42466],[5.82119,12.39493],[5.80493,12.36205],[5.79397,12.36203],[5.79018,12.37837],[5.73539,12.39998],[5.72302,12.42745],[5.71116,12.42316],[5.71022,12.39802],[5.7455,12.33032],[5.71568,12.32441],[5.70776,12.33633],[5.64977,12.334],[5.64974,12.46381],[5.71151,12.46669],[5.72357,12.45039],[5.81615,12.42466]]]}},{"type":"Feature","properties":{"NAME":"Dan Babba","DESIG_ENG":"Forest Reserve","IUCN_CAT":"Not Reported","GIS_AREA":5.857374,"STATUS":"Designated","STATUS_YR":0,"GOV_TYPE":"Sub-national ministry or agency","_label":"Dan Babba","_status_group":"other","_states":["Katsina"]},"geometry":{"type":"Polygon","coordinates":[[[7.89755,13.28595],[7.88873,13.28465],[7.86231,13.30202],[7.892,13.3066],[7.89755,13.28595]]]}},{"type":"Feature","properties":{"NAME":"Dan Gagi","DESIG_ENG":"Forest Reserve","IUCN_CAT":"Not Reported","GIS_AREA":8.554675,"STATUS":"Designated","STATUS_YR":0,"GOV_TYPE":"Sub-national ministry or agency","_label":"Dan Gagi","_status_group":"other","_states":["Katsina"]},"geometry":{"type":"Polygon","coordinates":[[[8.72458,12.76622],[8.71445,12.7697],[8.70931,12.78321],[8.72257,12.79958],[8.73807,12.78201],[8.72458,12.76622]]]}},{"type":"Feature","properties":{"NAME":"Dan Kabba","DESIG_ENG":"Forest Reserve","IUCN_CAT":"Not Reported","GIS_AREA":3.599982,"STATUS":"Designated","STATUS_YR":0,"GOV_TYPE":"Sub-national ministry or agency","_label":"Dan Kabba","_status_group":"other","_states":["Katsina"]},"geometry":{"type":"Polygon","coordinates":[[[7.7231,13.22407],[7.72344,13.20869],[7.70284,13.21125],[7.70611,13.22124],[7.7231,13.22407]]]}},{"type":"Feature","properties":{"NAME":"Dan Kulili","DESIG_ENG":"Forest Reserve","IUCN_CAT":"Not Reported","GIS_AREA":4.02489,"STATUS":"Designated","STATUS_YR":0,"GOV_TYPE":"Sub-national ministry or agency","_label":"Dan Kulili","_status_group":"other","_states":["Jigawa"]},"geometry":{"type":"Polygon","coordinates":[[[9.26058,12.79803],[9.24669,12.798],[9.24418,12.81751],[9.25684,12.81782],[9.26058,12.79803]]]}},{"type":"Feature","properties":{"NAME":"Dandadu","DESIG_ENG":"Forest Reserve","IUCN_CAT":"Not Reported","GIS_AREA":35.331963,"STATUS":"Designated","STATUS_YR":0,"GOV_TYPE":"Sub-national ministry or agency","_label":"Dandadu","_status_group":"other","_states":["Gombe"]},"geometry":{"type":"Polygon","coordinates":[[[10.98779,10.25484],[11.04491,10.266],[11.04913,10.28566],[11.08322,10.25139],[11.04654,10.21539],[10.98779,10.25484]]]}},{"type":"Feature","properties":{"NAME":"Danganagi","DESIG_ENG":"Forest Reserve","IUCN_CAT":"Not Reported","GIS_AREA":7.972036,"STATUS":"Designated","STATUS_YR":0,"GOV_TYPE":"Sub-national ministry or agency","_label":"Danganagi","_status_group":"other","_states":["Niger"]},"geometry":{"type":"Polygon","coordinates":[[[6.60355,9.0018],[6.59649,9.00392],[6.59976,9.0184],[6.61191,9.03636],[6.62357,9.03912],[6.62586,9.02339],[6.60355,9.0018]]]}},{"type":"Feature","properties":{"NAME":"Danguwa","DESIG_ENG":"Forest Reserve","IUCN_CAT":"Not Reported","GIS_AREA":3.756468,"STATUS":"Designated","STATUS_YR":0,"GOV_TYPE":"Sub-national ministry or agency","_label":"Danguwa","_status_group":"other","_states":["Kaduna"]},"geometry":{"type":"Polygon","coordinates":[[[8.28535,9.34817],[8.28209,9.33384],[8.26062,9.33669],[8.27648,9.35367],[8.28535,9.34817]]]}},{"type":"Feature","properties":{"NAME":"Dankaiwa","DESIG_ENG":"Forest Reserve","IUCN_CAT":"Not Reported","GIS_AREA":579.28115,"STATUS":"Designated","STATUS_YR":0,"GOV_TYPE":"Sub-national ministry or agency","_label":"Dankaiwa","_status_group":"other","_states":["Sokoto","Zamfara"]},"geometry":{"type":"Polygon","coordinates":[[[5.95989,12.9331],[5.97899,12.91828],[6.03067,12.92057],[6.07747,12.85371],[6.1265,12.8271],[6.13837,12.74556],[6.13225,12.69492],[6.09167,12.69661],[6.05695,12.73073],[6.02154,12.74357],[5.92447,12.73129],[5.90407,12.75535],[5.9155,12.77415],[5.80812,12.87729],[5.83655,12.91182],[5.83658,12.96364],[5.87246,12.93304],[5.95989,12.9331]]]}},{"type":"Feature","properties":{"NAME":"Dansosia","DESIG_ENG":"Forest Reserve","IUCN_CAT":"Not Reported","GIS_AREA":61.325273,"STATUS":"Designated","STATUS_YR":0,"GOV_TYPE":"Sub-national ministry or agency","_label":"Dansosia","_status_group":"other","_states":["Kano"]},"geometry":{"type":"Polygon","coordinates":[[[8.0983,11.61452],[8.13462,11.6107],[8.13979,11.59202],[8.12565,11.58144],[8.12801,11.57145],[8.14149,11.56813],[8.13904,11.52509],[8.09101,11.52389],[8.07214,11.50735],[8.06051,11.52074],[8.08381,11.53555],[8.07247,11.55447],[8.0983,11.61452]]]}},{"type":"Feature","properties":{"NAME":"Dapchi","DESIG_ENG":"Forest Reserve","IUCN_CAT":"Not Reported","GIS_AREA":335.91958,"STATUS":"Designated","STATUS_YR":0,"GOV_TYPE":"Sub-national ministry or agency","_label":"Dapchi","_status_group":"other","_states":["Yobe"]},"geometry":{"type":"Polygon","coordinates":[[[11.44051,12.72432],[11.48437,12.72844],[11.4886,12.6925],[11.54687,12.67682],[11.5641,12.68113],[11.59772,12.65489],[11.59079,12.61578],[11.56815,12.57932],[11.5408,12.5577],[11.52297,12.53108],[11.49791,12.51836],[11.38992,12.64118],[11.37838,12.6684],[11.36624,12.67179],[11.37698,12.7313],[11.40974,12.72318],[11.42955,12.7407],[11.44051,12.72432]]]}},{"type":"Feature","properties":{"NAME":"Dargazu","DESIG_ENG":"Forest Reserve","IUCN_CAT":"Not Reported","GIS_AREA":17.86563,"STATUS":"Designated","STATUS_YR":0,"GOV_TYPE":"Sub-national ministry or agency","_label":"Dargazu","_status_group":"other","_states":["Niger"]},"geometry":{"type":"Polygon","coordinates":[[[6.69389,9.64588],[6.68273,9.60891],[6.65166,9.60737],[6.6562,9.62084],[6.64223,9.64122],[6.64714,9.64858],[6.65878,9.64747],[6.66844,9.63334],[6.67494,9.64622],[6.6872,9.65065],[6.69389,9.64588]]]}},{"type":"Feature","properties":{"NAME":"Dasun","DESIG_ENG":"Forest Reserve","IUCN_CAT":"Not Reported","GIS_AREA":56.40735,"STATUS":"Designated","STATUS_YR":0,"GOV_TYPE":"Sub-national ministry or agency","_label":"Dasun","_status_group":"other","_states":["Niger"]},"geometry":{"type":"Polygon","coordinates":[[[5.62861,9.33132],[5.56469,9.37532],[5.56803,9.43397],[5.6021,9.42206],[5.63199,9.38761],[5.64007,9.36722],[5.62861,9.33132]]]}},{"type":"Feature","properties":{"NAME":"Datsinudara","DESIG_ENG":"Forest Reserve","IUCN_CAT":"Not Reported","GIS_AREA":13.008552,"STATUS":"Designated","STATUS_YR":0,"GOV_TYPE":"Sub-national ministry or agency","_label":"Datsinudara","_status_group":"other","_states":["Niger"]},"geometry":{"type":"Polygon","coordinates":[[[5.4823,10.47232],[5.46013,10.48808],[5.47692,10.52112],[5.49718,10.49226],[5.4823,10.47232]]]}},{"type":"Feature","properties":{"NAME":"Daura","DESIG_ENG":"Forest Reserve","IUCN_CAT":"Not Reported","GIS_AREA":11.300622,"STATUS":"Designated","STATUS_YR":0,"GOV_TYPE":"Sub-national ministry or agency","_label":"Daura","_status_group":"other","_states":["Katsina"]},"geometry":{"type":"Polygon","coordinates":[[[8.30165,13.00633],[8.32803,12.99501],[8.31484,12.98963],[8.32407,12.96853],[8.29239,12.97835],[8.29242,13.01874],[8.28558,13.02542],[8.29656,13.02433],[8.30165,13.00633]]]}},{"type":"Feature","properties":{"NAME":"Dawaki","DESIG_ENG":"Forest Reserve","IUCN_CAT":"Not Reported","GIS_AREA":7.147033,"STATUS":"Designated","STATUS_YR":0,"GOV_TYPE":"Sub-national ministry or agency","_label":"Dawaki","_status_group":"other","_states":["Kaduna"]},"geometry":{"type":"Polygon","coordinates":[[[8.43625,9.65977],[8.41118,9.65256],[8.4008,9.67086],[8.43225,9.67131],[8.43625,9.65977]]]}},{"type":"Feature","properties":{"NAME":"Dawan Allah","DESIG_ENG":"Forest Reserve","IUCN_CAT":"Not Reported","GIS_AREA":27.929138,"STATUS":"Designated","STATUS_YR":0,"GOV_TYPE":"Sub-national ministry or agency","_label":"Dawan Allah","_status_group":"other","_states":["Katsina"]},"geometry":{"type":"Polygon","coordinates":[[[7.76322,13.23738],[7.79617,13.23489],[7.83204,13.21534],[7.82677,13.16489],[7.81105,13.17004],[7.79823,13.2076],[7.76859,13.21494],[7.76322,13.23738]]]}},{"type":"Feature","properties":{"NAME":"Dayi","DESIG_ENG":"Forest Reserve","IUCN_CAT":"Not Reported","GIS_AREA":8.480988,"STATUS":"Designated","STATUS_YR":0,"GOV_TYPE":"Sub-national ministry or agency","_label":"Dayi","_status_group":"other","_states":["Katsina"]},"geometry":{"type":"Polygon","coordinates":[[[7.66411,11.99261],[7.66874,11.9624],[7.64581,11.95618],[7.63291,11.97675],[7.64932,11.97405],[7.66411,11.99261]]]}},{"type":"Feature","properties":{"NAME":"Dayigora","DESIG_ENG":"Forest Reserve","IUCN_CAT":"Not Reported","GIS_AREA":7.289338,"STATUS":"Designated","STATUS_YR":0,"GOV_TYPE":"Sub-national ministry or agency","_label":"Dayigora","_status_group":"other","_states":["Katsina"]},"geometry":{"type":"Polygon","coordinates":[[[7.68965,11.94665],[7.70028,11.95143],[7.68698,11.93095],[7.67494,11.9248],[7.66446,11.93014],[7.67706,11.9576],[7.68965,11.94665]]]}},{"type":"Feature","properties":{"NAME":"Dekina","DESIG_ENG":"Forest Reserve","IUCN_CAT":"Not Reported","GIS_AREA":75.431239,"STATUS":"Designated","STATUS_YR":0,"GOV_TYPE":"Sub-national ministry or agency","_label":"Dekina","_status_group":"other","_states":["Kogi"]},"geometry":{"type":"Polygon","coordinates":[[[7.25713,7.73477],[7.22572,7.72609],[7.20955,7.68084],[7.20251,7.67869],[7.1833,7.73972],[7.1548,7.75615],[7.1776,7.77202],[7.25912,7.79148],[7.2695,7.78043],[7.25713,7.73477]]]}},{"type":"Feature","properties":{"NAME":"Demsa","DESIG_ENG":"Forest Reserve","IUCN_CAT":"Not Reported","GIS_AREA":3.062833,"STATUS":"Designated","STATUS_YR":0,"GOV_TYPE":"Sub-national ministry or agency","_label":"Demsa","_status_group":"other","_states":["Adamawa"]},"geometry":{"type":"Polygon","coordinates":[[[12.16962,9.40014],[12.15894,9.40952],[12.16187,9.41893],[12.17663,9.41275],[12.16962,9.40014]]]}},{"type":"Feature","properties":{"NAME":"Dende","DESIG_ENG":"Forest Reserve","IUCN_CAT":"Not Reported","GIS_AREA":343.578697,"STATUS":"Designated","STATUS_YR":0,"GOV_TYPE":"Sub-national ministry or agency","_label":"Dende","_status_group":"other","_states":["Kebbi"]},"geometry":{"type":"Polygon","coordinates":[[[3.79944,12.15672],[3.82596,12.12531],[3.81644,12.06455],[3.82794,12.05663],[3.84152,12.01968],[3.88447,11.96384],[3.86138,11.94488],[3.7845,11.94923],[3.77622,11.96173],[3.76122,11.95153],[3.7662,11.99734],[3.74112,11.97869],[3.66793,11.98029],[3.65188,12.04819],[3.71281,12.06396],[3.7031,12.13752],[3.7552,12.15328],[3.79944,12.15672]]]}},{"type":"Feature","properties":{"NAME":"Dep River","DESIG_ENG":"Forest Reserve","IUCN_CAT":"Not Reported","GIS_AREA":330.495219,"STATUS":"Designated","STATUS_YR":0,"GOV_TYPE":"Sub-national ministry or agency","_label":"Dep River","_status_group":"other","_states":["Plateau","Nasarawa"]},"geometry":{"type":"Polygon","coordinates":[[[9.06823,8.85375],[9.06412,8.82473],[9.08884,8.79877],[9.09065,8.78573],[9.08396,8.68637],[8.98537,8.65291],[8.95224,8.62529],[8.95469,8.6488],[8.91438,8.6829],[8.92627,8.68471],[8.92433,8.70025],[8.91046,8.70614],[8.90369,8.71967],[8.90392,8.73323],[8.91823,8.73823],[8.92304,8.75219],[8.91322,8.77176],[8.95813,8.78416],[8.96294,8.80204],[8.97277,8.80595],[8.96645,8.83636],[9.03049,8.84359],[9.05351,8.86197],[9.06823,8.85375]]]}},{"type":"Feature","properties":{"NAME":"Divana","DESIG_ENG":"Forest Reserve","IUCN_CAT":"Not Reported","GIS_AREA":88.247981,"STATUS":"Designated","STATUS_YR":0,"GOV_TYPE":"Sub-national ministry or agency","_label":"Divana","_status_group":"other","_states":["Borno"]},"geometry":{"type":"Polygon","coordinates":[[[11.88086,10.57259],[11.86375,10.56255],[11.85781,10.56698],[11.80489,10.52945],[11.80635,10.51692],[11.82993,10.50475],[11.81503,10.47663],[11.78987,10.51542],[11.77771,10.51386],[11.77299,10.52557],[11.76362,10.52477],[11.74057,10.54444],[11.80879,10.5855],[11.83022,10.62279],[11.86183,10.62285],[11.85205,10.60288],[11.88086,10.57259]]]}},{"type":"Feature","properties":{"NAME":"Djibia","DESIG_ENG":"Forest Reserve","IUCN_CAT":"Not Reported","GIS_AREA":11.304208,"STATUS":"Designated","STATUS_YR":0,"GOV_TYPE":"Sub-national ministry or agency","_label":"Djibia","_status_group":"other","_states":["Katsina"]},"geometry":{"type":"Polygon","coordinates":[[[7.23866,13.01759],[7.2302,13.02114],[7.21947,13.05045],[7.22722,13.06642],[7.24084,13.05818],[7.24824,13.03719],[7.23866,13.01759]]]}},{"type":"Feature","properties":{"NAME":"Dogan Dawa","DESIG_ENG":"Forest Reserve","IUCN_CAT":"Not Reported","GIS_AREA":406.130455,"STATUS":"Designated","STATUS_YR":0,"GOV_TYPE":"Sub-national ministry or agency","_label":"Dogan Dawa","_status_group":"other","_states":["Zamfara","Katsina","Kaduna"]},"geometry":{"type":"Polygon","coordinates":[[[6.95516,11.33987],[6.99244,11.33506],[6.97548,11.29869],[6.95218,11.28127],[6.95307,11.25435],[6.91389,11.22832],[6.89756,11.20575],[6.85596,11.18461],[6.84784,11.15114],[6.82341,11.12033],[6.8062,11.11903],[6.79384,11.15125],[6.72823,11.14313],[6.73043,11.16072],[6.74148,11.17346],[6.731,11.20327],[6.75743,11.26521],[6.81611,11.31139],[6.83472,11.31312],[6.86693,11.34718],[6.88299,11.37787],[6.89828,11.38234],[6.92206,11.3728],[6.95516,11.33987]]]}},{"type":"Feature","properties":{"NAME":"Dogwandaji","DESIG_ENG":"Forest Reserve","IUCN_CAT":"Not Reported","GIS_AREA":361.137235,"STATUS":"Designated","STATUS_YR":0,"GOV_TYPE":"Sub-national ministry or agency","_label":"Dogwandaji","_status_group":"other","_states":["Sokoto","Zamfara"]},"geometry":{"type":"Polygon","coordinates":[[[5.01772,12.35577],[5.03775,12.35212],[5.0741,12.26337],[4.87199,12.23162],[4.84978,12.16626],[4.77401,12.23072],[4.77043,12.28632],[4.85428,12.28021],[4.92026,12.38574],[4.94461,12.38737],[4.9945,12.37317],[5.01772,12.35577]]]}},{"type":"Feature","properties":{"NAME":"Doka","DESIG_ENG":"Forest Reserve","IUCN_CAT":"Not Reported","GIS_AREA":266.546163,"STATUS":"Designated","STATUS_YR":0,"GOV_TYPE":"Sub-national ministry or agency","_label":"Doka","_status_group":"other","_states":["Niger","Kaduna"]},"geometry":{"type":"Polygon","coordinates":[[[7.37826,9.89034],[7.39541,9.84932],[7.39496,9.8201],[7.43232,9.76633],[7.41795,9.75638],[7.4043,9.73],[7.3839,9.71986],[7.36374,9.7209],[7.33175,9.74179],[7.32254,9.76283],[7.31454,9.75203],[7.28852,9.74193],[7.20543,9.74277],[7.21054,9.75513],[7.20484,9.76174],[7.22078,9.78239],[7.25223,9.78953],[7.26415,9.77655],[7.28596,9.79008],[7.28916,9.89409],[7.33557,9.8933],[7.35473,9.92097],[7.37826,9.89034]]]}},{"type":"Feature","properties":{"NAME":"Dokin","DESIG_ENG":"Forest Reserve","IUCN_CAT":"Not Reported","GIS_AREA":36.669467,"STATUS":"Designated","STATUS_YR":0,"GOV_TYPE":"Sub-national ministry or agency","_label":"Dokin","_status_group":"other","_states":["Kaduna"]},"geometry":{"type":"Polygon","coordinates":[[[7.92238,10.20342],[7.90631,10.15609],[7.86549,10.15876],[7.86723,10.17612],[7.89581,10.18182],[7.89014,10.19367],[7.86743,10.20585],[7.87017,10.22465],[7.88802,10.22816],[7.91533,10.21661],[7.92238,10.20342]]]}},{"type":"Feature","properties":{"NAME":"Doma","DESIG_ENG":"Forest Reserve","IUCN_CAT":"Not Reported","GIS_AREA":988.667492,"STATUS":"Designated","STATUS_YR":0,"GOV_TYPE":"Sub-national ministry or agency","_label":"Doma","_status_group":"other","_states":["Nasarawa"]},"geometry":{"type":"Polygon","coordinates":[[[8.31057,8.33818],[8.39865,8.2998],[8.41046,8.28718],[8.41539,8.25165],[8.43362,8.21121],[8.40479,8.14913],[8.40567,8.11416],[8.3915,8.09701],[8.37185,8.1128],[8.34893,8.07785],[8.36959,8.05083],[8.35314,8.04948],[8.3373,7.98961],[8.2883,7.97291],[8.26652,7.95709],[8.18508,7.9926],[8.09203,7.99536],[8.06514,8.08553],[8.19498,8.13876],[8.19301,8.29441],[8.2428,8.3171],[8.26858,8.30499],[8.31057,8.33818]]]}},{"type":"Feature","properties":{"NAME":"Dono","DESIG_ENG":"Forest Reserve","IUCN_CAT":"Not Reported","GIS_AREA":3.853648,"STATUS":"Designated","STATUS_YR":0,"GOV_TYPE":"Sub-national ministry or agency","_label":"Dono","_status_group":"other","_states":["Katsina"]},"geometry":{"type":"Polygon","coordinates":[[[7.84719,13.26828],[7.83715,13.27034],[7.83559,13.28866],[7.82364,13.29853],[7.84325,13.29603],[7.84719,13.26828]]]}},{"type":"Feature","properties":{"NAME":"Doro","DESIG_ENG":"Forest Reserve","IUCN_CAT":"Not Reported","GIS_AREA":457.097035,"STATUS":"Designated","STATUS_YR":0,"GOV_TYPE":"Sub-national ministry or agency","_label":"Doro","_status_group":"other","_states":["Niger"]},"geometry":{"type":"Polygon","coordinates":[[[4.36287,10.2277],[4.44516,10.20471],[4.42806,10.20156],[4.47013,10.18491],[4.47938,10.17381],[4.49571,10.18928],[4.50777,10.18528],[4.50804,10.17105],[4.49162,10.15568],[4.50013,10.12437],[4.44631,10.13227],[4.42361,10.10724],[4.43981,10.10638],[4.46236,10.11897],[4.48537,10.11328],[4.49772,10.09662],[4.48255,10.0896],[4.47599,10.07656],[4.44612,10.06317],[4.44511,10.05594],[4.47214,10.06629],[4.44431,10.00155],[4.42847,9.93793],[4.41426,9.92716],[4.35796,9.92645],[4.34453,9.9849],[4.36493,10.00327],[4.29783,10.02799],[4.27287,10.0596],[4.33258,10.09516],[4.3284,10.12572],[4.36287,10.2277]]]}},{"type":"Feature","properties":{"NAME":"Dorofi","DESIG_ENG":"Forest Reserve","IUCN_CAT":"Not Reported","GIS_AREA":5.985332,"STATUS":"Designated","STATUS_YR":0,"GOV_TYPE":"Sub-national ministry or agency","_label":"Dorofi","_status_group":"other","_states":["Taraba"]},"geometry":{"type":"Polygon","coordinates":[[[11.37375,6.54367],[11.35974,6.54668],[11.35956,6.56939],[11.38291,6.55824],[11.37375,6.54367]]]}},{"type":"Feature","properties":{"NAME":"Duisin Bamli","DESIG_ENG":"Forest Reserve","IUCN_CAT":"Not Reported","GIS_AREA":13.735022,"STATUS":"Designated","STATUS_YR":0,"GOV_TYPE":"Sub-national ministry or agency","_label":"Duisin Bamli","_status_group":"other","_states":["Katsina"]},"geometry":{"type":"Polygon","coordinates":[[[7.88706,13.25166],[7.9152,13.24982],[7.92779,13.24012],[7.90873,13.22188],[7.89934,13.19613],[7.8838,13.2441],[7.88706,13.25166]]]}},{"type":"Feature","properties":{"NAME":"Dukku","DESIG_ENG":"Forest Reserve","IUCN_CAT":"Not Reported","GIS_AREA":42.257684,"STATUS":"Designated","STATUS_YR":0,"GOV_TYPE":"Sub-national ministry or agency","_label":"Dukku","_status_group":"other","_states":["Gombe"]},"geometry":{"type":"Polygon","coordinates":[[[10.73522,10.90222],[10.80781,10.90184],[10.80548,10.88859],[10.81293,10.87804],[10.78639,10.84256],[10.76968,10.83535],[10.74494,10.87236],[10.73522,10.90222]]]}},{"type":"Feature","properties":{"NAME":"Duma","DESIG_ENG":"Forest Reserve","IUCN_CAT":"Not Reported","GIS_AREA":14.478173,"STATUS":"Designated","STATUS_YR":0,"GOV_TYPE":"Sub-national ministry or agency","_label":"Duma","_status_group":"other","_states":["Niger"]},"geometry":{"type":"Polygon","coordinates":[[[5.47282,9.21717],[5.45263,9.23141],[5.46193,9.25639],[5.49266,9.24631],[5.47282,9.21717]]]}},{"type":"Feature","properties":{"NAME":"Dumbari Futu","DESIG_ENG":"Forest Reserve","IUCN_CAT":"Not Reported","GIS_AREA":2.900618,"STATUS":"Designated","STATUS_YR":0,"GOV_TYPE":"Sub-national ministry or agency","_label":"Dumbari Futu","_status_group":"other","_states":["Jigawa"]},"geometry":{"type":"Polygon","coordinates":[[[9.76835,12.49865],[9.77341,12.51347],[9.79182,12.51483],[9.78504,12.50657],[9.76835,12.49865]]]}},{"type":"Feature","properties":{"NAME":"Dungunde","DESIG_ENG":"Forest Reserve","IUCN_CAT":"Not Reported","GIS_AREA":7.383726,"STATUS":"Designated","STATUS_YR":0,"GOV_TYPE":"Sub-national ministry or agency","_label":"Dungunde","_status_group":"other","_states":["Bauchi"]},"geometry":{"type":"Polygon","coordinates":[[[10.41531,11.61307],[10.40007,11.63082],[10.44148,11.64513],[10.43533,11.63313],[10.41531,11.61307]]]}},{"type":"Feature","properties":{"NAME":"Dupa","DESIG_ENG":"Forest Reserve","IUCN_CAT":"Not Reported","GIS_AREA":13.673574,"STATUS":"Designated","STATUS_YR":0,"GOV_TYPE":"Sub-national ministry or agency","_label":"Dupa","_status_group":"other","_states":["Niger"]},"geometry":{"type":"Polygon","coordinates":[[[5.87034,9.10002],[5.93168,9.1009],[5.93155,9.08325],[5.89477,9.08573],[5.87034,9.10002]]]}},{"type":"Feature","properties":{"NAME":"Dusuwa","DESIG_ENG":"Forest Reserve","IUCN_CAT":"Not Reported","GIS_AREA":22.188171,"STATUS":"Designated","STATUS_YR":0,"GOV_TYPE":"Sub-national ministry or agency","_label":"Dusuwa","_status_group":"other","_states":["Yobe"]},"geometry":{"type":"Polygon","coordinates":[[[11.74853,11.94334],[11.70326,11.91865],[11.66673,11.92391],[11.67443,11.94103],[11.71467,11.94318],[11.73056,11.96396],[11.74297,11.95755],[11.74853,11.94334]]]}},{"type":"Feature","properties":{"NAME":"Dutsen Amina","DESIG_ENG":"Forest Reserve","IUCN_CAT":"Not Reported","GIS_AREA":4.176252,"STATUS":"Designated","STATUS_YR":0,"GOV_TYPE":"Sub-national ministry or agency","_label":"Dutsen Amina","_status_group":"other","_states":["Gombe"]},"geometry":{"type":"Polygon","coordinates":[[[11.18352,10.06497],[11.17479,10.05803],[11.1504,10.06866],[11.17408,10.07405],[11.18352,10.06497]]]}},{"type":"Feature","properties":{"NAME":"Dutsen Bello","DESIG_ENG":"Forest Reserve","IUCN_CAT":"Not Reported","GIS_AREA":47.075321,"STATUS":"Designated","STATUS_YR":0,"GOV_TYPE":"Sub-national ministry or agency","_label":"Dutsen Bello","_status_group":"other","_states":["Bauchi"]},"geometry":{"type":"Polygon","coordinates":[[[9.96079,10.34116],[10.02205,10.34018],[10.02134,10.327],[10.0133,10.32351],[10.00684,10.30267],[9.95551,10.26151],[9.9362,10.29144],[9.95482,10.31187],[9.96079,10.34116]]]}},{"type":"Feature","properties":{"NAME":"Dutsen Kurafe","DESIG_ENG":"Forest Reserve","IUCN_CAT":"Not Reported","GIS_AREA":13.520655,"STATUS":"Designated","STATUS_YR":0,"GOV_TYPE":"Sub-national ministry or agency","_label":"Dutsen Kurafe","_status_group":"other","_states":["Abuja Federal Capital Territory","Nasarawa"]},"geometry":{"type":"Polygon","coordinates":[[[7.63283,8.80303],[7.57812,8.80292],[7.57378,8.81215],[7.59981,8.82848],[7.63283,8.80303]]]}},{"type":"Feature","properties":{"NAME":"Dutsin Dorowa","DESIG_ENG":"Forest Reserve","IUCN_CAT":"Not Reported","GIS_AREA":19.054299,"STATUS":"Designated","STATUS_YR":0,"GOV_TYPE":"Sub-national ministry or agency","_label":"Dutsin Dorowa","_status_group":"other","_states":["Katsina"]},"geometry":{"type":"Polygon","coordinates":[[[7.28076,11.94387],[7.31363,11.95255],[7.32337,11.93372],[7.3091,11.90564],[7.27505,11.91904],[7.28076,11.94387]]]}},{"type":"Feature","properties":{"NAME":"Dutsin Gora","DESIG_ENG":"Forest Reserve","IUCN_CAT":"Not Reported","GIS_AREA":12.117284,"STATUS":"Designated","STATUS_YR":0,"GOV_TYPE":"Sub-national ministry or agency","_label":"Dutsin Gora","_status_group":"other","_states":["Bauchi"]},"geometry":{"type":"Polygon","coordinates":[[[9.80206,10.35011],[9.7835,10.32881],[9.75724,10.33206],[9.7471,10.34262],[9.7561,10.34946],[9.80206,10.35011]]]}},{"type":"Feature","properties":{"NAME":"Dutsin Kodawa","DESIG_ENG":"Forest Reserve","IUCN_CAT":"Not Reported","GIS_AREA":7.473554,"STATUS":"Designated","STATUS_YR":0,"GOV_TYPE":"Sub-national ministry or agency","_label":"Dutsin Kodawa","_status_group":"other","_states":["Jigawa"]},"geometry":{"type":"Polygon","coordinates":[[[8.35907,12.565],[8.34929,12.56985],[8.36633,12.60653],[8.3758,12.59466],[8.35907,12.565]]]}},{"type":"Feature","properties":{"NAME":"Dutsin Kuba","DESIG_ENG":"Forest Reserve","IUCN_CAT":"Not Reported","GIS_AREA":14.696932,"STATUS":"Designated","STATUS_YR":0,"GOV_TYPE":"Sub-national ministry or agency","_label":"Dutsin Kuba","_status_group":"other","_states":["Katsina"]},"geometry":{"type":"Polygon","coordinates":[[[7.41139,13.10867],[7.43309,13.05077],[7.42495,13.06009],[7.39686,13.06544],[7.39389,13.10387],[7.41139,13.10867]]]}},{"type":"Feature","properties":{"NAME":"Dutsin Kwaita","DESIG_ENG":"Forest Reserve","IUCN_CAT":"Not Reported","GIS_AREA":3.770671,"STATUS":"Designated","STATUS_YR":0,"GOV_TYPE":"Sub-national ministry or agency","_label":"Dutsin Kwaita","_status_group":"other","_states":["Jigawa"]},"geometry":{"type":"Polygon","coordinates":[[[8.33671,12.57499],[8.33074,12.58508],[8.34588,12.60381],[8.34792,12.59471],[8.33671,12.57499]]]}},{"type":"Feature","properties":{"NAME":"Duya","DESIG_ENG":"Forest Reserve","IUCN_CAT":"Not Reported","GIS_AREA":14.523789,"STATUS":"Designated","STATUS_YR":0,"GOV_TYPE":"Sub-national ministry or agency","_label":"Duya","_status_group":"other","_states":["Katsina"]},"geometry":{"type":"Polygon","coordinates":[[[7.179,11.32729],[7.15062,11.27312],[7.13173,11.28773],[7.11321,11.27917],[7.10899,11.28439],[7.11116,11.29422],[7.179,11.32729]]]}},{"type":"Feature","properties":{"NAME":"East Anka","DESIG_ENG":"Forest Reserve","IUCN_CAT":"Not Reported","GIS_AREA":328.465291,"STATUS":"Designated","STATUS_YR":0,"GOV_TYPE":"Sub-national ministry or agency","_label":"East Anka","_status_group":"other","_states":["Zamfara"]},"geometry":{"type":"Polygon","coordinates":[[[6.26822,11.87775],[6.25562,11.82517],[6.2812,11.76582],[6.25694,11.70723],[6.25554,11.66456],[6.2478,11.65989],[6.23156,11.66982],[6.22375,11.69509],[6.15395,11.78379],[6.14785,11.9269],[6.1567,11.97713],[6.15126,12.00247],[6.15931,12.02011],[6.16827,12.02188],[6.19661,11.97394],[6.22769,11.94222],[6.24069,11.90374],[6.26822,11.87775]]]}},{"type":"Feature","properties":{"NAME":"Eba Island","DESIG_ENG":"Forest Reserve","IUCN_CAT":"Not Reported","GIS_AREA":20.187384,"STATUS":"Designated","STATUS_YR":0,"GOV_TYPE":"Sub-national ministry or agency","_label":"Eba Island","_status_group":"other","_states":["Ogun","Ondo"]},"geometry":{"type":"Polygon","coordinates":[[[4.47216,6.4139],[4.55477,6.40742],[4.57656,6.38409],[4.46815,6.40277],[4.47216,6.4139]]]}},{"type":"Feature","properties":{"NAME":"Ebba","DESIG_ENG":"Forest Reserve","IUCN_CAT":"Not Reported","GIS_AREA":334.864145,"STATUS":"Designated","STATUS_YR":0,"GOV_TYPE":"Sub-national ministry or agency","_label":"Ebba","_status_group":"other","_states":["Kwara","Kogi"]},"geometry":{"type":"Polygon","coordinates":[[[6.08066,8.40846],[6.10372,8.37895],[6.10228,8.33422],[6.12727,8.29656],[6.1249,8.26104],[6.1117,8.22701],[6.12194,8.19763],[6.1135,8.18485],[6.05032,8.25771],[6.04263,8.27706],[5.99004,8.30647],[5.93091,8.32743],[5.91212,8.36936],[5.85826,8.43195],[5.93067,8.41395],[6.08066,8.40846]]]}},{"type":"Feature","properties":{"NAME":"Ebbe/Kampe","DESIG_ENG":"Game Reserve","IUCN_CAT":"Not Reported","GIS_AREA":936.119432,"STATUS":"Proposed","STATUS_YR":0,"GOV_TYPE":"Sub-national ministry or agency","_label":"Ebbe/Kampe","_status_group":"proposed","_states":["Kwara","Kogi"]},"geometry":{"type":"Polygon","coordinates":[[[5.8704,8.61709],[5.88441,8.54661],[5.93542,8.53748],[5.93229,8.47672],[5.97077,8.48112],[5.97365,8.50642],[5.98424,8.52265],[5.97374,8.53717],[5.99176,8.5641],[6.01944,8.57056],[6.05675,8.55064],[6.08013,8.54966],[6.08927,8.49815],[6.09383,8.4894],[6.09875,8.49401],[6.10795,8.4117],[6.10639,8.40606],[6.08066,8.40846],[6.10372,8.37895],[6.10228,8.33422],[6.12727,8.29656],[6.1249,8.26104],[6.1117,8.22701],[6.12194,8.19763],[6.11546,8.1856],[6.05032,8.25771],[6.04263,8.27706],[5.99004,8.30647],[5.93091,8.32743],[5.91212,8.36936],[5.85826,8.43195],[5.7923,8.43225],[5.68468,8.47177],[5.71415,8.47495],[5.71633,8.50254],[5.70433,8.51481],[5.73016,8.51579],[5.73842,8.53903],[5.7591,8.54442],[5.75414,8.56102],[5.76953,8.55813],[5.78298,8.56517],[5.78898,8.58679],[5.81248,8.57788],[5.8248,8.59371],[5.84249,8.59387],[5.8616,8.6223],[5.8704,8.61709]]]}},{"type":"Feature","properties":{"NAME":"Ebor","DESIG_ENG":"Forest Reserve","IUCN_CAT":"Not Reported","GIS_AREA":175.943908,"STATUS":"Designated","STATUS_YR":0,"GOV_TYPE":"Sub-national ministry or agency","_label":"Ebor","_status_group":"other","_states":["Edo"]},"geometry":{"type":"Polygon","coordinates":[[[5.97414,6.5546],[6.04209,6.47427],[6.05356,6.47587],[6.05584,6.49138],[6.11501,6.48184],[6.12659,6.49268],[6.14807,6.49468],[6.15387,6.48323],[6.1158,6.46102],[6.11497,6.43783],[6.14996,6.4379],[6.18032,6.41314],[6.14693,6.39396],[6.14664,6.41202],[6.08347,6.40773],[6.06388,6.44281],[6.05567,6.43565],[6.03701,6.45284],[6.00005,6.43431],[5.97725,6.43491],[5.95817,6.47788],[5.94423,6.47475],[5.93077,6.5113],[5.97414,6.5546]]]}},{"type":"Feature","properties":{"NAME":"Ebue","DESIG_ENG":"Forest Reserve","IUCN_CAT":"Not Reported","GIS_AREA":94.79166,"STATUS":"Designated","STATUS_YR":0,"GOV_TYPE":"Sub-national ministry or agency","_label":"Ebue","_status_group":"other","_states":["Edo"]},"geometry":{"type":"Polygon","coordinates":[[[6.03363,6.27958],[6.01451,6.25119],[5.90725,6.20944],[5.82,6.22818],[5.77763,6.22484],[5.7711,6.26715],[5.8034,6.27179],[5.80604,6.25046],[5.81698,6.25193],[5.81588,6.26732],[5.88037,6.2442],[5.97936,6.25954],[6.01543,6.27854],[6.03363,6.27958]]]}},{"type":"Feature","properties":{"NAME":"Eda 1","DESIG_ENG":"Forest Reserve","IUCN_CAT":"Not Reported","GIS_AREA":5.856558,"STATUS":"Designated","STATUS_YR":0,"GOV_TYPE":"Sub-national ministry or agency","_label":"Eda 1","_status_group":"other","_states":["Ekiti"]},"geometry":{"type":"Polygon","coordinates":[[[5.62105,7.75013],[5.60811,7.76041],[5.6233,7.78195],[5.63214,7.77506],[5.62105,7.75013]]]}},{"type":"Feature","properties":{"NAME":"Eda 2","DESIG_ENG":"Forest Reserve","IUCN_CAT":"Not Reported","GIS_AREA":3.506587,"STATUS":"Designated","STATUS_YR":0,"GOV_TYPE":"Sub-national ministry or agency","_label":"Eda 2","_status_group":"other","_states":["Ekiti"]},"geometry":{"type":"Polygon","coordinates":[[[5.62006,7.72366],[5.60886,7.72756],[5.61749,7.74172],[5.62799,7.74139],[5.62006,7.72366]]]}},{"type":"Feature","properties":{"NAME":"Ede","DESIG_ENG":"Forest Reserve","IUCN_CAT":"Not Reported","GIS_AREA":12.496208,"STATUS":"Designated","STATUS_YR":0,"GOV_TYPE":"Sub-national ministry or agency","_label":"Ede","_status_group":"other","_states":["Osun"]},"geometry":{"type":"Polygon","coordinates":[[[4.42612,7.6895],[4.40299,7.6565],[4.38059,7.68204],[4.38869,7.69177],[4.42612,7.6895]]]}},{"type":"Feature","properties":{"NAME":"Edoko Hills","DESIG_ENG":"Forest Reserve","IUCN_CAT":"Not Reported","GIS_AREA":36.86562,"STATUS":"Designated","STATUS_YR":0,"GOV_TYPE":"Sub-national ministry or agency","_label":"Edoko Hills","_status_group":"other","_states":["Niger"]},"geometry":{"type":"Polygon","coordinates":[[[5.94738,8.95898],[5.95944,8.96813],[5.96865,8.91735],[5.96446,8.90638],[5.93786,8.8915],[5.9299,8.92627],[5.91818,8.94192],[5.91564,8.98433],[5.93716,8.97824],[5.94738,8.95898]]]}},{"type":"Feature","properties":{"NAME":"Edotsu","DESIG_ENG":"Forest Reserve","IUCN_CAT":"Not Reported","GIS_AREA":0.35989,"STATUS":"Designated","STATUS_YR":0,"GOV_TYPE":"Sub-national ministry or agency","_label":"Edotsu","_status_group":"other","_states":["Niger"]},"geometry":{"type":"Polygon","coordinates":[[[6.09176,8.9222],[6.08656,8.91807],[6.08604,8.92157],[6.09176,8.9222]]]}},{"type":"Feature","properties":{"NAME":"Edumenum","DESIG_ENG":"National Park","IUCN_CAT":"Not Reported","GIS_AREA":295.736869,"STATUS":"Designated","STATUS_YR":2020,"GOV_TYPE":"Federal or national ministry or agency","_label":"Edumenum","_status_group":"other","_year":2020,"_year_label":"Designation/status year","_states":["Bayelsa","Rivers"]},"geometry":{"type":"Polygon","coordinates":[[[6.45041,4.77813],[6.48837,4.75099],[6.49982,4.73278],[6.49076,4.63542],[6.49893,4.62584],[6.49505,4.60251],[6.47765,4.62182],[6.45226,4.6193],[6.44607,4.60649],[6.45636,4.57479],[6.42988,4.57685],[6.43031,4.55554],[6.40972,4.54738],[6.38245,4.55135],[6.34637,4.61094],[6.34649,4.63802],[6.36307,4.66367],[6.36215,4.70126],[6.3984,4.73947],[6.40005,4.75358],[6.45041,4.77813]]]}},{"type":"Feature","properties":{"NAME":"Efan","DESIG_ENG":"Forest Reserve","IUCN_CAT":"Not Reported","GIS_AREA":30.031056,"STATUS":"Designated","STATUS_YR":0,"GOV_TYPE":"Sub-national ministry or agency","_label":"Efan","_status_group":"other","_states":["Kwara"]},"geometry":{"type":"Polygon","coordinates":[[[5.25675,8.83772],[5.30259,8.83604],[5.31618,8.81339],[5.31436,8.80173],[5.24692,8.79537],[5.25675,8.83772]]]}},{"type":"Feature","properties":{"NAME":"Effium","DESIG_ENG":"Forest Reserve","IUCN_CAT":"Not Reported","GIS_AREA":3.545648,"STATUS":"Designated","STATUS_YR":0,"GOV_TYPE":"Sub-national ministry or agency","_label":"Effium","_status_group":"other","_states":["Ebonyi"]},"geometry":{"type":"Polygon","coordinates":[[[8.08659,6.6008],[8.06226,6.59765],[8.07058,6.61272],[8.08462,6.60849],[8.08659,6.6008]]]}},{"type":"Feature","properties":{"NAME":"Egbe","DESIG_ENG":"Forest Reserve","IUCN_CAT":"Not Reported","GIS_AREA":26.413905,"STATUS":"Designated","STATUS_YR":0,"GOV_TYPE":"Sub-national ministry or agency","_label":"Egbe","_status_group":"other","_states":["Ekiti"]},"geometry":{"type":"Polygon","coordinates":[[[5.62385,7.59762],[5.57005,7.59249],[5.58259,7.61115],[5.57168,7.61661],[5.57125,7.62921],[5.60832,7.6406],[5.62801,7.63153],[5.61852,7.61563],[5.63278,7.60442],[5.62385,7.59762]]]}},{"type":"Feature","properties":{"NAME":"Egbedi Creek","DESIG_ENG":"Forest Reserve","IUCN_CAT":"Not Reported","GIS_AREA":63.968628,"STATUS":"Designated","STATUS_YR":0,"GOV_TYPE":"Sub-national ministry or agency","_label":"Egbedi Creek","_status_group":"other","_states":["Bayelsa"]},"geometry":{"type":"Polygon","coordinates":[[[6.21815,5.05525],[6.16513,5.0416],[6.18918,5.11743],[6.25878,5.15281],[6.27363,5.12303],[6.21094,5.07586],[6.21815,5.05525]]]}},{"type":"Feature","properties":{"NAME":"Eggua","DESIG_ENG":"Forest Reserve","IUCN_CAT":"Not Reported","GIS_AREA":49.411747,"STATUS":"Designated","STATUS_YR":0,"GOV_TYPE":"Sub-national ministry or agency","_label":"Eggua","_status_group":"other","_states":["Ogun"]},"geometry":{"type":"Polygon","coordinates":[[[2.84755,7.02676],[2.90449,7.02706],[2.92861,7.00023],[2.92014,6.95938],[2.92589,6.94929],[2.91603,6.93924],[2.85484,6.99987],[2.84755,7.02676]]]}},{"type":"Feature","properties":{"NAME":"Ehor","DESIG_ENG":"Forest Reserve","IUCN_CAT":"Not Reported","GIS_AREA":33.424312,"STATUS":"Designated","STATUS_YR":0,"GOV_TYPE":"Sub-national ministry or agency","_label":"Ehor","_status_group":"other","_states":["Edo"]},"geometry":{"type":"Polygon","coordinates":[[[6.02344,6.67158],[6.02113,6.65141],[6.01164,6.65228],[5.99928,6.67113],[5.9962,6.64932],[5.96591,6.66345],[5.96517,6.69892],[5.98311,6.72972],[5.9944,6.73038],[5.99682,6.69854],[6.02344,6.67158]]]}},{"type":"Feature","properties":{"NAME":"Ejidogardi","DESIG_ENG":"Forest Reserve","IUCN_CAT":"Not Reported","GIS_AREA":4.831956,"STATUS":"Designated","STATUS_YR":0,"GOV_TYPE":"Sub-national ministry or agency","_label":"Ejidogardi","_status_group":"other","_states":["Kwara"]},"geometry":{"type":"Polygon","coordinates":[[[4.58534,8.89299],[4.58081,8.9005],[4.60225,8.92082],[4.60254,8.90274],[4.58534,8.89299]]]}},{"type":"Feature","properties":{"NAME":"Ejigbo","DESIG_ENG":"Forest Reserve","IUCN_CAT":"Not Reported","GIS_AREA":2.705468,"STATUS":"Designated","STATUS_YR":0,"GOV_TYPE":"Sub-national ministry or agency","_label":"Ejigbo","_status_group":"other","_states":["Osun"]},"geometry":{"type":"Polygon","coordinates":[[[4.32595,7.85025],[4.31697,7.85251],[4.31736,7.87813],[4.32448,7.86759],[4.32595,7.85025]]]}},{"type":"Feature","properties":{"NAME":"Ejigbobini","DESIG_ENG":"Forest Reserve","IUCN_CAT":"Not Reported","GIS_AREA":17.396065,"STATUS":"Designated","STATUS_YR":0,"GOV_TYPE":"Sub-national ministry or agency","_label":"Ejigbobini","_status_group":"other","_states":["Ondo"]},"geometry":{"type":"Polygon","coordinates":[[[4.94781,6.27423],[5.00054,6.2769],[5.00714,6.27124],[4.98276,6.26094],[4.94813,6.26507],[4.91498,6.28302],[4.91976,6.29972],[4.90668,6.31294],[4.9179,6.31245],[4.94781,6.27423]]]}},{"type":"Feature","properties":{"NAME":"Ekenwan","DESIG_ENG":"Forest Reserve","IUCN_CAT":"Not Reported","GIS_AREA":211.087871,"STATUS":"Designated","STATUS_YR":0,"GOV_TYPE":"Sub-national ministry or agency","_label":"Ekenwan","_status_group":"other","_states":["Delta","Edo"]},"geometry":{"type":"Polygon","coordinates":[[[5.55529,6.12985],[5.53297,6.1226],[5.51497,6.07423],[5.51852,6.05128],[5.49985,6.02729],[5.48801,6.03263],[5.47737,6.01923],[5.45,6.01701],[5.46015,6.03161],[5.45814,6.04937],[5.45106,6.05008],[5.45047,6.06138],[5.44289,6.05834],[5.41838,6.11354],[5.42349,6.13558],[5.43549,6.14385],[5.43316,6.16967],[5.45165,6.17423],[5.46145,6.16331],[5.46999,6.16905],[5.47541,6.15486],[5.48612,6.15661],[5.49616,6.14633],[5.50448,6.12187],[5.54318,6.19829],[5.54184,6.24255],[5.57523,6.31471],[5.58805,6.32603],[5.59035,6.29174],[5.57166,6.22974],[5.5802,6.19957],[5.55529,6.12985]]]}},{"type":"Feature","properties":{"NAME":"Ekiadolor","DESIG_ENG":"Forest Reserve","IUCN_CAT":"Not Reported","GIS_AREA":458.233555,"STATUS":"Designated","STATUS_YR":0,"GOV_TYPE":"Sub-national ministry or agency","_label":"Ekiadolor","_status_group":"other","_states":["Edo"]},"geometry":{"type":"Polygon","coordinates":[[[5.97608,6.79195],[5.96088,6.7706],[5.98856,6.75348],[5.98249,6.7451],[5.948,6.73869],[5.93455,6.71029],[5.94484,6.70709],[5.93403,6.69175],[5.91475,6.69227],[5.89202,6.71121],[5.86149,6.71993],[5.86974,6.67673],[5.8476,6.64958],[5.898,6.65955],[5.91892,6.64976],[5.93508,6.66331],[5.95206,6.66458],[5.95949,6.64752],[5.9172,6.60209],[5.89625,6.6014],[5.87893,6.56823],[5.86436,6.56493],[5.86138,6.5867],[5.84371,6.58468],[5.84295,6.54823],[5.82534,6.54713],[5.82406,6.5086],[5.79132,6.51255],[5.77499,6.53379],[5.7715,6.59096],[5.76028,6.59297],[5.76833,6.60562],[5.77263,6.67027],[5.80016,6.72741],[5.78026,6.76534],[5.78986,6.79508],[5.80879,6.81108],[5.97608,6.79195]]]}},{"type":"Feature","properties":{"NAME":"Ekiadolor","DESIG_ENG":"Forest Reserve","IUCN_CAT":"Not Reported","GIS_AREA":236.577702,"STATUS":"Designated","STATUS_YR":0,"GOV_TYPE":"Sub-national ministry or agency","_label":"Ekiadolor","_status_group":"other","_states":["Ondo","Edo"]},"geometry":{"type":"Polygon","coordinates":[[[5.66497,6.75881],[5.68328,6.74702],[5.71894,6.74157],[5.73227,6.75161],[5.75051,6.75144],[5.75937,6.73202],[5.77691,6.72684],[5.77345,6.69237],[5.73688,6.66818],[5.73573,6.61763],[5.74533,6.61374],[5.74581,6.6024],[5.7207,6.59763],[5.71831,6.5871],[5.70238,6.59187],[5.67011,6.58125],[5.68289,6.59802],[5.66304,6.61789],[5.66047,6.6392],[5.63259,6.64837],[5.61768,6.6833],[5.58492,6.69577],[5.58066,6.72068],[5.61567,6.71929],[5.60561,6.73883],[5.65289,6.74762],[5.66497,6.75881]]]}},{"type":"Feature","properties":{"NAME":"Ekinta River","DESIG_ENG":"Forest Reserve","IUCN_CAT":"Not Reported","GIS_AREA":160.279533,"STATUS":"Designated","STATUS_YR":0,"GOV_TYPE":"Sub-national ministry or agency","_label":"Ekinta River","_status_group":"other","_states":["Cross River"]},"geometry":{"type":"Polygon","coordinates":[[[8.5327,5.06385],[8.62726,5.06155],[8.61296,5.03491],[8.62588,5.01697],[8.62226,4.99268],[8.63826,4.96236],[8.52472,4.96313],[8.47504,5.00616],[8.4856,5.05649],[8.51672,5.06416],[8.51858,5.0498],[8.54554,5.04088],[8.54942,5.04645],[8.5327,5.06385]],[[8.51245,4.98664],[8.52251,4.98704],[8.52502,5.00129],[8.50663,5.00119],[8.51245,4.98664]]]}},{"type":"Feature","properties":{"NAME":"Eleiyele","DESIG_ENG":"Forest Reserve","IUCN_CAT":"Not Reported","GIS_AREA":6.810133,"STATUS":"Designated","STATUS_YR":0,"GOV_TYPE":"Sub-national ministry or agency","_label":"Eleiyele","_status_group":"other","_states":["Oyo"]},"geometry":{"type":"Polygon","coordinates":[[[3.87533,7.42827],[3.85046,7.4283],[3.85573,7.45144],[3.87708,7.43806],[3.87533,7.42827]]]}},{"type":"Feature","properties":{"NAME":"Eme River","DESIG_ENG":"Forest Reserve","IUCN_CAT":"Not Reported","GIS_AREA":2.169783,"STATUS":"Designated","STATUS_YR":0,"GOV_TYPE":"Sub-national ministry or agency","_label":"Eme River","_status_group":"other","_states":["Abia"]},"geometry":{"type":"Polygon","coordinates":[[[7.56684,5.60041],[7.5585,5.61023],[7.56564,5.61765],[7.57202,5.60961],[7.56684,5.60041]]]}},{"type":"Feature","properties":{"NAME":"Enugu","DESIG_ENG":"Forest Reserve","IUCN_CAT":"Not Reported","GIS_AREA":11.615751,"STATUS":"Designated","STATUS_YR":0,"GOV_TYPE":"Sub-national ministry or agency","_label":"Enugu","_status_group":"other","_states":["Enugu"]},"geometry":{"type":"Polygon","coordinates":[[[7.48468,6.47084],[7.45381,6.45874],[7.43713,6.4338],[7.41867,6.45468],[7.42373,6.46353],[7.48468,6.47084]]]}},{"type":"Feature","properties":{"NAME":"Eporo","DESIG_ENG":"Forest Reserve","IUCN_CAT":"Not Reported","GIS_AREA":36.200786,"STATUS":"Designated","STATUS_YR":0,"GOV_TYPE":"Sub-national ministry or agency","_label":"Eporo","_status_group":"other","_states":["Ondo"]},"geometry":{"type":"Polygon","coordinates":[[[5.57293,7.36045],[5.6266,7.31455],[5.53728,7.29848],[5.52574,7.30268],[5.57293,7.36045]]]}},{"type":"Feature","properties":{"NAME":"Eruwa","DESIG_ENG":"Forest Reserve","IUCN_CAT":"Not Reported","GIS_AREA":1.573692,"STATUS":"Designated","STATUS_YR":0,"GOV_TYPE":"Sub-national ministry or agency","_label":"Eruwa","_status_group":"other","_states":["Oyo"]},"geometry":{"type":"Polygon","coordinates":[[[3.377,7.48978],[3.36781,7.50052],[3.37397,7.50669],[3.37762,7.50159],[3.377,7.48978]]]}},{"type":"Feature","properties":{"NAME":"Esie","DESIG_ENG":"Forest Reserve","IUCN_CAT":"Not Reported","GIS_AREA":2.966054,"STATUS":"Designated","STATUS_YR":0,"GOV_TYPE":"Sub-national ministry or agency","_label":"Esie","_status_group":"other","_states":["Kwara"]},"geometry":{"type":"Polygon","coordinates":[[[4.85908,8.18096],[4.84503,8.18322],[4.84518,8.19059],[4.86135,8.19494],[4.85908,8.18096]]]}},{"type":"Feature","properties":{"NAME":"Etizurugi","DESIG_ENG":"Forest Reserve","IUCN_CAT":"Not Reported","GIS_AREA":11.578419,"STATUS":"Designated","STATUS_YR":0,"GOV_TYPE":"Sub-national ministry or agency","_label":"Etizurugi","_status_group":"other","_states":["Niger"]},"geometry":{"type":"Polygon","coordinates":[[[6.56628,9.07261],[6.62148,9.0687],[6.61324,9.04617],[6.56628,9.07261]]]}},{"type":"Feature","properties":{"NAME":"Ewohimi","DESIG_ENG":"Forest Reserve","IUCN_CAT":"Not Reported","GIS_AREA":6.159062,"STATUS":"Designated","STATUS_YR":0,"GOV_TYPE":"Sub-national ministry or agency","_label":"Ewohimi","_status_group":"other","_states":["Edo"]},"geometry":{"type":"Polygon","coordinates":[[[6.35253,6.42087],[6.33537,6.43765],[6.35294,6.44994],[6.36475,6.43262],[6.35253,6.42087]]]}},{"type":"Feature","properties":{"NAME":"Ewun Rafia","DESIG_ENG":"Forest Reserve","IUCN_CAT":"Not Reported","GIS_AREA":20.715125,"STATUS":"Designated","STATUS_YR":0,"GOV_TYPE":"Sub-national ministry or agency","_label":"Ewun Rafia","_status_group":"other","_states":["Niger"]},"geometry":{"type":"Polygon","coordinates":[[[6.25413,9.26939],[6.27163,9.24988],[6.26054,9.23493],[6.24198,9.23256],[6.21746,9.24154],[6.20713,9.25811],[6.22625,9.26926],[6.25413,9.26939]]]}},{"type":"Feature","properties":{"NAME":"Fadaman Mada","DESIG_ENG":"Forest Reserve","IUCN_CAT":"Not Reported","GIS_AREA":2.212399,"STATUS":"Designated","STATUS_YR":0,"GOV_TYPE":"Sub-national ministry or agency","_label":"Fadaman Mada","_status_group":"other","_states":["Bauchi"]},"geometry":{"type":"Polygon","coordinates":[[[9.84791,10.34007],[9.84272,10.35177],[9.8526,10.35832],[9.85553,10.35241],[9.84791,10.34007]]]}},{"type":"Feature","properties":{"NAME":"Fahu","DESIG_ENG":"Forest Reserve","IUCN_CAT":"Not Reported","GIS_AREA":46.196494,"STATUS":"Designated","STATUS_YR":0,"GOV_TYPE":"Sub-national ministry or agency","_label":"Fahu","_status_group":"other","_states":["Katsina"]},"geometry":{"type":"Polygon","coordinates":[[[7.64125,12.22406],[7.61425,12.22295],[7.61586,12.20186],[7.6032,12.19629],[7.60213,12.18153],[7.58172,12.16577],[7.56781,12.18758],[7.57508,12.19708],[7.57114,12.22937],[7.58604,12.24541],[7.5781,12.26779],[7.60962,12.27096],[7.62364,12.23521],[7.64125,12.22406]]]}},{"type":"Feature","properties":{"NAME":"Falgore (Kogin Kano)","DESIG_ENG":"National Park","IUCN_CAT":"IV","GIS_AREA":554.08685,"STATUS":"Designated","STATUS_YR":2020,"GOV_TYPE":"Federal or national ministry or agency","_label":"Falgore (Kogin Kano)","_status_group":"other","_year":2020,"_year_label":"Designation/status year","_states":["Kano","Kaduna"]},"geometry":{"type":"Polygon","coordinates":[[[8.63907,11.18939],[8.65562,11.1877],[8.66167,11.19458],[8.66813,11.21441],[8.66056,11.24635],[8.67615,11.26836],[8.64227,11.28507],[8.61946,11.32163],[8.64664,11.31714],[8.71054,11.25758],[8.71972,11.22132],[8.71464,11.18414],[8.70292,11.16073],[8.74041,11.1478],[8.768,11.12353],[8.79525,11.11654],[8.80038,11.10048],[8.77955,11.07412],[8.72736,11.04508],[8.6072,10.99494],[8.58731,10.99513],[8.56269,11.02347],[8.54641,11.08887],[8.55082,11.26193],[8.54511,11.32977],[8.57056,11.31003],[8.59766,11.25702],[8.58033,11.22028],[8.63907,11.18939]]]}},{"type":"Feature","properties":{"NAME":"Falomi","DESIG_ENG":"Forest Reserve","IUCN_CAT":"Not Reported","GIS_AREA":17.480296,"STATUS":"Designated","STATUS_YR":0,"GOV_TYPE":"Sub-national ministry or agency","_label":"Falomi","_status_group":"other","_states":["Jigawa"]},"geometry":{"type":"Polygon","coordinates":[[[9.33614,12.52468],[9.33729,12.48578],[9.33204,12.47494],[9.31091,12.46539],[9.30488,12.48319],[9.32746,12.5034],[9.32765,12.51845],[9.30281,12.51708],[9.30342,12.53293],[9.32756,12.53251],[9.33614,12.52468]]]}},{"type":"Feature","properties":{"NAME":"Farfar","DESIG_ENG":"Forest Reserve","IUCN_CAT":"Not Reported","GIS_AREA":207.201575,"STATUS":"Designated","STATUS_YR":0,"GOV_TYPE":"Sub-national ministry or agency","_label":"Farfar","_status_group":"other","_states":["Sokoto"]},"geometry":{"type":"Polygon","coordinates":[[[5.82937,13.15818],[5.78886,13.09377],[5.58723,13.10534],[5.58352,13.14669],[5.54577,13.15984],[5.55834,13.19308],[5.66209,13.1849],[5.70625,13.1225],[5.72425,13.12144],[5.7147,13.15178],[5.75137,13.17594],[5.82937,13.15818]]]}},{"type":"Feature","properties":{"NAME":"Farin Ruwa","DESIG_ENG":"Forest Reserve","IUCN_CAT":"Not Reported","GIS_AREA":206.365348,"STATUS":"Designated","STATUS_YR":0,"GOV_TYPE":"Sub-national ministry or agency","_label":"Farin Ruwa","_status_group":"other","_states":["Jigawa","Bauchi"]},"geometry":{"type":"Polygon","coordinates":[[[10.3237,11.11333],[10.36432,10.99974],[10.35656,10.9871],[10.31749,10.9758],[10.27079,10.97763],[10.23176,10.9893],[10.18818,11.06654],[10.19226,11.08132],[10.22062,11.0921],[10.25423,11.07712],[10.29133,11.10412],[10.29856,11.11928],[10.3237,11.11333]]]}},{"type":"Feature","properties":{"NAME":"Fatika","DESIG_ENG":"Forest Reserve","IUCN_CAT":"Not Reported","GIS_AREA":54.153707,"STATUS":"Designated","STATUS_YR":0,"GOV_TYPE":"Sub-national ministry or agency","_label":"Fatika","_status_group":"other","_states":["Kaduna"]},"geometry":{"type":"Polygon","coordinates":[[[7.34459,11.06025],[7.33341,11.0653],[7.30882,11.13409],[7.3211,11.16819],[7.35416,11.1822],[7.35447,11.14037],[7.36804,11.0979],[7.35632,11.06536],[7.34459,11.06025]]]}},{"type":"Feature","properties":{"NAME":"Fefeku","DESIG_ENG":"Forest Reserve","IUCN_CAT":"Not Reported","GIS_AREA":9.826379,"STATUS":"Designated","STATUS_YR":0,"GOV_TYPE":"Sub-national ministry or agency","_label":"Fefeku","_status_group":"other","_states":["Jigawa"]},"geometry":{"type":"Polygon","coordinates":[[[8.23605,12.65906],[8.2569,12.65615],[8.25166,12.63781],[8.21206,12.63414],[8.21201,12.64208],[8.23605,12.65906]]]}},{"type":"Feature","properties":{"NAME":"Femari","DESIG_ENG":"Forest Reserve","IUCN_CAT":"Not Reported","GIS_AREA":14.626455,"STATUS":"Designated","STATUS_YR":0,"GOV_TYPE":"Sub-national ministry or agency","_label":"Femari","_status_group":"other","_states":["Borno"]},"geometry":{"type":"Polygon","coordinates":[[[13.1749,11.95654],[13.16884,11.94295],[13.11074,11.94597],[13.11218,11.95823],[13.14242,11.96634],[13.14533,11.97821],[13.1749,11.95654]]]}},{"type":"Feature","properties":{"NAME":"Feri","DESIG_ENG":"Forest Reserve","IUCN_CAT":"Not Reported","GIS_AREA":5.891814,"STATUS":"Designated","STATUS_YR":0,"GOV_TYPE":"Sub-national ministry or agency","_label":"Feri","_status_group":"other","_states":["Bauchi"]},"geometry":{"type":"Polygon","coordinates":[[[10.41842,11.33827],[10.39542,11.33251],[10.39665,11.34182],[10.41832,11.36422],[10.41842,11.33827]]]}},{"type":"Feature","properties":{"NAME":"Finukunu","DESIG_ENG":"Forest Reserve","IUCN_CAT":"Not Reported","GIS_AREA":68.356647,"STATUS":"Designated","STATUS_YR":0,"GOV_TYPE":"Sub-national ministry or agency","_label":"Finukunu","_status_group":"other","_states":["Yobe"]},"geometry":{"type":"Polygon","coordinates":[[[11.78808,12.63697],[11.78594,12.59303],[11.77676,12.58268],[11.72629,12.57471],[11.72025,12.54634],[11.70617,12.53392],[11.67529,12.54119],[11.67471,12.55764],[11.7181,12.62251],[11.7372,12.61934],[11.78808,12.63697]]]}},{"type":"Feature","properties":{"NAME":"Foge Islands","DESIG_ENG":"Wetland of International Importance (Ramsar Site)","IUCN_CAT":"II","GIS_AREA":42.074991,"STATUS":"Designated","STATUS_YR":2008,"GOV_TYPE":"Not Reported","_label":"Foge Islands","_status_group":"other","_year":2008,"_year_label":"Designation/status year","_states":["Kebbi"]},"geometry":{"type":"Polygon","coordinates":[[[4.52063,10.49451],[4.53967,10.50952],[4.53931,10.52509],[4.55487,10.53992],[4.59088,10.56531],[4.60327,10.56488],[4.6015,10.5379],[4.58472,10.52728],[4.56207,10.48187],[4.53571,10.47711],[4.52063,10.49451]]]}},{"type":"Feature","properties":{"NAME":"Forest Reserve Name Unknown (NGA) No.1","DESIG_ENG":"Forest Reserve","IUCN_CAT":"Not Reported","GIS_AREA":8.155633,"STATUS":"Designated","STATUS_YR":0,"GOV_TYPE":"Sub-national ministry or agency","_label":"Forest Reserve Name Unknown (NGA) No.1","_status_group":"other","_states":["Sokoto"]},"geometry":{"type":"Polygon","coordinates":[[[4.98085,13.55399],[4.96394,13.53198],[4.95825,13.54177],[4.94466,13.54259],[4.94715,13.55888],[4.97339,13.56166],[4.98085,13.55399]]]}},{"type":"Feature","properties":{"NAME":"Forest Reserve Name Unknown (NGA) No.11","DESIG_ENG":"Forest Reserve","IUCN_CAT":"Not Reported","GIS_AREA":0.933449,"STATUS":"Designated","STATUS_YR":0,"GOV_TYPE":"Sub-national ministry or agency","_label":"Forest Reserve Name Unknown (NGA) No.11","_status_group":"other","_states":["Jigawa"]},"geometry":{"type":"Polygon","coordinates":[[[9.72931,12.50054],[9.71901,12.4947],[9.72029,12.50058],[9.72931,12.50054]]]}},{"type":"Feature","properties":{"NAME":"Forest Reserve Name Unknown (NGA) No.12","DESIG_ENG":"Forest Reserve","IUCN_CAT":"Not Reported","GIS_AREA":6.155141,"STATUS":"Designated","STATUS_YR":0,"GOV_TYPE":"Sub-national ministry or agency","_label":"Forest Reserve Name Unknown (NGA) No.12","_status_group":"other","_states":["Bauchi"]},"geometry":{"type":"Polygon","coordinates":[[[10.49256,12.40089],[10.48252,12.4044],[10.47916,12.41909],[10.49312,12.43647],[10.49256,12.40089]]]}},{"type":"Feature","properties":{"NAME":"Forest Reserve Name Unknown (NGA) No.13","DESIG_ENG":"Forest Reserve","IUCN_CAT":"Not Reported","GIS_AREA":1.723864,"STATUS":"Designated","STATUS_YR":0,"GOV_TYPE":"Sub-national ministry or agency","_label":"Forest Reserve Name Unknown (NGA) No.13","_status_group":"other","_states":["Jigawa"]},"geometry":{"type":"Polygon","coordinates":[[[10.03869,12.41554],[10.02573,12.41886],[10.0246,12.42376],[10.03926,12.4239],[10.03869,12.41554]]]}},{"type":"Feature","properties":{"NAME":"Forest Reserve Name Unknown (NGA) No.14","DESIG_ENG":"Forest Reserve","IUCN_CAT":"Not Reported","GIS_AREA":5.939023,"STATUS":"Designated","STATUS_YR":0,"GOV_TYPE":"Sub-national ministry or agency","_label":"Forest Reserve Name Unknown (NGA) No.14","_status_group":"other","_states":["Jigawa"]},"geometry":{"type":"Polygon","coordinates":[[[9.53015,12.32775],[9.47716,12.30787],[9.48944,12.31718],[9.51678,12.32991],[9.53015,12.32775]]]}},{"type":"Feature","properties":{"NAME":"Forest Reserve Name Unknown (NGA) No.15","DESIG_ENG":"Forest Reserve","IUCN_CAT":"Not Reported","GIS_AREA":3.493867,"STATUS":"Designated","STATUS_YR":0,"GOV_TYPE":"Sub-national ministry or agency","_label":"Forest Reserve Name Unknown (NGA) No.15","_status_group":"other","_states":["Jigawa"]},"geometry":{"type":"Polygon","coordinates":[[[9.49574,12.15801],[9.4743,12.15215],[9.47171,12.16161],[9.49284,12.16799],[9.49574,12.15801]]]}},{"type":"Feature","properties":{"NAME":"Forest Reserve Name Unknown (NGA) No.16","DESIG_ENG":"Forest Reserve","IUCN_CAT":"Not Reported","GIS_AREA":1.925714,"STATUS":"Designated","STATUS_YR":0,"GOV_TYPE":"Sub-national ministry or agency","_label":"Forest Reserve Name Unknown (NGA) No.16","_status_group":"other","_states":["Kano"]},"geometry":{"type":"Polygon","coordinates":[[[8.37312,12.12489],[8.36562,12.12853],[8.38099,12.14038],[8.38227,12.13421],[8.37312,12.12489]]]}},{"type":"Feature","properties":{"NAME":"Forest Reserve Name Unknown (NGA) No.17","DESIG_ENG":"Forest Reserve","IUCN_CAT":"Not Reported","GIS_AREA":0.782002,"STATUS":"Designated","STATUS_YR":0,"GOV_TYPE":"Sub-national ministry or agency","_label":"Forest Reserve Name Unknown (NGA) No.17","_status_group":"other","_states":["Kano"]},"geometry":{"type":"Polygon","coordinates":[[[8.42016,12.12884],[8.4112,12.13127],[8.41361,12.13756],[8.419,12.13662],[8.42016,12.12884]]]}},{"type":"Feature","properties":{"NAME":"Forest Reserve Name Unknown (NGA) No.18","DESIG_ENG":"Forest Reserve","IUCN_CAT":"Not Reported","GIS_AREA":0.99252,"STATUS":"Designated","STATUS_YR":0,"GOV_TYPE":"Sub-national ministry or agency","_label":"Forest Reserve Name Unknown (NGA) No.18","_status_group":"other","_states":["Kano"]},"geometry":{"type":"Polygon","coordinates":[[[8.46181,12.12594],[8.45056,12.12493],[8.45286,12.13092],[8.46181,12.12594]]]}},{"type":"Feature","properties":{"NAME":"Forest Reserve Name Unknown (NGA) No.19","DESIG_ENG":"Forest Reserve","IUCN_CAT":"Not Reported","GIS_AREA":2.32451,"STATUS":"Designated","STATUS_YR":0,"GOV_TYPE":"Sub-national ministry or agency","_label":"Forest Reserve Name Unknown (NGA) No.19","_status_group":"other","_states":["Jigawa"]},"geometry":{"type":"Polygon","coordinates":[[[10.12958,12.10448],[10.12441,12.11342],[10.14333,12.1142],[10.14031,12.10762],[10.12958,12.10448]]]}},{"type":"Feature","properties":{"NAME":"Forest Reserve Name Unknown (NGA) No.2","DESIG_ENG":"Forest Reserve","IUCN_CAT":"Not Reported","GIS_AREA":15.623323,"STATUS":"Designated","STATUS_YR":0,"GOV_TYPE":"Sub-national ministry or agency","_label":"Forest Reserve Name Unknown (NGA) No.2","_status_group":"other","_states":["Sokoto"]},"geometry":{"type":"Polygon","coordinates":[[[5.03563,13.37552],[4.98368,13.3676],[5.00351,13.41508],[5.03563,13.37552]]]}},{"type":"Feature","properties":{"NAME":"Forest Reserve Name Unknown (NGA) No.20","DESIG_ENG":"Forest Reserve","IUCN_CAT":"Not Reported","GIS_AREA":5.039282,"STATUS":"Designated","STATUS_YR":0,"GOV_TYPE":"Sub-national ministry or agency","_label":"Forest Reserve Name Unknown (NGA) No.20","_status_group":"other","_states":["Bauchi"]},"geometry":{"type":"Polygon","coordinates":[[[10.1187,11.99163],[10.09874,11.98513],[10.09513,11.99856],[10.10746,12.01166],[10.1187,11.99163]]]}},{"type":"Feature","properties":{"NAME":"Forest Reserve Name Unknown (NGA) No.21","DESIG_ENG":"Forest Reserve","IUCN_CAT":"Not Reported","GIS_AREA":23.543486,"STATUS":"Designated","STATUS_YR":0,"GOV_TYPE":"Sub-national ministry or agency","_label":"Forest Reserve Name Unknown (NGA) No.21","_status_group":"other","_states":["Bauchi"]},"geometry":{"type":"Polygon","coordinates":[[[10.04852,11.92928],[10.06335,11.92473],[10.05868,11.8971],[10.04477,11.88796],[10.04102,11.87064],[10.03174,11.8699],[10.01292,11.89859],[10.02376,11.92319],[10.04852,11.92928]]]}},{"type":"Feature","properties":{"NAME":"Forest Reserve Name Unknown (NGA) No.22","DESIG_ENG":"Forest Reserve","IUCN_CAT":"Not Reported","GIS_AREA":155.976873,"STATUS":"Designated","STATUS_YR":0,"GOV_TYPE":"Sub-national ministry or agency","_label":"Forest Reserve Name Unknown (NGA) No.22","_status_group":"other","_states":["Yobe"]},"geometry":{"type":"Polygon","coordinates":[[[11.89859,11.81547],[11.91109,11.81889],[11.93096,11.78721],[11.90893,11.76452],[11.78425,11.73579],[11.76312,11.77503],[11.76585,11.8267],[11.80888,11.843],[11.84858,11.84279],[11.89859,11.81547]]]}},{"type":"Feature","properties":{"NAME":"Forest Reserve Name Unknown (NGA) No.23","DESIG_ENG":"Forest Reserve","IUCN_CAT":"Not Reported","GIS_AREA":8.22736,"STATUS":"Designated","STATUS_YR":0,"GOV_TYPE":"Sub-national ministry or agency","_label":"Forest Reserve Name Unknown (NGA) No.23","_status_group":"other","_states":["Borno"]},"geometry":{"type":"Polygon","coordinates":[[[13.11681,11.77904],[13.08988,11.78799],[13.10848,11.80968],[13.12724,11.79761],[13.11681,11.77904]]]}},{"type":"Feature","properties":{"NAME":"Forest Reserve Name Unknown (NGA) No.24","DESIG_ENG":"Forest Reserve","IUCN_CAT":"Not Reported","GIS_AREA":2.172269,"STATUS":"Designated","STATUS_YR":0,"GOV_TYPE":"Sub-national ministry or agency","_label":"Forest Reserve Name Unknown (NGA) No.24","_status_group":"other","_states":["Bauchi"]},"geometry":{"type":"Polygon","coordinates":[[[10.89033,11.74977],[10.88156,11.74801],[10.87833,11.75923],[10.89142,11.76462],[10.89033,11.74977]]]}},{"type":"Feature","properties":{"NAME":"Forest Reserve Name Unknown (NGA) No.25","DESIG_ENG":"Forest Reserve","IUCN_CAT":"Not Reported","GIS_AREA":43.509984,"STATUS":"Designated","STATUS_YR":0,"GOV_TYPE":"Sub-national ministry or agency","_label":"Forest Reserve Name Unknown (NGA) No.25","_status_group":"other","_states":["Yobe"]},"geometry":{"type":"Polygon","coordinates":[[[11.96146,11.73713],[11.93687,11.6802],[11.89519,11.68351],[11.87311,11.69859],[11.86574,11.71524],[11.96146,11.73713]]]}},{"type":"Feature","properties":{"NAME":"Forest Reserve Name Unknown (NGA) No.26","DESIG_ENG":"Forest Reserve","IUCN_CAT":"Not Reported","GIS_AREA":1.870426,"STATUS":"Designated","STATUS_YR":0,"GOV_TYPE":"Sub-national ministry or agency","_label":"Forest Reserve Name Unknown (NGA) No.26","_status_group":"other","_states":["Bauchi"]},"geometry":{"type":"Polygon","coordinates":[[[10.88884,11.70397],[10.87613,11.70952],[10.8741,11.7154],[10.88904,11.71329],[10.88884,11.70397]]]}},{"type":"Feature","properties":{"NAME":"Forest Reserve Name Unknown (NGA) No.27","DESIG_ENG":"Forest Reserve","IUCN_CAT":"Not Reported","GIS_AREA":1.250618,"STATUS":"Designated","STATUS_YR":0,"GOV_TYPE":"Sub-national ministry or agency","_label":"Forest Reserve Name Unknown (NGA) No.27","_status_group":"other","_states":["Bauchi"]},"geometry":{"type":"Polygon","coordinates":[[[10.9028,11.68632],[10.89584,11.68564],[10.88978,11.68899],[10.90528,11.69834],[10.9028,11.68632]]]}},{"type":"Feature","properties":{"NAME":"Forest Reserve Name Unknown (NGA) No.28","DESIG_ENG":"Forest Reserve","IUCN_CAT":"Not Reported","GIS_AREA":1.045338,"STATUS":"Designated","STATUS_YR":0,"GOV_TYPE":"Sub-national ministry or agency","_label":"Forest Reserve Name Unknown (NGA) No.28","_status_group":"other","_states":["Bauchi"]},"geometry":{"type":"Polygon","coordinates":[[[10.88593,11.68814],[10.87315,11.69082],[10.87608,11.69484],[10.88593,11.68814]]]}},{"type":"Feature","properties":{"NAME":"Forest Reserve Name Unknown (NGA) No.29","DESIG_ENG":"Forest Reserve","IUCN_CAT":"Not Reported","GIS_AREA":10.317059,"STATUS":"Designated","STATUS_YR":0,"GOV_TYPE":"Sub-national ministry or agency","_label":"Forest Reserve Name Unknown (NGA) No.29","_status_group":"other","_states":["Kano"]},"geometry":{"type":"Polygon","coordinates":[[[8.48251,11.65975],[8.46002,11.65704],[8.46231,11.69511],[8.47783,11.69144],[8.48528,11.67506],[8.48251,11.65975]]]}},{"type":"Feature","properties":{"NAME":"Forest Reserve Name Unknown (NGA) No.3","DESIG_ENG":"Forest Reserve","IUCN_CAT":"Not Reported","GIS_AREA":8.949644,"STATUS":"Designated","STATUS_YR":0,"GOV_TYPE":"Sub-national ministry or agency","_label":"Forest Reserve Name Unknown (NGA) No.3","_status_group":"other","_states":["Sokoto"]},"geometry":{"type":"Polygon","coordinates":[[[5.0906,13.20596],[5.07266,13.20357],[5.0521,13.22834],[5.0644,13.23477],[5.08404,13.22632],[5.0906,13.20596]]]}},{"type":"Feature","properties":{"NAME":"Forest Reserve Name Unknown (NGA) No.30","DESIG_ENG":"Forest Reserve","IUCN_CAT":"Not Reported","GIS_AREA":3.816638,"STATUS":"Designated","STATUS_YR":0,"GOV_TYPE":"Sub-national ministry or agency","_label":"Forest Reserve Name Unknown (NGA) No.30","_status_group":"other","_states":["Bauchi"]},"geometry":{"type":"Polygon","coordinates":[[[9.93129,11.64561],[9.92284,11.64834],[9.92283,11.65895],[9.93698,11.67069],[9.93129,11.64561]]]}},{"type":"Feature","properties":{"NAME":"Forest Reserve Name Unknown (NGA) No.31","DESIG_ENG":"Forest Reserve","IUCN_CAT":"Not Reported","GIS_AREA":9.774265,"STATUS":"Designated","STATUS_YR":0,"GOV_TYPE":"Sub-national ministry or agency","_label":"Forest Reserve Name Unknown (NGA) No.31","_status_group":"other","_states":["Bauchi"]},"geometry":{"type":"Polygon","coordinates":[[[10.105,11.62279],[10.09376,11.62987],[10.09942,11.64428],[10.09313,11.65199],[10.1322,11.64322],[10.12397,11.62837],[10.105,11.62279]]]}},{"type":"Feature","properties":{"NAME":"Forest Reserve Name Unknown (NGA) No.32","DESIG_ENG":"Forest Reserve","IUCN_CAT":"Not Reported","GIS_AREA":5.315163,"STATUS":"Designated","STATUS_YR":0,"GOV_TYPE":"Sub-national ministry or agency","_label":"Forest Reserve Name Unknown (NGA) No.32","_status_group":"other","_states":["Katsina"]},"geometry":{"type":"Polygon","coordinates":[[[7.14859,11.61874],[7.13743,11.63428],[7.13966,11.65287],[7.15929,11.64363],[7.14859,11.61874]]]}},{"type":"Feature","properties":{"NAME":"Forest Reserve Name Unknown (NGA) No.33","DESIG_ENG":"Forest Reserve","IUCN_CAT":"Not Reported","GIS_AREA":1.44055,"STATUS":"Designated","STATUS_YR":0,"GOV_TYPE":"Sub-national ministry or agency","_label":"Forest Reserve Name Unknown (NGA) No.33","_status_group":"other","_states":["Bauchi"]},"geometry":{"type":"Polygon","coordinates":[[[10.22387,11.63788],[10.21594,11.6454],[10.21843,11.65177],[10.22759,11.64386],[10.22387,11.63788]]]}},{"type":"Feature","properties":{"NAME":"Forest Reserve Name Unknown (NGA) No.34","DESIG_ENG":"Forest Reserve","IUCN_CAT":"Not Reported","GIS_AREA":2.668475,"STATUS":"Designated","STATUS_YR":0,"GOV_TYPE":"Sub-national ministry or agency","_label":"Forest Reserve Name Unknown (NGA) No.34","_status_group":"other","_states":["Katsina"]},"geometry":{"type":"Polygon","coordinates":[[[7.55562,11.45413],[7.54372,11.45713],[7.54561,11.47777],[7.55254,11.47411],[7.55562,11.45413]]]}},{"type":"Feature","properties":{"NAME":"Forest Reserve Name Unknown (NGA) No.35","DESIG_ENG":"Forest Reserve","IUCN_CAT":"Not Reported","GIS_AREA":17.822767,"STATUS":"Designated","STATUS_YR":0,"GOV_TYPE":"Sub-national ministry or agency","_label":"Forest Reserve Name Unknown (NGA) No.35","_status_group":"other","_states":["Borno"]},"geometry":{"type":"Polygon","coordinates":[[[13.71235,11.40447],[13.69597,11.40566],[13.69213,11.42435],[13.71645,11.46451],[13.72869,11.45426],[13.72125,11.43521],[13.72777,11.4256],[13.71235,11.40447]]]}},{"type":"Feature","properties":{"NAME":"Forest Reserve Name Unknown (NGA) No.36","DESIG_ENG":"Forest Reserve","IUCN_CAT":"Not Reported","GIS_AREA":5.884752,"STATUS":"Designated","STATUS_YR":0,"GOV_TYPE":"Sub-national ministry or agency","_label":"Forest Reserve Name Unknown (NGA) No.36","_status_group":"other","_states":["Katsina"]},"geometry":{"type":"Polygon","coordinates":[[[7.66846,11.40091],[7.66088,11.37179],[7.67466,11.35751],[7.66667,11.34744],[7.65257,11.37095],[7.64971,11.39648],[7.66846,11.40091]]]}},{"type":"Feature","properties":{"NAME":"Forest Reserve Name Unknown (NGA) No.37","DESIG_ENG":"Forest Reserve","IUCN_CAT":"Not Reported","GIS_AREA":82.788862,"STATUS":"Designated","STATUS_YR":0,"GOV_TYPE":"Sub-national ministry or agency","_label":"Forest Reserve Name Unknown (NGA) No.37","_status_group":"other","_states":["Borno"]},"geometry":{"type":"Polygon","coordinates":[[[12.56422,10.43874],[12.5036,10.42851],[12.47493,10.44405],[12.49738,10.49222],[12.48041,10.54153],[12.48643,10.55366],[12.51301,10.5379],[12.56688,10.46075],[12.56422,10.43874]]]}},{"type":"Feature","properties":{"NAME":"Forest Reserve Name Unknown (NGA) No.38","DESIG_ENG":"Forest Reserve","IUCN_CAT":"Not Reported","GIS_AREA":8.610824,"STATUS":"Designated","STATUS_YR":0,"GOV_TYPE":"Sub-national ministry or agency","_label":"Forest Reserve Name Unknown (NGA) No.38","_status_group":"other","_states":["Borno"]},"geometry":{"type":"Polygon","coordinates":[[[12.15927,10.49269],[12.13508,10.51876],[12.13956,10.53337],[12.1517,10.53224],[12.1667,10.5085],[12.16784,10.49689],[12.15927,10.49269]]]}},{"type":"Feature","properties":{"NAME":"Forest Reserve Name Unknown (NGA) No.39","DESIG_ENG":"Forest Reserve","IUCN_CAT":"Not Reported","GIS_AREA":11.749212,"STATUS":"Designated","STATUS_YR":0,"GOV_TYPE":"Sub-national ministry or agency","_label":"Forest Reserve Name Unknown (NGA) No.39","_status_group":"other","_states":["Borno"]},"geometry":{"type":"Polygon","coordinates":[[[12.06955,10.46329],[12.07074,10.43513],[12.06482,10.42907],[12.03186,10.45542],[12.03857,10.46645],[12.06955,10.46329]]]}},{"type":"Feature","properties":{"NAME":"Forest Reserve Name Unknown (NGA) No.40","DESIG_ENG":"Forest Reserve","IUCN_CAT":"Not Reported","GIS_AREA":5.244955,"STATUS":"Designated","STATUS_YR":0,"GOV_TYPE":"Sub-national ministry or agency","_label":"Forest Reserve Name Unknown (NGA) No.40","_status_group":"other","_states":["Bauchi"]},"geometry":{"type":"Polygon","coordinates":[[[10.65052,10.3162],[10.65331,10.33722],[10.67927,10.33244],[10.66542,10.31996],[10.65052,10.3162]]]}},{"type":"Feature","properties":{"NAME":"Forest Reserve Name Unknown (NGA) No.41","DESIG_ENG":"Forest Reserve","IUCN_CAT":"Not Reported","GIS_AREA":4.258252,"STATUS":"Designated","STATUS_YR":0,"GOV_TYPE":"Sub-national ministry or agency","_label":"Forest Reserve Name Unknown (NGA) No.41","_status_group":"other","_states":["Kaduna"]},"geometry":{"type":"Polygon","coordinates":[[[8.57901,10.05888],[8.56564,10.0642],[8.56049,10.07582],[8.58211,10.0734],[8.57901,10.05888]]]}},{"type":"Feature","properties":{"NAME":"Forest Reserve Name Unknown (NGA) No.42","DESIG_ENG":"Forest Reserve","IUCN_CAT":"Not Reported","GIS_AREA":6.009311,"STATUS":"Designated","STATUS_YR":0,"GOV_TYPE":"Sub-national ministry or agency","_label":"Forest Reserve Name Unknown (NGA) No.42","_status_group":"other","_states":["Kaduna"]},"geometry":{"type":"Polygon","coordinates":[[[8.53596,10.05482],[8.52351,10.05896],[8.5285,10.07611],[8.55083,10.06652],[8.53596,10.05482]]]}},{"type":"Feature","properties":{"NAME":"Forest Reserve Name Unknown (NGA) No.43","DESIG_ENG":"Forest Reserve","IUCN_CAT":"Not Reported","GIS_AREA":91.951397,"STATUS":"Designated","STATUS_YR":0,"GOV_TYPE":"Sub-national ministry or agency","_label":"Forest Reserve Name Unknown (NGA) No.43","_status_group":"other","_states":["Kaduna"]},"geometry":{"type":"Polygon","coordinates":[[[7.96592,10.03477],[8.05377,10.01567],[8.0666,9.99956],[8.06167,9.9743],[8.02661,9.96124],[8.01077,9.9677],[7.96791,9.91172],[7.96043,9.91894],[7.97008,9.94846],[7.95697,9.96784],[7.97348,9.99967],[7.93988,10.00454],[7.92767,10.01863],[7.9375,10.03214],[7.96592,10.03477]],[[8.02163,9.98384],[8.03284,9.98661],[8.0405,10.00591],[8.02199,9.99941],[8.02163,9.98384]]]}},{"type":"Feature","properties":{"NAME":"Forest Reserve Name Unknown (NGA) No.44","DESIG_ENG":"Forest Reserve","IUCN_CAT":"Not Reported","GIS_AREA":10.147134,"STATUS":"Designated","STATUS_YR":0,"GOV_TYPE":"Sub-national ministry or agency","_label":"Forest Reserve Name Unknown (NGA) No.44","_status_group":"other","_states":["Plateau"]},"geometry":{"type":"Polygon","coordinates":[[[8.82931,9.95921],[8.8224,9.94232],[8.77813,9.96103],[8.80001,9.96927],[8.82931,9.95921]]]}},{"type":"Feature","properties":{"NAME":"Forest Reserve Name Unknown (NGA) No.45","DESIG_ENG":"Forest Reserve","IUCN_CAT":"Not Reported","GIS_AREA":17.444205,"STATUS":"Designated","STATUS_YR":0,"GOV_TYPE":"Sub-national ministry or agency","_label":"Forest Reserve Name Unknown (NGA) No.45","_status_group":"other","_states":["Kaduna"]},"geometry":{"type":"Polygon","coordinates":[[[8.54451,9.8968],[8.52826,9.90171],[8.52352,9.92086],[8.53264,9.93338],[8.55342,9.93936],[8.56461,9.93255],[8.56669,9.9202],[8.54451,9.8968]]]}},{"type":"Feature","properties":{"NAME":"Forest Reserve Name Unknown (NGA) No.46","DESIG_ENG":"Forest Reserve","IUCN_CAT":"Not Reported","GIS_AREA":1.531822,"STATUS":"Designated","STATUS_YR":0,"GOV_TYPE":"Sub-national ministry or agency","_label":"Forest Reserve Name Unknown (NGA) No.46","_status_group":"other","_states":["Plateau"]},"geometry":{"type":"Polygon","coordinates":[[[8.76974,9.89753],[8.76301,9.90319],[8.76882,9.91097],[8.77467,9.90699],[8.76974,9.89753]]]}},{"type":"Feature","properties":{"NAME":"Forest Reserve Name Unknown (NGA) No.47","DESIG_ENG":"Forest Reserve","IUCN_CAT":"Not Reported","GIS_AREA":4.646272,"STATUS":"Designated","STATUS_YR":0,"GOV_TYPE":"Sub-national ministry or agency","_label":"Forest Reserve Name Unknown (NGA) No.47","_status_group":"other","_states":["Kaduna"]},"geometry":{"type":"Polygon","coordinates":[[[8.51831,9.85458],[8.51699,9.86734],[8.53237,9.88319],[8.53248,9.86046],[8.51831,9.85458]]]}},{"type":"Feature","properties":{"NAME":"Forest Reserve Name Unknown (NGA) No.48","DESIG_ENG":"Forest Reserve","IUCN_CAT":"Not Reported","GIS_AREA":4.283508,"STATUS":"Designated","STATUS_YR":0,"GOV_TYPE":"Sub-national ministry or agency","_label":"Forest Reserve Name Unknown (NGA) No.48","_status_group":"other","_states":["Plateau"]},"geometry":{"type":"Polygon","coordinates":[[[8.76535,9.84493],[8.75949,9.84592],[8.76083,9.8616],[8.77425,9.87924],[8.77604,9.86592],[8.76535,9.84493]]]}},{"type":"Feature","properties":{"NAME":"Forest Reserve Name Unknown (NGA) No.49","DESIG_ENG":"Forest Reserve","IUCN_CAT":"Not Reported","GIS_AREA":1.156146,"STATUS":"Designated","STATUS_YR":0,"GOV_TYPE":"Sub-national ministry or agency","_label":"Forest Reserve Name Unknown (NGA) No.49","_status_group":"other","_states":["Gombe"]},"geometry":{"type":"Polygon","coordinates":[[[11.2713,9.82279],[11.25889,9.81925],[11.26006,9.82841],[11.2713,9.82279]]]}},{"type":"Feature","properties":{"NAME":"Forest Reserve Name Unknown (NGA) No.5","DESIG_ENG":"Forest Reserve","IUCN_CAT":"Not Reported","GIS_AREA":11.663604,"STATUS":"Designated","STATUS_YR":0,"GOV_TYPE":"Sub-national ministry or agency","_label":"Forest Reserve Name Unknown (NGA) No.5","_status_group":"other","_states":["Jigawa","Yobe"]},"geometry":{"type":"Polygon","coordinates":[[[10.3096,12.85324],[10.28611,12.84876],[10.28735,12.86776],[10.26757,12.88062],[10.27803,12.89438],[10.30851,12.86849],[10.3096,12.85324]]]}},{"type":"Feature","properties":{"NAME":"Forest Reserve Name Unknown (NGA) No.50","DESIG_ENG":"Forest Reserve","IUCN_CAT":"Not Reported","GIS_AREA":2.498463,"STATUS":"Designated","STATUS_YR":0,"GOV_TYPE":"Sub-national ministry or agency","_label":"Forest Reserve Name Unknown (NGA) No.50","_status_group":"other","_states":["Kaduna"]},"geometry":{"type":"Polygon","coordinates":[[[8.23131,9.79763],[8.22197,9.80254],[8.2265,9.8127],[8.23839,9.80842],[8.23131,9.79763]]]}},{"type":"Feature","properties":{"NAME":"Forest Reserve Name Unknown (NGA) No.51","DESIG_ENG":"Forest Reserve","IUCN_CAT":"Not Reported","GIS_AREA":1.525757,"STATUS":"Designated","STATUS_YR":0,"GOV_TYPE":"Sub-national ministry or agency","_label":"Forest Reserve Name Unknown (NGA) No.51","_status_group":"other","_states":["Niger"]},"geometry":{"type":"Polygon","coordinates":[[[7.23878,9.67609],[7.23189,9.67763],[7.23422,9.69054],[7.24,9.68761],[7.23878,9.67609]]]}},{"type":"Feature","properties":{"NAME":"Forest Reserve Name Unknown (NGA) No.52","DESIG_ENG":"Forest Reserve","IUCN_CAT":"Not Reported","GIS_AREA":0.72543,"STATUS":"Designated","STATUS_YR":0,"GOV_TYPE":"Sub-national ministry or agency","_label":"Forest Reserve Name Unknown (NGA) No.52","_status_group":"other","_states":["Niger"]},"geometry":{"type":"Polygon","coordinates":[[[7.18444,9.67918],[7.17578,9.67405],[7.17982,9.68168],[7.18444,9.67918]]]}},{"type":"Feature","properties":{"NAME":"Forest Reserve Name Unknown (NGA) No.53","DESIG_ENG":"Forest Reserve","IUCN_CAT":"Not Reported","GIS_AREA":47.898405,"STATUS":"Designated","STATUS_YR":0,"GOV_TYPE":"Sub-national ministry or agency","_label":"Forest Reserve Name Unknown (NGA) No.53","_status_group":"other","_states":["Kaduna"]},"geometry":{"type":"Polygon","coordinates":[[[7.66441,9.65051],[7.66028,9.63568],[7.63144,9.62767],[7.64256,9.59863],[7.61615,9.57953],[7.59898,9.6009],[7.57931,9.6023],[7.58624,9.64363],[7.59483,9.65436],[7.62715,9.64839],[7.64521,9.66587],[7.66441,9.65051]]]}},{"type":"Feature","properties":{"NAME":"Forest Reserve Name Unknown (NGA) No.56","DESIG_ENG":"Forest Reserve","IUCN_CAT":"Not Reported","GIS_AREA":0.649654,"STATUS":"Designated","STATUS_YR":0,"GOV_TYPE":"Sub-national ministry or agency","_label":"Forest Reserve Name Unknown (NGA) No.56","_status_group":"other","_states":["Niger"]},"geometry":{"type":"Polygon","coordinates":[[[7.24077,9.58842],[7.23143,9.58657],[7.23424,9.59186],[7.24077,9.58842]]]}},{"type":"Feature","properties":{"NAME":"Forest Reserve Name Unknown (NGA) No.57","DESIG_ENG":"Forest Reserve","IUCN_CAT":"Not Reported","GIS_AREA":3.155104,"STATUS":"Designated","STATUS_YR":0,"GOV_TYPE":"Sub-national ministry or agency","_label":"Forest Reserve Name Unknown (NGA) No.57","_status_group":"other","_states":["Kaduna"]},"geometry":{"type":"Polygon","coordinates":[[[8.32942,9.57103],[8.3192,9.5737],[8.32374,9.59136],[8.33163,9.58691],[8.32942,9.57103]]]}},{"type":"Feature","properties":{"NAME":"Forest Reserve Name Unknown (NGA) No.58","DESIG_ENG":"Forest Reserve","IUCN_CAT":"Not Reported","GIS_AREA":0.692261,"STATUS":"Designated","STATUS_YR":0,"GOV_TYPE":"Sub-national ministry or agency","_label":"Forest Reserve Name Unknown (NGA) No.58","_status_group":"other","_states":["Niger","Kaduna"]},"geometry":{"type":"Polygon","coordinates":[[[7.25216,9.51255],[7.24316,9.50838],[7.24354,9.51433],[7.25216,9.51255]]]}},{"type":"Feature","properties":{"NAME":"Forest Reserve Name Unknown (NGA) No.59","DESIG_ENG":"Forest Reserve","IUCN_CAT":"Not Reported","GIS_AREA":0.703411,"STATUS":"Designated","STATUS_YR":0,"GOV_TYPE":"Sub-national ministry or agency","_label":"Forest Reserve Name Unknown (NGA) No.59","_status_group":"other","_states":["Niger"]},"geometry":{"type":"Polygon","coordinates":[[[7.21453,9.50856],[7.2053,9.50614],[7.20725,9.51252],[7.21453,9.50856]]]}},{"type":"Feature","properties":{"NAME":"Forest Reserve Name Unknown (NGA) No.6","DESIG_ENG":"Forest Reserve","IUCN_CAT":"Not Reported","GIS_AREA":2.421033,"STATUS":"Designated","STATUS_YR":0,"GOV_TYPE":"Sub-national ministry or agency","_label":"Forest Reserve Name Unknown (NGA) No.6","_status_group":"other","_states":["Yobe"]},"geometry":{"type":"Polygon","coordinates":[[[10.44253,12.87545],[10.43128,12.8755],[10.43055,12.88873],[10.44462,12.88357],[10.44253,12.87545]]]}},{"type":"Feature","properties":{"NAME":"Forest Reserve Name Unknown (NGA) No.61","DESIG_ENG":"Forest Reserve","IUCN_CAT":"Not Reported","GIS_AREA":4.954826,"STATUS":"Designated","STATUS_YR":0,"GOV_TYPE":"Sub-national ministry or agency","_label":"Forest Reserve Name Unknown (NGA) No.61","_status_group":"other","_states":["Abuja Federal Capital Territory"]},"geometry":{"type":"Polygon","coordinates":[[[7.41863,8.63337],[7.39347,8.63366],[7.40533,8.6496],[7.41962,8.64229],[7.41863,8.63337]]]}},{"type":"Feature","properties":{"NAME":"Forest Reserve Name Unknown (NGA) No.62","DESIG_ENG":"Forest Reserve","IUCN_CAT":"Not Reported","GIS_AREA":1.260327,"STATUS":"Designated","STATUS_YR":0,"GOV_TYPE":"Sub-national ministry or agency","_label":"Forest Reserve Name Unknown (NGA) No.62","_status_group":"other","_states":["Nasarawa"]},"geometry":{"type":"Polygon","coordinates":[[[8.52558,8.40997],[8.51681,8.41245],[8.51753,8.41897],[8.52691,8.41861],[8.52558,8.40997]]]}},{"type":"Feature","properties":{"NAME":"Forest Reserve Name Unknown (NGA) No.69","DESIG_ENG":"Forest Reserve","IUCN_CAT":"Not Reported","GIS_AREA":4.218847,"STATUS":"Designated","STATUS_YR":0,"GOV_TYPE":"Sub-national ministry or agency","_label":"Forest Reserve Name Unknown (NGA) No.69","_status_group":"other","_states":["Ebonyi"]},"geometry":{"type":"Polygon","coordinates":[[[7.95975,6.46478],[7.94004,6.46397],[7.94631,6.48194],[7.96391,6.4763],[7.95975,6.46478]]]}},{"type":"Feature","properties":{"NAME":"Forest Reserve Name Unknown (NGA) No.7","DESIG_ENG":"Forest Reserve","IUCN_CAT":"Not Reported","GIS_AREA":2.72121,"STATUS":"Designated","STATUS_YR":0,"GOV_TYPE":"Sub-national ministry or agency","_label":"Forest Reserve Name Unknown (NGA) No.7","_status_group":"other","_states":["Jigawa"]},"geometry":{"type":"Polygon","coordinates":[[[9.04233,12.76338],[9.03084,12.76567],[9.03948,12.78209],[9.04517,12.77738],[9.04233,12.76338]]]}},{"type":"Feature","properties":{"NAME":"Forest Reserve Name Unknown (NGA) No.72","DESIG_ENG":"Forest Reserve","IUCN_CAT":"Not Reported","GIS_AREA":3.418311,"STATUS":"Designated","STATUS_YR":0,"GOV_TYPE":"Sub-national ministry or agency","_label":"Forest Reserve Name Unknown (NGA) No.72","_status_group":"other","_states":["Ebonyi"]},"geometry":{"type":"Polygon","coordinates":[[[8.0346,6.34014],[8.02845,6.35472],[8.04537,6.36086],[8.04573,6.34302],[8.0346,6.34014]]]}},{"type":"Feature","properties":{"NAME":"Forest Reserve Name Unknown (NGA) No.74","DESIG_ENG":"Forest Reserve","IUCN_CAT":"Not Reported","GIS_AREA":7.629268,"STATUS":"Designated","STATUS_YR":0,"GOV_TYPE":"Sub-national ministry or agency","_label":"Forest Reserve Name Unknown (NGA) No.74","_status_group":"other","_states":["Ebonyi"]},"geometry":{"type":"Polygon","coordinates":[[[8.17695,6.18096],[8.16307,6.19253],[8.16783,6.2093],[8.19297,6.20211],[8.17695,6.18096]]]}},{"type":"Feature","properties":{"NAME":"Forest Reserve Name Unknown (NGA) No.75","DESIG_ENG":"Forest Reserve","IUCN_CAT":"Not Reported","GIS_AREA":2.823922,"STATUS":"Designated","STATUS_YR":0,"GOV_TYPE":"Sub-national ministry or agency","_label":"Forest Reserve Name Unknown (NGA) No.75","_status_group":"other","_states":["Ebonyi"]},"geometry":{"type":"Polygon","coordinates":[[[8.2926,6.15147],[8.27862,6.15663],[8.2802,6.17089],[8.28871,6.16697],[8.2926,6.15147]]]}},{"type":"Feature","properties":{"NAME":"Forest Reserve Name Unknown (NGA) No.78","DESIG_ENG":"Forest Reserve","IUCN_CAT":"Not Reported","GIS_AREA":2.107817,"STATUS":"Designated","STATUS_YR":0,"GOV_TYPE":"Sub-national ministry or agency","_label":"Forest Reserve Name Unknown (NGA) No.78","_status_group":"other","_states":["Ebonyi"]},"geometry":{"type":"Polygon","coordinates":[[[8.04074,6.04962],[8.02845,6.05673],[8.03156,6.06549],[8.04001,6.06296],[8.04074,6.04962]]]}},{"type":"Feature","properties":{"NAME":"Forest Reserve Name Unknown (NGA) No.8","DESIG_ENG":"Forest Reserve","IUCN_CAT":"Not Reported","GIS_AREA":13.984738,"STATUS":"Designated","STATUS_YR":0,"GOV_TYPE":"Sub-national ministry or agency","_label":"Forest Reserve Name Unknown (NGA) No.8","_status_group":"other","_states":["Katsina"]},"geometry":{"type":"Polygon","coordinates":[[[7.74359,12.64118],[7.77221,12.62588],[7.79067,12.63292],[7.79875,12.62745],[7.77936,12.62454],[7.77353,12.59854],[7.75577,12.59265],[7.76557,12.60414],[7.76329,12.61329],[7.72786,12.62412],[7.72811,12.63378],[7.74117,12.63295],[7.74359,12.64118]]]}},{"type":"Feature","properties":{"NAME":"Forest Reserve Name Unknown (NGA) No.80","DESIG_ENG":"Forest Reserve","IUCN_CAT":"Not Reported","GIS_AREA":4.633914,"STATUS":"Designated","STATUS_YR":0,"GOV_TYPE":"Sub-national ministry or agency","_label":"Forest Reserve Name Unknown (NGA) No.80","_status_group":"other","_states":["Ebonyi"]},"geometry":{"type":"Polygon","coordinates":[[[8.09534,6.01424],[8.07632,6.02301],[8.07908,6.03339],[8.09419,6.03492],[8.09534,6.01424]]]}},{"type":"Feature","properties":{"NAME":"Forest Reserve Name Unknown (NGA) No.9","DESIG_ENG":"Forest Reserve","IUCN_CAT":"Not Reported","GIS_AREA":2.068561,"STATUS":"Designated","STATUS_YR":0,"GOV_TYPE":"Sub-national ministry or agency","_label":"Forest Reserve Name Unknown (NGA) No.9","_status_group":"other","_states":["Jigawa"]},"geometry":{"type":"Polygon","coordinates":[[[8.86969,12.57998],[8.87079,12.57105],[8.85527,12.56959],[8.85329,12.57885],[8.86969,12.57998]]]}},{"type":"Feature","properties":{"NAME":"Fuchi","DESIG_ENG":"Forest Reserve","IUCN_CAT":"Not Reported","GIS_AREA":180.148061,"STATUS":"Designated","STATUS_YR":0,"GOV_TYPE":"Sub-national ministry or agency","_label":"Fuchi","_status_group":"other","_states":["Borno"]},"geometry":{"type":"Polygon","coordinates":[[[13.58448,11.91093],[13.5583,11.87875],[13.57253,11.79706],[13.51693,11.77435],[13.51744,11.76116],[13.46503,11.77815],[13.45194,11.79092],[13.46271,11.81679],[13.42919,11.81041],[13.41464,11.82248],[13.4139,11.84471],[13.43431,11.86496],[13.42543,11.87479],[13.43027,11.87698],[13.45749,11.87368],[13.47364,11.8877],[13.5015,11.88412],[13.58448,11.91093]]]}},{"type":"Feature","properties":{"NAME":"Fuka","DESIG_ENG":"Forest Reserve","IUCN_CAT":"Not Reported","GIS_AREA":10.008795,"STATUS":"Designated","STATUS_YR":0,"GOV_TYPE":"Sub-national ministry or agency","_label":"Fuka","_status_group":"other","_states":["Niger"]},"geometry":{"type":"Polygon","coordinates":[[[6.93224,9.61574],[6.91078,9.63288],[6.9154,9.65097],[6.93623,9.64519],[6.93954,9.62666],[6.93224,9.61574]]]}},{"type":"Feature","properties":{"NAME":"Gabas Mari","DESIG_ENG":"Forest Reserve","IUCN_CAT":"Not Reported","GIS_AREA":24.471685,"STATUS":"Designated","STATUS_YR":0,"GOV_TYPE":"Sub-national ministry or agency","_label":"Gabas Mari","_status_group":"other","_states":["Jigawa"]},"geometry":{"type":"Polygon","coordinates":[[[10.21857,12.88156],[10.24753,12.85531],[10.24985,12.84018],[10.19152,12.84272],[10.19156,12.87501],[10.21857,12.88156]]]}},{"type":"Feature","properties":{"NAME":"Gabo Escarpment","DESIG_ENG":"Forest Reserve","IUCN_CAT":"Not Reported","GIS_AREA":35.423631,"STATUS":"Designated","STATUS_YR":0,"GOV_TYPE":"Sub-national ministry or agency","_label":"Gabo Escarpment","_status_group":"other","_states":["Kogi"]},"geometry":{"type":"Polygon","coordinates":[[[6.94262,8.06002],[6.90605,8.03779],[6.89304,8.05635],[6.86782,8.04598],[6.85648,8.04881],[6.8629,8.07214],[6.88488,8.10094],[6.94262,8.06002]]]}},{"type":"Feature","properties":{"NAME":"Gabu","DESIG_ENG":"Forest Reserve","IUCN_CAT":"Not Reported","GIS_AREA":73.18173,"STATUS":"Designated","STATUS_YR":0,"GOV_TYPE":"Sub-national ministry or agency","_label":"Gabu","_status_group":"other","_states":["Cross River","Benue"]},"geometry":{"type":"Polygon","coordinates":[[[8.77432,6.92468],[8.71421,6.88077],[8.62911,6.93315],[8.65014,6.95275],[8.68012,6.95701],[8.7092,6.95241],[8.77432,6.92468]]]}},{"type":"Feature","properties":{"NAME":"Gadadri","DESIG_ENG":"Forest Reserve","IUCN_CAT":"Not Reported","GIS_AREA":5.292417,"STATUS":"Designated","STATUS_YR":0,"GOV_TYPE":"Sub-national ministry or agency","_label":"Gadadri","_status_group":"other","_states":["Borno"]},"geometry":{"type":"Polygon","coordinates":[[[13.84198,12.21969],[13.82097,12.23528],[13.81915,12.2411],[13.85051,12.24011],[13.84198,12.21969]]]}},{"type":"Feature","properties":{"NAME":"Gadam","DESIG_ENG":"Forest Reserve","IUCN_CAT":"Not Reported","GIS_AREA":46.338489,"STATUS":"Designated","STATUS_YR":0,"GOV_TYPE":"Sub-national ministry or agency","_label":"Gadam","_status_group":"other","_states":["Gombe"]},"geometry":{"type":"Polygon","coordinates":[[[11.14632,10.43411],[11.15791,10.38832],[11.10609,10.38398],[11.09241,10.4028],[11.08177,10.40164],[11.06907,10.42692],[11.07478,10.43368],[11.09521,10.42],[11.09614,10.44686],[11.11296,10.45783],[11.14632,10.43411]]]}},{"type":"Feature","properties":{"NAME":"Gadari","DESIG_ENG":"Forest Reserve","IUCN_CAT":"Not Reported","GIS_AREA":4.204769,"STATUS":"Designated","STATUS_YR":0,"GOV_TYPE":"Sub-national ministry or agency","_label":"Gadari","_status_group":"other","_states":["Jigawa"]},"geometry":{"type":"Polygon","coordinates":[[[10.21358,12.66485],[10.20332,12.66467],[10.18913,12.66895],[10.21242,12.68259],[10.21358,12.66485]]]}},{"type":"Feature","properties":{"NAME":"Gadau","DESIG_ENG":"Forest Reserve","IUCN_CAT":"Not Reported","GIS_AREA":65.656628,"STATUS":"Designated","STATUS_YR":0,"GOV_TYPE":"Sub-national ministry or agency","_label":"Gadau","_status_group":"other","_states":["Bauchi"]},"geometry":{"type":"Polygon","coordinates":[[[10.19897,11.92083],[10.18396,11.89388],[10.16077,11.89345],[10.13619,11.86898],[10.12649,11.85078],[10.13854,11.84062],[10.13446,11.83555],[10.11758,11.83531],[10.14128,11.80321],[10.08793,11.79084],[10.08965,11.80285],[10.07181,11.8046],[10.02572,11.78194],[10.04571,11.81287],[10.08311,11.81682],[10.0812,11.8339],[10.09015,11.84622],[10.09784,11.84337],[10.09503,11.81673],[10.11414,11.82524],[10.09997,11.87398],[10.12167,11.88404],[10.1171,11.89617],[10.13178,11.88465],[10.13929,11.88951],[10.14598,11.90248],[10.13674,11.91928],[10.15224,11.91477],[10.18263,11.9294],[10.19897,11.92083]]]}},{"type":"Feature","properties":{"NAME":"Gagara","DESIG_ENG":"Forest Reserve","IUCN_CAT":"Not Reported","GIS_AREA":38.449964,"STATUS":"Designated","STATUS_YR":0,"GOV_TYPE":"Sub-national ministry or agency","_label":"Gagara","_status_group":"other","_states":["Jigawa"]},"geometry":{"type":"Polygon","coordinates":[[[9.68614,11.2914],[9.70353,11.26897],[9.69009,11.25549],[9.69921,11.2362],[9.69229,11.22908],[9.67756,11.22954],[9.67135,11.24488],[9.63449,11.24572],[9.61891,11.25761],[9.637,11.25908],[9.63218,11.27138],[9.63797,11.27999],[9.62964,11.28739],[9.6618,11.29895],[9.6639,11.28046],[9.67319,11.2801],[9.68614,11.2914]]]}},{"type":"Feature","properties":{"NAME":"Gajiram","DESIG_ENG":"Forest Reserve","IUCN_CAT":"Not Reported","GIS_AREA":15.479002,"STATUS":"Designated","STATUS_YR":0,"GOV_TYPE":"Sub-national ministry or agency","_label":"Gajiram","_status_group":"other","_states":["Borno"]},"geometry":{"type":"Polygon","coordinates":[[[13.24825,12.50599],[13.19015,12.49514],[13.20269,12.51506],[13.25438,12.52274],[13.24825,12.50599]]]}},{"type":"Feature","properties":{"NAME":"Galadima","DESIG_ENG":"Forest Reserve","IUCN_CAT":"Not Reported","GIS_AREA":18.576872,"STATUS":"Designated","STATUS_YR":0,"GOV_TYPE":"Sub-national ministry or agency","_label":"Galadima","_status_group":"other","_states":["Abuja Federal Capital Territory"]},"geometry":{"type":"Polygon","coordinates":[[[7.48564,8.95381],[7.44826,8.94658],[7.43224,8.97687],[7.43363,8.99457],[7.48471,8.95973],[7.48564,8.95381]]]}},{"type":"Feature","properties":{"NAME":"Galambi","DESIG_ENG":"Forest Reserve","IUCN_CAT":"Not Reported","GIS_AREA":49.180166,"STATUS":"Designated","STATUS_YR":0,"GOV_TYPE":"Sub-national ministry or agency","_label":"Galambi","_status_group":"other","_states":["Bauchi"]},"geometry":{"type":"Polygon","coordinates":[[[9.63359,10.14907],[9.65574,10.15238],[9.66019,10.1456],[9.62091,10.08012],[9.57794,10.1185],[9.6044,10.15917],[9.61759,10.16489],[9.63359,10.14907]]]}},{"type":"Feature","properties":{"NAME":"Galma","DESIG_ENG":"Forest Reserve","IUCN_CAT":"Not Reported","GIS_AREA":185.066475,"STATUS":"Designated","STATUS_YR":0,"GOV_TYPE":"Sub-national ministry or agency","_label":"Galma","_status_group":"other","_states":["Kano","Kaduna"]},"geometry":{"type":"Polygon","coordinates":[[[8.56079,10.81246],[8.59675,10.812],[8.60261,10.75555],[8.58148,10.73686],[8.52379,10.73403],[8.53281,10.69766],[8.54562,10.68959],[8.54724,10.67481],[8.52936,10.65947],[8.50179,10.66018],[8.48624,10.70038],[8.46508,10.72049],[8.45111,10.75647],[8.4214,10.79005],[8.46669,10.81032],[8.51471,10.8032],[8.5177,10.79532],[8.54562,10.79992],[8.55537,10.82019],[8.56079,10.81246]]]}},{"type":"Feature","properties":{"NAME":"Gambare","DESIG_ENG":"Forest Reserve","IUCN_CAT":"Not Reported","GIS_AREA":20.195386,"STATUS":"Designated","STATUS_YR":0,"GOV_TYPE":"Sub-national ministry or agency","_label":"Gambare","_status_group":"other","_states":["Katsina"]},"geometry":{"type":"Polygon","coordinates":[[[7.53109,11.74251],[7.52787,11.7293],[7.51915,11.74142],[7.50531,11.73758],[7.50587,11.70341],[7.48891,11.71056],[7.47575,11.69783],[7.45242,11.70627],[7.43408,11.70377],[7.43314,11.71295],[7.44552,11.71544],[7.46489,11.70748],[7.46779,11.72166],[7.4468,11.73052],[7.44752,11.74048],[7.46501,11.73204],[7.47792,11.71364],[7.49534,11.72913],[7.50298,11.75685],[7.53109,11.74251]]]}},{"type":"Feature","properties":{"NAME":"Gambare","DESIG_ENG":"Forest Reserve","IUCN_CAT":"Not Reported","STATUS":"Designated","STATUS_YR":0,"GOV_TYPE":"Sub-national ministry or agency","_label":"Gambare","_status_group":"other","_states":["Cross River"]},"geometry":{"type":"Point","coordinates":[8.66667,5.97778]}},{"type":"Feature","properties":{"NAME":"Gambari","DESIG_ENG":"Forest Reserve","IUCN_CAT":"Not Reported","GIS_AREA":171.741019,"STATUS":"Designated","STATUS_YR":0,"GOV_TYPE":"Sub-national ministry or agency","_label":"Gambari","_status_group":"other","_states":["Ogun","Oyo"]},"geometry":{"type":"Polygon","coordinates":[[[3.83903,7.22945],[3.86781,7.22921],[3.87602,7.21755],[3.88062,7.16837],[3.90702,7.09771],[3.9044,7.08758],[3.7054,7.09119],[3.71044,7.10102],[3.80553,7.15751],[3.8224,7.18027],[3.83903,7.22945]]]}},{"type":"Feature","properties":{"NAME":"Gangara","DESIG_ENG":"Forest Reserve","IUCN_CAT":"Not Reported","GIS_AREA":8.546057,"STATUS":"Designated","STATUS_YR":0,"GOV_TYPE":"Sub-national ministry or agency","_label":"Gangara","_status_group":"other","_states":["Katsina"]},"geometry":{"type":"Polygon","coordinates":[[[7.80631,11.90788],[7.78549,11.93297],[7.78435,11.9548],[7.81213,11.92959],[7.81693,11.91728],[7.80631,11.90788]]]}},{"type":"Feature","properties":{"NAME":"Gangoro","DESIG_ENG":"Forest Reserve","IUCN_CAT":"Not Reported","GIS_AREA":45.646443,"STATUS":"Designated","STATUS_YR":0,"GOV_TYPE":"Sub-national ministry or agency","_label":"Gangoro","_status_group":"other","_states":["Taraba"]},"geometry":{"type":"Polygon","coordinates":[[[11.704,8.52682],[11.69484,8.52051],[11.60727,8.52869],[11.61716,8.54559],[11.67017,8.57729],[11.68455,8.57344],[11.70235,8.55385],[11.704,8.52682]]]}},{"type":"Feature","properties":{"NAME":"Gangume","DESIG_ENG":"Forest Reserve","IUCN_CAT":"Not Reported","GIS_AREA":80.867158,"STATUS":"Designated","STATUS_YR":0,"GOV_TYPE":"Sub-national ministry or agency","_label":"Gangume","_status_group":"other","_states":["Taraba"]},"geometry":{"type":"Polygon","coordinates":[[[11.20958,7.99552],[11.24634,7.94316],[11.23482,7.93145],[11.22946,7.89729],[11.21313,7.89338],[11.19383,7.90675],[11.15545,7.9013],[11.14555,7.94584],[11.15501,7.98242],[11.16776,7.98257],[11.18604,7.96149],[11.20958,7.99552]]]}},{"type":"Feature","properties":{"NAME":"Garba Shege","DESIG_ENG":"Forest Reserve","IUCN_CAT":"Not Reported","GIS_AREA":62.968977,"STATUS":"Designated","STATUS_YR":0,"GOV_TYPE":"Sub-national ministry or agency","_label":"Garba Shege","_status_group":"other","_states":["Taraba"]},"geometry":{"type":"Polygon","coordinates":[[[11.02111,8.38722],[11.0072,8.3936],[10.99466,8.42984],[10.96562,8.44613],[10.9641,8.47529],[10.99098,8.47567],[11.01191,8.45589],[11.03654,8.45287],[11.05609,8.4384],[11.06524,8.42281],[11.06212,8.40721],[11.04878,8.39364],[11.02111,8.38722]]]}},{"type":"Feature","properties":{"NAME":"Gardemna","DESIG_ENG":"Forest Reserve","IUCN_CAT":"Not Reported","GIS_AREA":66.836916,"STATUS":"Designated","STATUS_YR":0,"GOV_TYPE":"Sub-national ministry or agency","_label":"Gardemna","_status_group":"other","_states":["Adamawa"]},"geometry":{"type":"Polygon","coordinates":[[[12.54345,10.30989],[12.53404,10.29524],[12.52432,10.29381],[12.449,10.30855],[12.44377,10.31748],[12.45133,10.34133],[12.52895,10.36524],[12.55581,10.34713],[12.55071,10.34082],[12.55827,10.31596],[12.54345,10.30989]]]}},{"type":"Feature","properties":{"NAME":"Garere","DESIG_ENG":"Forest Reserve","IUCN_CAT":"Not Reported","GIS_AREA":27.763356,"STATUS":"Designated","STATUS_YR":0,"GOV_TYPE":"Sub-national ministry or agency","_label":"Garere","_status_group":"other","_states":["Borno"]},"geometry":{"type":"Polygon","coordinates":[[[13.27786,13.22501],[13.27151,13.23128],[13.27316,13.28738],[13.28651,13.28871],[13.3038,13.27368],[13.3339,13.26574],[13.33219,13.25336],[13.28945,13.23866],[13.27786,13.22501]]]}},{"type":"Feature","properties":{"NAME":"Garko","DESIG_ENG":"Forest Reserve","IUCN_CAT":"Not Reported","GIS_AREA":6.437128,"STATUS":"Designated","STATUS_YR":0,"GOV_TYPE":"Sub-national ministry or agency","_label":"Garko","_status_group":"other","_states":["Gombe"]},"geometry":{"type":"Polygon","coordinates":[[[11.15261,10.15323],[11.13357,10.15964],[11.13409,10.17027],[11.1568,10.17202],[11.1642,10.15826],[11.15261,10.15323]]]}},{"type":"Feature","properties":{"NAME":"Garko Meri","DESIG_ENG":"Forest Reserve","IUCN_CAT":"Not Reported","GIS_AREA":3.903086,"STATUS":"Designated","STATUS_YR":0,"GOV_TYPE":"Sub-national ministry or agency","_label":"Garko Meri","_status_group":"other","_states":["Gombe"]},"geometry":{"type":"Polygon","coordinates":[[[11.15098,10.20674],[11.14981,10.21766],[11.18032,10.22484],[11.17584,10.21958],[11.15098,10.20674]]]}},{"type":"Feature","properties":{"NAME":"Garu","DESIG_ENG":"Forest Reserve","IUCN_CAT":"Not Reported","GIS_AREA":29.701124,"STATUS":"Designated","STATUS_YR":0,"GOV_TYPE":"Sub-national ministry or agency","_label":"Garu","_status_group":"other","_states":["Sokoto"]},"geometry":{"type":"Polygon","coordinates":[[[5.44997,13.6618],[5.37965,13.63994],[5.37478,13.65152],[5.37945,13.66744],[5.39458,13.68007],[5.42276,13.68567],[5.45669,13.67244],[5.44997,13.6618]]]}},{"type":"Feature","properties":{"NAME":"Garu Gingna","DESIG_ENG":"Forest Reserve","IUCN_CAT":"Not Reported","GIS_AREA":2.760301,"STATUS":"Designated","STATUS_YR":0,"GOV_TYPE":"Sub-national ministry or agency","_label":"Garu Gingna","_status_group":"other","_states":["Katsina"]},"geometry":{"type":"Polygon","coordinates":[[[7.74176,13.16382],[7.73291,13.16819],[7.74031,13.18279],[7.75079,13.17396],[7.74176,13.16382]]]}},{"type":"Feature","properties":{"NAME":"Garunda","DESIG_ENG":"Forest Reserve","IUCN_CAT":"Not Reported","GIS_AREA":15.655286,"STATUS":"Designated","STATUS_YR":0,"GOV_TYPE":"Sub-national ministry or agency","_label":"Garunda","_status_group":"other","_states":["Borno"]},"geometry":{"type":"Polygon","coordinates":[[[12.93008,13.02282],[12.88723,13.04333],[12.90334,13.06512],[12.94279,13.03828],[12.93008,13.02282]]]}},{"type":"Feature","properties":{"NAME":"Gasartani","DESIG_ENG":"Forest Reserve","IUCN_CAT":"Not Reported","GIS_AREA":3.590283,"STATUS":"Designated","STATUS_YR":0,"GOV_TYPE":"Sub-national ministry or agency","_label":"Gasartani","_status_group":"other","_states":["Jigawa"]},"geometry":{"type":"Polygon","coordinates":[[[8.44672,12.57146],[8.43935,12.58483],[8.44874,12.5962],[8.4557,12.58646],[8.44672,12.57146]]]}},{"type":"Feature","properties":{"NAME":"Gashaka-Gumti","DESIG_ENG":"National Park","IUCN_CAT":"II","GIS_AREA":5827.351827,"STATUS":"Designated","STATUS_YR":1991,"GOV_TYPE":"Federal or national ministry or agency","_label":"Gashaka-Gumti","_status_group":"other","_year":1991,"_year_label":"Designation/status year","_states":["Adamawa","Taraba"]},"geometry":{"type":"Polygon","coordinates":[[[11.89511,7.35073],[11.85281,7.28092],[11.81214,7.24805],[11.81209,7.23957],[11.82254,7.23498],[11.85321,7.23225],[11.8399,7.21556],[11.83467,7.18222],[11.84377,7.1696],[11.84113,7.15866],[11.86908,7.11874],[11.87045,7.08846],[11.84005,7.09353],[11.82664,7.07993],[11.80133,7.08182],[11.77724,7.05274],[11.7342,7.06371],[11.71393,7.05918],[11.70877,7.05605],[11.71813,7.03495],[11.68735,7.02274],[11.661,6.99918],[11.66127,6.99156],[11.63153,6.9869],[11.61912,6.97409],[11.61559,6.94519],[11.54634,6.9751],[11.5236,7.00991],[11.45161,7.04045],[11.4203,7.0699],[11.4097,7.09269],[11.36826,7.0999],[11.35966,7.11035],[11.34405,7.10101],[11.28534,7.15178],[11.21262,7.18236],[11.16914,7.23863],[11.16443,7.28585],[11.22597,7.32196],[11.27579,7.3399],[11.30422,7.41061],[11.3552,7.43553],[11.36293,7.4504],[11.38571,7.45697],[11.41555,7.44064],[11.42655,7.40857],[11.46285,7.38743],[11.48304,7.35512],[11.4998,7.35577],[11.49322,7.41619],[11.51074,7.47015],[11.54609,7.52692],[11.54532,7.58996],[11.56397,7.66317],[11.58956,7.68716],[11.5877,7.70823],[11.59838,7.72934],[11.61815,7.74358],[11.644,7.74695],[11.66553,7.7805],[11.70249,7.80299],[11.72717,7.85113],[11.73185,7.9075],[11.74459,7.91751],[11.82715,7.90414],[11.87821,7.91134],[11.91606,7.95683],[11.9453,7.95606],[11.98983,7.98342],[12.00141,8.0417],[12.02119,8.07907],[12.05994,8.07928],[12.08254,8.05299],[12.12098,8.0379],[12.15262,8.00195],[12.18966,7.98935],[12.208,7.96878],[12.19021,7.95716],[12.19419,7.94123],[12.17284,7.92598],[12.15916,7.89928],[12.09465,7.84598],[12.07742,7.80829],[12.06351,7.79849],[12.0626,7.78351],[12.05099,7.77493],[12.05331,7.76093],[12.02908,7.72223],[12.02653,7.66907],[12.00794,7.6645],[12.01734,7.62463],[12.02027,7.54123],[12.03369,7.52728],[11.97798,7.4894],[11.9694,7.47745],[11.96636,7.44008],[11.94526,7.4284],[11.93966,7.38783],[11.89511,7.35073]]]}},{"type":"Feature","properties":{"NAME":"Gasi","DESIG_ENG":"Forest Reserve","IUCN_CAT":"Not Reported","GIS_AREA":68.023876,"STATUS":"Designated","STATUS_YR":0,"GOV_TYPE":"Sub-national ministry or agency","_label":"Gasi","_status_group":"other","_states":["Borno"]},"geometry":{"type":"Polygon","coordinates":[[[11.77778,10.0995],[11.77997,10.1181],[11.75291,10.11896],[11.72176,10.17512],[11.74924,10.1983],[11.81477,10.15637],[11.811,10.14249],[11.81863,10.13504],[11.80081,10.12307],[11.79715,10.10636],[11.80612,10.10163],[11.81531,10.06568],[11.77778,10.0995]]]}},{"type":"Feature","properties":{"NAME":"Gauara","DESIG_ENG":"Forest Reserve","IUCN_CAT":"Not Reported","GIS_AREA":44.693086,"STATUS":"Designated","STATUS_YR":0,"GOV_TYPE":"Sub-national ministry or agency","_label":"Gauara","_status_group":"other","_states":["Kaduna"]},"geometry":{"type":"Polygon","coordinates":[[[8.18027,11.11562],[8.19192,11.1174],[8.21012,11.13675],[8.21882,11.11697],[8.216,11.08494],[8.22663,11.0768],[8.18778,11.06888],[8.17139,11.08584],[8.14816,11.12865],[8.15006,11.1441],[8.16743,11.1557],[8.18635,11.15269],[8.18027,11.11562]]]}},{"type":"Feature","properties":{"NAME":"Gaya","DESIG_ENG":"Forest Reserve","IUCN_CAT":"Not Reported","GIS_AREA":15.464849,"STATUS":"Designated","STATUS_YR":0,"GOV_TYPE":"Sub-national ministry or agency","_label":"Gaya","_status_group":"other","_states":["Niger"]},"geometry":{"type":"Polygon","coordinates":[[[6.84615,9.92675],[6.81944,9.93745],[6.80529,9.9758],[6.84387,9.95223],[6.84615,9.92675]]]}},{"type":"Feature","properties":{"NAME":"Gayi","DESIG_ENG":"Forest Reserve","IUCN_CAT":"Not Reported","GIS_AREA":81.154576,"STATUS":"Designated","STATUS_YR":0,"GOV_TYPE":"Sub-national ministry or agency","_label":"Gayi","_status_group":"other","_states":["Kebbi"]},"geometry":{"type":"Polygon","coordinates":[[[4.1781,12.3911],[4.1589,12.34406],[4.11183,12.33351],[4.06045,12.35155],[4.05908,12.38041],[4.07332,12.39203],[4.07582,12.38577],[4.09412,12.3888],[4.12878,12.43537],[4.14278,12.42621],[4.14323,12.41426],[4.1781,12.3911]]]}},{"type":"Feature","properties":{"NAME":"Gazabure","DESIG_ENG":"Forest Reserve","IUCN_CAT":"Not Reported","GIS_AREA":18.613195,"STATUS":"Designated","STATUS_YR":0,"GOV_TYPE":"Sub-national ministry or agency","_label":"Gazabure","_status_group":"other","_states":["Borno"]},"geometry":{"type":"Polygon","coordinates":[[[12.75971,12.88446],[12.74578,12.89471],[12.74435,12.93795],[12.75345,12.95631],[12.76602,12.95334],[12.77028,12.94368],[12.76903,12.89437],[12.75971,12.88446]]]}},{"type":"Feature","properties":{"NAME":"Gbagba","DESIG_ENG":"Forest Reserve","IUCN_CAT":"Not Reported","GIS_AREA":6.609987,"STATUS":"Designated","STATUS_YR":0,"GOV_TYPE":"Sub-national ministry or agency","_label":"Gbagba","_status_group":"other","_states":["Niger"]},"geometry":{"type":"Polygon","coordinates":[[[6.16899,9.43001],[6.15015,9.43924],[6.17706,9.46453],[6.17662,9.44739],[6.16899,9.43001]]]}},{"type":"Feature","properties":{"NAME":"Gbanraun Community Conservation Area","DESIG_ENG":"Community Conservation Area","IUCN_CAT":"IV","GIS_AREA":6.54573,"STATUS":"Established","STATUS_YR":2024,"GOV_TYPE":"Collaborative governance","_label":"Gbanraun Community Conservation Area","_status_group":"other","_year":2024,"_year_label":"Designation/status year","_states":["Bayelsa"]},"geometry":{"type":"Polygon","coordinates":[[[5.86348,4.77835],[5.87826,4.77797],[5.88192,4.7858],[5.89253,4.77801],[5.8697,4.75302],[5.85645,4.75867],[5.86348,4.77835]]]}},{"type":"Feature","properties":{"NAME":"Gbedege","DESIG_ENG":"Forest Reserve","IUCN_CAT":"Not Reported","GIS_AREA":64.576232,"STATUS":"Designated","STATUS_YR":0,"GOV_TYPE":"Sub-national ministry or agency","_label":"Gbedege","_status_group":"other","_states":["Kogi"]},"geometry":{"type":"Polygon","coordinates":[[[6.84823,7.86745],[6.83473,7.87615],[6.84141,7.95903],[6.88891,7.97671],[6.9084,7.95677],[6.90574,7.93482],[6.86936,7.88372],[6.84823,7.86745]]]}},{"type":"Feature","properties":{"NAME":"Gboko","DESIG_ENG":"Forest Reserve","IUCN_CAT":"Not Reported","GIS_AREA":1.706265,"STATUS":"Designated","STATUS_YR":0,"GOV_TYPE":"Sub-national ministry or agency","_label":"Gboko","_status_group":"other","_states":["Benue"]},"geometry":{"type":"Polygon","coordinates":[[[8.99467,7.27654],[8.98566,7.27829],[8.99125,7.29147],[8.99499,7.28777],[8.99467,7.27654]]]}},{"type":"Feature","properties":{"NAME":"Geltur","DESIG_ENG":"Forest Reserve","IUCN_CAT":"Not Reported","GIS_AREA":30.392973,"STATUS":"Designated","STATUS_YR":0,"GOV_TYPE":"Sub-national ministry or agency","_label":"Geltur","_status_group":"other","_states":["Borno"]},"geometry":{"type":"Polygon","coordinates":[[[13.11199,12.02816],[13.10943,12.01631],[13.1331,12.01553],[13.13007,11.98287],[13.11607,11.97703],[13.09755,11.98627],[13.07798,11.98365],[13.0664,11.99875],[13.06796,12.0119],[13.08145,12.02633],[13.11199,12.02816]]]}},{"type":"Feature","properties":{"NAME":"Gembu","DESIG_ENG":"Forest Reserve","IUCN_CAT":"Not Reported","GIS_AREA":17.452994,"STATUS":"Designated","STATUS_YR":0,"GOV_TYPE":"Sub-national ministry or agency","_label":"Gembu","_status_group":"other","_states":["Taraba"]},"geometry":{"type":"Polygon","coordinates":[[[11.21383,6.73049],[11.23963,6.731],[11.24693,6.71681],[11.26427,6.71431],[11.26464,6.70836],[11.24384,6.69552],[11.22492,6.69515],[11.21022,6.72109],[11.21383,6.73049]]]}},{"type":"Feature","properties":{"NAME":"Gerkawa Hill","DESIG_ENG":"Forest Reserve","IUCN_CAT":"Not Reported","GIS_AREA":12.441173,"STATUS":"Designated","STATUS_YR":0,"GOV_TYPE":"Sub-national ministry or agency","_label":"Gerkawa Hill","_status_group":"other","_states":["Plateau"]},"geometry":{"type":"Polygon","coordinates":[[[9.82142,9.03964],[9.82606,9.02247],[9.80397,9.01248],[9.78798,9.02281],[9.77968,9.03971],[9.82142,9.03964]]]}},{"type":"Feature","properties":{"NAME":"Gerki","DESIG_ENG":"Forest Reserve","IUCN_CAT":"Not Reported","GIS_AREA":3.365467,"STATUS":"Designated","STATUS_YR":0,"GOV_TYPE":"Sub-national ministry or agency","_label":"Gerki","_status_group":"other","_states":["Abuja Federal Capital Territory"]},"geometry":{"type":"Polygon","coordinates":[[[7.50305,9.03487],[7.4792,9.03206],[7.47576,9.03746],[7.49126,9.04366],[7.50305,9.03487]]]}},{"type":"Feature","properties":{"NAME":"Gerti Kloof","DESIG_ENG":"Forest Reserve","IUCN_CAT":"Not Reported","GIS_AREA":27.526801,"STATUS":"Designated","STATUS_YR":0,"GOV_TYPE":"Sub-national ministry or agency","_label":"Gerti Kloof","_status_group":"other","_states":["Kaduna"]},"geometry":{"type":"Polygon","coordinates":[[[8.28622,9.45323],[8.27561,9.45152],[8.27546,9.43669],[8.21322,9.44654],[8.21165,9.45324],[8.23185,9.45963],[8.23338,9.48851],[8.2573,9.50738],[8.26704,9.49675],[8.26018,9.47111],[8.28622,9.45323]]]}},{"type":"Feature","properties":{"NAME":"Gijia","DESIG_ENG":"Forest Reserve","IUCN_CAT":"Not Reported","GIS_AREA":60.688443,"STATUS":"Designated","STATUS_YR":0,"GOV_TYPE":"Sub-national ministry or agency","_label":"Gijia","_status_group":"other","_states":["Sokoto","Kebbi"]},"geometry":{"type":"Polygon","coordinates":[[[4.7458,12.68812],[4.75123,12.65214],[4.64457,12.6482],[4.65098,12.66206],[4.64316,12.6697],[4.63841,12.70056],[4.64493,12.71387],[4.69604,12.70549],[4.70773,12.68827],[4.7458,12.68812]]]}},{"type":"Feature","properties":{"NAME":"Gilli-Gilli","DESIG_ENG":"Game Reserve","IUCN_CAT":"IV","GIS_AREA":309.855352,"STATUS":"Designated","STATUS_YR":1960,"GOV_TYPE":"Sub-national ministry or agency","_label":"Gilli-Gilli","_status_group":"other","_year":1960,"_year_label":"Designation/status year","_states":["Delta","Edo"]},"geometry":{"type":"Polygon","coordinates":[[[5.39672,6.15035],[5.44161,6.06302],[5.43577,6.05641],[5.44358,6.03296],[5.42244,6.02762],[5.41803,6.0021],[5.39731,6.01662],[5.31651,6.01771],[5.31325,5.97848],[5.32942,5.97814],[5.33972,5.96573],[5.29023,5.91974],[5.2709,5.91674],[5.24416,5.98569],[5.26511,6.04237],[5.28827,6.05941],[5.28688,6.07446],[5.26522,6.08553],[5.28096,6.10906],[5.27908,6.13333],[5.32559,6.13608],[5.33178,6.14448],[5.33791,6.13536],[5.39672,6.15035]]]}},{"type":"Feature","properties":{"NAME":"Gilli-Gilli","DESIG_ENG":"Forest Reserve","IUCN_CAT":"Not Reported","GIS_AREA":309.855352,"STATUS":"Designated","STATUS_YR":0,"GOV_TYPE":"Sub-national ministry or agency","_label":"Gilli-Gilli","_status_group":"other","_states":["Delta","Edo"]},"geometry":{"type":"Polygon","coordinates":[[[5.39672,6.15035],[5.44161,6.06302],[5.43577,6.05641],[5.44358,6.03296],[5.42244,6.02762],[5.41803,6.0021],[5.39731,6.01662],[5.31651,6.01771],[5.31325,5.97848],[5.32942,5.97814],[5.33972,5.96573],[5.29023,5.91974],[5.2709,5.91674],[5.24416,5.98569],[5.26511,6.04237],[5.28827,6.05941],[5.28688,6.07446],[5.26522,6.08553],[5.28096,6.10906],[5.27908,6.13333],[5.32559,6.13608],[5.33178,6.14448],[5.33791,6.13536],[5.39672,6.15035]]]}},{"type":"Feature","properties":{"NAME":"Gimi River","DESIG_ENG":"Forest Reserve","IUCN_CAT":"Not Reported","GIS_AREA":35.942845,"STATUS":"Designated","STATUS_YR":0,"GOV_TYPE":"Sub-national ministry or agency","_label":"Gimi River","_status_group":"other","_states":["Kaduna"]},"geometry":{"type":"Polygon","coordinates":[[[8.48725,9.4559],[8.39954,9.40553],[8.4276,9.45608],[8.44053,9.45074],[8.49893,9.47542],[8.50808,9.50024],[8.577,9.50523],[8.57705,9.49732],[8.54873,9.4836],[8.50892,9.48749],[8.48725,9.4559]]]}},{"type":"Feature","properties":{"NAME":"Gindiri","DESIG_ENG":"Forest Reserve","IUCN_CAT":"Not Reported","GIS_AREA":15.043006,"STATUS":"Designated","STATUS_YR":0,"GOV_TYPE":"Sub-national ministry or agency","_label":"Gindiri","_status_group":"other","_states":["Plateau"]},"geometry":{"type":"Polygon","coordinates":[[[9.21525,9.59418],[9.19649,9.59407],[9.17876,9.58558],[9.18309,9.61217],[9.20473,9.6256],[9.22849,9.6125],[9.21525,9.59418]]]}},{"type":"Feature","properties":{"NAME":"Girari","DESIG_ENG":"Forest Reserve","IUCN_CAT":"Not Reported","GIS_AREA":1.872869,"STATUS":"Designated","STATUS_YR":0,"GOV_TYPE":"Sub-national ministry or agency","_label":"Girari","_status_group":"other","_states":["Jigawa"]},"geometry":{"type":"Polygon","coordinates":[[[9.61664,12.77776],[9.60678,12.77958],[9.6098,12.79231],[9.61825,12.79209],[9.61664,12.77776]]]}},{"type":"Feature","properties":{"NAME":"Girei","DESIG_ENG":"Forest Reserve","IUCN_CAT":"Not Reported","GIS_AREA":78.111707,"STATUS":"Designated","STATUS_YR":0,"GOV_TYPE":"Sub-national ministry or agency","_label":"Girei","_status_group":"other","_states":["Adamawa"]},"geometry":{"type":"Polygon","coordinates":[[[12.53669,9.47721],[12.56843,9.4539],[12.5522,9.402],[12.52713,9.40805],[12.49574,9.39929],[12.45365,9.4561],[12.45387,9.46674],[12.48285,9.4773],[12.53669,9.47721]]]}},{"type":"Feature","properties":{"NAME":"Giru","DESIG_ENG":"Forest Reserve","IUCN_CAT":"Not Reported","GIS_AREA":159.104893,"STATUS":"Designated","STATUS_YR":0,"GOV_TYPE":"Sub-national ministry or agency","_label":"Giru","_status_group":"other","_states":["Kebbi"]},"geometry":{"type":"Polygon","coordinates":[[[4.40354,11.86874],[4.43261,11.81077],[4.3281,11.80315],[4.28482,11.75827],[4.20244,11.72822],[4.19607,11.74457],[4.21156,11.75079],[4.23062,11.80897],[4.29878,11.83663],[4.30235,11.85412],[4.40354,11.86874]]]}},{"type":"Feature","properties":{"NAME":"Gitata","DESIG_ENG":"Forest Reserve","IUCN_CAT":"Not Reported","GIS_AREA":9.094216,"STATUS":"Designated","STATUS_YR":0,"GOV_TYPE":"Sub-national ministry or agency","_label":"Gitata","_status_group":"other","_states":["Nasarawa"]},"geometry":{"type":"Polygon","coordinates":[[[7.93686,9.14789],[7.92514,9.15223],[7.94053,9.17812],[7.96665,9.17978],[7.93686,9.14789]]]}},{"type":"Feature","properties":{"NAME":"Giwa (North)","DESIG_ENG":"Forest Reserve","IUCN_CAT":"Not Reported","GIS_AREA":2.668122,"STATUS":"Designated","STATUS_YR":0,"GOV_TYPE":"Sub-national ministry or agency","_label":"Giwa (North)","_status_group":"other","_states":["Kaduna"]},"geometry":{"type":"Polygon","coordinates":[[[7.29459,11.17854],[7.28031,11.18659],[7.28338,11.19485],[7.29742,11.19229],[7.29459,11.17854]]]}},{"type":"Feature","properties":{"NAME":"Giwa (South)","DESIG_ENG":"Forest Reserve","IUCN_CAT":"Not Reported","GIS_AREA":62.828965,"STATUS":"Designated","STATUS_YR":0,"GOV_TYPE":"Sub-national ministry or agency","_label":"Giwa (South)","_status_group":"other","_states":["Kaduna"]},"geometry":{"type":"Polygon","coordinates":[[[7.48723,9.59826],[7.53827,9.59216],[7.55382,9.5765],[7.57912,9.5773],[7.60934,9.55551],[7.62959,9.55891],[7.66336,9.53851],[7.64959,9.51709],[7.59952,9.5431],[7.49814,9.5611],[7.48228,9.57429],[7.4796,9.59247],[7.48723,9.59826]]]}},{"type":"Feature","properties":{"NAME":"Gogiya","DESIG_ENG":"Forest Reserve","IUCN_CAT":"Not Reported","GIS_AREA":4.625034,"STATUS":"Designated","STATUS_YR":0,"GOV_TYPE":"Sub-national ministry or agency","_label":"Gogiya","_status_group":"other","_states":["Jigawa"]},"geometry":{"type":"Polygon","coordinates":[[[10.42968,12.6184],[10.42135,12.62018],[10.4218,12.62835],[10.43699,12.64872],[10.44092,12.6429],[10.42968,12.6184]]]}},{"type":"Feature","properties":{"NAME":"Gombe","DESIG_ENG":"Forest Reserve","IUCN_CAT":"Not Reported","GIS_AREA":3.73418,"STATUS":"Designated","STATUS_YR":0,"GOV_TYPE":"Sub-national ministry or agency","_label":"Gombe","_status_group":"other","_states":["Gombe"]},"geometry":{"type":"Polygon","coordinates":[[[11.06971,10.27975],[11.06331,10.28426],[11.06657,10.30991],[11.07536,10.29894],[11.06971,10.27975]]]}},{"type":"Feature","properties":{"NAME":"Gombole","DESIG_ENG":"Forest Reserve","IUCN_CAT":"Not Reported","GIS_AREA":315.595792,"STATUS":"Designated","STATUS_YR":0,"GOV_TYPE":"Sub-national ministry or agency","_label":"Gombole","_status_group":"other","_states":["Borno"]},"geometry":{"type":"Polygon","coordinates":[[[13.39248,11.59011],[13.39336,11.54641],[13.40814,11.54695],[13.41526,11.58709],[13.4298,11.58526],[13.44076,11.59848],[13.4637,11.56699],[13.46413,11.55615],[13.44383,11.5315],[13.40106,11.51108],[13.28987,11.42292],[13.24979,11.44119],[13.23906,11.51632],[13.24657,11.52942],[13.24413,11.56118],[13.29568,11.61365],[13.33363,11.61988],[13.38439,11.60814],[13.39248,11.59011]]]}},{"type":"Feature","properties":{"NAME":"Goronyo","DESIG_ENG":"Forest Reserve","IUCN_CAT":"Not Reported","GIS_AREA":210.21518,"STATUS":"Designated","STATUS_YR":0,"GOV_TYPE":"Sub-national ministry or agency","_label":"Goronyo","_status_group":"other","_states":["Sokoto"]},"geometry":{"type":"Polygon","coordinates":[[[5.80208,13.37189],[5.86927,13.38325],[5.87547,13.40276],[5.9411,13.33952],[5.9006,13.3151],[5.87961,13.32919],[5.81622,13.28897],[5.75691,13.27477],[5.71015,13.33016],[5.77726,13.42619],[5.81672,13.41328],[5.80208,13.37189]]]}},{"type":"Feature","properties":{"NAME":"Gubagi","DESIG_ENG":"Forest Reserve","IUCN_CAT":"Not Reported","GIS_AREA":55.390382,"STATUS":"Designated","STATUS_YR":0,"GOV_TYPE":"Sub-national ministry or agency","_label":"Gubagi","_status_group":"other","_states":["Niger"]},"geometry":{"type":"Polygon","coordinates":[[[5.80338,9.75247],[5.83577,9.75165],[5.8693,9.6888],[5.84722,9.68915],[5.77413,9.7324],[5.75662,9.75333],[5.77377,9.78049],[5.78798,9.7755],[5.80338,9.75247]]]}},{"type":"Feature","properties":{"NAME":"Gubaji","DESIG_ENG":"Forest Reserve","IUCN_CAT":"Not Reported","GIS_AREA":2.478318,"STATUS":"Designated","STATUS_YR":0,"GOV_TYPE":"Sub-national ministry or agency","_label":"Gubaji","_status_group":"other","_states":["Niger"]},"geometry":{"type":"Polygon","coordinates":[[[6.16315,8.89511],[6.15442,8.89891],[6.15557,8.91443],[6.16454,8.91109],[6.16315,8.89511]]]}},{"type":"Feature","properties":{"NAME":"Gubio","DESIG_ENG":"Forest Reserve","IUCN_CAT":"Not Reported","GIS_AREA":9.818251,"STATUS":"Designated","STATUS_YR":0,"GOV_TYPE":"Sub-national ministry or agency","_label":"Gubio","_status_group":"other","_states":["Borno"]},"geometry":{"type":"Polygon","coordinates":[[[12.76406,12.4756],[12.72465,12.47495],[12.72846,12.49559],[12.76406,12.4909],[12.76406,12.4756]]]}},{"type":"Feature","properties":{"NAME":"Gudi Hill","DESIG_ENG":"Forest Reserve","IUCN_CAT":"Not Reported","GIS_AREA":68.83654,"STATUS":"Designated","STATUS_YR":0,"GOV_TYPE":"Sub-national ministry or agency","_label":"Gudi Hill","_status_group":"other","_states":["Yobe"]},"geometry":{"type":"Polygon","coordinates":[[[11.16004,11.44289],[11.12426,11.41496],[11.0628,11.4196],[11.07725,11.44681],[11.10624,11.45366],[11.13121,11.50384],[11.15449,11.51917],[11.17831,11.49636],[11.16004,11.44289]]]}},{"type":"Feature","properties":{"NAME":"Guduma","DESIG_ENG":"Forest Reserve","IUCN_CAT":"Not Reported","GIS_AREA":9.635039,"STATUS":"Designated","STATUS_YR":0,"GOV_TYPE":"Sub-national ministry or agency","_label":"Guduma","_status_group":"other","_states":["Niger"]},"geometry":{"type":"Polygon","coordinates":[[[6.97853,9.58472],[6.97363,9.58914],[6.99703,9.62718],[7.01008,9.60923],[6.97853,9.58472]]]}},{"type":"Feature","properties":{"NAME":"Guga","DESIG_ENG":"Forest Reserve","IUCN_CAT":"Not Reported","GIS_AREA":28.173247,"STATUS":"Designated","STATUS_YR":0,"GOV_TYPE":"Sub-national ministry or agency","_label":"Guga","_status_group":"other","_states":["Kaduna"]},"geometry":{"type":"Polygon","coordinates":[[[7.45798,11.24186],[7.50078,11.23678],[7.5075,11.21948],[7.53716,11.21436],[7.53596,11.19833],[7.51092,11.19153],[7.47933,11.20579],[7.45648,11.23086],[7.45798,11.24186]]]}},{"type":"Feature","properties":{"NAME":"Gugunguma","DESIG_ENG":"Forest Reserve","IUCN_CAT":"Not Reported","GIS_AREA":4.567249,"STATUS":"Designated","STATUS_YR":0,"GOV_TYPE":"Sub-national ministry or agency","_label":"Gugunguma","_status_group":"other","_states":["Jigawa"]},"geometry":{"type":"Polygon","coordinates":[[[9.50199,12.38721],[9.51062,12.40677],[9.52944,12.406],[9.52401,12.39728],[9.50199,12.38721]]]}},{"type":"Feature","properties":{"NAME":"Guidan Baure","DESIG_ENG":"Forest Reserve","IUCN_CAT":"Not Reported","GIS_AREA":51.415222,"STATUS":"Designated","STATUS_YR":0,"GOV_TYPE":"Sub-national ministry or agency","_label":"Guidan Baure","_status_group":"other","_states":["Katsina"]},"geometry":{"type":"Polygon","coordinates":[[[7.13195,12.9923],[7.11989,12.95689],[7.10272,12.94744],[7.07521,12.95761],[7.05273,12.99575],[7.0737,13.00626],[7.07796,12.99305],[7.1029,12.99098],[7.12909,13.02426],[7.16235,13.04296],[7.18122,13.04082],[7.17706,13.02571],[7.1518,13.01465],[7.13195,12.9923]]]}},{"type":"Feature","properties":{"NAME":"Gujba","DESIG_ENG":"National Park","IUCN_CAT":"Not Reported","GIS_AREA":407.558171,"STATUS":"Proposed","STATUS_YR":0,"GOV_TYPE":"Federal or national ministry or agency","_label":"Gujba","_status_group":"proposed","_states":["Yobe"]},"geometry":{"type":"Polygon","coordinates":[[[11.92806,11.14931],[11.91071,11.14946],[11.89809,11.16356],[11.8914,11.22603],[11.87,11.23496],[11.86158,11.2476],[11.85906,11.26404],[11.86909,11.28125],[11.82746,11.37039],[11.86327,11.43359],[11.92177,11.48697],[11.93663,11.45745],[11.95363,11.44272],[11.96441,11.36035],[11.98446,11.31575],[11.9984,11.25386],[11.9743,11.18743],[11.92806,11.14931]]]}},{"type":"Feature","properties":{"NAME":"Gujba","DESIG_ENG":"Forest Reserve","IUCN_CAT":"Not Reported","GIS_AREA":407.558171,"STATUS":"Designated","STATUS_YR":0,"GOV_TYPE":"Sub-national ministry or agency","_label":"Gujba","_status_group":"other","_states":["Yobe"]},"geometry":{"type":"Polygon","coordinates":[[[11.92806,11.14931],[11.91071,11.14946],[11.89809,11.16356],[11.8914,11.22603],[11.87,11.23496],[11.86158,11.2476],[11.85906,11.26404],[11.86909,11.28125],[11.82746,11.37039],[11.86327,11.43359],[11.92177,11.48697],[11.93663,11.45745],[11.95363,11.44272],[11.96441,11.36035],[11.98446,11.31575],[11.9984,11.25386],[11.9743,11.18743],[11.92806,11.14931]]]}},{"type":"Feature","properties":{"NAME":"Guji-Ganna","DESIG_ENG":"Forest Reserve","IUCN_CAT":"Not Reported","GIS_AREA":9.737537,"STATUS":"Designated","STATUS_YR":0,"GOV_TYPE":"Sub-national ministry or agency","_label":"Guji-Ganna","_status_group":"other","_states":["Borno"]},"geometry":{"type":"Polygon","coordinates":[[[13.10219,12.28907],[13.06037,12.29445],[13.05383,12.30946],[13.06366,12.31475],[13.09446,12.30442],[13.10219,12.28907]]]}},{"type":"Feature","properties":{"NAME":"Gulbin Ka","DESIG_ENG":"Forest Reserve","IUCN_CAT":"Not Reported","GIS_AREA":2013.829894,"STATUS":"Designated","STATUS_YR":0,"GOV_TYPE":"Sub-national ministry or agency","_label":"Gulbin Ka","_status_group":"other","_states":["Sokoto","Zamfara","Kebbi"]},"geometry":{"type":"Polygon","coordinates":[[[4.56085,11.79787],[4.54465,11.86427],[4.57092,11.92142],[4.58031,11.96653],[4.78892,12.00288],[4.8373,11.96822],[5.0637,11.97958],[5.07489,11.99511],[5.09171,11.99661],[5.10835,11.98598],[5.10548,11.97277],[5.12809,11.96381],[5.13151,11.95061],[5.16017,11.96211],[5.17926,11.95099],[5.18928,11.96084],[5.19128,11.95035],[5.21144,11.94745],[5.21762,11.96918],[5.23823,11.97576],[5.24774,11.95893],[5.29504,11.94943],[5.31853,11.92349],[5.32882,11.86246],[5.32035,11.83895],[5.3334,11.82536],[5.3165,11.79313],[5.3016,11.79206],[5.28891,11.77188],[5.26933,11.78043],[5.22303,11.75619],[5.21322,11.77333],[5.17735,11.79245],[5.16413,11.77836],[5.18191,11.75833],[5.17708,11.74347],[5.13269,11.72837],[5.09342,11.73464],[5.0729,11.7261],[5.06257,11.70905],[5.04939,11.72144],[5.03059,11.72025],[5.0311,11.73003],[5.00775,11.74701],[4.97956,11.73544],[4.95419,11.7373],[4.89392,11.71068],[4.88513,11.74755],[4.87647,11.75098],[4.86599,11.73634],[4.84079,11.76676],[4.52085,11.7737],[4.56085,11.79787]]]}},{"type":"Feature","properties":{"NAME":"Gumsi","DESIG_ENG":"Forest Reserve","IUCN_CAT":"Not Reported","GIS_AREA":143.246367,"STATUS":"Designated","STATUS_YR":0,"GOV_TYPE":"Sub-national ministry or agency","_label":"Gumsi","_status_group":"other","_states":["Yobe"]},"geometry":{"type":"Polygon","coordinates":[[[10.40585,13.10562],[10.34521,13.09233],[10.30909,13.12276],[10.30656,13.13519],[10.33368,13.19159],[10.40356,13.22114],[10.43064,13.22408],[10.43752,13.21056],[10.42908,13.16076],[10.40585,13.10562]]]}},{"type":"Feature","properties":{"NAME":"Gumu","DESIG_ENG":"Forest Reserve","IUCN_CAT":"Not Reported","GIS_AREA":30.377093,"STATUS":"Designated","STATUS_YR":0,"GOV_TYPE":"Sub-national ministry or agency","_label":"Gumu","_status_group":"other","_states":["Bauchi"]},"geometry":{"type":"Polygon","coordinates":[[[10.1063,11.58032],[10.11852,11.57009],[10.15781,11.56207],[10.15776,11.54333],[10.14753,11.5352],[10.13714,11.55739],[10.12521,11.558],[10.11275,11.54655],[10.11271,11.53076],[10.13319,11.52275],[10.13647,11.50861],[10.12329,11.51099],[10.105,11.53067],[10.08917,11.53066],[10.07866,11.54847],[10.08565,11.56388],[10.08188,11.57583],[10.1063,11.58032]]]}},{"type":"Feature","properties":{"NAME":"Gundulwa","DESIG_ENG":"Forest Reserve","IUCN_CAT":"Not Reported","GIS_AREA":27.043044,"STATUS":"Designated","STATUS_YR":0,"GOV_TYPE":"Sub-national ministry or agency","_label":"Gundulwa","_status_group":"other","_states":["Yobe"]},"geometry":{"type":"Polygon","coordinates":[[[11.94482,11.63032],[11.91957,11.61956],[11.9158,11.591],[11.90734,11.59074],[11.90108,11.60935],[11.90515,11.65908],[11.94219,11.66395],[11.94992,11.65052],[11.94482,11.63032]]]}},{"type":"Feature","properties":{"NAME":"Gundumi","DESIG_ENG":"Forest Reserve","IUCN_CAT":"Not Reported","GIS_AREA":899.592559,"STATUS":"Designated","STATUS_YR":0,"GOV_TYPE":"Sub-national ministry or agency","_label":"Gundumi","_status_group":"other","_states":["Sokoto","Zamfara"]},"geometry":{"type":"Polygon","coordinates":[[[5.95989,12.9331],[5.87246,12.93304],[5.83658,12.96364],[5.83542,12.97466],[5.84653,12.97656],[5.83391,12.98525],[5.81479,13.03366],[5.80104,13.04931],[5.78886,13.09377],[5.82937,13.15818],[5.88189,13.16926],[5.99555,13.13056],[6.00353,13.09439],[6.02899,13.07358],[6.04241,13.07752],[6.05528,13.09624],[6.04879,13.14948],[6.05569,13.15748],[6.22345,13.17573],[6.27261,13.13666],[6.26895,13.09309],[6.22116,13.09741],[6.18586,13.09031],[6.1358,12.99837],[6.10931,12.98584],[6.10903,12.96103],[6.09941,12.95122],[6.06157,12.94395],[5.98228,12.95559],[5.95989,12.9331]]]}},{"type":"Feature","properties":{"NAME":"Gura","DESIG_ENG":"Forest Reserve","IUCN_CAT":"Not Reported","GIS_AREA":15.518698,"STATUS":"Designated","STATUS_YR":0,"GOV_TYPE":"Sub-national ministry or agency","_label":"Gura","_status_group":"other","_states":["Katsina"]},"geometry":{"type":"Polygon","coordinates":[[[7.37596,11.71802],[7.38963,11.72049],[7.3951,11.69779],[7.38827,11.67686],[7.37772,11.67809],[7.36884,11.66909],[7.36434,11.72468],[7.37082,11.72734],[7.37596,11.71802]]]}},{"type":"Feature","properties":{"NAME":"Guram River","DESIG_ENG":"Forest Reserve","IUCN_CAT":"Not Reported","GIS_AREA":83.061799,"STATUS":"Designated","STATUS_YR":0,"GOV_TYPE":"Sub-national ministry or agency","_label":"Guram River","_status_group":"other","_states":["Plateau"]},"geometry":{"type":"Polygon","coordinates":[[[8.86017,10.1638],[8.87521,10.1312],[8.86983,10.05554],[8.84144,10.02402],[8.80291,10.13785],[8.82718,10.15209],[8.82636,10.17939],[8.86017,10.1638]]]}},{"type":"Feature","properties":{"NAME":"Gurin","DESIG_ENG":"Forest Reserve","IUCN_CAT":"Not Reported","GIS_AREA":97.10793,"STATUS":"Designated","STATUS_YR":0,"GOV_TYPE":"Sub-national ministry or agency","_label":"Gurin","_status_group":"other","_states":["Adamawa"]},"geometry":{"type":"Polygon","coordinates":[[[12.73908,9.03281],[12.71333,9.03518],[12.70131,9.04411],[12.69877,9.0692],[12.71299,9.08567],[12.78203,9.11454],[12.83023,9.11687],[12.85178,9.10647],[12.84743,9.08669],[12.73908,9.03281]]]}},{"type":"Feature","properties":{"NAME":"Gurmina","DESIG_ENG":"Forest Reserve","IUCN_CAT":"Not Reported","GIS_AREA":89.029871,"STATUS":"Designated","STATUS_YR":0,"GOV_TYPE":"Sub-national ministry or agency","_label":"Gurmina","_status_group":"other","_states":["Jigawa","Bauchi"]},"geometry":{"type":"Polygon","coordinates":[[[9.46972,11.41137],[9.41824,11.38978],[9.43335,11.33555],[9.41218,11.32382],[9.40056,11.33725],[9.4064,11.35156],[9.38445,11.37335],[9.35968,11.36908],[9.3363,11.3466],[9.30291,11.35025],[9.29166,11.34354],[9.27791,11.35925],[9.28221,11.37015],[9.29399,11.36653],[9.32469,11.3786],[9.32435,11.39117],[9.34956,11.39325],[9.36225,11.40615],[9.39854,11.40956],[9.46376,11.43524],[9.47539,11.43451],[9.46972,11.41137]]]}},{"type":"Feature","properties":{"NAME":"Gurmina","DESIG_ENG":"Forest Reserve","IUCN_CAT":"Not Reported","STATUS":"Designated","STATUS_YR":0,"GOV_TYPE":"Sub-national ministry or agency","_label":"Gurmina","_status_group":"other","_states":["Niger"]},"geometry":{"type":"Point","coordinates":[7.08333,9.47833]}},{"type":"Feature","properties":{"NAME":"Gurusu","DESIG_ENG":"Forest Reserve","IUCN_CAT":"Not Reported","GIS_AREA":5.440678,"STATUS":"Designated","STATUS_YR":0,"GOV_TYPE":"Sub-national ministry or agency","_label":"Gurusu","_status_group":"other","_states":["Bauchi","Niger"]},"geometry":{"type":"MultiPolygon","coordinates":[[[[6.63452,9.61993],[6.61882,9.62077],[6.61668,9.63175],[6.63272,9.62986],[6.63452,9.61993]]],[[[10.23143,11.66299],[10.22301,11.66404],[10.21691,11.67031],[10.23761,11.67331],[10.23143,11.66299]]]]}},{"type":"Feature","properties":{"NAME":"Gwadabawa","DESIG_ENG":"Forest Reserve","IUCN_CAT":"Not Reported","GIS_AREA":43.467066,"STATUS":"Designated","STATUS_YR":0,"GOV_TYPE":"Sub-national ministry or agency","_label":"Gwadabawa","_status_group":"other","_states":["Sokoto"]},"geometry":{"type":"MultiPolygon","coordinates":[[[[5.29179,13.40977],[5.28734,13.38398],[5.23464,13.38475],[5.24696,13.40299],[5.27607,13.40144],[5.29179,13.40977]]],[[[5.3228,13.37747],[5.30123,13.38505],[5.31149,13.41245],[5.32767,13.41294],[5.33524,13.40037],[5.3228,13.37747]]],[[[5.43042,13.39947],[5.40506,13.39288],[5.36307,13.40418],[5.37532,13.41654],[5.40368,13.42485],[5.43355,13.41593],[5.43042,13.39947]]]]}},{"type":"Feature","properties":{"NAME":"Gwagwa","DESIG_ENG":"Forest Reserve","IUCN_CAT":"Not Reported","GIS_AREA":4.827652,"STATUS":"Designated","STATUS_YR":0,"GOV_TYPE":"Sub-national ministry or agency","_label":"Gwagwa","_status_group":"other","_states":["Abuja Federal Capital Territory"]},"geometry":{"type":"Polygon","coordinates":[[[7.31826,9.0898],[7.30628,9.09247],[7.29227,9.10515],[7.31363,9.1119],[7.31826,9.0898]]]}},{"type":"Feature","properties":{"NAME":"Gwaiyo","DESIG_ENG":"Forest Reserve","IUCN_CAT":"Not Reported","GIS_AREA":108.056115,"STATUS":"Designated","STATUS_YR":0,"GOV_TYPE":"Sub-national ministry or agency","_label":"Gwaiyo","_status_group":"other","_states":["Jigawa","Yobe"]},"geometry":{"type":"Polygon","coordinates":[[[10.69062,12.59487],[10.61947,12.58335],[10.59952,12.60895],[10.58435,12.61419],[10.60047,12.62069],[10.59681,12.63478],[10.62152,12.65208],[10.6278,12.68687],[10.65619,12.70215],[10.68772,12.68293],[10.70513,12.63794],[10.69062,12.59487]]]}},{"type":"Feature","properties":{"NAME":"Gwana","DESIG_ENG":"Forest Reserve","IUCN_CAT":"Not Reported","GIS_AREA":7.013542,"STATUS":"Designated","STATUS_YR":0,"GOV_TYPE":"Sub-national ministry or agency","_label":"Gwana","_status_group":"other","_states":["Niger"]},"geometry":{"type":"Polygon","coordinates":[[[6.82058,9.63757],[6.7997,9.64467],[6.81102,9.66888],[6.82475,9.65727],[6.82058,9.63757]]]}},{"type":"Feature","properties":{"NAME":"Gwanara","DESIG_ENG":"Forest Reserve","IUCN_CAT":"Not Reported","GIS_AREA":700.270492,"STATUS":"Designated","STATUS_YR":0,"GOV_TYPE":"Sub-national ministry or agency","_label":"Gwanara","_status_group":"other","_states":["Kwara"]},"geometry":{"type":"Polygon","coordinates":[[[3.4124,9.44225],[3.50585,9.44983],[3.53474,9.4013],[3.53829,9.31175],[3.53203,9.27609],[3.50785,9.22144],[3.48558,9.20072],[3.44475,9.1967],[3.30964,9.25742],[3.27588,9.25777],[3.26358,9.26764],[3.28671,9.40099],[3.28902,9.46819],[3.4124,9.44225]]]}},{"type":"Feature","properties":{"NAME":"Gwirta","DESIG_ENG":"Forest Reserve","IUCN_CAT":"Not Reported","GIS_AREA":10.079765,"STATUS":"Designated","STATUS_YR":0,"GOV_TYPE":"Sub-national ministry or agency","_label":"Gwirta","_status_group":"other","_states":["Katsina","Jigawa"]},"geometry":{"type":"Polygon","coordinates":[[[8.52136,12.81621],[8.52228,12.80005],[8.51114,12.79599],[8.50847,12.81238],[8.48369,12.81576],[8.48183,12.82692],[8.50668,12.8321],[8.52136,12.81621]]]}},{"type":"Feature","properties":{"NAME":"Gwiwa Korel","DESIG_ENG":"Forest Reserve","IUCN_CAT":"Not Reported","GIS_AREA":37.106797,"STATUS":"Designated","STATUS_YR":0,"GOV_TYPE":"Sub-national ministry or agency","_label":"Gwiwa Korel","_status_group":"other","_states":["Jigawa"]},"geometry":{"type":"Polygon","coordinates":[[[8.39229,12.80269],[8.37528,12.78806],[8.30715,12.78605],[8.30566,12.77018],[8.27263,12.77973],[8.23518,12.7626],[8.22687,12.77222],[8.20889,12.77524],[8.21048,12.78444],[8.2556,12.79379],[8.39229,12.80269]]]}},{"type":"Feature","properties":{"NAME":"Hadejia Plantation","DESIG_ENG":"Forest Reserve","IUCN_CAT":"Not Reported","GIS_AREA":3.199978,"STATUS":"Designated","STATUS_YR":0,"GOV_TYPE":"Sub-national ministry or agency","_label":"Hadejia Plantation","_status_group":"other","_states":["Jigawa"]},"geometry":{"type":"Polygon","coordinates":[[[10.08277,12.4656],[10.05958,12.4587],[10.0896,12.47772],[10.08277,12.4656]]]}},{"type":"Feature","properties":{"NAME":"Hadin","DESIG_ENG":"Forest Reserve","IUCN_CAT":"Not Reported","GIS_AREA":3.258786,"STATUS":"Designated","STATUS_YR":0,"GOV_TYPE":"Sub-national ministry or agency","_label":"Hadin","_status_group":"other","_states":["Jigawa"]},"geometry":{"type":"Polygon","coordinates":[[[9.77725,12.33262],[9.74975,12.33466],[9.77875,12.34186],[9.77725,12.33262]]]}},{"type":"Feature","properties":{"NAME":"Hardaali","DESIG_ENG":"Forest Reserve","IUCN_CAT":"Not Reported","GIS_AREA":3.455071,"STATUS":"Designated","STATUS_YR":0,"GOV_TYPE":"Sub-national ministry or agency","_label":"Hardaali","_status_group":"other","_states":["Jigawa"]},"geometry":{"type":"Polygon","coordinates":[[[10.09691,12.26265],[10.08963,12.26685],[10.12335,12.28271],[10.12197,12.27255],[10.09691,12.26265]]]}},{"type":"Feature","properties":{"NAME":"Ibadan","DESIG_ENG":"Forest Reserve","IUCN_CAT":"Not Reported","GIS_AREA":3.268285,"STATUS":"Designated","STATUS_YR":0,"GOV_TYPE":"Sub-national ministry or agency","_label":"Ibadan","_status_group":"other","_states":["Oyo"]},"geometry":{"type":"Polygon","coordinates":[[[3.86534,7.3933],[3.87145,7.3865],[3.85993,7.38089],[3.84539,7.38741],[3.86534,7.3933]]]}},{"type":"Feature","properties":{"NAME":"Ibaji-Ojok","DESIG_ENG":"Forest Reserve","IUCN_CAT":"Not Reported","GIS_AREA":390.646391,"STATUS":"Designated","STATUS_YR":0,"GOV_TYPE":"Sub-national ministry or agency","_label":"Ibaji-Ojok","_status_group":"other","_states":["Kogi","Enugu"]},"geometry":{"type":"Polygon","coordinates":[[[6.99962,7.01566],[6.95439,6.97689],[6.96767,6.92817],[6.96231,6.88106],[6.97588,6.87798],[6.95219,6.81685],[6.93298,6.79165],[6.9253,6.80652],[6.905,6.80133],[6.91827,6.8155],[6.90232,6.82268],[6.90459,6.86417],[6.89429,6.87375],[6.90002,6.88887],[6.88052,6.88968],[6.88661,6.90763],[6.87283,6.9212],[6.8736,6.93439],[6.85514,6.93721],[6.85475,6.94834],[6.82086,6.95949],[6.81997,6.97465],[6.79947,6.99959],[6.78823,7.03261],[6.81115,7.04735],[6.84749,7.05089],[6.85377,7.07154],[6.87123,7.08953],[6.88958,7.09156],[6.96719,7.07213],[7.00548,7.04351],[7.0093,7.03537],[6.99962,7.01566]]]}},{"type":"Feature","properties":{"NAME":"Ibi","DESIG_ENG":"Forest Reserve","IUCN_CAT":"Not Reported","GIS_AREA":49.083255,"STATUS":"Designated","STATUS_YR":0,"GOV_TYPE":"Sub-national ministry or agency","_label":"Ibi","_status_group":"other","_states":["Taraba"]},"geometry":{"type":"Polygon","coordinates":[[[9.8711,8.30912],[9.76481,8.2336],[9.74511,8.24388],[9.73508,8.23478],[9.74538,8.25292],[9.82553,8.30807],[9.87732,8.32451],[9.89886,8.32172],[9.8711,8.30912]]]}},{"type":"Feature","properties":{"NAME":"Ibi","DESIG_ENG":"Game Reserve","IUCN_CAT":"Not Reported","GIS_AREA":49.083255,"STATUS":"Designated","STATUS_YR":1972,"GOV_TYPE":"Sub-national ministry or agency","_label":"Ibi","_status_group":"other","_year":1972,"_year_label":"Designation/status year","_states":["Taraba"]},"geometry":{"type":"Polygon","coordinates":[[[9.8711,8.30912],[9.76481,8.2336],[9.74511,8.24388],[9.73508,8.23478],[9.74538,8.25292],[9.82553,8.30807],[9.87732,8.32451],[9.89886,8.32172],[9.8711,8.30912]]]}},{"type":"Feature","properties":{"NAME":"Idanre","DESIG_ENG":"Forest Reserve","IUCN_CAT":"Not Reported","GIS_AREA":557.799274,"STATUS":"Designated","STATUS_YR":0,"GOV_TYPE":"Sub-national ministry or agency","_label":"Idanre","_status_group":"other","_states":["Ondo","Edo"]},"geometry":{"type":"Polygon","coordinates":[[[5.21323,6.93422],[5.23908,6.91827],[5.23261,6.89429],[5.24163,6.88495],[5.22248,6.85933],[5.22491,6.84649],[5.21615,6.84237],[5.22481,6.83435],[5.19593,6.80398],[5.19619,6.77785],[5.16031,6.75406],[5.15232,6.75638],[5.14823,6.77349],[5.10614,6.75162],[5.04647,6.75536],[4.99132,6.78602],[5.00719,6.86574],[5.00136,6.89424],[5.01091,6.91102],[5.01896,6.97677],[5.20514,6.97538],[5.21323,6.93422]]]}},{"type":"Feature","properties":{"NAME":"Idasu","DESIG_ENG":"Forest Reserve","IUCN_CAT":"Not Reported","GIS_AREA":10.624156,"STATUS":"Designated","STATUS_YR":0,"GOV_TYPE":"Sub-national ministry or agency","_label":"Idasu","_status_group":"other","_states":["Kaduna"]},"geometry":{"type":"Polygon","coordinates":[[[7.25535,11.1432],[7.23356,11.15313],[7.24769,11.18972],[7.26029,11.18199],[7.25535,11.1432]]]}},{"type":"Feature","properties":{"NAME":"Idu","DESIG_ENG":"Forest Reserve","IUCN_CAT":"Not Reported","GIS_AREA":12.763373,"STATUS":"Designated","STATUS_YR":0,"GOV_TYPE":"Sub-national ministry or agency","_label":"Idu","_status_group":"other","_states":["Abuja Federal Capital Territory"]},"geometry":{"type":"Polygon","coordinates":[[[7.3939,9.10316],[7.39485,9.06636],[7.37787,9.07732],[7.34396,9.07428],[7.37312,9.09681],[7.38074,9.09128],[7.3939,9.10316]]]}},{"type":"Feature","properties":{"NAME":"Ife","DESIG_ENG":"Forest Reserve","IUCN_CAT":"Not Reported","GIS_AREA":141.692497,"STATUS":"Designated","STATUS_YR":0,"GOV_TYPE":"Sub-national ministry or agency","_label":"Ife","_status_group":"other","_states":["Osun"]},"geometry":{"type":"Polygon","coordinates":[[[4.45305,7.15755],[4.43183,7.11815],[4.43286,7.09725],[4.42489,7.08261],[4.36386,7.06292],[4.35237,7.07151],[4.35576,7.08728],[4.36904,7.09461],[4.36938,7.10822],[4.39614,7.13414],[4.39001,7.14624],[4.39853,7.17138],[4.3912,7.20536],[4.39861,7.23541],[4.41352,7.25207],[4.45564,7.26642],[4.48595,7.24189],[4.44853,7.19012],[4.45305,7.15755]]]}},{"type":"Feature","properties":{"NAME":"Ifon","DESIG_ENG":"Forest Reserve","IUCN_CAT":"Not Reported","GIS_AREA":270.336299,"STATUS":"Designated","STATUS_YR":0,"GOV_TYPE":"Sub-national ministry or agency","_label":"Ifon","_status_group":"other","_states":["Ondo","Edo"]},"geometry":{"type":"Polygon","coordinates":[[[5.7914,7.21607],[5.86427,7.20884],[5.89081,7.17188],[5.87859,7.1642],[5.86307,7.13445],[5.85231,7.08361],[5.81555,7.06501],[5.805,7.0243],[5.79211,7.01109],[5.7947,6.97334],[5.75056,6.95845],[5.72798,7.00017],[5.72719,7.02334],[5.70923,7.03848],[5.75999,7.06707],[5.76249,7.08955],[5.74762,7.11581],[5.76436,7.17351],[5.7914,7.21607]]]}},{"type":"Feature","properties":{"NAME":"Ifon","DESIG_ENG":"Game Reserve","IUCN_CAT":"Not Reported","GIS_AREA":496.22954,"STATUS":"Proposed","STATUS_YR":1990,"GOV_TYPE":"Sub-national ministry or agency","_label":"Ifon","_status_group":"proposed","_year":1990,"_year_label":"Designation/status year","_states":["Ondo","Edo"]},"geometry":{"type":"Polygon","coordinates":[[[5.84673,7.2662],[5.8713,7.16644],[5.84625,7.14058],[5.83573,7.09876],[5.8108,7.05397],[5.80703,7.00004],[5.79145,6.95878],[5.79921,6.92727],[5.79291,6.92235],[5.75632,6.96264],[5.67961,7.07754],[5.65694,7.13241],[5.68888,7.18173],[5.67584,7.20504],[5.74925,7.26334],[5.77025,7.24448],[5.78779,7.24001],[5.8102,7.24792],[5.83852,7.2742],[5.84673,7.2662]]]}},{"type":"Feature","properties":{"NAME":"Igangan","DESIG_ENG":"Forest Reserve","IUCN_CAT":"Not Reported","GIS_AREA":391.549212,"STATUS":"Designated","STATUS_YR":0,"GOV_TYPE":"Sub-national ministry or agency","_label":"Igangan","_status_group":"other","_states":["Ogun","Oyo"]},"geometry":{"type":"Polygon","coordinates":[[[2.98073,7.59535],[2.97804,7.62061],[2.98825,7.63401],[2.99768,7.67618],[2.9842,7.68741],[2.99751,7.69275],[2.99084,7.70328],[3.0033,7.70888],[3.00278,7.73642],[3.01909,7.76169],[3.01146,7.77091],[3.01528,7.78857],[3.04691,7.81106],[3.04614,7.83566],[3.26121,7.83531],[3.24095,7.79383],[3.26475,7.77664],[3.27187,7.75953],[3.20197,7.76887],[3.16677,7.76069],[3.1326,7.79946],[3.11349,7.80492],[3.11089,7.78403],[3.08689,7.74298],[3.09771,7.69928],[3.08615,7.62798],[3.03706,7.58822],[3.02894,7.55579],[3.01548,7.55982],[3.00532,7.58036],[2.98073,7.59535]]]}},{"type":"Feature","properties":{"NAME":"Iggi River","DESIG_ENG":"Forest Reserve","IUCN_CAT":"Not Reported","GIS_AREA":93.845489,"STATUS":"Designated","STATUS_YR":0,"GOV_TYPE":"Sub-national ministry or agency","_label":"Iggi River","_status_group":"other","_states":["Niger"]},"geometry":{"type":"Polygon","coordinates":[[[6.17231,9.63704],[6.12765,9.6715],[6.11339,9.70047],[6.13868,9.73572],[6.1513,9.79549],[6.16175,9.7688],[6.21963,9.70532],[6.20025,9.6897],[6.17231,9.63704]]]}},{"type":"Feature","properties":{"NAME":"Iguobazuwa","DESIG_ENG":"Forest Reserve","IUCN_CAT":"Not Reported","GIS_AREA":306.675234,"STATUS":"Designated","STATUS_YR":0,"GOV_TYPE":"Sub-national ministry or agency","_label":"Iguobazuwa","_status_group":"other","_states":["Edo"]},"geometry":{"type":"MultiPolygon","coordinates":[[[[5.50524,6.62184],[5.53114,6.63714],[5.53194,6.60219],[5.51442,6.57817],[5.49101,6.61572],[5.49837,6.63153],[5.50524,6.62184]]],[[[5.36757,6.67024],[5.39268,6.65843],[5.39268,6.64369],[5.41398,6.64351],[5.43126,6.61479],[5.41646,6.61074],[5.41672,6.60377],[5.43743,6.6002],[5.4368,6.58472],[5.45991,6.56001],[5.47354,6.55692],[5.46202,6.53495],[5.43453,6.52529],[5.43478,6.51418],[5.38166,6.51369],[5.36532,6.53205],[5.38294,6.58619],[5.36587,6.57829],[5.34923,6.59124],[5.34818,6.62331],[5.36399,6.61624],[5.35498,6.65796],[5.36757,6.67024]]],[[[5.46921,6.75752],[5.49846,6.72716],[5.52354,6.7565],[5.52952,6.70353],[5.54288,6.67165],[5.53452,6.6502],[5.51285,6.65729],[5.51164,6.6422],[5.5003,6.64154],[5.49851,6.65571],[5.48626,6.6413],[5.45568,6.63597],[5.42939,6.65769],[5.40061,6.65627],[5.39584,6.67356],[5.37548,6.67989],[5.39835,6.70216],[5.39781,6.71368],[5.45131,6.75555],[5.46921,6.75752]]]]}},{"type":"Feature","properties":{"NAME":"Ihugh","DESIG_ENG":"Forest Reserve","IUCN_CAT":"Not Reported","GIS_AREA":0.805716,"STATUS":"Designated","STATUS_YR":0,"GOV_TYPE":"Sub-national ministry or agency","_label":"Ihugh","_status_group":"other","_states":["Benue"]},"geometry":{"type":"Polygon","coordinates":[[[9.04381,6.99646],[9.03523,6.9916],[9.03366,6.99621],[9.04381,6.99646]]]}},{"type":"Feature","properties":{"NAME":"Ijaiye","DESIG_ENG":"Forest Reserve","IUCN_CAT":"Not Reported","GIS_AREA":244.991195,"STATUS":"Designated","STATUS_YR":0,"GOV_TYPE":"Sub-national ministry or agency","_label":"Ijaiye","_status_group":"other","_states":["Oyo"]},"geometry":{"type":"Polygon","coordinates":[[[3.58611,7.67462],[3.61054,7.67496],[3.63343,7.68653],[3.68455,7.75026],[3.73163,7.72904],[3.76626,7.72345],[3.74748,7.66622],[3.72609,7.66058],[3.72507,7.64266],[3.73519,7.63878],[3.73593,7.62984],[3.72458,7.62544],[3.72342,7.61133],[3.74246,7.59717],[3.73841,7.58971],[3.70617,7.59044],[3.67497,7.60563],[3.64427,7.60363],[3.5913,7.5824],[3.59015,7.56916],[3.56934,7.571],[3.56106,7.61579],[3.58462,7.65213],[3.58611,7.67462]]]}},{"type":"Feature","properties":{"NAME":"Ijebu-Ode","DESIG_ENG":"Forest Reserve","IUCN_CAT":"Not Reported","GIS_AREA":7.535266,"STATUS":"Designated","STATUS_YR":0,"GOV_TYPE":"Sub-national ministry or agency","_label":"Ijebu-Ode","_status_group":"other","_states":["Ogun"]},"geometry":{"type":"Polygon","coordinates":[[[3.90142,6.76449],[3.88909,6.76741],[3.90149,6.79511],[3.91957,6.78416],[3.90142,6.76449]]]}},{"type":"Feature","properties":{"NAME":"Ikebiri Creek","DESIG_ENG":"Forest Reserve","IUCN_CAT":"Not Reported","GIS_AREA":66.809142,"STATUS":"Designated","STATUS_YR":0,"GOV_TYPE":"Sub-national ministry or agency","_label":"Ikebiri Creek","_status_group":"other","_states":["Bayelsa"]},"geometry":{"type":"Polygon","coordinates":[[[5.86845,4.77746],[5.89936,4.77313],[5.87032,4.74735],[5.8422,4.70492],[5.80429,4.70619],[5.80116,4.71669],[5.78348,4.7222],[5.78958,4.74207],[5.80021,4.74549],[5.79488,4.76022],[5.80887,4.77581],[5.84585,4.77751],[5.8522,4.79044],[5.86635,4.78864],[5.86845,4.77746]]]}},{"type":"Feature","properties":{"NAME":"Ikeji","DESIG_ENG":"Forest Reserve","IUCN_CAT":"Not Reported","GIS_AREA":45.117104,"STATUS":"Designated","STATUS_YR":0,"GOV_TYPE":"Sub-national ministry or agency","_label":"Ikeji","_status_group":"other","_states":["Ondo","Osun"]},"geometry":{"type":"Polygon","coordinates":[[[4.97052,7.41552],[5.01116,7.4002],[4.8822,7.35518],[4.89769,7.40305],[4.94655,7.4026],[4.97052,7.41552]]]}},{"type":"Feature","properties":{"NAME":"Ikerre","DESIG_ENG":"Forest Reserve","IUCN_CAT":"Not Reported","GIS_AREA":14.764175,"STATUS":"Designated","STATUS_YR":0,"GOV_TYPE":"Sub-national ministry or agency","_label":"Ikerre","_status_group":"other","_states":["Ekiti"]},"geometry":{"type":"Polygon","coordinates":[[[5.12385,7.47606],[5.1123,7.48134],[5.13048,7.51009],[5.15921,7.50898],[5.15947,7.489],[5.12385,7.47606]]]}},{"type":"Feature","properties":{"NAME":"Ikom","DESIG_ENG":"Forest Reserve","IUCN_CAT":"Not Reported","STATUS":"Designated","STATUS_YR":0,"GOV_TYPE":"Sub-national ministry or agency","_label":"Ikom","_status_group":"other","_states":["Katsina"]},"geometry":{"type":"Point","coordinates":[7.46667,11.71667]}},{"type":"Feature","properties":{"NAME":"Ikom","DESIG_ENG":"Forest Reserve","IUCN_CAT":"Not Reported","GIS_AREA":8.473776,"STATUS":"Designated","STATUS_YR":0,"GOV_TYPE":"Sub-national ministry or agency","_label":"Ikom","_status_group":"other","_states":["Cross River"]},"geometry":{"type":"Polygon","coordinates":[[[8.66251,5.96311],[8.65552,5.96895],[8.67015,5.99381],[8.68417,5.99492],[8.68384,5.97164],[8.66251,5.96311]]]}},{"type":"Feature","properties":{"NAME":"Ikpeye","DESIG_ENG":"Forest Reserve","IUCN_CAT":"Not Reported","GIS_AREA":4.267244,"STATUS":"Designated","STATUS_YR":0,"GOV_TYPE":"Sub-national ministry or agency","_label":"Ikpeye","_status_group":"other","_states":["Niger"]},"geometry":{"type":"Polygon","coordinates":[[[5.76592,9.25997],[5.7502,9.27013],[5.75221,9.2795],[5.77215,9.27375],[5.76592,9.25997]]]}},{"type":"Feature","properties":{"NAME":"Ikrigon","DESIG_ENG":"Forest Reserve","IUCN_CAT":"Not Reported","GIS_AREA":16.817946,"STATUS":"Designated","STATUS_YR":0,"GOV_TYPE":"Sub-national ministry or agency","_label":"Ikrigon","_status_group":"other","_states":["Cross River"]},"geometry":{"type":"Polygon","coordinates":[[[8.54302,6.31694],[8.5201,6.31828],[8.50222,6.33663],[8.51801,6.34768],[8.55357,6.34874],[8.55632,6.33475],[8.54302,6.31694]]]}},{"type":"Feature","properties":{"NAME":"Ikwe","DESIG_ENG":"Forest Reserve","IUCN_CAT":"Not Reported","GIS_AREA":11.411821,"STATUS":"Designated","STATUS_YR":0,"GOV_TYPE":"Sub-national ministry or agency","_label":"Ikwe","_status_group":"other","_states":["Benue"]},"geometry":{"type":"Polygon","coordinates":[[[8.60188,7.4513],[8.58992,7.45226],[8.5858,7.46593],[8.57242,7.47432],[8.57731,7.48617],[8.60106,7.48679],[8.60188,7.4513]]]}},{"type":"Feature","properties":{"NAME":"Ila (Nigeria)","DESIG_ENG":"Forest Reserve","IUCN_CAT":"Not Reported","GIS_AREA":1.129654,"STATUS":"Designated","STATUS_YR":0,"GOV_TYPE":"Sub-national ministry or agency","_label":"Ila (Nigeria)","_status_group":"other","_states":["Osun"]},"geometry":{"type":"Polygon","coordinates":[[[4.95179,8.03464],[4.94384,8.02455],[4.94093,8.0315],[4.95179,8.03464]]]}},{"type":"Feature","properties":{"NAME":"Ilaro","DESIG_ENG":"Forest Reserve","IUCN_CAT":"Not Reported","GIS_AREA":54.723346,"STATUS":"Designated","STATUS_YR":0,"GOV_TYPE":"Sub-national ministry or agency","_label":"Ilaro","_status_group":"other","_states":["Ogun"]},"geometry":{"type":"Polygon","coordinates":[[[3.09104,6.73971],[3.03451,6.7533],[3.04037,6.81849],[3.05926,6.83326],[3.08096,6.82185],[3.07816,6.80681],[3.09994,6.77688],[3.09867,6.74886],[3.09104,6.73971]]]}},{"type":"Feature","properties":{"NAME":"Ilesha","DESIG_ENG":"Forest Reserve","IUCN_CAT":"Not Reported","GIS_AREA":60.734333,"STATUS":"Designated","STATUS_YR":0,"GOV_TYPE":"Sub-national ministry or agency","_label":"Ilesha","_status_group":"other","_states":["Kwara"]},"geometry":{"type":"Polygon","coordinates":[[[3.48219,8.99576],[3.48639,8.97925],[3.45698,8.94991],[3.44958,8.92594],[3.40268,8.92164],[3.38983,8.9553],[3.40788,8.98132],[3.42956,8.9948],[3.48219,8.99576]]]}},{"type":"Feature","properties":{"NAME":"Illela","DESIG_ENG":"Forest Reserve","IUCN_CAT":"Not Reported","GIS_AREA":318.220075,"STATUS":"Designated","STATUS_YR":0,"GOV_TYPE":"Sub-national ministry or agency","_label":"Illela","_status_group":"other","_states":["Zamfara"]},"geometry":{"type":"Polygon","coordinates":[[[6.39714,12.71794],[6.46962,12.70974],[6.47898,12.66785],[6.45038,12.43672],[6.37584,12.43883],[6.37654,12.47152],[6.34351,12.51021],[6.37559,12.53995],[6.37245,12.55084],[6.38826,12.54994],[6.39373,12.56397],[6.38893,12.60137],[6.36303,12.66027],[6.34092,12.67798],[6.35841,12.70491],[6.39714,12.71794]]]}},{"type":"Feature","properties":{"NAME":"Illoka'oje","DESIG_ENG":"Forest Reserve","IUCN_CAT":"Not Reported","GIS_AREA":572.775139,"STATUS":"Designated","STATUS_YR":0,"GOV_TYPE":"Sub-national ministry or agency","_label":"Illoka'oje","_status_group":"other","_states":["Kebbi"]},"geometry":{"type":"Polygon","coordinates":[[[3.74855,11.37875],[3.97303,11.37566],[3.94116,11.15837],[3.90359,11.15144],[3.72928,11.17724],[3.74855,11.37875]]]}},{"type":"Feature","properties":{"NAME":"Imbibnina","DESIG_ENG":"Forest Reserve","IUCN_CAT":"Not Reported","GIS_AREA":81.724144,"STATUS":"Designated","STATUS_YR":0,"GOV_TYPE":"Sub-national ministry or agency","_label":"Imbibnina","_status_group":"other","_states":["Borno"]},"geometry":{"type":"Polygon","coordinates":[[[12.56239,10.92822],[12.61601,10.92099],[12.61873,10.87876],[12.59292,10.87323],[12.59015,10.8596],[12.57277,10.84596],[12.54466,10.84985],[12.51746,10.83547],[12.52437,10.92337],[12.56239,10.92822]]]}},{"type":"Feature","properties":{"NAME":"Inyelen","DESIG_ENG":"Forest Reserve","IUCN_CAT":"Not Reported","GIS_AREA":1.86866,"STATUS":"Designated","STATUS_YR":0,"GOV_TYPE":"Sub-national ministry or agency","_label":"Inyelen","_status_group":"other","_states":["Delta","Edo"]},"geometry":{"type":"Polygon","coordinates":[[[6.55977,6.48821],[6.54901,6.48827],[6.54752,6.49872],[6.56076,6.49916],[6.55977,6.48821]]]}},{"type":"Feature","properties":{"NAME":"Ipeli-Idoani","DESIG_ENG":"Forest Reserve","IUCN_CAT":"Not Reported","GIS_AREA":31.002779,"STATUS":"Designated","STATUS_YR":0,"GOV_TYPE":"Sub-national ministry or agency","_label":"Ipeli-Idoani","_status_group":"other","_states":["Ondo"]},"geometry":{"type":"Polygon","coordinates":[[[5.73873,7.25414],[5.76236,7.26367],[5.75213,7.2435],[5.76028,7.23452],[5.75114,7.21579],[5.75637,7.19102],[5.71395,7.20405],[5.72008,7.26558],[5.73196,7.26692],[5.73873,7.25414]]]}},{"type":"Feature","properties":{"NAME":"Ipetu","DESIG_ENG":"Forest Reserve","IUCN_CAT":"Not Reported","GIS_AREA":3.947788,"STATUS":"Designated","STATUS_YR":0,"GOV_TYPE":"Sub-national ministry or agency","_label":"Ipetu","_status_group":"other","_states":["Kwara"]},"geometry":{"type":"Polygon","coordinates":[[[5.085,8.08685],[5.0763,8.09667],[5.08366,8.11124],[5.09275,8.10499],[5.085,8.08685]]]}},{"type":"Feature","properties":{"NAME":"Irele","DESIG_ENG":"Forest Reserve","IUCN_CAT":"Not Reported","GIS_AREA":33.532679,"STATUS":"Designated","STATUS_YR":0,"GOV_TYPE":"Sub-national ministry or agency","_label":"Irele","_status_group":"other","_states":["Ondo"]},"geometry":{"type":"Polygon","coordinates":[[[5.00268,6.64947],[5.00857,6.628],[4.99683,6.62584],[4.97145,6.59344],[4.95098,6.60012],[4.94357,6.63855],[4.94839,6.64941],[4.96366,6.65467],[5.00268,6.64947]]]}},{"type":"Feature","properties":{"NAME":"Iri-Ada-Obi","DESIG_ENG":"Game Reserve","IUCN_CAT":"Not Reported","STATUS":"Proposed","STATUS_YR":0,"GOV_TYPE":"Sub-national ministry or agency","_label":"Iri-Ada-Obi","_status_group":"proposed","_states":["Edo"]},"geometry":{"type":"Point","coordinates":[6.1,6.88333]}},{"type":"Feature","properties":{"NAME":"Irite Amoli","DESIG_ENG":"Forest Reserve","IUCN_CAT":"Not Reported","GIS_AREA":4.191603,"STATUS":"Designated","STATUS_YR":0,"GOV_TYPE":"Sub-national ministry or agency","_label":"Irite Amoli","_status_group":"other","_states":["Enugu"]},"geometry":{"type":"Polygon","coordinates":[[[7.39217,6.19263],[7.37736,6.19808],[7.38612,6.20969],[7.40134,6.20423],[7.39217,6.19263]]]}},{"type":"Feature","properties":{"NAME":"Irrua Uromi","DESIG_ENG":"Forest Reserve","IUCN_CAT":"Not Reported","GIS_AREA":11.235837,"STATUS":"Designated","STATUS_YR":0,"GOV_TYPE":"Sub-national ministry or agency","_label":"Irrua Uromi","_status_group":"other","_states":["Edo"]},"geometry":{"type":"Polygon","coordinates":[[[6.41805,6.82152],[6.43676,6.82141],[6.42557,6.79023],[6.40454,6.78615],[6.40261,6.80069],[6.41805,6.82152]]]}},{"type":"Feature","properties":{"NAME":"Irrua-Unea","DESIG_ENG":"Forest Reserve","IUCN_CAT":"Not Reported","GIS_AREA":5.774285,"STATUS":"Designated","STATUS_YR":0,"GOV_TYPE":"Sub-national ministry or agency","_label":"Irrua-Unea","_status_group":"other","_states":["Edo"]},"geometry":{"type":"Polygon","coordinates":[[[6.32378,6.78652],[6.31556,6.80692],[6.32383,6.84048],[6.32961,6.83589],[6.32984,6.78868],[6.32378,6.78652]]]}},{"type":"Feature","properties":{"NAME":"Isa Zurmi","DESIG_ENG":"Forest Reserve","IUCN_CAT":"Not Reported","GIS_AREA":411.525982,"STATUS":"Designated","STATUS_YR":0,"GOV_TYPE":"Sub-national ministry or agency","_label":"Isa Zurmi","_status_group":"other","_states":["Sokoto","Zamfara"]},"geometry":{"type":"Polygon","coordinates":[[[6.81685,13.1295],[6.79446,13.13248],[6.76235,13.11244],[6.72133,13.11922],[6.63592,13.10935],[6.61167,13.08172],[6.56241,13.1268],[6.53256,13.18863],[6.58802,13.24882],[6.63774,13.24849],[6.66316,13.27806],[6.72301,13.28795],[6.81685,13.1295]]]}},{"type":"Feature","properties":{"NAME":"Isanlu","DESIG_ENG":"Forest Reserve","IUCN_CAT":"Not Reported","GIS_AREA":7.295631,"STATUS":"Designated","STATUS_YR":0,"GOV_TYPE":"Sub-national ministry or agency","_label":"Isanlu","_status_group":"other","_states":["Kwara"]},"geometry":{"type":"Polygon","coordinates":[[[5.13401,8.19132],[5.12338,8.19262],[5.11809,8.20279],[5.14134,8.21728],[5.14825,8.2051],[5.13401,8.19132]]]}},{"type":"Feature","properties":{"NAME":"Ise","DESIG_ENG":"Forest Reserve","IUCN_CAT":"Not Reported","GIS_AREA":45.362794,"STATUS":"Designated","STATUS_YR":0,"GOV_TYPE":"Sub-national ministry or agency","_label":"Ise","_status_group":"other","_states":["Ekiti"]},"geometry":{"type":"Polygon","coordinates":[[[5.3947,7.42496],[5.39428,7.40141],[5.42217,7.38342],[5.41294,7.35115],[5.3601,7.35535],[5.34777,7.41247],[5.3947,7.42496]]]}},{"type":"Feature","properties":{"NAME":"Ise Forest","DESIG_ENG":"Conservation Area","IUCN_CAT":"II","GIS_AREA":33.126957,"STATUS":"Established","STATUS_YR":2020,"GOV_TYPE":"Government-delegated management","_label":"Ise Forest","_status_group":"other","_year":2020,"_year_label":"Designation/status year","_states":["Ekiti"]},"geometry":{"type":"Polygon","coordinates":[[[5.38102,7.41748],[5.38822,7.4115],[5.40752,7.35165],[5.36576,7.35337],[5.35667,7.36142],[5.34943,7.39076],[5.35483,7.39651],[5.34667,7.40617],[5.35483,7.41457],[5.38102,7.41748]]]}},{"type":"Feature","properties":{"NAME":"Iseyin Central","DESIG_ENG":"Forest Reserve","IUCN_CAT":"Not Reported","GIS_AREA":1.658226,"STATUS":"Designated","STATUS_YR":0,"GOV_TYPE":"Sub-national ministry or agency","_label":"Iseyin Central","_status_group":"other","_states":["Oyo"]},"geometry":{"type":"Polygon","coordinates":[[[3.56804,7.96815],[3.56009,7.96988],[3.56346,7.9797],[3.5737,7.97685],[3.56804,7.96815]]]}},{"type":"Feature","properties":{"NAME":"Iseyin West","DESIG_ENG":"Forest Reserve","IUCN_CAT":"Not Reported","GIS_AREA":1.107564,"STATUS":"Designated","STATUS_YR":0,"GOV_TYPE":"Sub-national ministry or agency","_label":"Iseyin West","_status_group":"other","_states":["Oyo"]},"geometry":{"type":"Polygon","coordinates":[[[3.56753,7.94973],[3.5554,7.94758],[3.56579,7.95469],[3.56753,7.94973]]]}},{"type":"Feature","properties":{"NAME":"Ishan Aiyede","DESIG_ENG":"Forest Reserve","IUCN_CAT":"Not Reported","GIS_AREA":0.796997,"STATUS":"Designated","STATUS_YR":0,"GOV_TYPE":"Sub-national ministry or agency","_label":"Ishan Aiyede","_status_group":"other","_states":["Ekiti"]},"geometry":{"type":"Polygon","coordinates":[[[5.42057,7.99891],[5.41211,7.99033],[5.40984,7.9966],[5.42057,7.99891]]]}},{"type":"Feature","properties":{"NAME":"Isheagu","DESIG_ENG":"Forest Reserve","IUCN_CAT":"Not Reported","GIS_AREA":13.7829,"STATUS":"Designated","STATUS_YR":0,"GOV_TYPE":"Sub-national ministry or agency","_label":"Isheagu","_status_group":"other","_states":["Delta"]},"geometry":{"type":"Polygon","coordinates":[[[6.4039,5.96208],[6.47094,5.96744],[6.47228,5.95616],[6.44918,5.93822],[6.4039,5.96208]]]}},{"type":"Feature","properties":{"NAME":"Ishieki","DESIG_ENG":"Forest Reserve","IUCN_CAT":"Not Reported","GIS_AREA":5.813431,"STATUS":"Designated","STATUS_YR":0,"GOV_TYPE":"Sub-national ministry or agency","_label":"Ishieki","_status_group":"other","_states":["Ebonyi"]},"geometry":{"type":"Polygon","coordinates":[[[8.07177,6.43355],[8.08741,6.41891],[8.08039,6.41041],[8.05481,6.42003],[8.07177,6.43355]]]}},{"type":"Feature","properties":{"NAME":"Isiamaigbo","DESIG_ENG":"Forest Reserve","IUCN_CAT":"Not Reported","GIS_AREA":3.571079,"STATUS":"Designated","STATUS_YR":0,"GOV_TYPE":"Sub-national ministry or agency","_label":"Isiamaigbo","_status_group":"other","_states":["Anambra"]},"geometry":{"type":"Polygon","coordinates":[[[7.04834,6.39375],[7.03327,6.39563],[7.02285,6.40469],[7.04117,6.40677],[7.05138,6.40065],[7.04834,6.39375]]]}},{"type":"Feature","properties":{"NAME":"Ivi-Ada-Obi","DESIG_ENG":"Forest Reserve","IUCN_CAT":"Not Reported","GIS_AREA":181.730561,"STATUS":"Designated","STATUS_YR":0,"GOV_TYPE":"Sub-national ministry or agency","_label":"Ivi-Ada-Obi","_status_group":"other","_states":["Edo"]},"geometry":{"type":"Polygon","coordinates":[[[6.21644,6.91292],[6.18837,6.83639],[6.17453,6.83441],[6.16915,6.86568],[6.12963,6.86114],[6.12837,6.82489],[6.07677,6.81263],[6.06073,6.85204],[6.04448,6.86701],[6.08557,6.94025],[6.09376,6.99772],[6.12241,6.99674],[6.13213,6.98585],[6.11416,6.98388],[6.10283,6.93859],[6.13732,6.9321],[6.14371,6.94999],[6.17732,6.92114],[6.21644,6.91292]]]}},{"type":"Feature","properties":{"NAME":"Iwa River","DESIG_ENG":"Forest Reserve","IUCN_CAT":"Not Reported","GIS_AREA":373.646386,"STATUS":"Designated","STATUS_YR":0,"GOV_TYPE":"Sub-national ministry or agency","_label":"Iwa River","_status_group":"other","_states":["Kwara"]},"geometry":{"type":"Polygon","coordinates":[[[4.5857,9.08049],[4.64596,9.07884],[4.66979,9.06666],[4.60383,9.00108],[4.60908,8.99331],[4.59803,8.99702],[4.58697,8.98213],[4.5912,8.95929],[4.53922,8.96577],[4.5088,8.95031],[4.49856,8.95802],[4.46638,8.91687],[4.45503,8.91361],[4.39999,8.92294],[4.35955,8.94289],[4.32637,8.90551],[4.30611,8.90749],[4.30576,8.93826],[4.3526,8.97079],[4.34076,9.00626],[4.34807,9.00227],[4.5857,9.08049]]]}},{"type":"Feature","properties":{"NAME":"Jabi Rawa","DESIG_ENG":"Forest Reserve","IUCN_CAT":"Not Reported","GIS_AREA":5.989671,"STATUS":"Designated","STATUS_YR":0,"GOV_TYPE":"Sub-national ministry or agency","_label":"Jabi Rawa","_status_group":"other","_states":["Jigawa"]},"geometry":{"type":"Polygon","coordinates":[[[8.87423,12.60115],[8.84892,12.60211],[8.851,12.62455],[8.87682,12.61139],[8.87423,12.60115]]]}},{"type":"Feature","properties":{"NAME":"Jagali","DESIG_ENG":"Forest Reserve","IUCN_CAT":"Not Reported","GIS_AREA":124.059454,"STATUS":"Designated","STATUS_YR":0,"GOV_TYPE":"Sub-national ministry or agency","_label":"Jagali","_status_group":"other","_states":["Borno","Gombe"]},"geometry":{"type":"Polygon","coordinates":[[[11.74924,10.1983],[11.72176,10.17512],[11.75291,10.11896],[11.77997,10.1181],[11.77778,10.0995],[11.72578,10.11051],[11.58776,10.16255],[11.6293,10.20443],[11.6945,10.18903],[11.70389,10.19344],[11.70401,10.20342],[11.74788,10.22057],[11.74924,10.1983]]]}},{"type":"Feature","properties":{"NAME":"Jaja","DESIG_ENG":"Forest Reserve","IUCN_CAT":"Not Reported","GIS_AREA":65.907221,"STATUS":"Designated","STATUS_YR":0,"GOV_TYPE":"Sub-national ministry or agency","_label":"Jaja","_status_group":"other","_states":["Kaduna"]},"geometry":{"type":"Polygon","coordinates":[[[8.17356,9.14088],[8.16907,9.09173],[8.15874,9.0837],[8.1227,9.08211],[8.11853,9.1953],[8.15416,9.19343],[8.17356,9.14088]]]}},{"type":"Feature","properties":{"NAME":"Jajere","DESIG_ENG":"Forest Reserve","IUCN_CAT":"Not Reported","GIS_AREA":207.959025,"STATUS":"Designated","STATUS_YR":0,"GOV_TYPE":"Sub-national ministry or agency","_label":"Jajere","_status_group":"other","_states":["Yobe"]},"geometry":{"type":"Polygon","coordinates":[[[11.20494,12.03355],[11.21591,12.02045],[11.22625,12.02391],[11.23143,12.00598],[11.29727,12.02774],[11.33679,12.01296],[11.37009,11.99452],[11.38341,11.96121],[11.40547,11.94091],[11.41922,11.93225],[11.4357,11.93716],[11.43385,11.92233],[11.4051,11.89921],[11.36973,11.90016],[11.36797,11.91707],[11.33254,11.91973],[11.31395,11.94997],[11.27957,11.93762],[11.24306,11.94818],[11.23055,11.944],[11.17034,11.99943],[11.15589,12.02279],[11.20494,12.03355]]]}},{"type":"Feature","properties":{"NAME":"Jalingo","DESIG_ENG":"Forest Reserve","IUCN_CAT":"Not Reported","GIS_AREA":0.727287,"STATUS":"Designated","STATUS_YR":0,"GOV_TYPE":"Sub-national ministry or agency","_label":"Jalingo","_status_group":"other","_states":["Taraba"]},"geometry":{"type":"Polygon","coordinates":[[[11.3391,8.85396],[11.33156,8.84863],[11.33176,8.8534],[11.3391,8.85396]]]}},{"type":"Feature","properties":{"NAME":"Jangasiri","DESIG_ENG":"Forest Reserve","IUCN_CAT":"Not Reported","GIS_AREA":6.124435,"STATUS":"Designated","STATUS_YR":0,"GOV_TYPE":"Sub-national ministry or agency","_label":"Jangasiri","_status_group":"other","_states":["Yobe"]},"geometry":{"type":"Polygon","coordinates":[[[11.22861,11.47206],[11.19634,11.45727],[11.2034,11.4754],[11.23298,11.4861],[11.22861,11.47206]]]}},{"type":"Feature","properties":{"NAME":"Jankai","DESIG_ENG":"Forest Reserve","IUCN_CAT":"Not Reported","GIS_AREA":26.303098,"STATUS":"Designated","STATUS_YR":0,"GOV_TYPE":"Sub-national ministry or agency","_label":"Jankai","_status_group":"other","_states":["Gombe"]},"geometry":{"type":"Polygon","coordinates":[[[11.12335,10.29198],[11.11355,10.29854],[11.10848,10.34447],[11.09492,10.36451],[11.11261,10.37762],[11.13352,10.35239],[11.14112,10.31297],[11.13808,10.29997],[11.12335,10.29198]]]}},{"type":"Feature","properties":{"NAME":"Jaori","DESIG_ENG":"Forest Reserve","IUCN_CAT":"Not Reported","GIS_AREA":72.34635,"STATUS":"Designated","STATUS_YR":0,"GOV_TYPE":"Sub-national ministry or agency","_label":"Jaori","_status_group":"other","_states":["Borno"]},"geometry":{"type":"Polygon","coordinates":[[[12.9615,11.84643],[13.01838,11.84841],[13.02452,11.83409],[13.0245,11.81629],[12.99892,11.81199],[13.00092,11.79765],[13.02317,11.80356],[13.02313,11.74918],[12.94657,11.75206],[12.95189,11.78669],[12.9889,11.7887],[12.98749,11.80586],[12.96273,11.80392],[12.9615,11.84643]]]}},{"type":"Feature","properties":{"NAME":"Jarawa Hill","DESIG_ENG":"Forest Reserve","IUCN_CAT":"Not Reported","GIS_AREA":186.908317,"STATUS":"Designated","STATUS_YR":0,"GOV_TYPE":"Sub-national ministry or agency","_label":"Jarawa Hill","_status_group":"other","_states":["Plateau","Bauchi"]},"geometry":{"type":"Polygon","coordinates":[[[9.17017,10.00674],[9.18754,10.00712],[9.2023,9.99321],[9.23013,9.985],[9.18252,9.91316],[9.18766,9.90409],[9.22387,9.89995],[9.2426,9.85759],[9.21656,9.79712],[9.17034,9.77621],[9.15842,9.78691],[9.17683,9.8064],[9.17949,9.83822],[9.16429,9.85637],[9.13246,9.86937],[9.12601,9.90294],[9.15183,9.93255],[9.14472,9.97816],[9.13354,9.9847],[9.13324,10.01652],[9.16212,10.01564],[9.17017,10.00674]]]}},{"type":"Feature","properties":{"NAME":"Jare","DESIG_ENG":"Forest Reserve","IUCN_CAT":"Not Reported","GIS_AREA":45.096303,"STATUS":"Designated","STATUS_YR":0,"GOV_TYPE":"Sub-national ministry or agency","_label":"Jare","_status_group":"other","_states":["Katsina"]},"geometry":{"type":"Polygon","coordinates":[[[7.64563,11.57728],[7.66631,11.57575],[7.66555,11.56324],[7.6608,11.55499],[7.65001,11.55884],[7.64247,11.5276],[7.63077,11.52208],[7.60157,11.52658],[7.56709,11.57829],[7.58093,11.58848],[7.62008,11.57263],[7.63188,11.58976],[7.64563,11.57728]]]}},{"type":"Feature","properties":{"NAME":"Jauro River","DESIG_ENG":"Forest Reserve","IUCN_CAT":"Not Reported","GIS_AREA":177.964637,"STATUS":"Designated","STATUS_YR":0,"GOV_TYPE":"Sub-national ministry or agency","_label":"Jauro River","_status_group":"other","_states":["Bauchi"]},"geometry":{"type":"Polygon","coordinates":[[[9.34993,10.32679],[9.4846,10.32917],[9.49539,10.27205],[9.42484,10.24468],[9.41051,10.24463],[9.41139,10.25671],[9.39976,10.26087],[9.39168,10.25172],[9.39177,10.23316],[9.3446,10.21041],[9.31046,10.26933],[9.30371,10.29475],[9.33236,10.29369],[9.34993,10.32679]]]}},{"type":"Feature","properties":{"NAME":"Jauro Tukur","DESIG_ENG":"Forest Reserve","IUCN_CAT":"Not Reported","GIS_AREA":1.382986,"STATUS":"Designated","STATUS_YR":0,"GOV_TYPE":"Sub-national ministry or agency","_label":"Jauro Tukur","_status_group":"other","_states":["Gombe"]},"geometry":{"type":"Polygon","coordinates":[[[11.18037,10.08047],[11.17077,10.07959],[11.15831,10.08676],[11.16331,10.08803],[11.18037,10.08047]]]}},{"type":"Feature","properties":{"NAME":"Jawo","DESIG_ENG":"Forest Reserve","IUCN_CAT":"Not Reported","GIS_AREA":11.576039,"STATUS":"Designated","STATUS_YR":0,"GOV_TYPE":"Sub-national ministry or agency","_label":"Jawo","_status_group":"other","_states":["Bauchi"]},"geometry":{"type":"Polygon","coordinates":[[[10.29389,11.61587],[10.31552,11.58689],[10.30568,11.57531],[10.29372,11.57835],[10.28957,11.59231],[10.27292,11.59719],[10.27934,11.61657],[10.29389,11.61587]]]}},{"type":"Feature","properties":{"NAME":"Jenere","DESIG_ENG":"Forest Reserve","IUCN_CAT":"Not Reported","GIS_AREA":31.978017,"STATUS":"Designated","STATUS_YR":0,"GOV_TYPE":"Sub-national ministry or agency","_label":"Jenere","_status_group":"other","_states":["Borno"]},"geometry":{"type":"Polygon","coordinates":[[[14.24227,11.4503],[14.27164,11.45089],[14.26825,11.42954],[14.24179,11.41149],[14.21245,11.41787],[14.21007,11.44017],[14.22763,11.47754],[14.25738,11.47559],[14.24227,11.4503]]]}},{"type":"Feature","properties":{"NAME":"Jere","DESIG_ENG":"Forest Reserve","IUCN_CAT":"Not Reported","GIS_AREA":87.484889,"STATUS":"Designated","STATUS_YR":0,"GOV_TYPE":"Sub-national ministry or agency","_label":"Jere","_status_group":"other","_states":["Plateau","Bauchi"]},"geometry":{"type":"Polygon","coordinates":[[[8.86017,10.1638],[8.82636,10.17939],[8.83193,10.21965],[8.84401,10.22666],[8.86529,10.2168],[8.90195,10.26263],[8.91251,10.26094],[8.9072,10.24103],[8.92638,10.21624],[8.94124,10.21854],[8.95068,10.1959],[8.89335,10.14898],[8.8951,10.16329],[8.86017,10.1638]]]}},{"type":"Feature","properties":{"NAME":"Jerwa","DESIG_ENG":"Forest Reserve","IUCN_CAT":"Not Reported","GIS_AREA":24.031596,"STATUS":"Designated","STATUS_YR":0,"GOV_TYPE":"Sub-national ministry or agency","_label":"Jerwa","_status_group":"other","_states":["Bauchi"]},"geometry":{"type":"Polygon","coordinates":[[[10.54603,11.98892],[10.62589,11.98835],[10.62885,11.98087],[10.56928,11.95886],[10.5427,11.97226],[10.54603,11.98892]]]}},{"type":"Feature","properties":{"NAME":"Jimbum","DESIG_ENG":"Forest Reserve","IUCN_CAT":"Not Reported","GIS_AREA":117.836363,"STATUS":"Designated","STATUS_YR":0,"GOV_TYPE":"Sub-national ministry or agency","_label":"Jimbum","_status_group":"other","_states":["Yobe"]},"geometry":{"type":"Polygon","coordinates":[[[11.64279,12.31872],[11.64253,12.29506],[11.61805,12.28112],[11.58711,12.29312],[11.57006,12.29117],[11.56482,12.3118],[11.54853,12.31278],[11.5447,12.34768],[11.55429,12.35861],[11.54448,12.36443],[11.57606,12.40691],[11.60532,12.40591],[11.64271,12.37187],[11.65478,12.33777],[11.64279,12.31872]]]}},{"type":"Feature","properties":{"NAME":"Kabacha","DESIG_ENG":"Forest Reserve","IUCN_CAT":"Not Reported","GIS_AREA":7.243097,"STATUS":"Designated","STATUS_YR":0,"GOV_TYPE":"Sub-national ministry or agency","_label":"Kabacha","_status_group":"other","_states":["Kaduna"]},"geometry":{"type":"Polygon","coordinates":[[[7.78852,9.42627],[7.77042,9.43027],[7.76998,9.46678],[7.7835,9.46394],[7.78162,9.4372],[7.78852,9.42627]]]}},{"type":"Feature","properties":{"NAME":"Kabama","DESIG_ENG":"Forest Reserve","IUCN_CAT":"Not Reported","GIS_AREA":4.263221,"STATUS":"Designated","STATUS_YR":0,"GOV_TYPE":"Sub-national ministry or agency","_label":"Kabama","_status_group":"other","_states":["Kaduna"]},"geometry":{"type":"Polygon","coordinates":[[[7.73865,11.15369],[7.72629,11.15162],[7.71651,11.1315],[7.70125,11.13824],[7.72162,11.14635],[7.7254,11.16208],[7.73389,11.16326],[7.73865,11.15369]]]}},{"type":"Feature","properties":{"NAME":"Kabo","DESIG_ENG":"Forest Reserve","IUCN_CAT":"Not Reported","GIS_AREA":42.076965,"STATUS":"Designated","STATUS_YR":0,"GOV_TYPE":"Sub-national ministry or agency","_label":"Kabo","_status_group":"other","_states":["Bauchi"]},"geometry":{"type":"Polygon","coordinates":[[[9.00637,11.03116],[8.98911,11.03494],[8.98517,11.05023],[8.98737,11.06708],[9.0014,11.08312],[9.03888,11.08432],[9.06698,11.06958],[9.0577,11.0462],[9.00637,11.03116]]]}},{"type":"Feature","properties":{"NAME":"Kabobi","DESIG_ENG":"Forest Reserve","IUCN_CAT":"Not Reported","GIS_AREA":4.608336,"STATUS":"Designated","STATUS_YR":0,"GOV_TYPE":"Sub-national ministry or agency","_label":"Kabobi","_status_group":"other","_states":["Katsina"]},"geometry":{"type":"Polygon","coordinates":[[[7.69388,13.21811],[7.69279,13.21187],[7.65104,13.21509],[7.66313,13.22718],[7.69388,13.21811]]]}},{"type":"Feature","properties":{"NAME":"Kadobi","DESIG_ENG":"Forest Reserve","IUCN_CAT":"Not Reported","GIS_AREA":5.375901,"STATUS":"Designated","STATUS_YR":0,"GOV_TYPE":"Sub-national ministry or agency","_label":"Kadobi","_status_group":"other","_states":["Katsina"]},"geometry":{"type":"Polygon","coordinates":[[[7.37869,13.06689],[7.3674,13.06693],[7.34991,13.09898],[7.37294,13.08868],[7.36943,13.07685],[7.37869,13.06689]]]}},{"type":"Feature","properties":{"NAME":"Kafa Kurmi","DESIG_ENG":"Forest Reserve","IUCN_CAT":"Not Reported","GIS_AREA":4.118178,"STATUS":"Designated","STATUS_YR":0,"GOV_TYPE":"Sub-national ministry or agency","_label":"Kafa Kurmi","_status_group":"other","_states":["Nasarawa"]},"geometry":{"type":"Polygon","coordinates":[[[7.63942,9.10921],[7.62039,9.11761],[7.62568,9.13593],[7.64174,9.11534],[7.63942,9.10921]]]}},{"type":"Feature","properties":{"NAME":"Kafanchan","DESIG_ENG":"Forest Reserve","IUCN_CAT":"Not Reported","GIS_AREA":5.965014,"STATUS":"Designated","STATUS_YR":0,"GOV_TYPE":"Sub-national ministry or agency","_label":"Kafanchan","_status_group":"other","_states":["Kaduna"]},"geometry":{"type":"Polygon","coordinates":[[[8.36567,9.55063],[8.34658,9.55359],[8.34067,9.56456],[8.36319,9.56893],[8.36567,9.55063]]]}},{"type":"Feature","properties":{"NAME":"Kafarati","DESIG_ENG":"Forest Reserve","IUCN_CAT":"Not Reported","GIS_AREA":17.726281,"STATUS":"Designated","STATUS_YR":0,"GOV_TYPE":"Sub-national ministry or agency","_label":"Kafarati","_status_group":"other","_states":["Gombe"]},"geometry":{"type":"Polygon","coordinates":[[[11.17091,10.31322],[11.14184,10.33032],[11.13856,10.35532],[11.15006,10.36777],[11.17351,10.34177],[11.17091,10.31322]]]}},{"type":"Feature","properties":{"NAME":"Kafnikoro","DESIG_ENG":"Forest Reserve","IUCN_CAT":"Not Reported","GIS_AREA":19.393271,"STATUS":"Designated","STATUS_YR":0,"GOV_TYPE":"Sub-national ministry or agency","_label":"Kafnikoro","_status_group":"other","_states":["Bauchi","Niger"]},"geometry":{"type":"MultiPolygon","coordinates":[[[[7.09042,9.52158],[7.0833,9.52186],[7.08118,9.5266],[7.08792,9.5299],[7.09042,9.52158]]],[[[10.37654,11.39345],[10.39862,11.36532],[10.38095,11.35392],[10.37205,11.3323],[10.33697,11.32543],[10.3702,11.35403],[10.36846,11.36266],[10.34658,11.36477],[10.35967,11.38783],[10.37654,11.39345]]]]}},{"type":"Feature","properties":{"NAME":"Kagorko","DESIG_ENG":"Forest Reserve","IUCN_CAT":"Not Reported","GIS_AREA":5.99625,"STATUS":"Designated","STATUS_YR":0,"GOV_TYPE":"Sub-national ministry or agency","_label":"Kagorko","_status_group":"other","_states":["Kaduna"]},"geometry":{"type":"Polygon","coordinates":[[[7.7165,9.50602],[7.72804,9.50676],[7.69571,9.48675],[7.69705,9.5036],[7.70977,9.51844],[7.7165,9.50602]]]}},{"type":"Feature","properties":{"NAME":"Kagurna","DESIG_ENG":"Forest Reserve","IUCN_CAT":"Not Reported","GIS_AREA":170.278937,"STATUS":"Designated","STATUS_YR":0,"GOV_TYPE":"Sub-national ministry or agency","_label":"Kagurna","_status_group":"other","_states":["Kaduna"]},"geometry":{"type":"Polygon","coordinates":[[[7.37386,10.40872],[7.38944,10.40749],[7.38828,10.38978],[7.3483,10.39739],[7.34151,10.38714],[7.35244,10.37677],[7.38534,10.37674],[7.41438,10.35304],[7.41779,10.321],[7.38538,10.32594],[7.35923,10.3157],[7.29287,10.36703],[7.26486,10.37506],[7.275,10.38866],[7.27361,10.43858],[7.28938,10.44915],[7.28162,10.47678],[7.30891,10.49209],[7.33449,10.48302],[7.34882,10.45066],[7.37208,10.43995],[7.35926,10.42703],[7.37386,10.40872]]]}},{"type":"Feature","properties":{"NAME":"Kaibaki North","DESIG_ENG":"Forest Reserve","IUCN_CAT":"Not Reported","GIS_AREA":2.653582,"STATUS":"Designated","STATUS_YR":0,"GOV_TYPE":"Sub-national ministry or agency","_label":"Kaibaki North","_status_group":"other","_states":["Katsina"]},"geometry":{"type":"Polygon","coordinates":[[[8.41735,12.88544],[8.42683,12.87824],[8.40203,12.86741],[8.41735,12.88544]]]}},{"type":"Feature","properties":{"NAME":"Kaibaki South","DESIG_ENG":"Forest Reserve","IUCN_CAT":"Not Reported","GIS_AREA":25.571643,"STATUS":"Designated","STATUS_YR":0,"GOV_TYPE":"Sub-national ministry or agency","_label":"Kaibaki South","_status_group":"other","_states":["Katsina"]},"geometry":{"type":"Polygon","coordinates":[[[8.53036,12.89225],[8.5335,12.87609],[8.52566,12.8834],[8.50691,12.87872],[8.51106,12.86969],[8.50344,12.86993],[8.50284,12.85723],[8.492,12.85846],[8.4883,12.84771],[8.45187,12.85066],[8.43884,12.83095],[8.41272,12.84278],[8.42065,12.86025],[8.44596,12.86199],[8.53036,12.89225]]]}},{"type":"Feature","properties":{"NAME":"Kaikaimako","DESIG_ENG":"Forest Reserve","IUCN_CAT":"Not Reported","GIS_AREA":8.279492,"STATUS":"Designated","STATUS_YR":0,"GOV_TYPE":"Sub-national ministry or agency","_label":"Kaikaimako","_status_group":"other","_states":["Sokoto"]},"geometry":{"type":"Polygon","coordinates":[[[6.01167,13.58892],[5.96097,13.57166],[5.96851,13.5831],[5.98451,13.58658],[5.99529,13.59917],[6.01345,13.59641],[6.01167,13.58892]]]}},{"type":"Feature","properties":{"NAME":"Kainji Lake","DESIG_ENG":"National Park","IUCN_CAT":"II","GIS_AREA":5824.453662,"STATUS":"Designated","STATUS_YR":1979,"GOV_TYPE":"Federal or national ministry or agency","_label":"Kainji Lake","_status_group":"other","_year":1979,"_year_label":"Designation/status year","_states":["Kwara","Niger"]},"geometry":{"type":"MultiPolygon","coordinates":[[[[5.203,9.99257],[5.29561,9.86321],[5.30599,9.83514],[5.20512,9.79153],[5.11073,9.73801],[5.00893,9.75477],[4.98283,9.73838],[4.95054,9.68115],[4.91163,9.65469],[4.87172,9.65754],[4.74494,9.70378],[4.64307,9.72898],[4.63663,9.7922],[4.72165,9.87106],[4.82979,9.93579],[4.90532,9.9511],[4.98049,9.94032],[5.06523,9.9736],[5.1411,9.97811],[5.203,9.99257]]],[[[4.16142,10.33553],[4.18919,10.27984],[4.20744,10.26617],[4.3214,10.2511],[4.38696,10.20853],[4.42806,10.20156],[4.47143,10.18483],[4.48065,10.17342],[4.50327,10.191],[4.50804,10.17105],[4.49162,10.15568],[4.50013,10.12437],[4.44631,10.13227],[4.4236,10.10725],[4.43981,10.10638],[4.46236,10.11897],[4.48537,10.11328],[4.49772,10.09662],[4.48255,10.0896],[4.47599,10.07656],[4.46161,10.07788],[4.44612,10.06317],[4.44511,10.05594],[4.47383,10.06824],[4.41979,10.02105],[4.39418,10.04784],[4.29245,9.95579],[4.27334,9.97506],[4.16076,9.87003],[4.18261,9.84192],[4.03119,9.68929],[3.98682,9.72268],[3.94483,9.70488],[3.90372,9.73682],[3.87074,9.72824],[3.78912,9.81674],[3.70105,9.86853],[3.68017,9.91193],[3.69153,9.9891],[3.73016,10.05773],[3.74848,10.11532],[3.70524,10.19848],[3.70557,10.24504],[3.71671,10.28733],[3.72674,10.30451],[3.7466,10.31228],[3.82206,10.31128],[3.9722,10.38419],[4.01952,10.39964],[4.07955,10.35907],[4.16142,10.33553]]]]}},{"type":"Feature","properties":{"NAME":"Kakanda Hills","DESIG_ENG":"Forest Reserve","IUCN_CAT":"Not Reported","GIS_AREA":368.618788,"STATUS":"Designated","STATUS_YR":0,"GOV_TYPE":"Sub-national ministry or agency","_label":"Kakanda Hills","_status_group":"other","_states":["Kogi"]},"geometry":{"type":"Polygon","coordinates":[[[6.45199,8.35413],[6.46882,8.35406],[6.51522,8.2989],[6.63636,8.21336],[6.64434,8.19562],[6.63838,8.1776],[6.58874,8.14322],[6.55785,8.13787],[6.44938,8.2411],[6.33461,8.37603],[6.29921,8.42145],[6.29897,8.43129],[6.31992,8.4367],[6.37435,8.38494],[6.45199,8.35413]]]}},{"type":"Feature","properties":{"NAME":"Kakangi","DESIG_ENG":"Forest Reserve","IUCN_CAT":"Not Reported","GIS_AREA":26.644694,"STATUS":"Designated","STATUS_YR":0,"GOV_TYPE":"Sub-national ministry or agency","_label":"Kakangi","_status_group":"other","_states":["Kaduna"]},"geometry":{"type":"Polygon","coordinates":[[[7.4544,11.13366],[7.4638,11.12355],[7.46492,11.10245],[7.43718,11.09151],[7.43027,11.10336],[7.4046,11.10261],[7.38958,11.11808],[7.41382,11.13254],[7.4544,11.13366]]]}},{"type":"Feature","properties":{"NAME":"Kakara","DESIG_ENG":"Forest Reserve","IUCN_CAT":"Not Reported","GIS_AREA":21.548628,"STATUS":"Designated","STATUS_YR":0,"GOV_TYPE":"Sub-national ministry or agency","_label":"Kakara","_status_group":"other","_states":["Taraba"]},"geometry":{"type":"Polygon","coordinates":[[[11.13504,6.81592],[11.12332,6.79426],[11.0905,6.79344],[11.07948,6.82115],[11.11455,6.83542],[11.13504,6.81592]]]}},{"type":"Feature","properties":{"NAME":"Kakau","DESIG_ENG":"Forest Reserve","IUCN_CAT":"Not Reported","GIS_AREA":13.044118,"STATUS":"Designated","STATUS_YR":0,"GOV_TYPE":"Sub-national ministry or agency","_label":"Kakau","_status_group":"other","_states":["Kaduna"]},"geometry":{"type":"Polygon","coordinates":[[[7.41536,10.37271],[7.39646,10.37433],[7.39494,10.38366],[7.42286,10.40814],[7.44106,10.40652],[7.43914,10.38927],[7.41536,10.37271]]]}},{"type":"Feature","properties":{"NAME":"Kakiwargi","DESIG_ENG":"Forest Reserve","IUCN_CAT":"Not Reported","GIS_AREA":56.585103,"STATUS":"Designated","STATUS_YR":0,"GOV_TYPE":"Sub-national ministry or agency","_label":"Kakiwargi","_status_group":"other","_states":["Taraba"]},"geometry":{"type":"Polygon","coordinates":[[[10.14464,7.76667],[10.12856,7.76322],[10.09347,7.73581],[10.06105,7.72621],[10.05729,7.75782],[10.11264,7.81384],[10.14288,7.81794],[10.14464,7.76667]]]}},{"type":"Feature","properties":{"NAME":"Kalalawa","DESIG_ENG":"Forest Reserve","IUCN_CAT":"Not Reported","GIS_AREA":207.419581,"STATUS":"Designated","STATUS_YR":0,"GOV_TYPE":"Sub-national ministry or agency","_label":"Kalalawa","_status_group":"other","_states":["Yobe"]},"geometry":{"type":"Polygon","coordinates":[[[11.96599,11.7854],[11.93087,11.79543],[11.87679,11.90278],[11.9019,11.93856],[11.89434,11.96394],[11.90781,11.97984],[11.90636,11.99962],[11.91793,12.02476],[11.96286,12.05177],[11.97057,12.04906],[11.97464,12.03332],[11.94833,11.99964],[11.96878,11.94704],[11.95541,11.91101],[11.97575,11.89819],[11.98033,11.85147],[11.99444,11.82463],[11.98309,11.80037],[11.96599,11.7854]]]}},{"type":"Feature","properties":{"NAME":"Kalsingi Hills","DESIG_ENG":"Forest Reserve","IUCN_CAT":"Not Reported","GIS_AREA":28.018252,"STATUS":"Designated","STATUS_YR":0,"GOV_TYPE":"Sub-national ministry or agency","_label":"Kalsingi Hills","_status_group":"other","_states":["Gombe"]},"geometry":{"type":"Polygon","coordinates":[[[11.26322,10.22423],[11.27794,10.21412],[11.27055,10.20805],[11.24872,10.217],[11.24453,10.19666],[11.22142,10.22075],[11.23667,10.23358],[11.22613,10.2386],[11.23714,10.25352],[11.25798,10.25797],[11.28295,10.24787],[11.27782,10.22799],[11.26322,10.22423]]]}},{"type":"Feature","properties":{"NAME":"Kaltungo","DESIG_ENG":"Forest Reserve","IUCN_CAT":"Not Reported","GIS_AREA":10.794063,"STATUS":"Designated","STATUS_YR":0,"GOV_TYPE":"Sub-national ministry or agency","_label":"Kaltungo","_status_group":"other","_states":["Gombe"]},"geometry":{"type":"Polygon","coordinates":[[[11.29687,9.81756],[11.30767,9.79359],[11.29749,9.78001],[11.28671,9.78475],[11.28653,9.77813],[11.26701,9.79377],[11.26906,9.80391],[11.28311,9.81022],[11.29175,9.80537],[11.29687,9.81756]]]}},{"type":"Feature","properties":{"NAME":"Kaltungo Hill","DESIG_ENG":"Forest Reserve","IUCN_CAT":"Not Reported","GIS_AREA":10.707462,"STATUS":"Designated","STATUS_YR":0,"GOV_TYPE":"Sub-national ministry or agency","_label":"Kaltungo Hill","_status_group":"other","_states":["Gombe"]},"geometry":{"type":"Polygon","coordinates":[[[11.47133,9.75037],[11.45645,9.73651],[11.42489,9.76439],[11.43238,9.77095],[11.46132,9.76525],[11.47133,9.75037]]]}},{"type":"Feature","properties":{"NAME":"Kalunta","DESIG_ENG":"Forest Reserve","IUCN_CAT":"Not Reported","GIS_AREA":1.601525,"STATUS":"Designated","STATUS_YR":0,"GOV_TYPE":"Sub-national ministry or agency","_label":"Kalunta","_status_group":"other","_states":["Abia"]},"geometry":{"type":"Polygon","coordinates":[[[7.63434,5.48311],[7.62975,5.49162],[7.64395,5.49072],[7.6437,5.48529],[7.63434,5.48311]]]}},{"type":"Feature","properties":{"NAME":"Kalurwa","DESIG_ENG":"Forest Reserve","IUCN_CAT":"Not Reported","GIS_AREA":26.415629,"STATUS":"Designated","STATUS_YR":0,"GOV_TYPE":"Sub-national ministry or agency","_label":"Kalurwa","_status_group":"other","_states":["Borno"]},"geometry":{"type":"Polygon","coordinates":[[[13.61034,12.9566],[13.59398,12.94025],[13.53945,12.95],[13.54626,12.98037],[13.56946,12.99524],[13.58102,12.97686],[13.61034,12.9566]]]}},{"type":"Feature","properties":{"NAME":"Kamarimi","DESIG_ENG":"Forest Reserve","IUCN_CAT":"Not Reported","GIS_AREA":1.212753,"STATUS":"Designated","STATUS_YR":0,"GOV_TYPE":"Sub-national ministry or agency","_label":"Kamarimi","_status_group":"other","_states":["Niger"]},"geometry":{"type":"Polygon","coordinates":[[[7.1018,9.47323],[7.09468,9.47523],[7.09309,9.48043],[7.1037,9.48285],[7.1018,9.47323]]]}},{"type":"Feature","properties":{"NAME":"Kamatan","DESIG_ENG":"Forest Reserve","IUCN_CAT":"Not Reported","GIS_AREA":76.184673,"STATUS":"Designated","STATUS_YR":0,"GOV_TYPE":"Sub-national ministry or agency","_label":"Kamatan","_status_group":"other","_states":["Taraba"]},"geometry":{"type":"Polygon","coordinates":[[[11.35774,7.05316],[11.36403,7.02277],[11.37726,7.01738],[11.38377,6.99963],[11.35565,6.97918],[11.30341,6.99195],[11.26091,7.04333],[11.33776,7.06061],[11.35774,7.05316]]]}},{"type":"Feature","properties":{"NAME":"Kambari","DESIG_ENG":"Forest Reserve","IUCN_CAT":"Not Reported","GIS_AREA":358.517733,"STATUS":"Designated","STATUS_YR":0,"GOV_TYPE":"Sub-national ministry or agency","_label":"Kambari","_status_group":"other","_states":["Taraba"]},"geometry":{"type":"Polygon","coordinates":[[[10.81212,8.75155],[10.75923,8.73507],[10.73918,8.72126],[10.71105,8.71728],[10.66714,8.72177],[10.61932,8.75006],[10.57924,8.74651],[10.56579,8.75421],[10.57046,8.7687],[10.5936,8.78976],[10.64429,8.90652],[10.65431,8.91265],[10.71012,8.87909],[10.74119,8.85003],[10.82903,8.81464],[10.81212,8.75155]]]}},{"type":"Feature","properties":{"NAME":"Kambari","DESIG_ENG":"Game Reserve","IUCN_CAT":"IV","GIS_AREA":427.700362,"STATUS":"Designated","STATUS_YR":1969,"GOV_TYPE":"Sub-national ministry or agency","_label":"Kambari","_status_group":"other","_year":1969,"_year_label":"Designation/status year","_states":["Taraba"]},"geometry":{"type":"Polygon","coordinates":[[[10.6561,8.7127],[10.56686,8.67404],[10.53908,8.6768],[10.50061,8.69681],[10.4336,8.69317],[10.42515,8.66507],[10.41745,8.67826],[10.40426,8.68138],[10.39884,8.70368],[10.40543,8.72394],[10.58846,8.78149],[10.6416,8.80888],[10.65667,8.82984],[10.67556,8.9064],[10.68667,8.91911],[10.7281,8.92683],[10.77088,8.91548],[10.77181,8.86496],[10.70113,8.75096],[10.6561,8.7127]]]}},{"type":"Feature","properties":{"NAME":"Kampe River","DESIG_ENG":"National Park","IUCN_CAT":"Not Reported","GIS_AREA":601.255183,"STATUS":"Designated","STATUS_YR":2020,"GOV_TYPE":"Federal or national ministry or agency","_label":"Kampe River","_status_group":"other","_year":2020,"_year_label":"Designation/status year","_states":["Kwara","Kogi"]},"geometry":{"type":"Polygon","coordinates":[[[6.10639,8.40606],[5.93934,8.4131],[5.86028,8.43178],[5.79791,8.43111],[5.74846,8.4433],[5.68468,8.47177],[5.71415,8.47495],[5.71633,8.50254],[5.70301,8.51274],[5.73016,8.51579],[5.73842,8.53903],[5.7591,8.54442],[5.75414,8.56102],[5.76953,8.55813],[5.78298,8.56517],[5.78898,8.58679],[5.80711,8.57637],[5.8248,8.59371],[5.84249,8.59387],[5.86455,8.62224],[5.87309,8.60819],[5.88134,8.54982],[5.93542,8.53748],[5.93229,8.47672],[5.97077,8.48112],[5.97365,8.50642],[5.98424,8.52265],[5.97374,8.53717],[5.99176,8.5641],[6.01944,8.57056],[6.05675,8.55064],[6.08013,8.54966],[6.08927,8.49815],[6.09383,8.4894],[6.09875,8.49401],[6.10795,8.4117],[6.10639,8.40606]]]}},{"type":"Feature","properties":{"NAME":"Kamuku","DESIG_ENG":"National Park","IUCN_CAT":"II","GIS_AREA":346.187764,"STATUS":"Designated","STATUS_YR":1999,"GOV_TYPE":"Federal or national ministry or agency","_label":"Kamuku","_status_group":"other","_year":1999,"_year_label":"Designation/status year","_states":["Kaduna"]},"geometry":{"type":"Polygon","coordinates":[[[6.29972,10.86054],[6.32439,10.87409],[6.37277,10.87179],[6.40225,10.86022],[6.42627,10.87595],[6.42423,10.85067],[6.39367,10.78671],[6.40028,10.76164],[6.39229,10.73102],[6.37669,10.71659],[6.33257,10.71789],[6.27855,10.74642],[6.26055,10.74499],[6.25405,10.72451],[6.20136,10.71108],[6.19377,10.7522],[6.19587,10.822],[6.20647,10.84578],[6.24597,10.87651],[6.26761,10.86478],[6.29972,10.86054]],[[6.3076,10.85546],[6.30933,10.83976],[6.33914,10.84079],[6.34405,10.85418],[6.3076,10.85546]]]}},{"type":"Feature","properties":{"NAME":"Kanawa","DESIG_ENG":"Forest Reserve","IUCN_CAT":"Not Reported","GIS_AREA":3.560076,"STATUS":"Designated","STATUS_YR":0,"GOV_TYPE":"Sub-national ministry or agency","_label":"Kanawa","_status_group":"other","_states":["Gombe"]},"geometry":{"type":"Polygon","coordinates":[[[11.37056,10.2398],[11.35904,10.25239],[11.36381,10.26643],[11.37249,10.25806],[11.37056,10.2398]]]}},{"type":"Feature","properties":{"NAME":"Kandawa","DESIG_ENG":"Forest Reserve","IUCN_CAT":"Not Reported","GIS_AREA":14.106344,"STATUS":"Designated","STATUS_YR":0,"GOV_TYPE":"Sub-national ministry or agency","_label":"Kandawa","_status_group":"other","_states":["Katsina"]},"geometry":{"type":"Polygon","coordinates":[[[7.95219,12.63431],[7.95984,12.61697],[7.87526,12.62633],[7.87767,12.63134],[7.95219,12.63431]]]}},{"type":"Feature","properties":{"NAME":"Kande River","DESIG_ENG":"Forest Reserve","IUCN_CAT":"Not Reported","GIS_AREA":120.543669,"STATUS":"Designated","STATUS_YR":0,"GOV_TYPE":"Sub-national ministry or agency","_label":"Kande River","_status_group":"other","_states":["Plateau"]},"geometry":{"type":"Polygon","coordinates":[[[9.24965,8.56121],[9.17739,8.55449],[9.17434,8.57613],[9.18128,8.58469],[9.16068,8.60572],[9.1597,8.66019],[9.18278,8.66924],[9.19417,8.70654],[9.22935,8.6594],[9.25097,8.64744],[9.25512,8.5734],[9.24965,8.56121]]]}},{"type":"Feature","properties":{"NAME":"Kanoma Gabiya","DESIG_ENG":"Forest Reserve","IUCN_CAT":"Not Reported","GIS_AREA":75.115743,"STATUS":"Designated","STATUS_YR":0,"GOV_TYPE":"Sub-national ministry or agency","_label":"Kanoma Gabiya","_status_group":"other","_states":["Zamfara"]},"geometry":{"type":"Polygon","coordinates":[[[6.29782,12.13954],[6.23312,12.14458],[6.21927,12.16109],[6.21557,12.19158],[6.25288,12.2312],[6.26218,12.22725],[6.27035,12.20731],[6.31704,12.18399],[6.31519,12.16031],[6.29782,12.13954]]]}},{"type":"Feature","properties":{"NAME":"Karaduwa","DESIG_ENG":"Forest Reserve","IUCN_CAT":"Not Reported","GIS_AREA":4.693437,"STATUS":"Designated","STATUS_YR":0,"GOV_TYPE":"Sub-national ministry or agency","_label":"Karaduwa","_status_group":"other","_states":["Katsina"]},"geometry":{"type":"Polygon","coordinates":[[[7.74206,12.40235],[7.74239,12.38686],[7.73073,12.3806],[7.72337,12.40314],[7.74206,12.40235]]]}},{"type":"Feature","properties":{"NAME":"Karfe Binji","DESIG_ENG":"Forest Reserve","IUCN_CAT":"Not Reported","GIS_AREA":639.275168,"STATUS":"Designated","STATUS_YR":0,"GOV_TYPE":"Sub-national ministry or agency","_label":"Karfe Binji","_status_group":"other","_states":["Sokoto"]},"geometry":{"type":"Polygon","coordinates":[[[4.67378,13.39225],[4.83375,13.3702],[4.84827,13.31551],[4.83337,13.29836],[4.81638,13.30519],[4.81184,13.295],[4.82671,13.28916],[4.83316,13.27001],[4.78315,13.25984],[4.79429,13.22905],[4.82451,13.2177],[4.69374,13.11391],[4.67067,13.15218],[4.67345,13.17028],[4.57639,13.16536],[4.57375,13.17228],[4.54864,13.17665],[4.5012,13.2029],[4.53687,13.22221],[4.55862,13.2571],[4.59492,13.26275],[4.58739,13.31318],[4.67088,13.38038],[4.67378,13.39225]]]}},{"type":"Feature","properties":{"NAME":"Karfi","DESIG_ENG":"Forest Reserve","IUCN_CAT":"Not Reported","STATUS":"Designated","STATUS_YR":0,"GOV_TYPE":"Sub-national ministry or agency","_label":"Karfi","_status_group":"other","_states":["Katsina"]},"geometry":{"type":"Point","coordinates":[7.50851,11.73528]}},{"type":"Feature","properties":{"NAME":"Kariya","DESIG_ENG":"Forest Reserve","IUCN_CAT":"Not Reported","GIS_AREA":18.885729,"STATUS":"Designated","STATUS_YR":0,"GOV_TYPE":"Sub-national ministry or agency","_label":"Kariya","_status_group":"other","_states":["Kano","Kaduna"]},"geometry":{"type":"Polygon","coordinates":[[[8.29506,11.2138],[8.27417,11.22433],[8.26037,11.24981],[8.27385,11.27797],[8.29588,11.2509],[8.29506,11.2138]]]}},{"type":"Feature","properties":{"NAME":"Karlahi","DESIG_ENG":"Forest Reserve","IUCN_CAT":"Not Reported","GIS_AREA":101.836889,"STATUS":"Designated","STATUS_YR":0,"GOV_TYPE":"Sub-national ministry or agency","_label":"Karlahi","_status_group":"other","_states":["Adamawa"]},"geometry":{"type":"Polygon","coordinates":[[[12.69819,8.8754],[12.62703,8.87803],[12.62442,8.96475],[12.63013,8.97417],[12.70614,8.9728],[12.70777,8.8874],[12.69819,8.8754]]]}},{"type":"Feature","properties":{"NAME":"Karmo","DESIG_ENG":"Forest Reserve","IUCN_CAT":"Not Reported","GIS_AREA":4.866276,"STATUS":"Designated","STATUS_YR":0,"GOV_TYPE":"Sub-national ministry or agency","_label":"Karmo","_status_group":"other","_states":["Abuja Federal Capital Territory"]},"geometry":{"type":"Polygon","coordinates":[[[7.40343,9.04748],[7.3805,9.05039],[7.38242,9.06164],[7.40404,9.06307],[7.40343,9.04748]]]}},{"type":"Feature","properties":{"NAME":"Karnowa","DESIG_ENG":"Forest Reserve","IUCN_CAT":"Not Reported","GIS_AREA":3.597273,"STATUS":"Designated","STATUS_YR":0,"GOV_TYPE":"Sub-national ministry or agency","_label":"Karnowa","_status_group":"other","_states":["Borno"]},"geometry":{"type":"Polygon","coordinates":[[[13.05146,12.17628],[13.07206,12.17817],[13.08029,12.17008],[13.05465,12.16877],[13.05146,12.17628]]]}},{"type":"Feature","properties":{"NAME":"Karoka","DESIG_ENG":"Forest Reserve","IUCN_CAT":"Not Reported","GIS_AREA":29.371705,"STATUS":"Designated","STATUS_YR":0,"GOV_TYPE":"Sub-national ministry or agency","_label":"Karoka","_status_group":"other","_states":["Niger"]},"geometry":{"type":"Polygon","coordinates":[[[6.46258,8.61931],[6.46692,8.5727],[6.45442,8.56367],[6.42486,8.59176],[6.42828,8.61552],[6.41757,8.62311],[6.44639,8.63542],[6.46258,8.61931]]]}},{"type":"Feature","properties":{"NAME":"Karonmajigi","DESIG_ENG":"Forest Reserve","IUCN_CAT":"Not Reported","GIS_AREA":4.087009,"STATUS":"Designated","STATUS_YR":0,"GOV_TYPE":"Sub-national ministry or agency","_label":"Karonmajigi","_status_group":"other","_states":["Abuja Federal Capital Territory"]},"geometry":{"type":"Polygon","coordinates":[[[7.44614,9.00579],[7.43115,9.00923],[7.43123,9.02362],[7.44716,9.02277],[7.44614,9.00579]]]}},{"type":"Feature","properties":{"NAME":"Kasa Kogi","DESIG_ENG":"Forest Reserve","IUCN_CAT":"Not Reported","GIS_AREA":47.098594,"STATUS":"Designated","STATUS_YR":0,"GOV_TYPE":"Sub-national ministry or agency","_label":"Kasa Kogi","_status_group":"other","_states":["Taraba"]},"geometry":{"type":"Polygon","coordinates":[[[9.96074,8.16072],[9.94434,8.16242],[9.93291,8.17418],[9.93167,8.21734],[9.94542,8.23279],[9.98265,8.23327],[9.99009,8.21745],[9.9889,8.18018],[9.96074,8.16072]]]}},{"type":"Feature","properties":{"NAME":"Kasanu","DESIG_ENG":"Forest Reserve","IUCN_CAT":"Not Reported","GIS_AREA":253.952616,"STATUS":"Designated","STATUS_YR":0,"GOV_TYPE":"Sub-national ministry or agency","_label":"Kasanu","_status_group":"other","_states":["Kebbi","Niger"]},"geometry":{"type":"Polygon","coordinates":[[[4.99254,11.09049],[5.00167,11.04154],[5.04063,11.06746],[5.07426,10.9749],[5.03448,10.95248],[5.00147,10.90079],[4.97908,10.88108],[4.95758,10.94713],[4.88107,10.95219],[4.90363,10.97821],[4.91931,11.05759],[4.95695,11.08595],[4.99254,11.09049]]]}},{"type":"Feature","properties":{"NAME":"Kashimbila","DESIG_ENG":"Game Reserve","IUCN_CAT":"IV","GIS_AREA":1065.279942,"STATUS":"Designated","STATUS_YR":1977,"GOV_TYPE":"Sub-national ministry or agency","_label":"Kashimbila","_status_group":"other","_year":1977,"_year_label":"Designation/status year","_states":["Taraba"]},"geometry":{"type":"Polygon","coordinates":[[[10.13456,7.02546],[10.02266,6.92833],[10.00935,6.90587],[9.97747,6.8861],[9.95379,6.85093],[9.90747,6.81421],[9.87678,6.7772],[9.77958,6.79718],[9.76835,6.76666],[9.7736,6.75352],[9.7596,6.73811],[9.7542,6.65804],[9.72966,6.60597],[9.70775,6.51877],[9.6643,6.51347],[9.65756,6.59194],[9.69202,6.72667],[9.69026,6.77611],[9.73265,6.86398],[9.81055,6.95831],[9.91005,7.04576],[10.01979,7.09811],[10.08161,7.09002],[10.12645,7.06414],[10.13456,7.02546]]]}},{"type":"Feature","properties":{"NAME":"Katerma","DESIG_ENG":"Forest Reserve","IUCN_CAT":"Not Reported","GIS_AREA":164.013606,"STATUS":"Designated","STATUS_YR":0,"GOV_TYPE":"Sub-national ministry or agency","_label":"Katerma","_status_group":"other","_states":["Kaduna"]},"geometry":{"type":"Polygon","coordinates":[[[7.09661,10.24698],[7.11914,10.24192],[7.15581,10.18087],[7.1387,10.15649],[7.13209,10.12726],[7.12183,10.12431],[7.09445,10.168],[7.07029,10.17398],[7.07848,10.13046],[7.06752,10.11742],[7.03621,10.11464],[7.02363,10.12755],[7.00734,10.12128],[6.96148,10.13976],[6.9562,10.16483],[6.97285,10.16873],[6.98321,10.18472],[7.00713,10.17136],[7.02321,10.17422],[7.02502,10.18214],[7.03278,10.17779],[7.03617,10.21023],[7.05861,10.20921],[7.06912,10.229],[7.08952,10.22981],[7.09661,10.24698]]]}},{"type":"Feature","properties":{"NAME":"Katika","DESIG_ENG":"Forest Reserve","IUCN_CAT":"Not Reported","GIS_AREA":2.929416,"STATUS":"Designated","STATUS_YR":0,"GOV_TYPE":"Sub-national ministry or agency","_label":"Katika","_status_group":"other","_states":["Jigawa"]},"geometry":{"type":"Polygon","coordinates":[[[9.63451,12.68076],[9.61833,12.68419],[9.60997,12.69604],[9.63461,12.68825],[9.63451,12.68076]]]}},{"type":"Feature","properties":{"NAME":"Katsina","DESIG_ENG":"Forest Reserve","IUCN_CAT":"Not Reported","GIS_AREA":8.944676,"STATUS":"Designated","STATUS_YR":0,"GOV_TYPE":"Sub-national ministry or agency","_label":"Katsina","_status_group":"other","_states":["Katsina"]},"geometry":{"type":"Polygon","coordinates":[[[7.63257,12.9228],[7.60345,12.92027],[7.61098,12.95019],[7.62359,12.96281],[7.63074,12.95791],[7.62491,12.93845],[7.63257,12.9228]]]}},{"type":"Feature","properties":{"NAME":"Katsina-Ala","DESIG_ENG":"Forest Reserve","IUCN_CAT":"Not Reported","GIS_AREA":1.217675,"STATUS":"Designated","STATUS_YR":0,"GOV_TYPE":"Sub-national ministry or agency","_label":"Katsina-Ala","_status_group":"other","_states":["Benue"]},"geometry":{"type":"Polygon","coordinates":[[[9.27261,7.16748],[9.2671,7.17328],[9.27483,7.17904],[9.27813,7.17337],[9.27261,7.16748]]]}},{"type":"Feature","properties":{"NAME":"Kaugama Motso","DESIG_ENG":"Forest Reserve","IUCN_CAT":"Not Reported","GIS_AREA":7.361199,"STATUS":"Designated","STATUS_YR":0,"GOV_TYPE":"Sub-national ministry or agency","_label":"Kaugama Motso","_status_group":"other","_states":["Jigawa"]},"geometry":{"type":"Polygon","coordinates":[[[9.66725,12.44671],[9.65761,12.45724],[9.69333,12.47472],[9.70272,12.46487],[9.66725,12.44671]]]}},{"type":"Feature","properties":{"NAME":"Kawara","DESIG_ENG":"Forest Reserve","IUCN_CAT":"Not Reported","GIS_AREA":446.432766,"STATUS":"Designated","STATUS_YR":0,"GOV_TYPE":"Sub-national ministry or agency","_label":"Kawara","_status_group":"other","_states":["Sokoto","Zamfara"]},"geometry":{"type":"Polygon","coordinates":[[[5.56197,12.5695],[5.57822,12.51971],[5.64974,12.46381],[5.64896,12.35987],[5.62622,12.35919],[5.57292,12.30726],[5.52458,12.31393],[5.47465,12.36305],[5.45697,12.39483],[5.46765,12.42953],[5.47533,12.54139],[5.46294,12.58026],[5.50197,12.56805],[5.52255,12.57505],[5.53958,12.56753],[5.56197,12.5695]]]}},{"type":"Feature","properties":{"NAME":"Kaya","DESIG_ENG":"Forest Reserve","IUCN_CAT":"Not Reported","GIS_AREA":16.240233,"STATUS":"Designated","STATUS_YR":0,"GOV_TYPE":"Sub-national ministry or agency","_label":"Kaya","_status_group":"other","_states":["Katsina"]},"geometry":{"type":"MultiPolygon","coordinates":[[[[8.24762,12.96998],[8.27377,12.94241],[8.23955,12.9342],[8.24859,12.94619],[8.22573,12.94158],[8.23213,12.95111],[8.22511,12.95882],[8.24762,12.96998]]],[[[8.31173,12.94103],[8.29147,12.94945],[8.28885,12.96364],[8.27621,12.97356],[8.28623,12.97704],[8.31145,12.95395],[8.31173,12.94103]]]]}},{"type":"Feature","properties":{"NAME":"Kazura","DESIG_ENG":"Forest Reserve","IUCN_CAT":"Not Reported","GIS_AREA":3.156326,"STATUS":"Designated","STATUS_YR":0,"GOV_TYPE":"Sub-national ministry or agency","_label":"Kazura","_status_group":"other","_states":["Jigawa"]},"geometry":{"type":"Polygon","coordinates":[[[9.96871,12.73261],[9.99206,12.72314],[9.99196,12.71675],[9.97031,12.7261],[9.96871,12.73261]]]}},{"type":"Feature","properties":{"NAME":"Keaun Suna","DESIG_ENG":"Forest Reserve","IUCN_CAT":"Not Reported","GIS_AREA":66.888589,"STATUS":"Designated","STATUS_YR":0,"GOV_TYPE":"Sub-national ministry or agency","_label":"Keaun Suna","_status_group":"other","_states":["Sokoto"]},"geometry":{"type":"Polygon","coordinates":[[[5.82834,13.73349],[5.81654,13.69906],[5.801,13.69528],[5.76267,13.71203],[5.76069,13.68045],[5.75333,13.67558],[5.72385,13.71117],[5.74216,13.7238],[5.73653,13.73801],[5.76168,13.77178],[5.82834,13.73349]]]}},{"type":"Feature","properties":{"NAME":"Keffi","DESIG_ENG":"Forest Reserve","IUCN_CAT":"Not Reported","GIS_AREA":3.602081,"STATUS":"Designated","STATUS_YR":0,"GOV_TYPE":"Sub-national ministry or agency","_label":"Keffi","_status_group":"other","_states":["Nasarawa"]},"geometry":{"type":"Polygon","coordinates":[[[7.83345,8.77427],[7.81408,8.7766],[7.81446,8.7879],[7.83389,8.78603],[7.83345,8.77427]]]}},{"type":"Feature","properties":{"NAME":"Kenjimiram","DESIG_ENG":"Forest Reserve","IUCN_CAT":"Not Reported","GIS_AREA":3.016864,"STATUS":"Designated","STATUS_YR":0,"GOV_TYPE":"Sub-national ministry or agency","_label":"Kenjimiram","_status_group":"other","_states":["Borno"]},"geometry":{"type":"Polygon","coordinates":[[[13.16538,12.38732],[13.14015,12.39091],[13.13886,12.39659],[13.1673,12.39373],[13.16538,12.38732]]]}},{"type":"Feature","properties":{"NAME":"Kesewa","DESIG_ENG":"Forest Reserve","IUCN_CAT":"Not Reported","GIS_AREA":34.99961,"STATUS":"Designated","STATUS_YR":0,"GOV_TYPE":"Sub-national ministry or agency","_label":"Kesewa","_status_group":"other","_states":["Borno"]},"geometry":{"type":"Polygon","coordinates":[[[12.91747,11.8954],[12.95782,11.88564],[12.92733,11.84989],[12.88324,11.85334],[12.86654,11.89511],[12.91747,11.8954]]]}},{"type":"Feature","properties":{"NAME":"Kilboa","DESIG_ENG":"Forest Reserve","IUCN_CAT":"Not Reported","GIS_AREA":63.624905,"STATUS":"Designated","STATUS_YR":0,"GOV_TYPE":"Sub-national ministry or agency","_label":"Kilboa","_status_group":"other","_states":["Yobe"]},"geometry":{"type":"Polygon","coordinates":[[[11.25124,13.29375],[11.24144,13.21968],[11.2279,13.22035],[11.20244,13.17806],[11.17821,13.16386],[11.17954,13.17992],[11.1702,13.19089],[11.19592,13.23867],[11.19099,13.26277],[11.19707,13.26826],[11.22428,13.25889],[11.21074,13.28216],[11.2126,13.29365],[11.23289,13.29984],[11.25124,13.29375]]]}},{"type":"Feature","properties":{"NAME":"Kinging","DESIG_ENG":"Forest Reserve","IUCN_CAT":"Not Reported","GIS_AREA":9.591093,"STATUS":"Designated","STATUS_YR":0,"GOV_TYPE":"Sub-national ministry or agency","_label":"Kinging","_status_group":"other","_states":["Adamawa"]},"geometry":{"type":"Polygon","coordinates":[[[12.75833,10.37239],[12.74956,10.39841],[12.78464,10.39972],[12.78469,10.39054],[12.75833,10.37239]]]}},{"type":"Feature","properties":{"NAME":"Kir Hill","DESIG_ENG":"Forest Reserve","IUCN_CAT":"Not Reported","GIS_AREA":17.463671,"STATUS":"Designated","STATUS_YR":0,"GOV_TYPE":"Sub-national ministry or agency","_label":"Kir Hill","_status_group":"other","_states":["Bauchi"]},"geometry":{"type":"Polygon","coordinates":[[[9.84402,10.2086],[9.86055,10.19556],[9.86648,10.15579],[9.83964,10.15869],[9.81754,10.17852],[9.8206,10.19574],[9.83785,10.18578],[9.84573,10.19002],[9.84402,10.2086]]]}},{"type":"Feature","properties":{"NAME":"Kirfi Hill","DESIG_ENG":"Forest Reserve","IUCN_CAT":"Not Reported","GIS_AREA":159.467656,"STATUS":"Designated","STATUS_YR":0,"GOV_TYPE":"Sub-national ministry or agency","_label":"Kirfi Hill","_status_group":"other","_states":["Bauchi"]},"geometry":{"type":"Polygon","coordinates":[[[10.51325,10.46303],[10.52169,10.44755],[10.54899,10.44502],[10.57251,10.40802],[10.54364,10.35083],[10.55702,10.31745],[10.47161,10.3024],[10.46155,10.37738],[10.4724,10.4057],[10.46999,10.43797],[10.48594,10.46003],[10.51325,10.46303]]]}},{"type":"Feature","properties":{"NAME":"Kiri","DESIG_ENG":"Forest Reserve","IUCN_CAT":"Not Reported","GIS_AREA":16.763843,"STATUS":"Designated","STATUS_YR":0,"GOV_TYPE":"Sub-national ministry or agency","_label":"Kiri","_status_group":"other","_states":["Adamawa"]},"geometry":{"type":"Polygon","coordinates":[[[11.98976,8.08252],[11.96566,8.08375],[11.95934,8.09525],[12.00066,8.10978],[12.03633,8.09973],[11.98976,8.08252]]]}},{"type":"Feature","properties":{"NAME":"Kirmin Agyaga","DESIG_ENG":"Forest Reserve","IUCN_CAT":"Not Reported","GIS_AREA":3.444266,"STATUS":"Designated","STATUS_YR":0,"GOV_TYPE":"Sub-national ministry or agency","_label":"Kirmin Agyaga","_status_group":"other","_states":["Nasarawa"]},"geometry":{"type":"Polygon","coordinates":[[[8.32911,9.07429],[8.31507,9.07806],[8.31874,9.09558],[8.33115,9.08695],[8.32911,9.07429]]]}},{"type":"Feature","properties":{"NAME":"Kirmin Nunkuchu","DESIG_ENG":"Forest Reserve","IUCN_CAT":"Not Reported","GIS_AREA":5.108708,"STATUS":"Designated","STATUS_YR":0,"GOV_TYPE":"Sub-national ministry or agency","_label":"Kirmin Nunkuchu","_status_group":"other","_states":["Nasarawa"]},"geometry":{"type":"Polygon","coordinates":[[[8.37278,9.11353],[8.34997,9.10666],[8.353,9.12839],[8.37128,9.12827],[8.37278,9.11353]]]}},{"type":"Feature","properties":{"NAME":"Kogin Kano","DESIG_ENG":"Forest Reserve","IUCN_CAT":"Not Reported","GIS_AREA":757.402177,"STATUS":"Designated","STATUS_YR":0,"GOV_TYPE":"Sub-national ministry or agency","_label":"Kogin Kano","_status_group":"other","_states":["Kano","Bauchi","Kaduna"]},"geometry":{"type":"Polygon","coordinates":[[[8.71992,11.20361],[8.72373,11.16772],[8.77425,11.11651],[8.758,11.04332],[8.73028,10.99641],[8.76945,10.92829],[8.7588,10.91495],[8.74783,10.85713],[8.70923,10.85088],[8.64791,10.81],[8.62136,10.80361],[8.62515,10.84989],[8.6173,10.85039],[8.60435,10.83425],[8.56681,10.82845],[8.56713,10.85858],[8.55183,10.87232],[8.54724,10.89134],[8.56004,10.90967],[8.57955,10.97958],[8.59568,11.00217],[8.59532,11.06498],[8.61323,11.12244],[8.61069,11.20677],[8.65562,11.1877],[8.66813,11.21441],[8.66056,11.24635],[8.67581,11.26312],[8.70028,11.25449],[8.71992,11.20361]]]}},{"type":"Feature","properties":{"NAME":"Kogin Zur","DESIG_ENG":"Forest Reserve","IUCN_CAT":"Not Reported","GIS_AREA":12.655638,"STATUS":"Designated","STATUS_YR":0,"GOV_TYPE":"Sub-national ministry or agency","_label":"Kogin Zur","_status_group":"other","_states":["Borno"]},"geometry":{"type":"Polygon","coordinates":[[[12.47713,10.40245],[12.45511,10.40618],[12.45686,10.44505],[12.47928,10.43387],[12.47713,10.40245]]]}},{"type":"Feature","properties":{"NAME":"Kogo","DESIG_ENG":"National Park","IUCN_CAT":"Not Reported","GIS_AREA":638.84958,"STATUS":"Designated","STATUS_YR":2020,"GOV_TYPE":"Federal or national ministry or agency","_label":"Kogo","_status_group":"other","_year":2020,"_year_label":"Designation/status year","_states":["Zamfara","Katsina","Kaduna"]},"geometry":{"type":"Polygon","coordinates":[[[6.94574,11.80087],[6.99254,11.79381],[6.99208,11.7541],[6.95677,11.74471],[6.95309,11.73532],[6.97622,11.71012],[7.01654,11.68823],[7.01898,11.59842],[7.01076,11.55629],[7.03325,11.53996],[7.06698,11.47289],[7.03776,11.44526],[7.03269,11.39683],[7.01841,11.38046],[7.00587,11.33873],[6.99244,11.33506],[6.95516,11.33987],[6.9172,11.37501],[6.89828,11.38234],[6.88299,11.37787],[6.88936,11.39266],[6.87914,11.4023],[6.88011,11.41643],[6.90431,11.44455],[6.90927,11.46847],[6.93103,11.49727],[6.90492,11.51009],[6.89577,11.55317],[6.90767,11.58399],[6.85167,11.58707],[6.87806,11.65608],[6.88713,11.71801],[6.92356,11.71609],[6.90755,11.75315],[6.8869,11.7553],[6.90414,11.79511],[6.91058,11.78652],[6.94574,11.80087]],[[6.9674,11.68866],[6.93562,11.68664],[6.93679,11.66212],[6.96669,11.66065],[6.9674,11.68866]],[[6.96937,11.60496],[6.95342,11.58062],[6.95679,11.5643],[6.97817,11.56662],[6.9867,11.57541],[6.9886,11.60519],[6.96937,11.60496]]]}},{"type":"Feature","properties":{"NAME":"Kogum River","DESIG_ENG":"Forest Reserve","IUCN_CAT":"Not Reported","GIS_AREA":18.292442,"STATUS":"Designated","STATUS_YR":0,"GOV_TYPE":"Sub-national ministry or agency","_label":"Kogum River","_status_group":"other","_states":["Kaduna"]},"geometry":{"type":"Polygon","coordinates":[[[8.21703,9.2242],[8.20274,9.20866],[8.17936,9.21358],[8.17912,9.20543],[8.16207,9.22031],[8.16301,9.24221],[8.20695,9.24784],[8.20153,9.22444],[8.21703,9.2242]]]}},{"type":"Feature","properties":{"NAME":"Kokoloama Community Conservation Area","DESIG_ENG":"Community Conservation Area","IUCN_CAT":"IV","GIS_AREA":3.612403,"STATUS":"Established","STATUS_YR":2024,"GOV_TYPE":"Collaborative governance","_label":"Kokoloama Community Conservation Area","_status_group":"other","_year":2024,"_year_label":"Designation/status year","_states":["Bayelsa"]},"geometry":{"type":"Polygon","coordinates":[[[5.87002,4.75346],[5.89277,4.77765],[5.89904,4.77071],[5.88083,4.75098],[5.87002,4.75346]]]}},{"type":"Feature","properties":{"NAME":"Kokomto","DESIG_ENG":"Forest Reserve","IUCN_CAT":"Not Reported","GIS_AREA":23.956341,"STATUS":"Designated","STATUS_YR":0,"GOV_TYPE":"Sub-national ministry or agency","_label":"Kokomto","_status_group":"other","_states":["Adamawa"]},"geometry":{"type":"Polygon","coordinates":[[[12.08405,9.35515],[12.03127,9.35178],[12.02784,9.35618],[12.08044,9.40298],[12.09149,9.38301],[12.08405,9.35515]]]}},{"type":"Feature","properties":{"NAME":"Komadugu Gana","DESIG_ENG":"Forest Reserve","IUCN_CAT":"Not Reported","GIS_AREA":93.373577,"STATUS":"Designated","STATUS_YR":0,"GOV_TYPE":"Sub-national ministry or agency","_label":"Komadugu Gana","_status_group":"other","_states":["Yobe"]},"geometry":{"type":"Polygon","coordinates":[[[10.92858,11.99129],[10.91222,11.98604],[10.87831,11.99204],[10.86874,12.03199],[10.84913,12.04802],[10.86464,12.07867],[10.95248,12.08889],[10.9531,12.06532],[10.92858,11.99129]]]}},{"type":"Feature","properties":{"NAME":"Komala","DESIG_ENG":"Forest Reserve","IUCN_CAT":"Not Reported","GIS_AREA":94.078105,"STATUS":"Designated","STATUS_YR":0,"GOV_TYPE":"Sub-national ministry or agency","_label":"Komala","_status_group":"other","_states":["Borno"]},"geometry":{"type":"Polygon","coordinates":[[[12.96824,11.47828],[12.9994,11.47554],[13.01348,11.46137],[13.01016,11.41991],[13.04012,11.37726],[13.04441,11.35402],[13.03654,11.34518],[12.99949,11.36399],[12.96066,11.39917],[12.94712,11.398],[12.92789,11.41118],[12.96824,11.47828]]]}},{"type":"Feature","properties":{"NAME":"Kona","DESIG_ENG":"Forest Reserve","IUCN_CAT":"Not Reported","GIS_AREA":204.619495,"STATUS":"Designated","STATUS_YR":0,"GOV_TYPE":"Sub-national ministry or agency","_label":"Kona","_status_group":"other","_states":["Kaduna"]},"geometry":{"type":"Polygon","coordinates":[[[7.90017,10.91728],[7.95765,10.9124],[7.99366,10.86602],[8.03362,10.86014],[7.98129,10.72993],[7.89331,10.81182],[7.8697,10.82198],[7.90017,10.91728]]]}},{"type":"Feature","properties":{"NAME":"Konduga","DESIG_ENG":"Forest Reserve","IUCN_CAT":"Not Reported","GIS_AREA":58.256977,"STATUS":"Designated","STATUS_YR":0,"GOV_TYPE":"Sub-national ministry or agency","_label":"Konduga","_status_group":"other","_states":["Borno"]},"geometry":{"type":"Polygon","coordinates":[[[13.56061,11.7032],[13.58257,11.67733],[13.59011,11.64444],[13.55599,11.63406],[13.52023,11.65752],[13.4932,11.64406],[13.46554,11.66891],[13.48701,11.68669],[13.53719,11.68997],[13.56061,11.7032]]]}},{"type":"Feature","properties":{"NAME":"Kontagora","DESIG_ENG":"Forest Reserve","IUCN_CAT":"Not Reported","GIS_AREA":2.303647,"STATUS":"Designated","STATUS_YR":0,"GOV_TYPE":"Sub-national ministry or agency","_label":"Kontagora","_status_group":"other","_states":["Niger"]},"geometry":{"type":"Polygon","coordinates":[[[5.52254,10.40312],[5.50834,10.40767],[5.50863,10.41522],[5.52253,10.41304],[5.52254,10.40312]]]}},{"type":"Feature","properties":{"NAME":"Korama Kurumi","DESIG_ENG":"Forest Reserve","IUCN_CAT":"Not Reported","GIS_AREA":29.095785,"STATUS":"Designated","STATUS_YR":0,"GOV_TYPE":"Sub-national ministry or agency","_label":"Korama Kurumi","_status_group":"other","_states":["Jigawa"]},"geometry":{"type":"Polygon","coordinates":[[[8.58616,12.63348],[8.60847,12.62198],[8.60705,12.61324],[8.47981,12.61375],[8.52547,12.63249],[8.58616,12.63348]]]}},{"type":"Feature","properties":{"NAME":"Kpashimi","DESIG_ENG":"Forest Reserve","IUCN_CAT":"Not Reported","GIS_AREA":228.845619,"STATUS":"Designated","STATUS_YR":0,"GOV_TYPE":"Sub-national ministry or agency","_label":"Kpashimi","_status_group":"other","_states":["Niger"]},"geometry":{"type":"Polygon","coordinates":[[[6.66327,8.62444],[6.64759,8.62657],[6.59744,8.67588],[6.60426,8.70251],[6.68208,8.78502],[6.72865,8.80168],[6.74398,8.7892],[6.75705,8.76223],[6.76544,8.70604],[6.75988,8.68534],[6.66327,8.62444]]]}},{"type":"Feature","properties":{"NAME":"Kpeyafo","DESIG_ENG":"Forest Reserve","IUCN_CAT":"Not Reported","GIS_AREA":1.436809,"STATUS":"Designated","STATUS_YR":0,"GOV_TYPE":"Sub-national ministry or agency","_label":"Kpeyafo","_status_group":"other","_states":["Niger"]},"geometry":{"type":"Polygon","coordinates":[[[5.72147,9.25493],[5.7128,9.25796],[5.71703,9.26801],[5.72318,9.2635],[5.72147,9.25493]]]}},{"type":"Feature","properties":{"NAME":"Kuchigi","DESIG_ENG":"Forest Reserve","IUCN_CAT":"Not Reported","GIS_AREA":1.307523,"STATUS":"Designated","STATUS_YR":0,"GOV_TYPE":"Sub-national ministry or agency","_label":"Kuchigi","_status_group":"other","_states":["Niger"]},"geometry":{"type":"Polygon","coordinates":[[[5.9413,9.05187],[5.93108,9.04506],[5.93035,9.05274],[5.9413,9.05187]]]}},{"type":"Feature","properties":{"NAME":"Kudu","DESIG_ENG":"Forest Reserve","IUCN_CAT":"Not Reported","GIS_AREA":24.104856,"STATUS":"Designated","STATUS_YR":0,"GOV_TYPE":"Sub-national ministry or agency","_label":"Kudu","_status_group":"other","_states":["Niger"]},"geometry":{"type":"Polygon","coordinates":[[[5.29985,9.19993],[5.27178,9.19245],[5.26007,9.20319],[5.2602,9.22106],[5.28595,9.24933],[5.2963,9.2468],[5.30796,9.22129],[5.29985,9.19993]]]}},{"type":"Feature","properties":{"NAME":"Kuduge","DESIG_ENG":"Forest Reserve","IUCN_CAT":"Not Reported","GIS_AREA":16.083271,"STATUS":"Designated","STATUS_YR":0,"GOV_TYPE":"Sub-national ministry or agency","_label":"Kuduge","_status_group":"other","_states":["Niger"]},"geometry":{"type":"Polygon","coordinates":[[[5.77517,9.44852],[5.76132,9.46037],[5.76807,9.48416],[5.78215,9.49974],[5.79621,9.4922],[5.7985,9.47841],[5.77517,9.44852]]]}},{"type":"Feature","properties":{"NAME":"Kukangiwa","DESIG_ENG":"Forest Reserve","IUCN_CAT":"Not Reported","GIS_AREA":17.900624,"STATUS":"Designated","STATUS_YR":0,"GOV_TYPE":"Sub-national ministry or agency","_label":"Kukangiwa","_status_group":"other","_states":["Jigawa"]},"geometry":{"type":"Polygon","coordinates":[[[10.06161,12.8041],[10.07866,12.80546],[10.08427,12.78969],[10.04857,12.76701],[10.03447,12.8078],[10.04336,12.81357],[10.06161,12.8041]]]}},{"type":"Feature","properties":{"NAME":"Kukar Jangara","DESIG_ENG":"Forest Reserve","IUCN_CAT":"Not Reported","GIS_AREA":327.882328,"STATUS":"Designated","STATUS_YR":0,"GOV_TYPE":"Sub-national ministry or agency","_label":"Kukar Jangara","_status_group":"other","_states":["Katsina"]},"geometry":{"type":"Polygon","coordinates":[[[7.17086,12.35245],[7.14515,12.56439],[7.21072,12.56835],[7.21765,12.57943],[7.28363,12.57193],[7.31471,12.52876],[7.31306,12.48808],[7.2239,12.3577],[7.17086,12.35245]]]}},{"type":"Feature","properties":{"NAME":"Kukawa","DESIG_ENG":"Forest Reserve","IUCN_CAT":"Not Reported","GIS_AREA":11.740147,"STATUS":"Designated","STATUS_YR":0,"GOV_TYPE":"Sub-national ministry or agency","_label":"Kukawa","_status_group":"other","_states":["Borno"]},"geometry":{"type":"Polygon","coordinates":[[[13.63842,12.94153],[13.61957,12.93621],[13.61347,12.94523],[13.62104,12.99612],[13.62881,12.99544],[13.63842,12.94153]]]}},{"type":"Feature","properties":{"NAME":"Kukwaba","DESIG_ENG":"Forest Reserve","IUCN_CAT":"Not Reported","GIS_AREA":13.431251,"STATUS":"Designated","STATUS_YR":0,"GOV_TYPE":"Sub-national ministry or agency","_label":"Kukwaba","_status_group":"other","_states":["Abuja Federal Capital Territory"]},"geometry":{"type":"Polygon","coordinates":[[[7.45115,9.06134],[7.44298,9.05105],[7.45933,9.05309],[7.46028,9.03696],[7.42275,9.03032],[7.4214,9.05817],[7.45115,9.06134]]]}},{"type":"Feature","properties":{"NAME":"Kumo","DESIG_ENG":"Forest Reserve","IUCN_CAT":"Not Reported","GIS_AREA":14.749561,"STATUS":"Designated","STATUS_YR":0,"GOV_TYPE":"Sub-national ministry or agency","_label":"Kumo","_status_group":"other","_states":["Gombe"]},"geometry":{"type":"Polygon","coordinates":[[[11.19595,9.98844],[11.16288,9.98533],[11.16012,9.99946],[11.16786,10.01507],[11.20116,10.01225],[11.20465,9.99935],[11.19595,9.98844]]]}},{"type":"Feature","properties":{"NAME":"Kuna Hill","DESIG_ENG":"Forest Reserve","IUCN_CAT":"Not Reported","GIS_AREA":22.920274,"STATUS":"Designated","STATUS_YR":0,"GOV_TYPE":"Sub-national ministry or agency","_label":"Kuna Hill","_status_group":"other","_states":["Bauchi"]},"geometry":{"type":"Polygon","coordinates":[[[10.24717,10.57312],[10.23441,10.57359],[10.22905,10.62098],[10.21564,10.64183],[10.24085,10.66505],[10.24712,10.66121],[10.24227,10.63305],[10.25529,10.59053],[10.24717,10.57312]]]}},{"type":"Feature","properties":{"NAME":"Kurba","DESIG_ENG":"Forest Reserve","IUCN_CAT":"Not Reported","GIS_AREA":27.220382,"STATUS":"Designated","STATUS_YR":0,"GOV_TYPE":"Sub-national ministry or agency","_label":"Kurba","_status_group":"other","_states":["Jigawa","Bauchi"]},"geometry":{"type":"Polygon","coordinates":[[[10.20248,11.24885],[10.2176,11.2634],[10.21794,11.23646],[10.23102,11.22731],[10.20542,11.2187],[10.16823,11.22219],[10.15849,11.23034],[10.15861,11.23888],[10.18457,11.26521],[10.1983,11.2649],[10.20248,11.24885]]]}},{"type":"Feature","properties":{"NAME":"Kurba","DESIG_ENG":"Forest Reserve","IUCN_CAT":"Not Reported","STATUS":"Designated","STATUS_YR":0,"GOV_TYPE":"Sub-national ministry or agency","_label":"Kurba","_status_group":"other","_states":["Niger"]},"geometry":{"type":"Point","coordinates":[6.45,9.25]}},{"type":"Feature","properties":{"NAME":"Kurmayai","DESIG_ENG":"Forest Reserve","IUCN_CAT":"Not Reported","GIS_AREA":12.919775,"STATUS":"Designated","STATUS_YR":0,"GOV_TYPE":"Sub-national ministry or agency","_label":"Kurmayai","_status_group":"other","_states":["Katsina"]},"geometry":{"type":"Polygon","coordinates":[[[7.39921,12.88638],[7.40962,12.8763],[7.40311,12.86936],[7.38015,12.87073],[7.36257,12.8618],[7.34683,12.86735],[7.36384,12.88576],[7.39921,12.88638]]]}},{"type":"Feature","properties":{"NAME":"Kurmi Adebi","DESIG_ENG":"Forest Reserve","IUCN_CAT":"Not Reported","GIS_AREA":4.0738,"STATUS":"Designated","STATUS_YR":0,"GOV_TYPE":"Sub-national ministry or agency","_label":"Kurmi Adebi","_status_group":"other","_states":["Benue"]},"geometry":{"type":"Polygon","coordinates":[[[8.58729,8.06225],[8.5786,8.07935],[8.58644,8.09462],[8.5914,8.0711],[8.58729,8.06225]]]}},{"type":"Feature","properties":{"NAME":"Kurmi Agori","DESIG_ENG":"Forest Reserve","IUCN_CAT":"Not Reported","GIS_AREA":18.264905,"STATUS":"Designated","STATUS_YR":0,"GOV_TYPE":"Sub-national ministry or agency","_label":"Kurmi Agori","_status_group":"other","_states":["Nasarawa"]},"geometry":{"type":"Polygon","coordinates":[[[9.29249,8.39144],[9.27672,8.39741],[9.26793,8.41905],[9.2833,8.43842],[9.30172,8.43315],[9.3091,8.41734],[9.30555,8.40226],[9.29249,8.39144]]]}},{"type":"Feature","properties":{"NAME":"Kurmi Agudu","DESIG_ENG":"Forest Reserve","IUCN_CAT":"Not Reported","GIS_AREA":2.115781,"STATUS":"Designated","STATUS_YR":0,"GOV_TYPE":"Sub-national ministry or agency","_label":"Kurmi Agudu","_status_group":"other","_states":["Nasarawa"]},"geometry":{"type":"Polygon","coordinates":[[[8.63924,8.46082],[8.63029,8.46255],[8.62737,8.4694],[8.64158,8.47182],[8.63924,8.46082]]]}},{"type":"Feature","properties":{"NAME":"Kurmi Agyaragu","DESIG_ENG":"Forest Reserve","IUCN_CAT":"Not Reported","GIS_AREA":2.001365,"STATUS":"Designated","STATUS_YR":0,"GOV_TYPE":"Sub-national ministry or agency","_label":"Kurmi Agyaragu","_status_group":"other","_states":["Nasarawa"]},"geometry":{"type":"Polygon","coordinates":[[[8.52401,8.35612],[8.5154,8.35686],[8.50886,8.36203],[8.52634,8.36619],[8.52401,8.35612]]]}},{"type":"Feature","properties":{"NAME":"Kurmi Akanga","DESIG_ENG":"Forest Reserve","IUCN_CAT":"Not Reported","GIS_AREA":8.769851,"STATUS":"Designated","STATUS_YR":0,"GOV_TYPE":"Sub-national ministry or agency","_label":"Kurmi Akanga","_status_group":"other","_states":["Benue"]},"geometry":{"type":"Polygon","coordinates":[[[8.56292,7.98548],[8.5531,7.98833],[8.54599,8.02019],[8.55268,8.03594],[8.5685,7.99927],[8.56292,7.98548]]]}},{"type":"Feature","properties":{"NAME":"Kurmi Akeno","DESIG_ENG":"Forest Reserve","IUCN_CAT":"Not Reported","GIS_AREA":5.180794,"STATUS":"Designated","STATUS_YR":0,"GOV_TYPE":"Sub-national ministry or agency","_label":"Kurmi Akeno","_status_group":"other","_states":["Nasarawa"]},"geometry":{"type":"Polygon","coordinates":[[[8.55549,8.16753],[8.53782,8.17573],[8.53655,8.19389],[8.54915,8.18801],[8.55549,8.16753]]]}},{"type":"Feature","properties":{"NAME":"Kurmi Akura","DESIG_ENG":"Forest Reserve","IUCN_CAT":"Not Reported","GIS_AREA":16.558737,"STATUS":"Designated","STATUS_YR":0,"GOV_TYPE":"Sub-national ministry or agency","_label":"Kurmi Akura","_status_group":"other","_states":["Plateau"]},"geometry":{"type":"Polygon","coordinates":[[[9.24033,8.49931],[9.22173,8.50638],[9.21693,8.53108],[9.22386,8.54067],[9.24291,8.54048],[9.25411,8.53005],[9.25345,8.51077],[9.24033,8.49931]]]}},{"type":"Feature","properties":{"NAME":"Kurmi Kurayi","DESIG_ENG":"Forest Reserve","IUCN_CAT":"Not Reported","GIS_AREA":18.398153,"STATUS":"Designated","STATUS_YR":0,"GOV_TYPE":"Sub-national ministry or agency","_label":"Kurmi Kurayi","_status_group":"other","_states":["Plateau","Nasarawa"]},"geometry":{"type":"Polygon","coordinates":[[[9.26278,8.45109],[9.23756,8.46305],[9.2492,8.49315],[9.27045,8.49354],[9.28026,8.48189],[9.27884,8.46544],[9.26278,8.45109]]]}},{"type":"Feature","properties":{"NAME":"Kurmi Maiakuya","DESIG_ENG":"Forest Reserve","IUCN_CAT":"Not Reported","GIS_AREA":8.707858,"STATUS":"Designated","STATUS_YR":0,"GOV_TYPE":"Sub-national ministry or agency","_label":"Kurmi Maiakuya","_status_group":"other","_states":["Nasarawa"]},"geometry":{"type":"Polygon","coordinates":[[[8.7402,8.57705],[8.73434,8.56691],[8.69392,8.57879],[8.71579,8.59612],[8.7402,8.57705]]]}},{"type":"Feature","properties":{"NAME":"Kurmi Maisamari","DESIG_ENG":"Forest Reserve","IUCN_CAT":"Not Reported","GIS_AREA":1.826796,"STATUS":"Designated","STATUS_YR":0,"GOV_TYPE":"Sub-national ministry or agency","_label":"Kurmi Maisamari","_status_group":"other","_states":["Nasarawa"]},"geometry":{"type":"Polygon","coordinates":[[[8.96778,8.33316],[8.96756,8.34246],[8.98221,8.34331],[8.98095,8.33935],[8.96778,8.33316]]]}},{"type":"Feature","properties":{"NAME":"Kurmi Tagwaye North","DESIG_ENG":"Forest Reserve","IUCN_CAT":"Not Reported","GIS_AREA":2.732517,"STATUS":"Designated","STATUS_YR":0,"GOV_TYPE":"Sub-national ministry or agency","_label":"Kurmi Tagwaye North","_status_group":"other","_states":["Nasarawa"]},"geometry":{"type":"Polygon","coordinates":[[[8.45812,8.92942],[8.45038,8.93552],[8.46905,8.94606],[8.46735,8.93547],[8.45812,8.92942]]]}},{"type":"Feature","properties":{"NAME":"Kurmi Tagwaye South","DESIG_ENG":"Forest Reserve","IUCN_CAT":"Not Reported","GIS_AREA":3.521855,"STATUS":"Designated","STATUS_YR":0,"GOV_TYPE":"Sub-national ministry or agency","_label":"Kurmi Tagwaye South","_status_group":"other","_states":["Nasarawa"]},"geometry":{"type":"Polygon","coordinates":[[[8.46065,8.90575],[8.44801,8.913],[8.46711,8.9221],[8.47021,8.91128],[8.46065,8.90575]]]}},{"type":"Feature","properties":{"NAME":"Kurmin Bakin Kogin","DESIG_ENG":"Forest Reserve","IUCN_CAT":"Not Reported","GIS_AREA":7.38549,"STATUS":"Designated","STATUS_YR":0,"GOV_TYPE":"Sub-national ministry or agency","_label":"Kurmin Bakin Kogin","_status_group":"other","_states":["Kaduna"]},"geometry":{"type":"Polygon","coordinates":[[[8.55017,10.09698],[8.58084,10.09774],[8.57209,10.08219],[8.54874,10.07591],[8.54172,10.08189],[8.55017,10.09698]]]}},{"type":"Feature","properties":{"NAME":"Kurmin Danki","DESIG_ENG":"Forest Reserve","IUCN_CAT":"Not Reported","GIS_AREA":11.166715,"STATUS":"Designated","STATUS_YR":0,"GOV_TYPE":"Sub-national ministry or agency","_label":"Kurmin Danki","_status_group":"other","_states":["Taraba"]},"geometry":{"type":"Polygon","coordinates":[[[11.43306,7.25652],[11.46865,7.23689],[11.46527,7.22368],[11.4248,7.22876],[11.43306,7.25652]]]}},{"type":"Feature","properties":{"NAME":"Kurmin Kogi","DESIG_ENG":"Forest Reserve","IUCN_CAT":"Not Reported","GIS_AREA":35.839879,"STATUS":"Designated","STATUS_YR":0,"GOV_TYPE":"Sub-national ministry or agency","_label":"Kurmin Kogi","_status_group":"other","_states":["Kaduna"]},"geometry":{"type":"Polygon","coordinates":[[[8.12686,11.15184],[8.03214,11.20423],[8.03321,11.21196],[8.07,11.22463],[8.08899,11.21637],[8.10098,11.19841],[8.11508,11.19301],[8.12686,11.15184]]]}},{"type":"Feature","properties":{"NAME":"Kurmin Male","DESIG_ENG":"Forest Reserve","IUCN_CAT":"Not Reported","GIS_AREA":6.182241,"STATUS":"Designated","STATUS_YR":0,"GOV_TYPE":"Sub-national ministry or agency","_label":"Kurmin Male","_status_group":"other","_states":["Kaduna"]},"geometry":{"type":"Polygon","coordinates":[[[8.62824,10.4224],[8.61799,10.43586],[8.63869,10.44846],[8.64702,10.43502],[8.62824,10.4224]]]}},{"type":"Feature","properties":{"NAME":"Kurra Jekko","DESIG_ENG":"Forest Reserve","IUCN_CAT":"Not Reported","GIS_AREA":23.857094,"STATUS":"Designated","STATUS_YR":0,"GOV_TYPE":"Sub-national ministry or agency","_label":"Kurra Jekko","_status_group":"other","_states":["Plateau","Kaduna"]},"geometry":{"type":"Polygon","coordinates":[[[8.72341,9.39818],[8.67773,9.37827],[8.68838,9.43494],[8.7095,9.43326],[8.70642,9.42372],[8.71315,9.42123],[8.71716,9.42764],[8.73381,9.42313],[8.7385,9.40706],[8.71674,9.40986],[8.72341,9.39818]]]}},{"type":"Feature","properties":{"NAME":"Kurumi Zano","DESIG_ENG":"Forest Reserve","IUCN_CAT":"Not Reported","GIS_AREA":12.719519,"STATUS":"Designated","STATUS_YR":0,"GOV_TYPE":"Sub-national ministry or agency","_label":"Kurumi Zano","_status_group":"other","_states":["Nasarawa"]},"geometry":{"type":"Polygon","coordinates":[[[7.23639,8.24589],[7.22661,8.25758],[7.23975,8.27151],[7.23414,8.29144],[7.24415,8.29892],[7.26127,8.27467],[7.23639,8.24589]]]}},{"type":"Feature","properties":{"NAME":"Kusoru","DESIG_ENG":"Forest Reserve","IUCN_CAT":"Not Reported","GIS_AREA":0.880833,"STATUS":"Designated","STATUS_YR":0,"GOV_TYPE":"Sub-national ministry or agency","_label":"Kusoru","_status_group":"other","_states":["Abuja Federal Capital Territory"]},"geometry":{"type":"Polygon","coordinates":[[[7.56811,9.32553],[7.56225,9.32785],[7.56632,9.33559],[7.57067,9.3331],[7.56811,9.32553]]]}},{"type":"Feature","properties":{"NAME":"Kusoziko","DESIG_ENG":"Forest Reserve","IUCN_CAT":"Not Reported","GIS_AREA":7.759245,"STATUS":"Designated","STATUS_YR":0,"GOV_TYPE":"Sub-national ministry or agency","_label":"Kusoziko","_status_group":"other","_states":["Niger"]},"geometry":{"type":"Polygon","coordinates":[[[5.22,9.06003],[5.2005,9.06844],[5.209,9.08808],[5.2267,9.07894],[5.22,9.06003]]]}},{"type":"Feature","properties":{"NAME":"Kusur","DESIG_ENG":"Forest Reserve","IUCN_CAT":"Not Reported","GIS_AREA":261.371109,"STATUS":"Designated","STATUS_YR":0,"GOV_TYPE":"Sub-national ministry or agency","_label":"Kusur","_status_group":"other","_states":["Yobe"]},"geometry":{"type":"Polygon","coordinates":[[[11.99337,12.52717],[12.10843,12.51607],[12.19537,12.42486],[12.08691,12.42038],[12.08008,12.41282],[12.08154,12.38245],[12.05212,12.36378],[11.99262,12.41229],[11.96335,12.46923],[11.96297,12.49386],[11.94973,12.50993],[11.99337,12.52717]]]}},{"type":"Feature","properties":{"NAME":"Kutigi","DESIG_ENG":"Forest Reserve","IUCN_CAT":"Not Reported","GIS_AREA":8.866515,"STATUS":"Designated","STATUS_YR":0,"GOV_TYPE":"Sub-national ministry or agency","_label":"Kutigi","_status_group":"other","_states":["Niger"]},"geometry":{"type":"Polygon","coordinates":[[[5.62245,9.20942],[5.62239,9.19862],[5.61406,9.19486],[5.6019,9.20704],[5.58772,9.2087],[5.58798,9.21642],[5.60084,9.22684],[5.62245,9.20942]]]}},{"type":"Feature","properties":{"NAME":"Kuyambana","DESIG_ENG":"Game Reserve","IUCN_CAT":"Not Reported","GIS_AREA":1708.232926,"STATUS":"Designated","STATUS_YR":1971,"GOV_TYPE":"Sub-national ministry or agency","_label":"Kuyambana","_status_group":"other","_year":1971,"_year_label":"Designation/status year","_states":["Zamfara","Katsina","Kaduna"]},"geometry":{"type":"Polygon","coordinates":[[[6.78836,11.2854],[6.76158,11.27621],[6.73919,11.25198],[6.72847,11.15982],[6.70355,11.12818],[6.69867,11.1017],[6.6478,11.05385],[6.60493,11.04361],[6.58037,11.02596],[6.54059,11.0259],[6.5128,11.01204],[6.48468,11.02525],[6.44784,11.02977],[6.34601,11.02958],[6.30089,11.0016],[6.27652,10.97196],[6.23345,11.08275],[6.23593,11.11023],[6.25063,11.13373],[6.27996,11.15366],[6.32526,11.16626],[6.51495,11.17064],[6.53316,11.17958],[6.5716,11.22307],[6.60035,11.23598],[6.61109,11.24927],[6.62245,11.31017],[6.63388,11.33233],[6.64255,11.41991],[6.66735,11.46557],[6.71931,11.51437],[6.77531,11.55231],[6.83931,11.56671],[6.90614,11.56045],[6.92809,11.48801],[6.92293,11.47132],[6.87815,11.42662],[6.87855,11.4042],[6.89045,11.38618],[6.86576,11.34708],[6.78836,11.2854]]]}},{"type":"Feature","properties":{"NAME":"Kuyambana","DESIG_ENG":"National Park","IUCN_CAT":"Not Reported","STATUS":"Proposed","STATUS_YR":0,"GOV_TYPE":"Federal or national ministry or agency","_label":"Kuyambana","_status_group":"proposed","_states":["Niger"]},"geometry":{"type":"Point","coordinates":[6.0833,10.9167]}},{"type":"Feature","properties":{"NAME":"Kuzosiko","DESIG_ENG":"Forest Reserve","IUCN_CAT":"Not Reported","GIS_AREA":4.327059,"STATUS":"Designated","STATUS_YR":0,"GOV_TYPE":"Sub-national ministry or agency","_label":"Kuzosiko","_status_group":"other","_states":["Kwara"]},"geometry":{"type":"Polygon","coordinates":[[[5.28749,8.88355],[5.28196,8.89697],[5.3025,8.90919],[5.29983,8.8934],[5.28749,8.88355]]]}},{"type":"Feature","properties":{"NAME":"Kwaimbana","DESIG_ENG":"Forest Reserve","IUCN_CAT":"Not Reported","GIS_AREA":2603.068668,"STATUS":"Designated","STATUS_YR":0,"GOV_TYPE":"Sub-national ministry or agency","_label":"Kwaimbana","_status_group":"other","_states":["Zamfara","Katsina","Niger","Kaduna"]},"geometry":{"type":"Polygon","coordinates":[[[6.8826,11.68307],[6.85215,11.58447],[6.90111,11.54961],[6.90492,11.51009],[6.93103,11.49727],[6.90927,11.46847],[6.90431,11.44455],[6.88011,11.41643],[6.87914,11.4023],[6.88936,11.39266],[6.86693,11.34718],[6.83472,11.31312],[6.81611,11.31139],[6.75743,11.26521],[6.731,11.20327],[6.74148,11.17346],[6.73043,11.16072],[6.73383,11.14904],[6.69999,11.11482],[6.71521,11.11004],[6.7098,11.09633],[6.68631,11.09011],[6.68955,11.06683],[6.67709,11.05734],[6.66509,11.06224],[6.65138,11.05099],[6.60115,11.04675],[6.57598,11.023],[6.52296,11.0287],[6.50718,11.01315],[6.47419,11.02414],[6.46092,11.00254],[6.44397,11.00238],[6.4241,11.01517],[6.41328,11.0331],[6.3747,11.03293],[6.36666,11.02181],[6.33092,11.02922],[6.32293,11.01497],[6.30178,11.0031],[6.28178,10.96419],[6.23589,10.9412],[6.22719,10.90426],[6.23448,10.89124],[6.22253,10.88755],[6.21088,10.86387],[6.19552,10.87507],[6.17544,10.87092],[6.16266,10.95833],[6.13863,10.97965],[6.11532,11.03889],[6.12558,11.04962],[6.13049,11.08687],[6.11554,11.14282],[6.14546,11.16111],[6.24281,11.19112],[6.25958,11.18752],[6.30734,11.15131],[6.405,11.17294],[6.49259,11.15305],[6.55183,11.10576],[6.57018,11.07458],[6.58016,11.09243],[6.52432,11.15912],[6.53023,11.17785],[6.55633,11.18286],[6.55802,11.19802],[6.58327,11.22268],[6.60226,11.29919],[6.54577,11.41179],[6.55452,11.47516],[6.6503,11.5576],[6.66893,11.58806],[6.72452,11.64057],[6.74925,11.65022],[6.76788,11.64619],[6.77797,11.6606],[6.8826,11.68307]],[[6.82168,11.56166],[6.84204,11.56302],[6.82107,11.5852],[6.80498,11.58128],[6.82168,11.56166]]]}},{"type":"Feature","properties":{"NAME":"Kwakuti","DESIG_ENG":"Forest Reserve","IUCN_CAT":"Not Reported","STATUS":"Designated","STATUS_YR":0,"GOV_TYPE":"Sub-national ministry or agency","_label":"Kwakuti","_status_group":"other","_states":["Jigawa"]},"geometry":{"type":"Point","coordinates":[9.66111,11.26389]}},{"type":"Feature","properties":{"NAME":"Kwakuti","DESIG_ENG":"Forest Reserve","IUCN_CAT":"Not Reported","GIS_AREA":11.332895,"STATUS":"Designated","STATUS_YR":0,"GOV_TYPE":"Sub-national ministry or agency","_label":"Kwakuti","_status_group":"other","_states":["Niger"]},"geometry":{"type":"Polygon","coordinates":[[[6.93963,9.39755],[6.92076,9.40153],[6.91282,9.43078],[6.93716,9.43243],[6.94732,9.40368],[6.93963,9.39755]]]}},{"type":"Feature","properties":{"NAME":"Kwakwa","DESIG_ENG":"Forest Reserve","IUCN_CAT":"Not Reported","GIS_AREA":53.876425,"STATUS":"Designated","STATUS_YR":0,"GOV_TYPE":"Sub-national ministry or agency","_label":"Kwakwa","_status_group":"other","_states":["Niger"]},"geometry":{"type":"Polygon","coordinates":[[[5.17256,9.22601],[5.15784,9.23148],[5.1335,9.2761],[5.12953,9.31143],[5.14092,9.32537],[5.16226,9.32047],[5.19795,9.26472],[5.19673,9.24783],[5.17256,9.22601]]]}},{"type":"Feature","properties":{"NAME":"Kwale","DESIG_ENG":"Game Reserve","IUCN_CAT":"IV","STATUS":"Designated","STATUS_YR":1960,"GOV_TYPE":"Sub-national ministry or agency","_label":"Kwale","_status_group":"other","_year":1960,"_year_label":"Designation/status year","_states":["Delta"]},"geometry":{"type":"Point","coordinates":[6.45,5.72]}},{"type":"Feature","properties":{"NAME":"Kwankiro","DESIG_ENG":"Forest Reserve","IUCN_CAT":"Not Reported","GIS_AREA":4.482617,"STATUS":"Designated","STATUS_YR":0,"GOV_TYPE":"Sub-national ministry or agency","_label":"Kwankiro","_status_group":"other","_states":["Katsina"]},"geometry":{"type":"Polygon","coordinates":[[[7.15586,11.69034],[7.16557,11.69397],[7.17508,11.68077],[7.16199,11.66878],[7.14821,11.68466],[7.15038,11.69735],[7.15586,11.69034]]]}},{"type":"Feature","properties":{"NAME":"Kwari Kwasa","DESIG_ENG":"Forest Reserve","IUCN_CAT":"Not Reported","GIS_AREA":131.957224,"STATUS":"Designated","STATUS_YR":0,"GOV_TYPE":"Sub-national ministry or agency","_label":"Kwari Kwasa","_status_group":"other","_states":["Sokoto","Kebbi"]},"geometry":{"type":"Polygon","coordinates":[[[4.54875,11.84392],[4.53091,11.82683],[4.49898,11.84051],[4.48442,11.80507],[4.44489,11.79545],[4.4264,11.83739],[4.43212,11.85297],[4.42358,11.85817],[4.4149,11.85017],[4.40357,11.88206],[4.44039,11.87916],[4.49889,11.89932],[4.53792,11.92468],[4.54919,11.92008],[4.57779,11.96557],[4.57092,11.92142],[4.54465,11.86427],[4.54875,11.84392]]]}},{"type":"Feature","properties":{"NAME":"Kwaya Tera","DESIG_ENG":"Forest Reserve","IUCN_CAT":"Not Reported","GIS_AREA":17.609616,"STATUS":"Designated","STATUS_YR":0,"GOV_TYPE":"Sub-national ministry or agency","_label":"Kwaya Tera","_status_group":"other","_states":["Borno"]},"geometry":{"type":"Polygon","coordinates":[[[11.94984,10.48048],[11.93098,10.48677],[11.92673,10.5146],[11.90351,10.52838],[11.90107,10.53906],[11.93646,10.52712],[11.95619,10.50658],[11.94984,10.48048]]]}},{"type":"Feature","properties":{"NAME":"Kwogin Kerami","DESIG_ENG":"Forest Reserve","IUCN_CAT":"Not Reported","GIS_AREA":49.577995,"STATUS":"Designated","STATUS_YR":0,"GOV_TYPE":"Sub-national ministry or agency","_label":"Kwogin Kerami","_status_group":"other","_states":["Kaduna"]},"geometry":{"type":"Polygon","coordinates":[[[8.53878,10.58116],[8.56859,10.57807],[8.60901,10.5494],[8.61226,10.51134],[8.60353,10.49749],[8.59228,10.49619],[8.57428,10.50848],[8.5415,10.55269],[8.53296,10.57148],[8.53878,10.58116]]]}},{"type":"Feature","properties":{"NAME":"Kwoiba","DESIG_ENG":"Forest Reserve","IUCN_CAT":"Not Reported","GIS_AREA":3.698377,"STATUS":"Designated","STATUS_YR":0,"GOV_TYPE":"Sub-national ministry or agency","_label":"Kwoiba","_status_group":"other","_states":["Borno"]},"geometry":{"type":"Polygon","coordinates":[[[13.92049,12.00394],[13.90104,12.00437],[13.9021,12.01967],[13.91806,12.01963],[13.92049,12.00394]]]}},{"type":"Feature","properties":{"NAME":"Kwongoma","DESIG_ENG":"Forest Reserve","IUCN_CAT":"Not Reported","GIS_AREA":29.160571,"STATUS":"Designated","STATUS_YR":0,"GOV_TYPE":"Sub-national ministry or agency","_label":"Kwongoma","_status_group":"other","_states":["Niger"]},"geometry":{"type":"Polygon","coordinates":[[[6.41789,10.38932],[6.39575,10.3979],[6.45107,10.45298],[6.4668,10.43906],[6.46913,10.41107],[6.41789,10.38932]]]}},{"type":"Feature","properties":{"NAME":"Kyarana","DESIG_ENG":"Forest Reserve","IUCN_CAT":"Not Reported","GIS_AREA":3.699567,"STATUS":"Designated","STATUS_YR":0,"GOV_TYPE":"Sub-national ministry or agency","_label":"Kyarana","_status_group":"other","_states":["Kano"]},"geometry":{"type":"Polygon","coordinates":[[[8.13462,11.6107],[8.12065,11.61533],[8.1338,11.63353],[8.14349,11.62485],[8.13462,11.6107]]]}},{"type":"Feature","properties":{"NAME":"Labar","DESIG_ENG":"Forest Reserve","IUCN_CAT":"Not Reported","GIS_AREA":132.663805,"STATUS":"Designated","STATUS_YR":0,"GOV_TYPE":"Sub-national ministry or agency","_label":"Labar","_status_group":"other","_states":["Kaduna"]},"geometry":{"type":"Polygon","coordinates":[[[7.3017,10.86107],[7.33719,10.94513],[7.35377,10.95558],[7.36241,10.97674],[7.38181,10.98803],[7.38803,10.96009],[7.38357,10.94062],[7.36084,10.9154],[7.36746,10.90721],[7.37907,10.90946],[7.38285,10.89141],[7.4028,10.89734],[7.41318,10.88393],[7.4474,10.87648],[7.42091,10.86591],[7.43875,10.83153],[7.42912,10.8188],[7.43032,10.80546],[7.41754,10.81253],[7.3931,10.85251],[7.36351,10.82672],[7.31449,10.82931],[7.32261,10.84939],[7.3017,10.86107]]]}},{"type":"Feature","properties":{"NAME":"Lafia (Gongola State)","DESIG_ENG":"Forest Reserve","IUCN_CAT":"Not Reported","GIS_AREA":6.300398,"STATUS":"Designated","STATUS_YR":0,"GOV_TYPE":"Sub-national ministry or agency","_label":"Lafia (Gongola State)","_status_group":"other","_states":["Adamawa"]},"geometry":{"type":"Polygon","coordinates":[[[11.80842,9.66067],[11.8025,9.68506],[11.82298,9.68808],[11.82258,9.6629],[11.80842,9.66067]]]}},{"type":"Feature","properties":{"NAME":"Lafia (Plateau State)","DESIG_ENG":"Forest Reserve","IUCN_CAT":"Not Reported","GIS_AREA":0.471463,"STATUS":"Designated","STATUS_YR":0,"GOV_TYPE":"Sub-national ministry or agency","_label":"Lafia (Plateau State)","_status_group":"other","_states":["Nasarawa"]},"geometry":{"type":"Polygon","coordinates":[[[8.56953,8.47326],[8.5638,8.46866],[8.56317,8.47386],[8.56953,8.47326]]]}},{"type":"Feature","properties":{"NAME":"Lafiagi","DESIG_ENG":"Forest Reserve","IUCN_CAT":"Not Reported","GIS_AREA":104.222671,"STATUS":"Designated","STATUS_YR":0,"GOV_TYPE":"Sub-national ministry or agency","_label":"Lafiagi","_status_group":"other","_states":["Kwara"]},"geometry":{"type":"Polygon","coordinates":[[[5.19278,8.93483],[5.19628,8.90447],[5.23671,8.87207],[5.24435,8.84601],[5.22333,8.81857],[5.18134,8.80843],[5.15556,8.82778],[5.13855,8.87557],[5.16608,8.93425],[5.19278,8.93483]]]}},{"type":"Feature","properties":{"NAME":"Lafiagi Oro","DESIG_ENG":"Forest Reserve","IUCN_CAT":"Not Reported","GIS_AREA":740.002013,"STATUS":"Designated","STATUS_YR":0,"GOV_TYPE":"Sub-national ministry or agency","_label":"Lafiagi Oro","_status_group":"other","_states":["Kwara","Kogi"]},"geometry":{"type":"Polygon","coordinates":[[[5.39905,8.77804],[5.38437,8.77559],[5.37642,8.76529],[5.37645,8.73445],[5.35568,8.65863],[5.36806,8.63395],[5.3718,8.57501],[5.38645,8.54602],[5.377,8.51474],[5.3821,8.48596],[5.41762,8.41436],[5.39246,8.39855],[5.36297,8.36042],[5.33359,8.3454],[5.32491,8.36993],[5.31164,8.38036],[5.31134,8.40652],[5.2966,8.4062],[5.29263,8.42102],[5.26694,8.42993],[5.24983,8.45288],[5.24768,8.47604],[5.22806,8.4868],[5.2601,8.52079],[5.26004,8.54331],[5.28228,8.55015],[5.26706,8.57666],[5.27566,8.58254],[5.22577,8.58243],[5.18176,8.59238],[5.1669,8.61389],[5.10956,8.61278],[5.1149,8.62819],[5.10082,8.63982],[5.12805,8.65959],[5.0833,8.66391],[5.07333,8.67463],[5.07976,8.68947],[5.09511,8.69892],[5.17164,8.67791],[5.19512,8.69318],[5.22542,8.69044],[5.24955,8.70204],[5.25324,8.72623],[5.28009,8.73715],[5.2793,8.74944],[5.2964,8.75322],[5.30174,8.76563],[5.36339,8.7752],[5.37896,8.78781],[5.39833,8.78757],[5.39905,8.77804]]]}},{"type":"Feature","properties":{"NAME":"Laigbede","DESIG_ENG":"Forest Reserve","IUCN_CAT":"Not Reported","GIS_AREA":124.640398,"STATUS":"Designated","STATUS_YR":0,"GOV_TYPE":"Sub-national ministry or agency","_label":"Laigbede","_status_group":"other","_states":["Kogi"]},"geometry":{"type":"Polygon","coordinates":[[[5.88964,7.99775],[5.89029,7.92396],[5.86504,7.91893],[5.848,7.89889],[5.81508,7.91991],[5.80894,7.93388],[5.77333,7.94602],[5.77476,7.95442],[5.81861,7.97777],[5.81858,7.99951],[5.86505,8.0618],[5.90159,8.0166],[5.88964,7.99775]]]}},{"type":"Feature","properties":{"NAME":"Lainde","DESIG_ENG":"Forest Reserve","IUCN_CAT":"Not Reported","GIS_AREA":82.688498,"STATUS":"Designated","STATUS_YR":0,"GOV_TYPE":"Sub-national ministry or agency","_label":"Lainde","_status_group":"other","_states":["Adamawa"]},"geometry":{"type":"Polygon","coordinates":[[[12.31585,9.23618],[12.33111,9.23419],[12.3305,9.22452],[12.34181,9.21445],[12.32802,9.16883],[12.27332,9.1332],[12.27413,9.27054],[12.29859,9.27348],[12.31585,9.23618]]]}},{"type":"Feature","properties":{"NAME":"Lake Alo","DESIG_ENG":"Forest Reserve","IUCN_CAT":"Not Reported","GIS_AREA":31.59285,"STATUS":"Designated","STATUS_YR":0,"GOV_TYPE":"Sub-national ministry or agency","_label":"Lake Alo","_status_group":"other","_states":["Borno"]},"geometry":{"type":"Polygon","coordinates":[[[13.26907,11.68577],[13.292,11.69652],[13.30902,11.67488],[13.30075,11.66346],[13.28782,11.67519],[13.28287,11.67184],[13.29364,11.65601],[13.29865,11.61931],[13.27535,11.62578],[13.27086,11.66359],[13.24869,11.68332],[13.239,11.68267],[13.22728,11.71204],[13.23872,11.71424],[13.26907,11.68577]]]}},{"type":"Feature","properties":{"NAME":"Lake Chad Wetlands in Nigeria","DESIG_ENG":"Wetland of International Importance (Ramsar Site)","IUCN_CAT":"Not Reported","GIS_AREA":6037.661185,"STATUS":"Designated","STATUS_YR":2008,"GOV_TYPE":"Not Reported","_label":"Lake Chad Wetlands in Nigeria","_status_group":"other","_year":2008,"_year_label":"Designation/status year","_states":["Borno"]},"geometry":{"type":"Polygon","coordinates":[[[13.3411,13.71002],[13.63455,13.71068],[14.08543,13.07806],[14.17887,12.55412],[14.18383,12.52974],[14.19697,12.51526],[14.19792,12.50215],[14.17479,12.47083],[14.18057,12.44463],[14.19789,12.44316],[14.192,12.43767],[14.19593,12.42867],[14.17576,12.42372],[14.17304,12.40556],[14.13891,12.43371],[14.04806,12.41948],[14.00866,12.42167],[13.94736,12.45669],[13.87184,12.53331],[13.83244,12.55958],[13.71642,12.60117],[13.70876,12.6351],[13.69124,12.66356],[13.69015,12.68545],[13.69343,12.71391],[13.7197,12.73142],[13.72846,12.77739],[13.70766,12.81898],[13.71095,12.83978],[13.71751,12.85182],[13.74378,12.86714],[13.72846,12.88903],[13.73065,12.91749],[13.7197,12.94376],[13.74378,12.96237],[13.74597,12.98535],[13.76677,13.00943],[13.75035,13.04883],[13.80179,13.06635],[13.79085,13.08167],[13.73174,13.07182],[13.71642,13.07729],[13.71423,13.09261],[13.68687,13.12326],[13.61353,13.14953],[13.52159,13.20644],[13.48876,13.25679],[13.45702,13.33779],[13.41652,13.38923],[13.36508,13.42535],[13.3596,13.44615],[13.37274,13.52714],[13.37055,13.64097],[13.32348,13.68147],[13.3411,13.71002]]]}},{"type":"Feature","properties":{"NAME":"Lame","DESIG_ENG":"Forest Reserve","IUCN_CAT":"Not Reported","GIS_AREA":1497.112225,"STATUS":"Designated","STATUS_YR":0,"GOV_TYPE":"Sub-national ministry or agency","_label":"Lame","_status_group":"other","_states":["Bauchi"]},"geometry":{"type":"Polygon","coordinates":[[[9.56831,10.85432],[9.59017,10.85159],[9.58675,10.83525],[9.59755,10.78279],[9.56126,10.74964],[9.52136,10.68354],[9.51536,10.65776],[9.4873,10.613],[9.47487,10.6066],[9.47153,10.57779],[9.45347,10.5539],[9.4589,10.53192],[9.45061,10.50526],[9.4302,10.47306],[9.40017,10.47776],[9.35623,10.43682],[9.32129,10.46375],[9.18168,10.47324],[9.17021,10.49953],[9.16975,10.53616],[9.2029,10.63525],[9.15208,10.64046],[9.17247,10.71468],[9.16311,10.71929],[9.14304,10.71245],[9.11097,10.67974],[9.07152,10.66237],[9.08439,10.70043],[9.12144,10.74823],[9.15994,10.76116],[9.21596,10.79525],[9.24417,10.82357],[9.29562,10.81681],[9.3588,10.82673],[9.42557,10.81967],[9.43365,10.82719],[9.46143,10.81546],[9.4886,10.8237],[9.50256,10.82011],[9.53347,10.8396],[9.55392,10.83973],[9.56831,10.85432]]]}},{"type":"Feature","properties":{"NAME":"Lame-Burra","DESIG_ENG":"Game Reserve","IUCN_CAT":"IV","GIS_AREA":2337.25488,"STATUS":"Designated","STATUS_YR":1972,"GOV_TYPE":"Sub-national ministry or agency","_label":"Lame-Burra","_status_group":"other","_year":1972,"_year_label":"Designation/status year","_states":["Kano","Bauchi"]},"geometry":{"type":"Polygon","coordinates":[[[9.03765,10.65229],[9.06617,10.65642],[9.11526,10.67985],[9.25948,10.76747],[9.31952,10.79093],[9.42501,10.80241],[9.46068,10.77028],[9.47443,10.7707],[9.58139,10.80722],[9.56845,10.77926],[9.52586,10.74263],[9.50556,10.70747],[9.50693,10.59689],[9.4713,10.5558],[9.44498,10.48591],[9.42122,10.47002],[9.38061,10.45802],[9.35958,10.43922],[9.33645,10.4396],[9.26787,10.46217],[9.21357,10.43758],[9.19448,10.4448],[9.15936,10.49128],[9.15217,10.59086],[9.15828,10.641],[9.03944,10.58462],[8.989,10.54909],[8.95684,10.54835],[8.8798,10.58785],[8.83108,10.6674],[8.83071,10.68373],[8.84963,10.7106],[8.84682,10.72469],[8.7642,10.83806],[8.75803,10.87335],[8.74156,10.90494],[8.71354,10.94774],[8.68062,10.98051],[8.63126,11.00668],[8.72736,11.04508],[8.80185,11.09136],[8.87671,10.99427],[8.87653,10.949],[8.8623,10.90843],[8.87262,10.89221],[8.93041,10.85336],[8.92986,10.78527],[8.93815,10.75233],[8.98234,10.69201],[9.03765,10.65229]]]}},{"type":"Feature","properties":{"NAME":"Lamurde","DESIG_ENG":"Forest Reserve","IUCN_CAT":"Not Reported","GIS_AREA":2.79432,"STATUS":"Designated","STATUS_YR":0,"GOV_TYPE":"Sub-national ministry or agency","_label":"Lamurde","_status_group":"other","_states":["Adamawa"]},"geometry":{"type":"Polygon","coordinates":[[[11.7834,9.61946],[11.77215,9.61971],[11.76857,9.62882],[11.78562,9.63116],[11.7834,9.61946]]]}},{"type":"Feature","properties":{"NAME":"Langai","DESIG_ENG":"Forest Reserve","IUCN_CAT":"Not Reported","GIS_AREA":12.471621,"STATUS":"Designated","STATUS_YR":0,"GOV_TYPE":"Sub-national ministry or agency","_label":"Langai","_status_group":"other","_states":["Plateau","Bauchi"]},"geometry":{"type":"Polygon","coordinates":[[[9.32732,9.67504],[9.27381,9.69521],[9.26951,9.70969],[9.286,9.71207],[9.32254,9.68607],[9.32732,9.67504]]]}},{"type":"Feature","properties":{"NAME":"Lanlate","DESIG_ENG":"Forest Reserve","IUCN_CAT":"Not Reported","GIS_AREA":106.20081,"STATUS":"Designated","STATUS_YR":0,"GOV_TYPE":"Sub-national ministry or agency","_label":"Lanlate","_status_group":"other","_states":["Oyo"]},"geometry":{"type":"Polygon","coordinates":[[[3.68455,7.75026],[3.66125,7.71464],[3.615,7.67671],[3.58611,7.67462],[3.56525,7.70075],[3.56731,7.73294],[3.55925,7.74891],[3.56536,7.78877],[3.68455,7.75026]]]}},{"type":"Feature","properties":{"NAME":"Lantang","DESIG_ENG":"Forest Reserve","IUCN_CAT":"Not Reported","GIS_AREA":6.457793,"STATUS":"Designated","STATUS_YR":0,"GOV_TYPE":"Sub-national ministry or agency","_label":"Lantang","_status_group":"other","_states":["Plateau"]},"geometry":{"type":"Polygon","coordinates":[[[9.79845,9.06294],[9.78981,9.06435],[9.78254,9.07887],[9.78409,9.09193],[9.79317,9.09728],[9.79995,9.09495],[9.79845,9.06294]]]}},{"type":"Feature","properties":{"NAME":"Lekki","DESIG_ENG":"Strict Nature Reserve","IUCN_CAT":"Ia","GIS_AREA":4.896598,"STATUS":"Designated","STATUS_YR":0,"GOV_TYPE":"Federal or national ministry or agency","_label":"Lekki","_status_group":"other","_states":["Lagos"]},"geometry":{"type":"Polygon","coordinates":[[[3.73296,6.45557],[3.70846,6.45205],[3.70857,6.46818],[3.73216,6.47262],[3.73296,6.45557]]]}},{"type":"Feature","properties":{"NAME":"Lema","DESIG_ENG":"Forest Reserve","IUCN_CAT":"Not Reported","GIS_AREA":589.62114,"STATUS":"Designated","STATUS_YR":0,"GOV_TYPE":"Sub-national ministry or agency","_label":"Lema","_status_group":"other","_states":["Sokoto","Kebbi"]},"geometry":{"type":"Polygon","coordinates":[[[4.29875,13.25186],[4.32945,13.24101],[4.34006,13.18034],[4.32705,13.17021],[4.23882,12.95387],[4.22947,12.95074],[4.17505,12.97838],[4.17809,12.9886],[4.15787,12.99676],[4.15046,12.98401],[4.12533,12.98204],[4.09876,12.9979],[4.12946,13.1534],[4.15651,13.14974],[4.16698,13.15866],[4.18141,13.14518],[4.22746,13.14115],[4.23513,13.16818],[4.23512,13.17745],[4.21305,13.18447],[4.15449,13.1832],[4.15135,13.19358],[4.12979,13.19186],[4.13019,13.25124],[4.15446,13.25233],[4.23424,13.27969],[4.27657,13.27293],[4.29875,13.25186]]]}},{"type":"Feature","properties":{"NAME":"Lembi","DESIG_ENG":"Forest Reserve","IUCN_CAT":"Not Reported","GIS_AREA":13.269672,"STATUS":"Designated","STATUS_YR":0,"GOV_TYPE":"Sub-national ministry or agency","_label":"Lembi","_status_group":"other","_states":["Gombe"]},"geometry":{"type":"Polygon","coordinates":[[[11.06534,10.145],[11.11995,10.11588],[11.11599,10.0997],[11.07495,10.11714],[11.06534,10.145]]]}},{"type":"Feature","properties":{"NAME":"Lemsikari","DESIG_ENG":"Forest Reserve","IUCN_CAT":"Not Reported","GIS_AREA":14.877302,"STATUS":"Designated","STATUS_YR":0,"GOV_TYPE":"Sub-national ministry or agency","_label":"Lemsikari","_status_group":"other","_states":["Borno"]},"geometry":{"type":"Polygon","coordinates":[[[12.23639,10.67],[12.24495,10.65443],[12.23874,10.64842],[12.19619,10.6425],[12.20233,10.67214],[12.23639,10.67]]]}},{"type":"Feature","properties":{"NAME":"Libere","DESIG_ENG":"Forest Reserve","IUCN_CAT":"Not Reported","GIS_AREA":123.960506,"STATUS":"Designated","STATUS_YR":0,"GOV_TYPE":"Sub-national ministry or agency","_label":"Libere","_status_group":"other","_states":["Kaduna"]},"geometry":{"type":"Polygon","coordinates":[[[8.07936,10.47487],[8.15102,10.46362],[8.15183,10.4268],[8.17157,10.43266],[8.17685,10.42665],[8.16795,10.40397],[8.1494,10.39128],[8.13014,10.34992],[8.05881,10.34956],[8.07426,10.4121],[8.06586,10.46079],[8.07936,10.47487]]]}},{"type":"Feature","properties":{"NAME":"Liji Hills","DESIG_ENG":"Forest Reserve","IUCN_CAT":"Not Reported","GIS_AREA":17.298533,"STATUS":"Designated","STATUS_YR":0,"GOV_TYPE":"Sub-national ministry or agency","_label":"Liji Hills","_status_group":"other","_states":["Gombe"]},"geometry":{"type":"Polygon","coordinates":[[[11.25291,10.31551],[11.19679,10.28557],[11.18847,10.28817],[11.19121,10.30336],[11.20914,10.31804],[11.2447,10.32862],[11.25291,10.31551]]]}},{"type":"Feature","properties":{"NAME":"Limanti","DESIG_ENG":"Forest Reserve","IUCN_CAT":"Not Reported","GIS_AREA":88.525107,"STATUS":"Designated","STATUS_YR":0,"GOV_TYPE":"Sub-national ministry or agency","_label":"Limanti","_status_group":"other","_states":["Borno"]},"geometry":{"type":"Polygon","coordinates":[[[13.49544,11.96077],[13.48464,11.91211],[13.4645,11.90845],[13.46072,11.89923],[13.43782,11.90167],[13.43441,11.8837],[13.42058,11.87827],[13.32694,11.89408],[13.34199,11.9066],[13.36768,11.91159],[13.36994,11.9212],[13.36025,11.92171],[13.37156,11.93485],[13.41657,11.93987],[13.42907,11.93465],[13.4582,11.94707],[13.47107,11.97265],[13.48823,11.97854],[13.49544,11.96077]]]}},{"type":"Feature","properties":{"NAME":"Limoro","DESIG_ENG":"Forest Reserve","IUCN_CAT":"Not Reported","GIS_AREA":65.971269,"STATUS":"Designated","STATUS_YR":0,"GOV_TYPE":"Sub-national ministry or agency","_label":"Limoro","_status_group":"other","_states":["Plateau","Bauchi"]},"geometry":{"type":"Polygon","coordinates":[[[8.8821,10.35877],[8.91383,10.31466],[8.95771,10.28264],[8.96342,10.26519],[8.95846,10.25446],[8.94197,10.2579],[8.93515,10.27531],[8.88627,10.28391],[8.87469,10.27401],[8.85249,10.29923],[8.84724,10.32614],[8.85951,10.32576],[8.8651,10.35373],[8.8821,10.35877]]]}},{"type":"Feature","properties":{"NAME":"Little Osse","DESIG_ENG":"Forest Reserve","IUCN_CAT":"Not Reported","GIS_AREA":20.809216,"STATUS":"Designated","STATUS_YR":0,"GOV_TYPE":"Sub-national ministry or agency","_label":"Little Osse","_status_group":"other","_states":["Ondo","Ekiti"]},"geometry":{"type":"Polygon","coordinates":[[[5.54028,7.53137],[5.57935,7.48507],[5.60238,7.47474],[5.60199,7.46615],[5.5709,7.46566],[5.56713,7.48051],[5.53638,7.483],[5.53405,7.49613],[5.54323,7.49292],[5.54869,7.4996],[5.52747,7.53055],[5.54028,7.53137]]]}},{"type":"Feature","properties":{"NAME":"Lizai","DESIG_ENG":"Forest Reserve","IUCN_CAT":"Not Reported","GIS_AREA":27.706843,"STATUS":"Designated","STATUS_YR":0,"GOV_TYPE":"Sub-national ministry or agency","_label":"Lizai","_status_group":"other","_states":["Bauchi"]},"geometry":{"type":"Polygon","coordinates":[[[10.35265,11.88081],[10.36495,11.85884],[10.3638,11.84351],[10.31683,11.81607],[10.31776,11.86826],[10.33238,11.88035],[10.35265,11.88081]]]}},{"type":"Feature","properties":{"NAME":"Lokwoja","DESIG_ENG":"Forest Reserve","IUCN_CAT":"Not Reported","GIS_AREA":2.099793,"STATUS":"Designated","STATUS_YR":0,"GOV_TYPE":"Sub-national ministry or agency","_label":"Lokwoja","_status_group":"other","_states":["Borno"]},"geometry":{"type":"Polygon","coordinates":[[[12.29852,10.38574],[12.29885,10.36843],[12.28275,10.37461],[12.29852,10.38574]]]}},{"type":"Feature","properties":{"NAME":"Lower Enyong","DESIG_ENG":"Forest Reserve","IUCN_CAT":"Not Reported","GIS_AREA":25.46248,"STATUS":"Designated","STATUS_YR":0,"GOV_TYPE":"Sub-national ministry or agency","_label":"Lower Enyong","_status_group":"other","_states":["Cross River"]},"geometry":{"type":"Polygon","coordinates":[[[7.95647,5.25896],[7.9496,5.26302],[7.95473,5.29075],[7.93844,5.33307],[7.97147,5.3374],[7.98532,5.32732],[7.97923,5.29769],[7.95647,5.25896]]]}},{"type":"Feature","properties":{"NAME":"Lower Imo River","DESIG_ENG":"Forest Reserve","IUCN_CAT":"Not Reported","GIS_AREA":76.570215,"STATUS":"Designated","STATUS_YR":0,"GOV_TYPE":"Sub-national ministry or agency","_label":"Lower Imo River","_status_group":"other","_states":["Akwa Ibom","Rivers"]},"geometry":{"type":"Polygon","coordinates":[[[7.51688,4.67118],[7.49959,4.68035],[7.44334,4.75151],[7.508,4.79658],[7.52102,4.78061],[7.52431,4.74188],[7.54257,4.72659],[7.51688,4.67118]]]}},{"type":"Feature","properties":{"NAME":"Lower Kaduna-Middle Niger Floodplain","DESIG_ENG":"Wetland of International Importance (Ramsar Site)","IUCN_CAT":"Not Reported","GIS_AREA":2285.118735,"STATUS":"Designated","STATUS_YR":2008,"GOV_TYPE":"Not Reported","_label":"Lower Kaduna-Middle Niger Floodplain","_status_group":"other","_year":2008,"_year_label":"Designation/status year","_states":["Kwara","Kogi","Niger"]},"geometry":{"type":"Polygon","coordinates":[[[5.89499,8.98277],[5.91665,8.90018],[6.10448,8.80803],[6.24951,8.80047],[6.31548,8.76673],[6.31648,8.69976],[6.28275,8.63328],[6.26713,8.62926],[6.26764,8.64134],[6.25874,8.64338],[6.24599,8.68032],[6.23659,8.68099],[6.13184,8.63734],[6.09693,8.66755],[6.06537,8.68099],[6.07007,8.70381],[6.05328,8.7206],[6.0412,8.72261],[6.02508,8.7112],[5.99957,8.71523],[5.99688,8.70046],[5.95996,8.69777],[5.93444,8.71456],[5.87468,8.71254],[5.85588,8.71523],[5.8532,8.72194],[5.77195,8.72396],[5.73972,8.74276],[5.72831,8.7582],[5.57992,8.82266],[5.52352,8.86764],[5.42012,8.92539],[5.34828,8.9556],[5.24823,8.9556],[5.18646,8.97172],[5.1408,9.07713],[5.18377,9.10869],[5.20728,9.07445],[5.32612,9.08452],[5.35163,9.07042],[5.46779,9.04624],[5.50539,9.00327],[5.52486,8.99387],[5.56314,8.99186],[5.65915,8.95762],[5.69138,8.9603],[5.80552,8.94083],[5.81895,8.93344],[5.81694,8.92002],[5.83818,8.91528],[5.85858,8.92859],[5.80023,9.00054],[5.79881,9.0436],[5.81382,9.07646],[5.82657,9.1569],[5.83535,9.16228],[5.85461,9.15549],[5.84967,9.1006],[5.81744,9.03363],[5.83859,9.00392],[5.89499,8.98277]]]}},{"type":"Feature","properties":{"NAME":"Lower Orashi River","DESIG_ENG":"Forest Reserve","IUCN_CAT":"Not Reported","GIS_AREA":39.809888,"STATUS":"Designated","STATUS_YR":0,"GOV_TYPE":"Sub-national ministry or agency","_label":"Lower Orashi River","_status_group":"other","_states":["Rivers"]},"geometry":{"type":"Polygon","coordinates":[[[6.7215,4.71436],[6.66727,4.72974],[6.65987,4.76787],[6.70308,4.77415],[6.72793,4.76015],[6.73094,4.72485],[6.7215,4.71436]]]}},{"type":"Feature","properties":{"NAME":"Mada River North","DESIG_ENG":"Forest Reserve","IUCN_CAT":"Not Reported","GIS_AREA":20.875448,"STATUS":"Designated","STATUS_YR":0,"GOV_TYPE":"Sub-national ministry or agency","_label":"Mada River North","_status_group":"other","_states":["Nasarawa","Kaduna"]},"geometry":{"type":"Polygon","coordinates":[[[8.23816,9.14248],[8.26146,9.19002],[8.27458,9.20012],[8.27699,9.1548],[8.25231,9.12724],[8.23989,9.1265],[8.23816,9.14248]]]}},{"type":"Feature","properties":{"NAME":"Mada River South","DESIG_ENG":"Forest Reserve","IUCN_CAT":"Not Reported","GIS_AREA":29.96139,"STATUS":"Designated","STATUS_YR":0,"GOV_TYPE":"Sub-national ministry or agency","_label":"Mada River South","_status_group":"other","_states":["Nasarawa","Kaduna"]},"geometry":{"type":"Polygon","coordinates":[[[8.26334,9.04085],[8.25619,9.02524],[8.21581,9.03821],[8.19134,9.07362],[8.21533,9.10061],[8.2311,9.08822],[8.24211,9.05208],[8.26334,9.04085]]]}},{"type":"Feature","properties":{"NAME":"Madagine","DESIG_ENG":"Forest Reserve","IUCN_CAT":"Not Reported","GIS_AREA":58.61421,"STATUS":"Designated","STATUS_YR":0,"GOV_TYPE":"Sub-national ministry or agency","_label":"Madagine","_status_group":"other","_states":["Borno"]},"geometry":{"type":"MultiPolygon","coordinates":[[[[13.49174,12.08111],[13.5083,12.06417],[13.49681,12.05343],[13.51719,12.01646],[13.48168,11.99005],[13.451,11.99748],[13.4648,12.07668],[13.49174,12.08111]]],[[[13.57592,12.09215],[13.5666,12.08422],[13.54957,12.09204],[13.54445,12.08638],[13.52437,12.10527],[13.54649,12.10865],[13.57592,12.09215]]]]}},{"type":"Feature","properties":{"NAME":"Madalla","DESIG_ENG":"Forest Reserve","IUCN_CAT":"Not Reported","GIS_AREA":32.14666,"STATUS":"Designated","STATUS_YR":0,"GOV_TYPE":"Sub-national ministry or agency","_label":"Madalla","_status_group":"other","_states":["Abuja Federal Capital Territory","Niger"]},"geometry":{"type":"Polygon","coordinates":[[[7.25521,9.12016],[7.22306,9.12173],[7.2202,9.18026],[7.22255,9.20652],[7.23729,9.22023],[7.25607,9.12824],[7.25521,9.12016]]]}},{"type":"Feature","properties":{"NAME":"Madara","DESIG_ENG":"Forest Reserve","IUCN_CAT":"Not Reported","GIS_AREA":14.210196,"STATUS":"Designated","STATUS_YR":0,"GOV_TYPE":"Sub-national ministry or agency","_label":"Madara","_status_group":"other","_states":["Bauchi"]},"geometry":{"type":"Polygon","coordinates":[[[10.37835,11.74138],[10.4011,11.77604],[10.42109,11.78047],[10.43323,11.76644],[10.40444,11.74733],[10.37835,11.74138]]]}},{"type":"Feature","properties":{"NAME":"Madatai","DESIG_ENG":"Forest Reserve","IUCN_CAT":"Not Reported","GIS_AREA":83.420397,"STATUS":"Designated","STATUS_YR":0,"GOV_TYPE":"Sub-national ministry or agency","_label":"Madatai","_status_group":"other","_states":["Katsina"]},"geometry":{"type":"Polygon","coordinates":[[[7.58227,13.15355],[7.59473,13.09943],[7.57832,13.09487],[7.56786,13.06588],[7.54978,13.07046],[7.54429,13.09043],[7.52898,13.09737],[7.51438,13.11766],[7.48504,13.11913],[7.46429,13.10153],[7.44956,13.11071],[7.4594,13.13289],[7.48773,13.14975],[7.50911,13.1352],[7.55173,13.14146],[7.55501,13.15296],[7.53807,13.16221],[7.53542,13.17811],[7.56943,13.19915],[7.56461,13.15807],[7.58227,13.15355]]]}},{"type":"Feature","properties":{"NAME":"Mafa","DESIG_ENG":"Forest Reserve","IUCN_CAT":"Not Reported","GIS_AREA":6.660491,"STATUS":"Designated","STATUS_YR":0,"GOV_TYPE":"Sub-national ministry or agency","_label":"Mafa","_status_group":"other","_states":["Borno"]},"geometry":{"type":"Polygon","coordinates":[[[13.57828,11.93603],[13.56143,11.92422],[13.54563,11.94308],[13.57262,11.95297],[13.57828,11.93603]]]}},{"type":"Feature","properties":{"NAME":"Mafuta","DESIG_ENG":"Forest Reserve","IUCN_CAT":"Not Reported","GIS_AREA":7.373972,"STATUS":"Designated","STATUS_YR":0,"GOV_TYPE":"Sub-national ministry or agency","_label":"Mafuta","_status_group":"other","_states":["Jigawa"]},"geometry":{"type":"Polygon","coordinates":[[[9.18738,12.55191],[9.18092,12.55674],[9.21042,12.59949],[9.20434,12.56381],[9.18738,12.55191]]]}},{"type":"Feature","properties":{"NAME":"Mai Hula","DESIG_ENG":"Forest Reserve","IUCN_CAT":"Not Reported","GIS_AREA":2.408699,"STATUS":"Designated","STATUS_YR":0,"GOV_TYPE":"Sub-national ministry or agency","_label":"Mai Hula","_status_group":"other","_states":["Taraba"]},"geometry":{"type":"Polygon","coordinates":[[[11.0223,8.0032],[11.01299,8.00445],[11.01222,8.01437],[11.02598,8.01531],[11.0223,8.0032]]]}},{"type":"Feature","properties":{"NAME":"Mai Samari","DESIG_ENG":"Forest Reserve","IUCN_CAT":"Not Reported","GIS_AREA":4.069489,"STATUS":"Designated","STATUS_YR":0,"GOV_TYPE":"Sub-national ministry or agency","_label":"Mai Samari","_status_group":"other","_states":["Taraba"]},"geometry":{"type":"Polygon","coordinates":[[[11.11996,7.15627],[11.09418,7.14778],[11.0937,7.16019],[11.10448,7.16569],[11.11996,7.15627]]]}},{"type":"Feature","properties":{"NAME":"Mai-Ido","DESIG_ENG":"Forest Reserve","IUCN_CAT":"Not Reported","GIS_AREA":206.73308,"STATUS":"Designated","STATUS_YR":0,"GOV_TYPE":"Sub-national ministry or agency","_label":"Mai-Ido","_status_group":"other","_states":["Kaduna"]},"geometry":{"type":"Polygon","coordinates":[[[7.82222,10.03518],[7.85612,9.97673],[7.84343,9.91018],[7.74239,9.90885],[7.7276,9.92305],[7.69907,10.0422],[7.70639,10.0506],[7.72208,10.04901],[7.73572,10.00486],[7.75181,10.04868],[7.77081,10.06075],[7.80405,10.06655],[7.81845,10.05961],[7.82222,10.03518]],[[7.77298,9.9213],[7.78663,9.92936],[7.79355,9.95399],[7.7676,9.94241],[7.76405,9.92921],[7.77298,9.9213]]]}},{"type":"Feature","properties":{"NAME":"Maifari","DESIG_ENG":"Forest Reserve","IUCN_CAT":"Not Reported","GIS_AREA":5.60499,"STATUS":"Designated","STATUS_YR":0,"GOV_TYPE":"Sub-national ministry or agency","_label":"Maifari","_status_group":"other","_states":["Jigawa"]},"geometry":{"type":"Polygon","coordinates":[[[9.75312,12.59175],[9.75589,12.61099],[9.74414,12.6207],[9.74911,12.62579],[9.77188,12.61718],[9.75312,12.59175]]]}},{"type":"Feature","properties":{"NAME":"Maigazari","DESIG_ENG":"Forest Reserve","IUCN_CAT":"Not Reported","GIS_AREA":14.939586,"STATUS":"Designated","STATUS_YR":0,"GOV_TYPE":"Sub-national ministry or agency","_label":"Maigazari","_status_group":"other","_states":["Jigawa"]},"geometry":{"type":"Polygon","coordinates":[[[9.31961,12.59743],[9.40267,12.59631],[9.40726,12.5886],[9.3315,12.58034],[9.31108,12.58722],[9.31961,12.59743]]]}},{"type":"Feature","properties":{"NAME":"Maiwado","DESIG_ENG":"Forest Reserve","IUCN_CAT":"Not Reported","GIS_AREA":8.781952,"STATUS":"Designated","STATUS_YR":0,"GOV_TYPE":"Sub-national ministry or agency","_label":"Maiwado","_status_group":"other","_states":["Jigawa"]},"geometry":{"type":"Polygon","coordinates":[[[9.32439,12.36504],[9.30851,12.36542],[9.31369,12.40273],[9.32559,12.40511],[9.33067,12.38668],[9.32439,12.36504]]]}},{"type":"Feature","properties":{"NAME":"Maje (East)","DESIG_ENG":"Forest Reserve","IUCN_CAT":"Not Reported","GIS_AREA":17.83247,"STATUS":"Designated","STATUS_YR":0,"GOV_TYPE":"Sub-national ministry or agency","_label":"Maje (East)","_status_group":"other","_states":["Kano"]},"geometry":{"type":"Polygon","coordinates":[[[8.41143,11.54071],[8.39948,11.54481],[8.38304,11.58683],[8.38812,11.59849],[8.40306,11.59563],[8.42209,11.56672],[8.42245,11.54896],[8.41143,11.54071]]]}},{"type":"Feature","properties":{"NAME":"Maje (West)","DESIG_ENG":"Forest Reserve","IUCN_CAT":"Not Reported","GIS_AREA":9.212496,"STATUS":"Designated","STATUS_YR":0,"GOV_TYPE":"Sub-national ministry or agency","_label":"Maje (West)","_status_group":"other","_states":["Kaduna"]},"geometry":{"type":"Polygon","coordinates":[[[7.54385,11.24824],[7.51216,11.25473],[7.51723,11.28354],[7.53278,11.27692],[7.54385,11.24824]]]}},{"type":"Feature","properties":{"NAME":"Maje Abuchi","DESIG_ENG":"Forest Reserve","IUCN_CAT":"Not Reported","GIS_AREA":125.638206,"STATUS":"Designated","STATUS_YR":0,"GOV_TYPE":"Sub-national ministry or agency","_label":"Maje Abuchi","_status_group":"other","_states":["Abuja Federal Capital Territory","Niger"]},"geometry":{"type":"Polygon","coordinates":[[[7.08449,9.26335],[7.1268,9.26431],[7.16496,9.21865],[7.15864,9.19789],[7.16898,9.1704],[7.18537,9.1487],[7.19896,9.1432],[7.21005,9.11748],[7.20677,9.10121],[7.19179,9.08594],[7.15106,9.08716],[7.10346,9.13428],[7.08015,9.14136],[7.10325,9.14792],[7.10862,9.16562],[7.12592,9.17094],[7.13737,9.19582],[7.12155,9.20764],[7.10979,9.2386],[7.08449,9.26335]]]}},{"type":"Feature","properties":{"NAME":"Maki","DESIG_ENG":"Forest Reserve","IUCN_CAT":"Not Reported","GIS_AREA":10.543992,"STATUS":"Designated","STATUS_YR":0,"GOV_TYPE":"Sub-national ministry or agency","_label":"Maki","_status_group":"other","_states":["Adamawa"]},"geometry":{"type":"Polygon","coordinates":[[[12.99302,10.37682],[12.98317,10.38167],[12.99871,10.40763],[13.02265,10.41283],[13.02305,10.3954],[12.99302,10.37682]]]}},{"type":"Feature","properties":{"NAME":"Makurdi Fuel","DESIG_ENG":"Forest Reserve","IUCN_CAT":"Not Reported","GIS_AREA":22.278615,"STATUS":"Designated","STATUS_YR":0,"GOV_TYPE":"Sub-national ministry or agency","_label":"Makurdi Fuel","_status_group":"other","_states":["Benue"]},"geometry":{"type":"Polygon","coordinates":[[[8.58055,7.76649],[8.55397,7.76921],[8.58138,7.83497],[8.60518,7.83006],[8.58055,7.76649]]]}},{"type":"Feature","properties":{"NAME":"Maladumba","DESIG_ENG":"Forest Reserve","IUCN_CAT":"Not Reported","GIS_AREA":40.885332,"STATUS":"Designated","STATUS_YR":0,"GOV_TYPE":"Sub-national ministry or agency","_label":"Maladumba","_status_group":"other","_states":["Bauchi"]},"geometry":{"type":"Polygon","coordinates":[[[10.54092,11.26838],[10.51661,11.25956],[10.49958,11.2664],[10.50349,11.24858],[10.49259,11.25159],[10.48042,11.23384],[10.46733,11.23923],[10.4654,11.2298],[10.42869,11.22331],[10.41886,11.2146],[10.38684,11.22508],[10.38982,11.26672],[10.40451,11.24179],[10.42744,11.23374],[10.46187,11.25965],[10.47422,11.25761],[10.47952,11.27319],[10.49787,11.28708],[10.54092,11.26838]]]}},{"type":"Feature","properties":{"NAME":"Maladumba Lake","DESIG_ENG":"Wetland of International Importance (Ramsar Site)","IUCN_CAT":"Not Reported","STATUS":"Designated","STATUS_YR":2008,"GOV_TYPE":"Sub-national ministry or agency","_label":"Maladumba Lake","_status_group":"other","_year":2008,"_year_label":"Designation/status year","_states":["Bauchi"]},"geometry":{"type":"Point","coordinates":[9.85,10.4]}},{"type":"Feature","properties":{"NAME":"Malechana","DESIG_ENG":"Forest Reserve","IUCN_CAT":"Not Reported","GIS_AREA":39.005818,"STATUS":"Designated","STATUS_YR":0,"GOV_TYPE":"Sub-national ministry or agency","_label":"Malechana","_status_group":"other","_states":["Yobe"]},"geometry":{"type":"Polygon","coordinates":[[[11.00112,11.39122],[11.07478,11.348],[11.08458,11.32636],[11.02542,11.33969],[11.01494,11.35107],[10.97243,11.36811],[11.00112,11.39122]]]}},{"type":"Feature","properties":{"NAME":"Mallamji","DESIG_ENG":"Forest Reserve","IUCN_CAT":"Not Reported","GIS_AREA":847.629236,"STATUS":"Designated","STATUS_YR":0,"GOV_TYPE":"Sub-national ministry or agency","_label":"Mallamji","_status_group":"other","_states":["Sokoto"]},"geometry":{"type":"Polygon","coordinates":[[[5.29867,12.56266],[5.41321,12.57184],[5.45211,12.55255],[5.46053,12.50522],[5.45952,12.43355],[5.26246,12.36451],[5.23436,12.37847],[5.21748,12.34388],[5.1445,12.37627],[5.12498,12.4071],[5.09305,12.43186],[5.09384,12.44264],[5.0753,12.4724],[5.08337,12.50588],[5.07582,12.54338],[5.08568,12.57837],[5.20705,12.60725],[5.29867,12.56266]]]}},{"type":"Feature","properties":{"NAME":"Mamu River","DESIG_ENG":"Forest Reserve","IUCN_CAT":"Not Reported","GIS_AREA":52.491533,"STATUS":"Designated","STATUS_YR":0,"GOV_TYPE":"Sub-national ministry or agency","_label":"Mamu River","_status_group":"other","_states":["Anambra"]},"geometry":{"type":"Polygon","coordinates":[[[7.18431,6.19163],[7.19544,6.19451],[7.21794,6.18468],[7.21304,6.16364],[7.1919,6.15274],[7.18418,6.13304],[7.16941,6.15588],[7.16114,6.14958],[7.13596,6.16324],[7.1432,6.18022],[7.1362,6.19389],[7.15811,6.22677],[7.1713,6.22883],[7.16966,6.22306],[7.18332,6.21721],[7.18431,6.19163]]]}},{"type":"Feature","properties":{"NAME":"Mando","DESIG_ENG":"Forest Reserve","IUCN_CAT":"Not Reported","GIS_AREA":152.339261,"STATUS":"Designated","STATUS_YR":0,"GOV_TYPE":"Sub-national ministry or agency","_label":"Mando","_status_group":"other","_states":["Niger","Kaduna"]},"geometry":{"type":"Polygon","coordinates":[[[6.61898,10.68586],[6.63577,10.68722],[6.66683,10.67509],[6.62219,10.6485],[6.62865,10.62924],[6.62697,10.58401],[6.60596,10.59662],[6.56937,10.59301],[6.57204,10.5577],[6.55122,10.54214],[6.53118,10.53926],[6.51076,10.58731],[6.48938,10.60314],[6.52709,10.6404],[6.56413,10.60283],[6.59286,10.60887],[6.59315,10.6443],[6.57459,10.64702],[6.54606,10.6374],[6.53384,10.64845],[6.5477,10.66194],[6.54233,10.68392],[6.5763,10.70537],[6.59994,10.73528],[6.61069,10.70862],[6.6034,10.6959],[6.61898,10.68586]]]}},{"type":"Feature","properties":{"NAME":"Mando Road North","DESIG_ENG":"Forest Reserve","IUCN_CAT":"Not Reported","GIS_AREA":110.338209,"STATUS":"Designated","STATUS_YR":0,"GOV_TYPE":"Sub-national ministry or agency","_label":"Mando Road North","_status_group":"other","_states":["Kaduna"]},"geometry":{"type":"Polygon","coordinates":[[[7.06978,10.73202],[7.11107,10.71971],[7.11637,10.67487],[7.12792,10.65922],[7.12562,10.63709],[7.10833,10.62408],[7.01295,10.67704],[6.99942,10.6746],[6.99395,10.68395],[7.00518,10.71863],[7.01801,10.72902],[7.06978,10.73202]]]}},{"type":"Feature","properties":{"NAME":"Mando Road South","DESIG_ENG":"Forest Reserve","IUCN_CAT":"Not Reported","GIS_AREA":125.337921,"STATUS":"Designated","STATUS_YR":0,"GOV_TYPE":"Sub-national ministry or agency","_label":"Mando Road South","_status_group":"other","_states":["Kaduna"]},"geometry":{"type":"Polygon","coordinates":[[[7.14059,10.48984],[7.0662,10.4795],[7.06485,10.49136],[7.08658,10.51881],[7.1019,10.56712],[7.14664,10.60547],[7.18237,10.60775],[7.19498,10.54571],[7.17957,10.51105],[7.14059,10.48984]]]}},{"type":"Feature","properties":{"NAME":"Manu","DESIG_ENG":"Forest Reserve","IUCN_CAT":"Not Reported","GIS_AREA":32.050985,"STATUS":"Designated","STATUS_YR":0,"GOV_TYPE":"Sub-national ministry or agency","_label":"Manu","_status_group":"other","_states":["Sokoto"]},"geometry":{"type":"Polygon","coordinates":[[[4.83334,13.63802],[4.86297,13.68753],[4.89607,13.68745],[4.89574,13.65535],[4.85716,13.61589],[4.83334,13.63802]]]}},{"type":"Feature","properties":{"NAME":"Maradun","DESIG_ENG":"Forest Reserve","IUCN_CAT":"Not Reported","GIS_AREA":356.538237,"STATUS":"Designated","STATUS_YR":0,"GOV_TYPE":"Sub-national ministry or agency","_label":"Maradun","_status_group":"other","_states":["Zamfara"]},"geometry":{"type":"Polygon","coordinates":[[[6.38767,12.97325],[6.39852,12.88176],[6.30351,12.79224],[6.28594,12.78723],[6.26969,12.77041],[6.25248,12.77396],[6.21289,12.84066],[6.19922,12.89453],[6.18242,12.90054],[6.18233,12.95369],[6.21708,12.96574],[6.26759,12.95431],[6.38767,12.97325]]]}},{"type":"Feature","properties":{"NAME":"Marafa","DESIG_ENG":"Forest Reserve","IUCN_CAT":"Not Reported","GIS_AREA":7.669108,"STATUS":"Designated","STATUS_YR":0,"GOV_TYPE":"Sub-national ministry or agency","_label":"Marafa","_status_group":"other","_states":["Niger"]},"geometry":{"type":"Polygon","coordinates":[[[6.0245,9.14013],[6.01217,9.15319],[6.02218,9.18144],[6.03337,9.16162],[6.0245,9.14013]]]}},{"type":"Feature","properties":{"NAME":"Marama Hill","DESIG_ENG":"Forest Reserve","IUCN_CAT":"Not Reported","GIS_AREA":48.793939,"STATUS":"Designated","STATUS_YR":0,"GOV_TYPE":"Sub-national ministry or agency","_label":"Marama Hill","_status_group":"other","_states":["Borno"]},"geometry":{"type":"Polygon","coordinates":[[[12.18671,10.43603],[12.2088,10.4342],[12.22336,10.4214],[12.21741,10.40379],[12.19903,10.40399],[12.21218,10.38013],[12.19761,10.35935],[12.17639,10.36042],[12.16697,10.33799],[12.13779,10.33854],[12.12582,10.35617],[12.1347,10.35408],[12.13386,10.3669],[12.14509,10.38274],[12.15132,10.36931],[12.16046,10.36976],[12.18913,10.4171],[12.18671,10.43603]]]}},{"type":"Feature","properties":{"NAME":"Marbe","DESIG_ENG":"Forest Reserve","IUCN_CAT":"Not Reported","GIS_AREA":341.296177,"STATUS":"Designated","STATUS_YR":0,"GOV_TYPE":"Sub-national ministry or agency","_label":"Marbe","_status_group":"other","_states":["Zamfara"]},"geometry":{"type":"Polygon","coordinates":[[[6.70595,11.89628],[6.72206,11.86753],[6.7441,11.87445],[6.76264,11.85943],[6.74506,11.82327],[6.75987,11.73218],[6.70677,11.73388],[6.66681,11.71921],[6.64198,11.71949],[6.64428,11.74838],[6.63769,11.7643],[6.61657,11.79401],[6.56745,11.83609],[6.55805,11.87303],[6.60174,11.90893],[6.60976,11.89375],[6.62994,11.89817],[6.63777,11.94993],[6.65043,11.95517],[6.67486,11.95496],[6.68786,11.94425],[6.70427,11.92189],[6.70595,11.89628]],[[6.63014,11.86845],[6.61423,11.86763],[6.61646,11.84668],[6.63103,11.84785],[6.63014,11.86845]]]}},{"type":"Feature","properties":{"NAME":"Margadu-Kabak Wetlands","DESIG_ENG":"Game Reserve","IUCN_CAT":"IV","STATUS":"Designated","STATUS_YR":0,"GOV_TYPE":"Sub-national ministry or agency","_label":"Margadu-Kabak Wetlands","_status_group":"other","_states":["Yobe"]},"geometry":{"type":"Point","coordinates":[10.46667,12.88333]}},{"type":"Feature","properties":{"NAME":"Marguba","DESIG_ENG":"Forest Reserve","IUCN_CAT":"Not Reported","GIS_AREA":352.676883,"STATUS":"Designated","STATUS_YR":0,"GOV_TYPE":"Sub-national ministry or agency","_label":"Marguba","_status_group":"other","_states":["Borno"]},"geometry":{"type":"Polygon","coordinates":[[[12.7429,11.6451],[12.75011,11.63244],[12.75933,11.63331],[12.79364,11.56991],[12.77923,11.55921],[12.78546,11.53432],[12.81308,11.53396],[12.80277,11.51867],[12.80584,11.45177],[12.71007,11.44656],[12.68398,11.43534],[12.66055,11.4094],[12.63921,11.42275],[12.60412,11.46295],[12.63434,11.52043],[12.62532,11.54008],[12.65239,11.56496],[12.67021,11.59646],[12.7429,11.6451]]]}},{"type":"Feature","properties":{"NAME":"Marhai","DESIG_ENG":"National Park","IUCN_CAT":"Not Reported","GIS_AREA":69.394886,"STATUS":"Designated","STATUS_YR":2020,"GOV_TYPE":"Federal or national ministry or agency","_label":"Marhai","_status_group":"other","_year":2020,"_year_label":"Designation/status year","_states":["Plateau","Nasarawa"]},"geometry":{"type":"Polygon","coordinates":[[[8.77351,9.14931],[8.75517,9.13897],[8.73144,9.14679],[8.69882,9.13513],[8.65885,9.1573],[8.64638,9.17869],[8.7143,9.2027],[8.71127,9.19577],[8.7737,9.17278],[8.77351,9.14931]]]}},{"type":"Feature","properties":{"NAME":"Maribara","DESIG_ENG":"Forest Reserve","IUCN_CAT":"Not Reported","GIS_AREA":2.493958,"STATUS":"Designated","STATUS_YR":0,"GOV_TYPE":"Sub-national ministry or agency","_label":"Maribara","_status_group":"other","_states":["Katsina"]},"geometry":{"type":"Polygon","coordinates":[[[8.57738,12.82675],[8.56643,12.83062],[8.5764,12.84365],[8.58208,12.83783],[8.57738,12.82675]]]}},{"type":"Feature","properties":{"NAME":"Maru Bongudu","DESIG_ENG":"Forest Reserve","IUCN_CAT":"Not Reported","GIS_AREA":195.884757,"STATUS":"Designated","STATUS_YR":0,"GOV_TYPE":"Sub-national ministry or agency","_label":"Maru Bongudu","_status_group":"other","_states":["Zamfara"]},"geometry":{"type":"Polygon","coordinates":[[[6.25554,11.66456],[6.25517,11.70018],[6.28148,11.77164],[6.25939,11.80523],[6.25659,11.84239],[6.26822,11.87775],[6.29116,11.88405],[6.30463,11.87949],[6.3537,11.83171],[6.36992,11.79684],[6.34816,11.76519],[6.33622,11.69335],[6.25554,11.66456]]]}},{"type":"Feature","properties":{"NAME":"Matanfada","DESIG_ENG":"Forest Reserve","IUCN_CAT":"Not Reported","GIS_AREA":17.705786,"STATUS":"Designated","STATUS_YR":0,"GOV_TYPE":"Sub-national ministry or agency","_label":"Matanfada","_status_group":"other","_states":["Kano"]},"geometry":{"type":"Polygon","coordinates":[[[8.26673,12.5015],[8.21611,12.49911],[8.20967,12.50747],[8.25294,12.53249],[8.2678,12.51853],[8.26673,12.5015]]]}},{"type":"Feature","properties":{"NAME":"Matsago","DESIG_ENG":"Forest Reserve","IUCN_CAT":"Not Reported","GIS_AREA":7.324067,"STATUS":"Designated","STATUS_YR":0,"GOV_TYPE":"Sub-national ministry or agency","_label":"Matsago","_status_group":"other","_states":["Jigawa"]},"geometry":{"type":"Polygon","coordinates":[[[9.48577,12.3798],[9.47688,12.37414],[9.43777,12.37931],[9.47554,12.39241],[9.48577,12.3798]]]}},{"type":"Feature","properties":{"NAME":"Matsena","DESIG_ENG":"Forest Reserve","IUCN_CAT":"Not Reported","GIS_AREA":138.651526,"STATUS":"Designated","STATUS_YR":0,"GOV_TYPE":"Sub-national ministry or agency","_label":"Matsena","_status_group":"other","_states":["Yobe"]},"geometry":{"type":"Polygon","coordinates":[[[10.15861,13.00773],[10.14231,13.00165],[10.09881,13.00901],[10.09882,13.02551],[10.14931,13.08534],[10.14073,13.11091],[10.21368,13.14724],[10.22857,13.14481],[10.2544,13.12247],[10.25238,13.0932],[10.22894,13.07046],[10.1962,13.05744],[10.15861,13.00773]]]}},{"type":"Feature","properties":{"NAME":"Mawarta","DESIG_ENG":"Forest Reserve","IUCN_CAT":"Not Reported","GIS_AREA":70.670742,"STATUS":"Designated","STATUS_YR":0,"GOV_TYPE":"Sub-national ministry or agency","_label":"Mawarta","_status_group":"other","_states":["Borno"]},"geometry":{"type":"Polygon","coordinates":[[[14.15839,11.71258],[14.1259,11.7103],[14.12011,11.78693],[14.12769,11.80659],[14.16501,11.82045],[14.16979,11.80702],[14.19665,11.79008],[14.20216,11.77855],[14.18396,11.74618],[14.15672,11.73104],[14.15839,11.71258]]]}},{"type":"Feature","properties":{"NAME":"Mawashi","DESIG_ENG":"Forest Reserve","IUCN_CAT":"Not Reported","GIS_AREA":10.672844,"STATUS":"Designated","STATUS_YR":0,"GOV_TYPE":"Sub-national ministry or agency","_label":"Mawashi","_status_group":"other","_states":["Katsina"]},"geometry":{"type":"MultiPolygon","coordinates":[[[[8.06115,12.54354],[8.04519,12.51893],[8.02464,12.52766],[8.06115,12.54354]]],[[[8.02723,12.53651],[7.99354,12.531],[7.99612,12.53962],[8.02964,12.54722],[8.02723,12.53651]]]]}},{"type":"Feature","properties":{"NAME":"Mawulli","DESIG_ENG":"Forest Reserve","IUCN_CAT":"Not Reported","GIS_AREA":12.789655,"STATUS":"Designated","STATUS_YR":0,"GOV_TYPE":"Sub-national ministry or agency","_label":"Mawulli","_status_group":"other","_states":["Borno"]},"geometry":{"type":"MultiPolygon","coordinates":[[[[13.71916,12.27399],[13.70144,12.28381],[13.71969,12.29929],[13.73176,12.28496],[13.71916,12.27399]]],[[[13.67293,12.33064],[13.66266,12.34722],[13.68226,12.3548],[13.69508,12.34709],[13.69533,12.34024],[13.67293,12.33064]]]]}},{"type":"Feature","properties":{"NAME":"Mayo Ndaga","DESIG_ENG":"Forest Reserve","IUCN_CAT":"Not Reported","GIS_AREA":21.305679,"STATUS":"Designated","STATUS_YR":0,"GOV_TYPE":"Sub-national ministry or agency","_label":"Mayo Ndaga","_status_group":"other","_states":["Taraba"]},"geometry":{"type":"Polygon","coordinates":[[[11.44606,6.90671],[11.41768,6.90812],[11.40947,6.93494],[11.42066,6.9436],[11.45101,6.94433],[11.46782,6.9271],[11.44606,6.90671]]]}},{"type":"Feature","properties":{"NAME":"Mazanbiya","DESIG_ENG":"Forest Reserve","IUCN_CAT":"Not Reported","GIS_AREA":7.39741,"STATUS":"Designated","STATUS_YR":0,"GOV_TYPE":"Sub-national ministry or agency","_label":"Mazanbiya","_status_group":"other","_states":["Katsina"]},"geometry":{"type":"Polygon","coordinates":[[[7.30696,13.04895],[7.27861,13.04459],[7.27794,13.05909],[7.29031,13.06483],[7.30805,13.06043],[7.30696,13.04895]]]}},{"type":"Feature","properties":{"NAME":"Mbaafon","DESIG_ENG":"Forest Reserve","IUCN_CAT":"Not Reported","GIS_AREA":0.687441,"STATUS":"Designated","STATUS_YR":0,"GOV_TYPE":"Sub-national ministry or agency","_label":"Mbaafon","_status_group":"other","_states":["Benue"]},"geometry":{"type":"Polygon","coordinates":[[[9.13868,6.88067],[9.1312,6.87449],[9.1321,6.88106],[9.13868,6.88067]]]}},{"type":"Feature","properties":{"NAME":"Mbaav 1","DESIG_ENG":"Forest Reserve","IUCN_CAT":"Not Reported","GIS_AREA":2.457954,"STATUS":"Designated","STATUS_YR":0,"GOV_TYPE":"Sub-national ministry or agency","_label":"Mbaav 1","_status_group":"other","_states":["Benue"]},"geometry":{"type":"Polygon","coordinates":[[[8.39417,7.2711],[8.38212,7.28151],[8.40242,7.28484],[8.39886,7.27512],[8.39417,7.2711]]]}},{"type":"Feature","properties":{"NAME":"Mbaav 2","DESIG_ENG":"Forest Reserve","IUCN_CAT":"Not Reported","GIS_AREA":8.668726,"STATUS":"Designated","STATUS_YR":0,"GOV_TYPE":"Sub-national ministry or agency","_label":"Mbaav 2","_status_group":"other","_states":["Benue"]},"geometry":{"type":"Polygon","coordinates":[[[8.50822,7.21929],[8.49818,7.22347],[8.49168,7.25646],[8.5175,7.24894],[8.50822,7.21929]]]}},{"type":"Feature","properties":{"NAME":"Mbaava","DESIG_ENG":"Forest Reserve","IUCN_CAT":"Not Reported","GIS_AREA":15.927449,"STATUS":"Designated","STATUS_YR":0,"GOV_TYPE":"Sub-national ministry or agency","_label":"Mbaava","_status_group":"other","_states":["Benue"]},"geometry":{"type":"Polygon","coordinates":[[[8.69847,7.05571],[8.75713,7.053],[8.75829,7.03484],[8.72499,7.03131],[8.69701,7.04788],[8.69847,7.05571]]]}},{"type":"Feature","properties":{"NAME":"Mbahura","DESIG_ENG":"Forest Reserve","IUCN_CAT":"Not Reported","GIS_AREA":4.711871,"STATUS":"Designated","STATUS_YR":0,"GOV_TYPE":"Sub-national ministry or agency","_label":"Mbahura","_status_group":"other","_states":["Benue"]},"geometry":{"type":"Polygon","coordinates":[[[9.3287,6.74766],[9.30794,6.74629],[9.30574,6.76296],[9.32633,6.76352],[9.3287,6.74766]]]}},{"type":"Feature","properties":{"NAME":"Mbakoso","DESIG_ENG":"Forest Reserve","IUCN_CAT":"Not Reported","GIS_AREA":1.886751,"STATUS":"Designated","STATUS_YR":0,"GOV_TYPE":"Sub-national ministry or agency","_label":"Mbakoso","_status_group":"other","_states":["Benue"]},"geometry":{"type":"Polygon","coordinates":[[[9.29724,6.86607],[9.29071,6.87068],[9.30076,6.88275],[9.30339,6.8741],[9.29724,6.86607]]]}},{"type":"Feature","properties":{"NAME":"Mbakpa","DESIG_ENG":"Forest Reserve","IUCN_CAT":"Not Reported","GIS_AREA":4.413114,"STATUS":"Designated","STATUS_YR":0,"GOV_TYPE":"Sub-national ministry or agency","_label":"Mbakpa","_status_group":"other","_states":["Benue"]},"geometry":{"type":"Polygon","coordinates":[[[8.14047,7.55631],[8.12558,7.56413],[8.12712,7.57616],[8.14639,7.56729],[8.14047,7.55631]]]}},{"type":"Feature","properties":{"NAME":"Mbamsjrom","DESIG_ENG":"Forest Reserve","IUCN_CAT":"Not Reported","GIS_AREA":4.670734,"STATUS":"Designated","STATUS_YR":0,"GOV_TYPE":"Sub-national ministry or agency","_label":"Mbamsjrom","_status_group":"other","_states":["Benue"]},"geometry":{"type":"Polygon","coordinates":[[[9.30297,7.02212],[9.28686,7.0246],[9.28059,7.03571],[9.30296,7.03664],[9.30909,7.03032],[9.30297,7.02212]]]}},{"type":"Feature","properties":{"NAME":"Mbanue","DESIG_ENG":"Forest Reserve","IUCN_CAT":"Not Reported","GIS_AREA":5.224059,"STATUS":"Designated","STATUS_YR":0,"GOV_TYPE":"Sub-national ministry or agency","_label":"Mbanue","_status_group":"other","_states":["Benue"]},"geometry":{"type":"Polygon","coordinates":[[[8.76454,7.43791],[8.75668,7.43978],[8.7563,7.44859],[8.77359,7.471],[8.77657,7.46057],[8.76454,7.43791]]]}},{"type":"Feature","properties":{"NAME":"Mbatan","DESIG_ENG":"Forest Reserve","IUCN_CAT":"Not Reported","GIS_AREA":6.025359,"STATUS":"Designated","STATUS_YR":0,"GOV_TYPE":"Sub-national ministry or agency","_label":"Mbatan","_status_group":"other","_states":["Benue"]},"geometry":{"type":"Polygon","coordinates":[[[8.87716,7.2902],[8.86739,7.29081],[8.85083,7.29864],[8.87035,7.31379],[8.88014,7.30368],[8.87716,7.2902]]]}},{"type":"Feature","properties":{"NAME":"Mbatiav","DESIG_ENG":"Forest Reserve","IUCN_CAT":"Not Reported","GIS_AREA":3.190612,"STATUS":"Designated","STATUS_YR":0,"GOV_TYPE":"Sub-national ministry or agency","_label":"Mbatiav","_status_group":"other","_states":["Benue","Taraba"]},"geometry":{"type":"Polygon","coordinates":[[[9.72832,7.65966],[9.7183,7.66399],[9.72568,7.68592],[9.73333,7.68805],[9.72832,7.65966]]]}},{"type":"Feature","properties":{"NAME":"Mbe Mountains","DESIG_ENG":"Community Forest","IUCN_CAT":"Not Reported","GIS_AREA":86.048695,"STATUS":"Designated","STATUS_YR":0,"GOV_TYPE":"Local communities","_label":"Mbe Mountains","_status_group":"other","_states":["Cross River"]},"geometry":{"type":"Polygon","coordinates":[[[9.11732,6.24059],[9.08921,6.18549],[9.06518,6.20391],[9.04421,6.20656],[9.03428,6.21859],[9.06046,6.27025],[9.0758,6.351],[9.0908,6.36579],[9.10688,6.25014],[9.11732,6.24059]]]}},{"type":"Feature","properties":{"NAME":"Meko","DESIG_ENG":"Game Reserve","IUCN_CAT":"Not Reported","GIS_AREA":746.605203,"STATUS":"Proposed","STATUS_YR":0,"GOV_TYPE":"Sub-national ministry or agency","_label":"Meko","_status_group":"proposed","_states":["Ogun","Oyo"]},"geometry":{"type":"Polygon","coordinates":[[[2.76369,7.96231],[2.89309,7.9322],[2.8732,7.91008],[2.86614,7.8769],[2.87742,7.85073],[2.8782,7.81703],[2.9074,7.79458],[2.90501,7.75546],[2.92078,7.73066],[2.94146,7.71598],[2.93694,7.68658],[2.94628,7.68997],[2.97626,7.79154],[3.00567,7.78444],[3.01909,7.76169],[3.00278,7.73642],[3.0033,7.70888],[2.99084,7.70328],[2.99751,7.69275],[2.9842,7.68741],[2.99768,7.67618],[2.98825,7.63401],[2.97804,7.62061],[2.98281,7.60024],[2.97168,7.58966],[2.94765,7.5929],[2.93187,7.60574],[2.92549,7.6252],[2.89779,7.65082],[2.73154,7.70115],[2.72738,7.80804],[2.71085,7.81781],[2.69594,7.85718],[2.66741,7.89089],[2.68898,7.91071],[2.69111,7.92446],[2.72027,7.92743],[2.76369,7.96231]]]}},{"type":"Feature","properties":{"NAME":"Meko","DESIG_ENG":"Forest Reserve","IUCN_CAT":"Not Reported","GIS_AREA":746.605203,"STATUS":"Designated","STATUS_YR":0,"GOV_TYPE":"Sub-national ministry or agency","_label":"Meko","_status_group":"other","_states":["Ogun","Oyo"]},"geometry":{"type":"Polygon","coordinates":[[[2.76369,7.96231],[2.89309,7.9322],[2.8732,7.91008],[2.86614,7.8769],[2.87742,7.85073],[2.8782,7.81703],[2.9074,7.79458],[2.90501,7.75546],[2.92078,7.73066],[2.94146,7.71598],[2.93694,7.68658],[2.94628,7.68997],[2.97626,7.79154],[3.00567,7.78444],[3.01909,7.76169],[3.00278,7.73642],[3.0033,7.70888],[2.99084,7.70328],[2.99751,7.69275],[2.9842,7.68741],[2.99768,7.67618],[2.98825,7.63401],[2.97804,7.62061],[2.98281,7.60024],[2.97168,7.58966],[2.94765,7.5929],[2.93187,7.60574],[2.92549,7.6252],[2.89779,7.65082],[2.73154,7.70115],[2.72738,7.80804],[2.71085,7.81781],[2.69594,7.85718],[2.66741,7.89089],[2.68898,7.91071],[2.69111,7.92446],[2.72027,7.92743],[2.76369,7.96231]]]}},{"type":"Feature","properties":{"NAME":"Mele","DESIG_ENG":"Forest Reserve","IUCN_CAT":"Not Reported","GIS_AREA":9.916063,"STATUS":"Designated","STATUS_YR":0,"GOV_TYPE":"Sub-national ministry or agency","_label":"Mele","_status_group":"other","_states":["Jigawa"]},"geometry":{"type":"Polygon","coordinates":[[[9.50679,12.63382],[9.48209,12.64645],[9.51402,12.67778],[9.52207,12.66904],[9.50679,12.63382]]]}},{"type":"Feature","properties":{"NAME":"Meleri","DESIG_ENG":"Forest Reserve","IUCN_CAT":"Not Reported","GIS_AREA":4.685739,"STATUS":"Designated","STATUS_YR":0,"GOV_TYPE":"Sub-national ministry or agency","_label":"Meleri","_status_group":"other","_states":["Borno"]},"geometry":{"type":"Polygon","coordinates":[[[14.28409,12.1983],[14.264,12.19775],[14.26412,12.21741],[14.28246,12.21813],[14.28409,12.1983]]]}},{"type":"Feature","properties":{"NAME":"Meringa North West","DESIG_ENG":"Forest Reserve","IUCN_CAT":"Not Reported","GIS_AREA":66.801743,"STATUS":"Designated","STATUS_YR":0,"GOV_TYPE":"Sub-national ministry or agency","_label":"Meringa North West","_status_group":"other","_states":["Borno"]},"geometry":{"type":"Polygon","coordinates":[[[11.82591,10.78733],[11.85711,10.77661],[11.86549,10.7555],[11.90077,10.7472],[11.92947,10.75373],[11.96632,10.7253],[11.96073,10.7208],[11.93745,10.73066],[11.90781,10.71634],[11.84721,10.71188],[11.82824,10.75087],[11.80641,10.74977],[11.79884,10.76782],[11.82591,10.78733]]]}},{"type":"Feature","properties":{"NAME":"Minna","DESIG_ENG":"Forest Reserve","IUCN_CAT":"Not Reported","GIS_AREA":10.888887,"STATUS":"Designated","STATUS_YR":0,"GOV_TYPE":"Sub-national ministry or agency","_label":"Minna","_status_group":"other","_states":["Niger"]},"geometry":{"type":"Polygon","coordinates":[[[6.51587,9.64434],[6.50453,9.64764],[6.50036,9.66872],[6.514,9.69383],[6.52519,9.66453],[6.51587,9.64434]]]}},{"type":"Feature","properties":{"NAME":"Mkar","DESIG_ENG":"Forest Reserve","IUCN_CAT":"Not Reported","GIS_AREA":5.520199,"STATUS":"Designated","STATUS_YR":0,"GOV_TYPE":"Sub-national ministry or agency","_label":"Mkar","_status_group":"other","_states":["Benue"]},"geometry":{"type":"Polygon","coordinates":[[[9.06847,7.3277],[9.04248,7.32173],[9.04345,7.33508],[9.06588,7.33815],[9.06847,7.3277]]]}},{"type":"Feature","properties":{"NAME":"Mohono","DESIG_ENG":"Forest Reserve","IUCN_CAT":"Not Reported","GIS_AREA":102.700004,"STATUS":"Designated","STATUS_YR":0,"GOV_TYPE":"Sub-national ministry or agency","_label":"Mohono","_status_group":"other","_states":["Kebbi"]},"geometry":{"type":"Polygon","coordinates":[[[4.60693,12.52948],[4.59654,12.50366],[4.54862,12.51048],[4.54941,12.49957],[4.49723,12.48631],[4.47718,12.46762],[4.42591,12.52122],[4.50773,12.53852],[4.52928,12.57509],[4.60693,12.52948]]]}},{"type":"Feature","properties":{"NAME":"Molai","DESIG_ENG":"Forest Reserve","IUCN_CAT":"Not Reported","GIS_AREA":17.116528,"STATUS":"Designated","STATUS_YR":0,"GOV_TYPE":"Sub-national ministry or agency","_label":"Molai","_status_group":"other","_states":["Borno"]},"geometry":{"type":"Polygon","coordinates":[[[13.09579,11.69035],[13.06121,11.70067],[13.09965,11.73553],[13.11842,11.71591],[13.09579,11.69035]]]}},{"type":"Feature","properties":{"NAME":"Moma","DESIG_ENG":"Forest Reserve","IUCN_CAT":"Not Reported","GIS_AREA":2.823394,"STATUS":"Designated","STATUS_YR":0,"GOV_TYPE":"Sub-national ministry or agency","_label":"Moma","_status_group":"other","_states":["Borno"]},"geometry":{"type":"Polygon","coordinates":[[[13.59926,12.31369],[13.58528,12.31966],[13.59558,12.33408],[13.59945,12.32982],[13.59926,12.31369]]]}},{"type":"Feature","properties":{"NAME":"Mongu","DESIG_ENG":"Forest Reserve","IUCN_CAT":"Not Reported","GIS_AREA":5.924324,"STATUS":"Designated","STATUS_YR":0,"GOV_TYPE":"Sub-national ministry or agency","_label":"Mongu","_status_group":"other","_states":["Plateau"]},"geometry":{"type":"Polygon","coordinates":[[[9.17465,9.55166],[9.16484,9.53403],[9.15667,9.54064],[9.13425,9.5366],[9.16247,9.5573],[9.17465,9.55166]]]}},{"type":"Feature","properties":{"NAME":"Monkin","DESIG_ENG":"Forest Reserve","IUCN_CAT":"Not Reported","GIS_AREA":2.748027,"STATUS":"Designated","STATUS_YR":0,"GOV_TYPE":"Sub-national ministry or agency","_label":"Monkin","_status_group":"other","_states":["Taraba"]},"geometry":{"type":"Polygon","coordinates":[[[11.70886,8.84899],[11.70113,8.85344],[11.70545,8.86845],[11.71491,8.86025],[11.70886,8.84899]]]}},{"type":"Feature","properties":{"NAME":"Mozum","DESIG_ENG":"Forest Reserve","IUCN_CAT":"Not Reported","GIS_AREA":90.526135,"STATUS":"Designated","STATUS_YR":0,"GOV_TYPE":"Sub-national ministry or agency","_label":"Mozum","_status_group":"other","_states":["Kogi"]},"geometry":{"type":"Polygon","coordinates":[[[6.86597,7.7399],[6.85478,7.74031],[6.83519,7.76239],[6.81567,7.76784],[6.81512,7.78205],[6.8683,7.83761],[6.92178,7.84468],[6.93408,7.8158],[6.86597,7.7399]]]}},{"type":"Feature","properties":{"NAME":"Mudu","DESIG_ENG":"Forest Reserve","IUCN_CAT":"Not Reported","GIS_AREA":2.892052,"STATUS":"Designated","STATUS_YR":0,"GOV_TYPE":"Sub-national ministry or agency","_label":"Mudu","_status_group":"other","_states":["Borno"]},"geometry":{"type":"Polygon","coordinates":[[[14.2783,12.05332],[14.26735,12.06543],[14.27567,12.07368],[14.28365,12.06107],[14.2783,12.05332]]]}},{"type":"Feature","properties":{"NAME":"Mungurum","DESIG_ENG":"Forest Reserve","IUCN_CAT":"Not Reported","GIS_AREA":2.817633,"STATUS":"Designated","STATUS_YR":0,"GOV_TYPE":"Sub-national ministry or agency","_label":"Mungurum","_status_group":"other","_states":["Jigawa"]},"geometry":{"type":"Polygon","coordinates":[[[10.15803,12.82868],[10.1416,12.83585],[10.14386,12.84488],[10.16024,12.83623],[10.15803,12.82868]]]}},{"type":"Feature","properties":{"NAME":"Muni","DESIG_ENG":"Forest Reserve","IUCN_CAT":"Not Reported","GIS_AREA":1.420866,"STATUS":"Designated","STATUS_YR":0,"GOV_TYPE":"Sub-national ministry or agency","_label":"Muni","_status_group":"other","_states":["Jigawa"]},"geometry":{"type":"Polygon","coordinates":[[[8.98683,12.74644],[8.98535,12.73614],[8.97628,12.74238],[8.98683,12.74644]]]}},{"type":"Feature","properties":{"NAME":"Musa","DESIG_ENG":"Forest Reserve","IUCN_CAT":"Not Reported","GIS_AREA":0.954682,"STATUS":"Designated","STATUS_YR":0,"GOV_TYPE":"Sub-national ministry or agency","_label":"Musa","_status_group":"other","_states":["Niger"]},"geometry":{"type":"Polygon","coordinates":[[[6.00764,9.11048],[6.00148,9.11728],[6.00875,9.12244],[6.01081,9.11809],[6.00764,9.11048]]]}},{"type":"Feature","properties":{"NAME":"N.W. Escarpment","DESIG_ENG":"Forest Reserve","IUCN_CAT":"Not Reported","GIS_AREA":22.044891,"STATUS":"Designated","STATUS_YR":0,"GOV_TYPE":"Sub-national ministry or agency","_label":"N.W. Escarpment","_status_group":"other","_states":["Plateau","Kaduna"]},"geometry":{"type":"Polygon","coordinates":[[[8.67507,9.39001],[8.67129,9.38348],[8.64443,9.4003],[8.62292,9.43145],[8.59965,9.43395],[8.58881,9.45522],[8.6003,9.48075],[8.61546,9.47102],[8.64386,9.41278],[8.67507,9.39001]]]}},{"type":"Feature","properties":{"NAME":"Naanabi","DESIG_ENG":"Forest Reserve","IUCN_CAT":"Not Reported","GIS_AREA":5.881391,"STATUS":"Designated","STATUS_YR":0,"GOV_TYPE":"Sub-national ministry or agency","_label":"Naanabi","_status_group":"other","_states":["Jigawa"]},"geometry":{"type":"Polygon","coordinates":[[[9.5771,12.40106],[9.57011,12.40964],[9.6078,12.4319],[9.61216,12.42223],[9.5771,12.40106]]]}},{"type":"Feature","properties":{"NAME":"Nabardo","DESIG_ENG":"Forest Reserve","IUCN_CAT":"Not Reported","GIS_AREA":8.312229,"STATUS":"Designated","STATUS_YR":0,"GOV_TYPE":"Sub-national ministry or agency","_label":"Nabardo","_status_group":"other","_states":["Bauchi"]},"geometry":{"type":"Polygon","coordinates":[[[9.36625,10.16994],[9.35775,10.17212],[9.35489,10.18329],[9.38049,10.20278],[9.3893,10.19129],[9.36625,10.16994]]]}},{"type":"Feature","properties":{"NAME":"Nafada","DESIG_ENG":"Forest Reserve","IUCN_CAT":"Not Reported","GIS_AREA":38.121904,"STATUS":"Designated","STATUS_YR":0,"GOV_TYPE":"Sub-national ministry or agency","_label":"Nafada","_status_group":"other","_states":["Gombe","Yobe"]},"geometry":{"type":"Polygon","coordinates":[[[11.30956,11.18582],[11.32372,11.17465],[11.35183,11.13168],[11.2883,11.12998],[11.28048,11.1477],[11.26899,11.15107],[11.26757,11.16336],[11.28696,11.18194],[11.30956,11.18582]]]}},{"type":"Feature","properties":{"NAME":"Nami Hill","DESIG_ENG":"Forest Reserve","IUCN_CAT":"Not Reported","GIS_AREA":12.959865,"STATUS":"Designated","STATUS_YR":0,"GOV_TYPE":"Sub-national ministry or agency","_label":"Nami Hill","_status_group":"other","_states":["Niger"]},"geometry":{"type":"Polygon","coordinates":[[[6.51963,9.01056],[6.49768,9.02398],[6.49656,9.04138],[6.51966,9.04632],[6.52882,9.03812],[6.53518,9.02381],[6.51963,9.01056]]]}},{"type":"Feature","properties":{"NAME":"Namtari","DESIG_ENG":"Forest Reserve","IUCN_CAT":"Not Reported","GIS_AREA":67.058105,"STATUS":"Designated","STATUS_YR":0,"GOV_TYPE":"Sub-national ministry or agency","_label":"Namtari","_status_group":"other","_states":["Adamawa"]},"geometry":{"type":"Polygon","coordinates":[[[12.33367,9.30391],[12.40953,9.28767],[12.39995,9.26495],[12.38319,9.24984],[12.40807,9.21678],[12.40709,9.19904],[12.39415,9.18862],[12.37256,9.19596],[12.36222,9.24877],[12.34578,9.25491],[12.32629,9.25054],[12.31589,9.25944],[12.33367,9.30391]]]}},{"type":"Feature","properties":{"NAME":"Nasarawa","DESIG_ENG":"Forest Reserve","IUCN_CAT":"Not Reported","GIS_AREA":40.216719,"STATUS":"Designated","STATUS_YR":0,"GOV_TYPE":"Sub-national ministry or agency","_label":"Nasarawa","_status_group":"other","_states":["Adamawa"]},"geometry":{"type":"Polygon","coordinates":[[[12.20737,8.64192],[12.1713,8.64608],[12.16927,8.69588],[12.19513,8.70208],[12.2222,8.69792],[12.22451,8.64737],[12.20737,8.64192]]]}},{"type":"Feature","properties":{"NAME":"Nasarawa","DESIG_ENG":"Forest Reserve","IUCN_CAT":"Not Reported","GIS_AREA":46.29309,"STATUS":"Designated","STATUS_YR":0,"GOV_TYPE":"Sub-national ministry or agency","_label":"Nasarawa","_status_group":"other","_states":["Katsina"]},"geometry":{"type":"Polygon","coordinates":[[[7.55794,13.054],[7.56406,13.01632],[7.5457,13.02258],[7.53945,13.00311],[7.50931,13.01699],[7.4902,13.03395],[7.49653,13.04692],[7.47555,13.06969],[7.48289,13.08611],[7.55794,13.054]]]}},{"type":"Feature","properties":{"NAME":"Nasarawa (Northern Kaduna)","DESIG_ENG":"Forest Reserve","IUCN_CAT":"Not Reported","GIS_AREA":21.660249,"STATUS":"Designated","STATUS_YR":0,"GOV_TYPE":"Sub-national ministry or agency","_label":"Nasarawa (Northern Kaduna)","_status_group":"other","_states":["Kaduna"]},"geometry":{"type":"Polygon","coordinates":[[[7.96647,11.24853],[7.99899,11.24931],[7.99313,11.2347],[7.97359,11.22213],[7.94915,11.22925],[7.89246,11.20816],[7.91479,11.21943],[7.92885,11.24677],[7.95519,11.25534],[7.96647,11.24853]]]}},{"type":"Feature","properties":{"NAME":"Ngala","DESIG_ENG":"Forest Reserve","IUCN_CAT":"Not Reported","GIS_AREA":3.867963,"STATUS":"Designated","STATUS_YR":0,"GOV_TYPE":"Sub-national ministry or agency","_label":"Ngala","_status_group":"other","_states":["Borno"]},"geometry":{"type":"Polygon","coordinates":[[[14.17691,12.38785],[14.15911,12.38299],[14.15304,12.40481],[14.17691,12.38785]]]}},{"type":"Feature","properties":{"NAME":"Ngamzagi","DESIG_ENG":"Forest Reserve","IUCN_CAT":"Not Reported","GIS_AREA":39.982387,"STATUS":"Designated","STATUS_YR":0,"GOV_TYPE":"Sub-national ministry or agency","_label":"Ngamzagi","_status_group":"other","_states":["Borno","Yobe"]},"geometry":{"type":"MultiPolygon","coordinates":[[[[12.31969,12.94631],[12.29077,12.94072],[12.28282,12.96034],[12.31708,12.96529],[12.31969,12.94631]]],[[[12.38835,13.01985],[12.40164,13.00314],[12.41748,12.99878],[12.41675,12.98114],[12.37181,12.97763],[12.33658,12.98547],[12.33415,13.00531],[12.34732,13.01644],[12.35678,13.00855],[12.36866,13.01945],[12.38835,13.01985]]]]}},{"type":"Feature","properties":{"NAME":"Ngel - Nyaki","DESIG_ENG":"Forest Reserve","IUCN_CAT":"Not Reported","GIS_AREA":30.041986,"STATUS":"Designated","STATUS_YR":0,"GOV_TYPE":"Sub-national ministry or agency","_label":"Ngel - Nyaki","_status_group":"other","_states":["Taraba"]},"geometry":{"type":"Polygon","coordinates":[[[11.14449,7.10269],[11.14758,7.05291],[11.10418,7.05227],[11.10403,7.10166],[11.14449,7.10269]]]}},{"type":"Feature","properties":{"NAME":"Ngohingulde","DESIG_ENG":"Forest Reserve","IUCN_CAT":"Not Reported","GIS_AREA":145.72639,"STATUS":"Designated","STATUS_YR":0,"GOV_TYPE":"Sub-national ministry or agency","_label":"Ngohingulde","_status_group":"other","_states":["Borno","Adamawa"]},"geometry":{"type":"Polygon","coordinates":[[[12.67589,10.63958],[12.71485,10.59104],[12.71414,10.58142],[12.65151,10.51112],[12.68745,10.61664],[12.65737,10.56313],[12.64015,10.50095],[12.60234,10.48183],[12.58169,10.48931],[12.6056,10.49778],[12.61266,10.50967],[12.60862,10.52942],[12.58751,10.56135],[12.60396,10.63231],[12.63874,10.6478],[12.67589,10.63958]]]}},{"type":"Feature","properties":{"NAME":"Nguroje","DESIG_ENG":"Forest Reserve","IUCN_CAT":"Not Reported","GIS_AREA":15.962505,"STATUS":"Designated","STATUS_YR":0,"GOV_TYPE":"Sub-national ministry or agency","_label":"Nguroje","_status_group":"other","_states":["Taraba"]},"geometry":{"type":"Polygon","coordinates":[[[11.16315,6.95077],[11.13631,6.93947],[11.10947,6.95004],[11.12494,6.964],[11.15654,6.9751],[11.1657,6.9679],[11.16315,6.95077]]]}},{"type":"Feature","properties":{"NAME":"Nguru Lake","DESIG_ENG":"Wetland of International Importance (Ramsar Site)","IUCN_CAT":"Not Reported","STATUS":"Designated","STATUS_YR":2000,"GOV_TYPE":"Sub-national ministry or agency","_label":"Nguru Lake","_status_group":"other","_year":2000,"_year_label":"Designation/status year","_states":["Adamawa"]},"geometry":{"type":"Point","coordinates":[12.76667,10.36667]}},{"type":"Feature","properties":{"NAME":"Nguru/Adiani Wetlands","DESIG_ENG":"Game Reserve","IUCN_CAT":"IV","STATUS":"Designated","STATUS_YR":0,"GOV_TYPE":"Sub-national ministry or agency","_label":"Nguru/Adiani Wetlands","_status_group":"other","_states":["Bauchi"]},"geometry":{"type":"Point","coordinates":[9.16667,10.63333]}},{"type":"Feature","properties":{"NAME":"Nimbia","DESIG_ENG":"Forest Reserve","IUCN_CAT":"Not Reported","GIS_AREA":10.09538,"STATUS":"Designated","STATUS_YR":0,"GOV_TYPE":"Sub-national ministry or agency","_label":"Nimbia","_status_group":"other","_states":["Kaduna"]},"geometry":{"type":"Polygon","coordinates":[[[8.55874,9.50525],[8.51961,9.5025],[8.48368,9.49131],[8.50017,9.50857],[8.53877,9.51941],[8.55745,9.51968],[8.55874,9.50525]]]}},{"type":"Feature","properties":{"NAME":"Ningishi Hills","DESIG_ENG":"Forest Reserve","IUCN_CAT":"Not Reported","GIS_AREA":22.005811,"STATUS":"Designated","STATUS_YR":0,"GOV_TYPE":"Sub-national ministry or agency","_label":"Ningishi Hills","_status_group":"other","_states":["Kaduna"]},"geometry":{"type":"Polygon","coordinates":[[[8.56546,9.23012],[8.55878,9.21914],[8.51108,9.23051],[8.51551,9.26402],[8.54824,9.25718],[8.56546,9.23012]]]}},{"type":"Feature","properties":{"NAME":"Ninjam","DESIG_ENG":"Forest Reserve","IUCN_CAT":"Not Reported","GIS_AREA":58.450757,"STATUS":"Designated","STATUS_YR":0,"GOV_TYPE":"Sub-national ministry or agency","_label":"Ninjam","_status_group":"other","_states":["Kaduna"]},"geometry":{"type":"Polygon","coordinates":[[[8.27321,9.4186],[8.27561,9.45152],[8.29064,9.45464],[8.30127,9.46965],[8.31955,9.47119],[8.32165,9.48766],[8.34255,9.51167],[8.34349,9.52986],[8.36352,9.53954],[8.37992,9.49934],[8.35227,9.44842],[8.32563,9.45242],[8.30171,9.4418],[8.30431,9.42176],[8.28526,9.39803],[8.27321,9.4186]],[[8.35264,9.49988],[8.34353,9.49925],[8.34271,9.48891],[8.34962,9.49053],[8.35264,9.49988]],[[8.36507,9.51523],[8.35788,9.52511],[8.35022,9.52344],[8.35468,9.51131],[8.36507,9.51523]]]}},{"type":"Feature","properties":{"NAME":"Niocha","DESIG_ENG":"Forest Reserve","IUCN_CAT":"Not Reported","GIS_AREA":24.895642,"STATUS":"Designated","STATUS_YR":0,"GOV_TYPE":"Sub-national ministry or agency","_label":"Niocha","_status_group":"other","_states":["Delta"]},"geometry":{"type":"Polygon","coordinates":[[[6.61628,6.25435],[6.59967,6.30443],[6.63429,6.32644],[6.63368,6.30342],[6.64977,6.27135],[6.61628,6.25435]]]}},{"type":"Feature","properties":{"NAME":"Nkachu-Ituku","DESIG_ENG":"Forest Reserve","IUCN_CAT":"Not Reported","GIS_AREA":3.927973,"STATUS":"Designated","STATUS_YR":0,"GOV_TYPE":"Sub-national ministry or agency","_label":"Nkachu-Ituku","_status_group":"other","_states":["Anambra"]},"geometry":{"type":"MultiPolygon","coordinates":[[[[7.0349,6.31414],[7.01341,6.3111],[7.02641,6.32954],[7.0349,6.31414]]],[[[7.01699,6.33272],[7.01082,6.33939],[7.02294,6.34532],[7.0255,6.33994],[7.01699,6.33272]]]]}},{"type":"Feature","properties":{"NAME":"Nkisi River","DESIG_ENG":"Forest Reserve","IUCN_CAT":"Not Reported","GIS_AREA":2.540413,"STATUS":"Designated","STATUS_YR":0,"GOV_TYPE":"Sub-national ministry or agency","_label":"Nkisi River","_status_group":"other","_states":["Anambra"]},"geometry":{"type":"Polygon","coordinates":[[[6.8195,6.1468],[6.80399,6.15249],[6.80088,6.16123],[6.81987,6.16059],[6.8195,6.1468]]]}},{"type":"Feature","properties":{"NAME":"North Tangaza","DESIG_ENG":"Forest Reserve","IUCN_CAT":"Not Reported","GIS_AREA":447.647614,"STATUS":"Designated","STATUS_YR":0,"GOV_TYPE":"Sub-national ministry or agency","_label":"North Tangaza","_status_group":"other","_states":["Sokoto"]},"geometry":{"type":"Polygon","coordinates":[[[4.86297,13.68753],[4.83334,13.63802],[4.81123,13.6712],[4.78994,13.67307],[4.76304,13.66029],[4.76178,13.63423],[4.80161,13.59285],[4.77022,13.56165],[4.73677,13.57592],[4.64034,13.56301],[4.58796,13.58629],[4.55123,13.61185],[4.55601,13.62554],[4.52191,13.63848],[4.50826,13.71354],[4.5527,13.72246],[4.55914,13.68491],[4.5713,13.677],[4.59931,13.68208],[4.61182,13.71208],[4.64394,13.7149],[4.68814,13.73508],[4.69517,13.71304],[4.7088,13.70393],[4.74069,13.7094],[4.77719,13.7305],[4.83277,13.72506],[4.83697,13.69653],[4.86297,13.68753]]]}},{"type":"Feature","properties":{"NAME":"Nsukwai","DESIG_ENG":"Forest Reserve","IUCN_CAT":"Not Reported","GIS_AREA":15.19731,"STATUS":"Designated","STATUS_YR":0,"GOV_TYPE":"Sub-national ministry or agency","_label":"Nsukwai","_status_group":"other","_states":["Delta"]},"geometry":{"type":"Polygon","coordinates":[[[6.3662,6.1843],[6.35914,6.18734],[6.36662,6.20479],[6.33851,6.22954],[6.3516,6.23391],[6.39601,6.21038],[6.3662,6.1843]]]}},{"type":"Feature","properties":{"NAME":"Nugboji","DESIG_ENG":"Forest Reserve","IUCN_CAT":"Not Reported","GIS_AREA":55.709605,"STATUS":"Designated","STATUS_YR":0,"GOV_TYPE":"Sub-national ministry or agency","_label":"Nugboji","_status_group":"other","_states":["Niger"]},"geometry":{"type":"Polygon","coordinates":[[[6.61236,8.50328],[6.57342,8.4946],[6.54265,8.51716],[6.5633,8.55824],[6.60166,8.57089],[6.62029,8.56945],[6.62537,8.52825],[6.61236,8.50328]]]}},{"type":"Feature","properties":{"NAME":"Numan","DESIG_ENG":"Forest Reserve","IUCN_CAT":"Not Reported","GIS_AREA":0.965385,"STATUS":"Designated","STATUS_YR":0,"GOV_TYPE":"Sub-national ministry or agency","_label":"Numan","_status_group":"other","_states":["Adamawa"]},"geometry":{"type":"Polygon","coordinates":[[[12.05486,9.46712],[12.04739,9.46004],[12.04571,9.46634],[12.05486,9.46712]]]}},{"type":"Feature","properties":{"NAME":"Nun River","DESIG_ENG":"Forest Reserve","IUCN_CAT":"Not Reported","GIS_AREA":92.3455,"STATUS":"Designated","STATUS_YR":0,"GOV_TYPE":"Sub-national ministry or agency","_label":"Nun River","_status_group":"other","_states":["Bayelsa"]},"geometry":{"type":"Polygon","coordinates":[[[6.22967,4.99625],[6.24802,4.98378],[6.24876,4.96313],[6.21425,4.94494],[6.18671,4.9421],[6.19091,4.87758],[6.16628,4.90453],[6.14538,4.90229],[6.12846,4.92744],[6.15084,4.95646],[6.13687,4.98453],[6.15169,4.99509],[6.22967,4.99625]]]}},{"type":"Feature","properties":{"NAME":"Nun River","DESIG_ENG":"Game Reserve","IUCN_CAT":"Not Reported","STATUS":"Proposed","STATUS_YR":0,"GOV_TYPE":"Sub-national ministry or agency","_label":"Nun River","_status_group":"proposed","_states":["Bayelsa"]},"geometry":{"type":"Point","coordinates":[6.18333,4.93333]}},{"type":"Feature","properties":{"NAME":"Nungu","DESIG_ENG":"Forest Reserve","IUCN_CAT":"Not Reported","GIS_AREA":11.570694,"STATUS":"Designated","STATUS_YR":0,"GOV_TYPE":"Sub-national ministry or agency","_label":"Nungu","_status_group":"other","_states":["Kaduna"]},"geometry":{"type":"Polygon","coordinates":[[[8.28994,9.36371],[8.25459,9.33582],[8.24966,9.34981],[8.23765,9.3512],[8.24562,9.37962],[8.2712,9.36349],[8.28031,9.37007],[8.28994,9.36371]]]}},{"type":"Feature","properties":{"NAME":"Nunku","DESIG_ENG":"Forest Reserve","IUCN_CAT":"Not Reported","GIS_AREA":4.926079,"STATUS":"Designated","STATUS_YR":0,"GOV_TYPE":"Sub-national ministry or agency","_label":"Nunku","_status_group":"other","_states":["Kaduna"]},"geometry":{"type":"Polygon","coordinates":[[[8.45679,9.1743],[8.4442,9.17945],[8.44746,9.19522],[8.46637,9.18758],[8.45679,9.1743]]]}},{"type":"Feature","properties":{"NAME":"Oba Hills","DESIG_ENG":"National Park","IUCN_CAT":"Not Reported","GIS_AREA":49.317438,"STATUS":"Designated","STATUS_YR":2020,"GOV_TYPE":"Federal or national ministry or agency","_label":"Oba Hills","_status_group":"other","_year":2020,"_year_label":"Designation/status year","_states":["Oyo","Osun"]},"geometry":{"type":"Polygon","coordinates":[[[4.11023,7.70561],[4.10177,7.70816],[4.09722,7.72922],[4.07083,7.74638],[4.0752,7.81351],[4.11717,7.81696],[4.1202,7.75259],[4.11023,7.70561]]]}},{"type":"Feature","properties":{"NAME":"Oban Group","DESIG_ENG":"UNESCO-MAB Biosphere Reserve","IUCN_CAT":"Not Applicable","GIS_AREA":2192.112802,"STATUS":"Designated","STATUS_YR":2020,"GOV_TYPE":"Federal or national ministry or agency","_label":"Oban Group","_status_group":"other","_year":2020,"_year_label":"Designation/status year","_states":["Cross River"]},"geometry":{"type":"Polygon","coordinates":[[[8.50787,5.76503],[8.80151,5.66285],[8.79371,5.56477],[8.79072,5.55576],[8.75995,5.5395],[8.75167,5.52014],[8.72654,5.511],[8.72481,5.49323],[8.74157,5.48824],[8.72946,5.46556],[8.71336,5.46588],[8.70699,5.45356],[8.6899,5.4453],[8.66411,5.46296],[8.65469,5.46066],[8.62305,5.40627],[8.54353,5.40803],[8.54275,5.33689],[8.54939,5.33081],[8.55753,5.33616],[8.56042,5.32377],[8.54073,5.29874],[8.53884,5.24939],[8.52807,5.21482],[8.51379,5.19934],[8.51752,5.1712],[8.47959,5.10975],[8.45593,5.10634],[8.42534,5.11633],[8.39213,5.14218],[8.36704,5.13697],[8.34999,5.14254],[8.35661,5.16981],[8.30679,5.18553],[8.31184,5.20616],[8.28432,5.22194],[8.27717,5.20707],[8.28326,5.19787],[8.24084,5.18708],[8.25452,5.20695],[8.24154,5.21369],[8.23615,5.24107],[8.25363,5.23972],[8.28023,5.26295],[8.32651,5.2621],[8.3306,5.24221],[8.35718,5.24749],[8.3596,5.22823],[8.3688,5.2273],[8.37094,5.28398],[8.36491,5.29168],[8.38851,5.31593],[8.40135,5.31357],[8.39387,5.32403],[8.39759,5.3353],[8.42558,5.33667],[8.41998,5.35123],[8.42904,5.35474],[8.41355,5.36943],[8.39294,5.36395],[8.39187,5.35079],[8.37655,5.35544],[8.37266,5.38069],[8.37848,5.39774],[8.35449,5.40136],[8.34864,5.38853],[8.2919,5.42739],[8.30615,5.45776],[8.30106,5.51022],[8.34716,5.61901],[8.37573,5.62799],[8.37848,5.63994],[8.41201,5.66682],[8.43979,5.70249],[8.44545,5.66994],[8.46322,5.669],[8.45447,5.71837],[8.47328,5.73687],[8.50787,5.76503]],[[8.38721,5.29238],[8.39577,5.28475],[8.4032,5.29263],[8.39505,5.29998],[8.38721,5.29238]],[[8.44414,5.19331],[8.4559,5.19753],[8.457,5.2074],[8.44414,5.19331]],[[8.43384,5.1865],[8.40804,5.16339],[8.41164,5.15799],[8.43198,5.17016],[8.44229,5.1671],[8.45144,5.18394],[8.43384,5.1865]]]}},{"type":"Feature","properties":{"NAME":"Oban Group","DESIG_ENG":"Forest Reserve","IUCN_CAT":"Not Reported","GIS_AREA":2192.112802,"STATUS":"Designated","STATUS_YR":1912,"GOV_TYPE":"Sub-national ministry or agency","_label":"Oban Group","_status_group":"other","_year":1912,"_year_label":"Designation/status year","_states":["Cross River"]},"geometry":{"type":"Polygon","coordinates":[[[8.50787,5.76503],[8.80151,5.66285],[8.79371,5.56477],[8.79072,5.55576],[8.75995,5.5395],[8.75167,5.52014],[8.72654,5.511],[8.72481,5.49323],[8.74157,5.48824],[8.72946,5.46556],[8.71336,5.46588],[8.70699,5.45356],[8.6899,5.4453],[8.66411,5.46296],[8.65469,5.46066],[8.62305,5.40627],[8.54353,5.40803],[8.54275,5.33689],[8.54939,5.33081],[8.55753,5.33616],[8.56042,5.32377],[8.54073,5.29874],[8.53884,5.24939],[8.52807,5.21482],[8.51379,5.19934],[8.51752,5.1712],[8.47959,5.10975],[8.45593,5.10634],[8.42534,5.11633],[8.39213,5.14218],[8.36704,5.13697],[8.34999,5.14254],[8.35661,5.16981],[8.30679,5.18553],[8.31184,5.20616],[8.28432,5.22194],[8.27717,5.20707],[8.28326,5.19787],[8.24084,5.18708],[8.25452,5.20695],[8.24154,5.21369],[8.23615,5.24107],[8.25363,5.23972],[8.28023,5.26295],[8.32651,5.2621],[8.3306,5.24221],[8.35718,5.24749],[8.3596,5.22823],[8.3688,5.2273],[8.37094,5.28398],[8.36491,5.29168],[8.38851,5.31593],[8.40135,5.31357],[8.39387,5.32403],[8.39759,5.3353],[8.42558,5.33667],[8.41998,5.35123],[8.42904,5.35474],[8.41355,5.36943],[8.39294,5.36395],[8.39187,5.35079],[8.37655,5.35544],[8.37266,5.38069],[8.37848,5.39774],[8.35449,5.40136],[8.34864,5.38853],[8.2919,5.42739],[8.30615,5.45776],[8.30106,5.51022],[8.34716,5.61901],[8.37573,5.62799],[8.37848,5.63994],[8.41201,5.66682],[8.43979,5.70249],[8.44545,5.66994],[8.46322,5.669],[8.45447,5.71837],[8.47328,5.73687],[8.50787,5.76503]],[[8.38721,5.29238],[8.39577,5.28475],[8.4032,5.29263],[8.39505,5.29998],[8.38721,5.29238]],[[8.44414,5.19331],[8.4559,5.19753],[8.457,5.2074],[8.44414,5.19331]],[[8.43384,5.1865],[8.40804,5.16339],[8.41164,5.15799],[8.43198,5.17016],[8.44229,5.1671],[8.45144,5.18394],[8.43384,5.1865]]]}},{"type":"Feature","properties":{"NAME":"Obaretin","DESIG_ENG":"Forest Reserve","IUCN_CAT":"Not Reported","GIS_AREA":111.270126,"STATUS":"Designated","STATUS_YR":0,"GOV_TYPE":"Sub-national ministry or agency","_label":"Obaretin","_status_group":"other","_states":["Edo"]},"geometry":{"type":"Polygon","coordinates":[[[5.7645,6.21664],[5.74887,6.19565],[5.76119,6.17809],[5.74276,6.14005],[5.74256,6.11567],[5.71364,6.07339],[5.67881,6.05164],[5.67948,6.13325],[5.6555,6.15626],[5.65961,6.17803],[5.66924,6.18567],[5.71994,6.18501],[5.73607,6.20508],[5.73902,6.22725],[5.75893,6.22466],[5.7645,6.21664]]]}},{"type":"Feature","properties":{"NAME":"Obeaku","DESIG_ENG":"Forest Reserve","IUCN_CAT":"Not Reported","GIS_AREA":23.532461,"STATUS":"Designated","STATUS_YR":0,"GOV_TYPE":"Sub-national ministry or agency","_label":"Obeaku","_status_group":"other","_states":["Rivers","Abia"]},"geometry":{"type":"Polygon","coordinates":[[[7.492,4.85106],[7.48978,4.82881],[7.47167,4.84428],[7.44853,4.84685],[7.42,4.86954],[7.41282,4.88718],[7.48198,4.86693],[7.492,4.85106]]]}},{"type":"Feature","properties":{"NAME":"Obi","DESIG_ENG":"Forest Reserve","IUCN_CAT":"Not Reported","GIS_AREA":10.120184,"STATUS":"Designated","STATUS_YR":0,"GOV_TYPE":"Sub-national ministry or agency","_label":"Obi","_status_group":"other","_states":["Nasarawa"]},"geometry":{"type":"Polygon","coordinates":[[[8.76516,8.28765],[8.73988,8.2848],[8.73711,8.31209],[8.75346,8.32754],[8.76516,8.28765]]]}},{"type":"Feature","properties":{"NAME":"Obieze-Isu","DESIG_ENG":"Forest Reserve","IUCN_CAT":"Not Reported","GIS_AREA":25.448145,"STATUS":"Designated","STATUS_YR":0,"GOV_TYPE":"Sub-national ministry or agency","_label":"Obieze-Isu","_status_group":"other","_states":["Cross River"]},"geometry":{"type":"Polygon","coordinates":[[[8.04981,5.3984],[8.00484,5.40947],[7.98381,5.42701],[7.98338,5.44201],[8.01419,5.45163],[8.05294,5.4039],[8.04981,5.3984]]]}},{"type":"Feature","properties":{"NAME":"Obot-Ndom","DESIG_ENG":"Forest Reserve","IUCN_CAT":"Not Reported","GIS_AREA":3.520047,"STATUS":"Designated","STATUS_YR":0,"GOV_TYPE":"Sub-national ministry or agency","_label":"Obot-Ndom","_status_group":"other","_states":["Akwa Ibom"]},"geometry":{"type":"Polygon","coordinates":[[[7.75634,5.42406],[7.7316,5.42692],[7.72974,5.43107],[7.74244,5.44181],[7.75634,5.42406]]]}},{"type":"Feature","properties":{"NAME":"Odo Ogun","DESIG_ENG":"Forest Reserve","IUCN_CAT":"Not Reported","GIS_AREA":15.339121,"STATUS":"Designated","STATUS_YR":0,"GOV_TYPE":"Sub-national ministry or agency","_label":"Odo Ogun","_status_group":"other","_states":["Oyo"]},"geometry":{"type":"Polygon","coordinates":[[[3.73209,7.87753],[3.71399,7.88609],[3.71059,7.90063],[3.71987,7.91967],[3.73506,7.92185],[3.74841,7.91131],[3.73209,7.87753]]]}},{"type":"Feature","properties":{"NAME":"Odoba","DESIG_ENG":"Forest Reserve","IUCN_CAT":"Not Reported","GIS_AREA":5.386293,"STATUS":"Designated","STATUS_YR":0,"GOV_TYPE":"Sub-national ministry or agency","_label":"Odoba","_status_group":"other","_states":["Benue"]},"geometry":{"type":"Polygon","coordinates":[[[7.71784,7.14446],[7.70708,7.15914],[7.71618,7.17006],[7.73279,7.15647],[7.71784,7.14446]]]}},{"type":"Feature","properties":{"NAME":"Odu","DESIG_ENG":"Forest Reserve","IUCN_CAT":"Not Reported","GIS_AREA":10.213831,"STATUS":"Designated","STATUS_YR":0,"GOV_TYPE":"Sub-national ministry or agency","_label":"Odu","_status_group":"other","_states":["Abuja Federal Capital Territory"]},"geometry":{"type":"Polygon","coordinates":[[[7.50341,8.72274],[7.50207,8.70912],[7.48841,8.69554],[7.46382,8.70647],[7.47794,8.72274],[7.50341,8.72274]]]}},{"type":"Feature","properties":{"NAME":"Odugebe","DESIG_ENG":"Forest Reserve","IUCN_CAT":"Not Reported","GIS_AREA":169.119778,"STATUS":"Designated","STATUS_YR":0,"GOV_TYPE":"Sub-national ministry or agency","_label":"Odugebe","_status_group":"other","_states":["Ogun"]},"geometry":{"type":"Polygon","coordinates":[[[2.89974,7.6496],[2.86661,7.56648],[2.76486,7.597],[2.72961,7.61448],[2.73154,7.70115],[2.89974,7.6496]]]}},{"type":"Feature","properties":{"NAME":"Odun","DESIG_ENG":"Forest Reserve","IUCN_CAT":"Not Reported","GIS_AREA":7.834934,"STATUS":"Designated","STATUS_YR":0,"GOV_TYPE":"Sub-national ministry or agency","_label":"Odun","_status_group":"other","_states":["Kwara"]},"geometry":{"type":"Polygon","coordinates":[[[4.98667,8.08886],[4.97348,8.09188],[4.97154,8.10229],[4.98815,8.11735],[5.00009,8.10546],[4.98667,8.08886]]]}},{"type":"Feature","properties":{"NAME":"Ogbe","DESIG_ENG":"Forest Reserve","IUCN_CAT":"Not Reported","GIS_AREA":9.310943,"STATUS":"Designated","STATUS_YR":0,"GOV_TYPE":"Sub-national ministry or agency","_label":"Ogbe","_status_group":"other","_states":["Kogi","Ekiti"]},"geometry":{"type":"Polygon","coordinates":[[[5.59389,8.04523],[5.5787,8.03961],[5.57274,8.06405],[5.58286,8.08082],[5.59774,8.07246],[5.59389,8.04523]]]}},{"type":"Feature","properties":{"NAME":"Ogbesse","DESIG_ENG":"Forest Reserve","IUCN_CAT":"Not Reported","GIS_AREA":51.13027,"STATUS":"Designated","STATUS_YR":0,"GOV_TYPE":"Sub-national ministry or agency","_label":"Ogbesse","_status_group":"other","_states":["Ekiti"]},"geometry":{"type":"Polygon","coordinates":[[[5.33035,7.57303],[5.4024,7.57029],[5.40663,7.55838],[5.39105,7.53085],[5.37883,7.52421],[5.37874,7.51114],[5.34241,7.50776],[5.31181,7.492],[5.30788,7.49695],[5.32043,7.50692],[5.31281,7.51118],[5.32542,7.52236],[5.32345,7.5314],[5.35149,7.55901],[5.34727,7.56372],[5.32185,7.55448],[5.33035,7.57303]]]}},{"type":"Feature","properties":{"NAME":"Ogiopa","DESIG_ENG":"Forest Reserve","IUCN_CAT":"Not Reported","GIS_AREA":11.389288,"STATUS":"Designated","STATUS_YR":0,"GOV_TYPE":"Sub-national ministry or agency","_label":"Ogiopa","_status_group":"other","_states":["Delta","Edo"]},"geometry":{"type":"Polygon","coordinates":[[[6.42286,6.40008],[6.40942,6.40414],[6.45484,6.44344],[6.46614,6.43582],[6.44837,6.41123],[6.42286,6.40008]]]}},{"type":"Feature","properties":{"NAME":"Oglewu","DESIG_ENG":"Forest Reserve","IUCN_CAT":"Not Reported","GIS_AREA":3.782487,"STATUS":"Designated","STATUS_YR":0,"GOV_TYPE":"Sub-national ministry or agency","_label":"Oglewu","_status_group":"other","_states":["Benue"]},"geometry":{"type":"Polygon","coordinates":[[[8.08232,7.21425],[8.08052,7.23263],[8.0861,7.2404],[8.09871,7.22567],[8.08232,7.21425]]]}},{"type":"Feature","properties":{"NAME":"Ogotun North","DESIG_ENG":"Forest Reserve","IUCN_CAT":"Not Reported","GIS_AREA":4.04079,"STATUS":"Designated","STATUS_YR":0,"GOV_TYPE":"Sub-national ministry or agency","_label":"Ogotun North","_status_group":"other","_states":["Ekiti"]},"geometry":{"type":"Polygon","coordinates":[[[5.02456,7.51785],[5.00485,7.54166],[5.00748,7.55283],[5.02222,7.53881],[5.02456,7.51785]]]}},{"type":"Feature","properties":{"NAME":"Ogotun South","DESIG_ENG":"Forest Reserve","IUCN_CAT":"Not Reported","GIS_AREA":5.705822,"STATUS":"Designated","STATUS_YR":0,"GOV_TYPE":"Sub-national ministry or agency","_label":"Ogotun South","_status_group":"other","_states":["Ekiti"]},"geometry":{"type":"Polygon","coordinates":[[[4.97326,7.46678],[4.96679,7.46821],[4.9708,7.4867],[4.9915,7.49271],[4.97326,7.46678]]]}},{"type":"Feature","properties":{"NAME":"Ogotun West","DESIG_ENG":"Forest Reserve","IUCN_CAT":"Not Reported","GIS_AREA":5.713317,"STATUS":"Designated","STATUS_YR":0,"GOV_TYPE":"Sub-national ministry or agency","_label":"Ogotun West","_status_group":"other","_states":["Ekiti"]},"geometry":{"type":"Polygon","coordinates":[[[4.98057,7.5068],[4.95219,7.50734],[4.95257,7.5192],[4.97749,7.51722],[4.98057,7.5068]]]}},{"type":"Feature","properties":{"NAME":"Ogu Itu","DESIG_ENG":"Forest Reserve","IUCN_CAT":"Not Reported","GIS_AREA":3.745149,"STATUS":"Designated","STATUS_YR":0,"GOV_TYPE":"Sub-national ministry or agency","_label":"Ogu Itu","_status_group":"other","_states":["Akwa Ibom","Abia"]},"geometry":{"type":"Polygon","coordinates":[[[7.7916,5.43053],[7.77945,5.44455],[7.78195,5.45927],[7.79181,5.45303],[7.7916,5.43053]]]}},{"type":"Feature","properties":{"NAME":"Ogun River","DESIG_ENG":"Forest Reserve","IUCN_CAT":"Not Reported","GIS_AREA":22.415153,"STATUS":"Designated","STATUS_YR":0,"GOV_TYPE":"Sub-national ministry or agency","_label":"Ogun River","_status_group":"other","_states":["Ogun","Lagos"]},"geometry":{"type":"Polygon","coordinates":[[[3.46916,6.61403],[3.46146,6.59888],[3.44529,6.61069],[3.41658,6.61284],[3.39819,6.63908],[3.45509,6.63823],[3.46916,6.61403]]]}},{"type":"Feature","properties":{"NAME":"Oguta Lake","DESIG_ENG":"Wetland of International Importance (Ramsar Site)","IUCN_CAT":"Not Reported","GIS_AREA":5.718793,"STATUS":"Designated","STATUS_YR":2008,"GOV_TYPE":"Not Reported","_label":"Oguta Lake","_status_group":"other","_year":2008,"_year_label":"Designation/status year","_states":["Imo"]},"geometry":{"type":"Polygon","coordinates":[[[6.79785,5.71185],[6.81498,5.69878],[6.8373,5.69927],[6.84377,5.69416],[6.77475,5.70333],[6.77959,5.71427],[6.79785,5.71185]]]}},{"type":"Feature","properties":{"NAME":"Ogwa","DESIG_ENG":"Forest Reserve","IUCN_CAT":"Not Reported","GIS_AREA":4.591698,"STATUS":"Designated","STATUS_YR":0,"GOV_TYPE":"Sub-national ministry or agency","_label":"Ogwa","_status_group":"other","_states":["Edo"]},"geometry":{"type":"Polygon","coordinates":[[[6.17182,6.50048],[6.1623,6.50544],[6.18827,6.53499],[6.19423,6.53034],[6.17182,6.50048]]]}},{"type":"Feature","properties":{"NAME":"Ogwashi-Uku","DESIG_ENG":"Forest Reserve","IUCN_CAT":"Not Reported","GIS_AREA":23.419183,"STATUS":"Designated","STATUS_YR":0,"GOV_TYPE":"Sub-national ministry or agency","_label":"Ogwashi-Uku","_status_group":"other","_states":["Delta"]},"geometry":{"type":"MultiPolygon","coordinates":[[[[6.43517,6.04631],[6.41994,6.0408],[6.40977,6.06321],[6.41827,6.06997],[6.41659,6.09532],[6.39647,6.10838],[6.41104,6.11972],[6.41172,6.1084],[6.43001,6.08664],[6.43517,6.04631]]],[[[6.50193,6.11923],[6.48868,6.09887],[6.47314,6.10884],[6.49035,6.12726],[6.50193,6.11923]]],[[[6.54957,6.15236],[6.52804,6.14308],[6.52808,6.16877],[6.54957,6.15236]]]]}},{"type":"Feature","properties":{"NAME":"Ohaji","DESIG_ENG":"Forest Reserve","IUCN_CAT":"Not Reported","GIS_AREA":11.071838,"STATUS":"Designated","STATUS_YR":0,"GOV_TYPE":"Sub-national ministry or agency","_label":"Ohaji","_status_group":"other","_states":["Imo"]},"geometry":{"type":"Polygon","coordinates":[[[6.79514,5.48196],[6.7801,5.48751],[6.79449,5.52864],[6.80575,5.53724],[6.81192,5.50869],[6.79514,5.48196]]]}},{"type":"Feature","properties":{"NAME":"Ohaodo-Mbanasa","DESIG_ENG":"Forest Reserve","IUCN_CAT":"Not Reported","GIS_AREA":571.670791,"STATUS":"Designated","STATUS_YR":0,"GOV_TYPE":"Sub-national ministry or agency","_label":"Ohaodo-Mbanasa","_status_group":"other","_states":["Enugu"]},"geometry":{"type":"Polygon","coordinates":[[[7.27227,6.6827],[7.35495,6.66721],[7.37048,6.63805],[7.37192,6.61007],[7.38526,6.5898],[7.3791,6.57121],[7.34402,6.55816],[7.35724,6.53651],[7.35916,6.48458],[7.31943,6.45465],[7.29545,6.44804],[7.2346,6.4382],[7.20171,6.44457],[7.14538,6.50312],[7.15651,6.52474],[7.14845,6.56182],[7.15593,6.61611],[7.19334,6.67101],[7.21204,6.67886],[7.23112,6.70348],[7.25259,6.70323],[7.27227,6.6827]]]}},{"type":"Feature","properties":{"NAME":"Ohosu","DESIG_ENG":"Game Reserve","IUCN_CAT":"Not Reported","GIS_AREA":494.106853,"STATUS":"Proposed","STATUS_YR":0,"GOV_TYPE":"Sub-national ministry or agency","_label":"Ohosu","_status_group":"proposed","_states":["Ondo","Edo"]},"geometry":{"type":"Polygon","coordinates":[[[5.54437,6.88834],[5.5543,6.88269],[5.55325,6.84552],[5.54707,6.83892],[5.31885,6.80042],[5.30562,6.80235],[5.2987,6.81348],[5.2839,6.81346],[5.29092,6.79606],[5.13694,6.58342],[5.11546,6.59471],[5.1011,6.62124],[5.11393,6.6387],[5.11158,6.65875],[5.13586,6.67158],[5.12491,6.68508],[5.12531,6.70074],[5.15143,6.74948],[5.19619,6.77785],[5.19593,6.80398],[5.22481,6.83435],[5.21615,6.84237],[5.22491,6.84649],[5.22248,6.85933],[5.24163,6.88495],[5.54437,6.88834]]]}},{"type":"Feature","properties":{"NAME":"Ohosu","DESIG_ENG":"Forest Reserve","IUCN_CAT":"Not Reported","GIS_AREA":494.106853,"STATUS":"Designated","STATUS_YR":0,"GOV_TYPE":"Sub-national ministry or agency","_label":"Ohosu","_status_group":"other","_states":["Ondo","Edo"]},"geometry":{"type":"Polygon","coordinates":[[[5.54437,6.88834],[5.5543,6.88269],[5.55325,6.84552],[5.54707,6.83892],[5.31885,6.80042],[5.30562,6.80235],[5.2987,6.81348],[5.2839,6.81346],[5.29092,6.79606],[5.13694,6.58342],[5.11546,6.59471],[5.1011,6.62124],[5.11393,6.6387],[5.11158,6.65875],[5.13586,6.67158],[5.12491,6.68508],[5.12531,6.70074],[5.15143,6.74948],[5.19619,6.77785],[5.19593,6.80398],[5.22481,6.83435],[5.21615,6.84237],[5.22491,6.84649],[5.22248,6.85933],[5.24163,6.88495],[5.54437,6.88834]]]}},{"type":"Feature","properties":{"NAME":"Ohumbe","DESIG_ENG":"Forest Reserve","IUCN_CAT":"Not Reported","GIS_AREA":98.421855,"STATUS":"Designated","STATUS_YR":0,"GOV_TYPE":"Sub-national ministry or agency","_label":"Ohumbe","_status_group":"other","_states":["Ogun"]},"geometry":{"type":"Polygon","coordinates":[[[2.72896,6.98803],[2.82527,6.96247],[2.8282,6.92671],[2.84054,6.91527],[2.85624,6.87319],[2.84844,6.82725],[2.83865,6.84565],[2.82512,6.84874],[2.83113,6.85736],[2.8162,6.85579],[2.8157,6.88235],[2.80106,6.87121],[2.78857,6.87482],[2.78609,6.908],[2.7708,6.91472],[2.78082,6.9337],[2.76623,6.93149],[2.76402,6.95004],[2.74784,6.95199],[2.74229,6.96686],[2.71982,6.96269],[2.72079,6.98383],[2.72896,6.98803]]]}},{"type":"Feature","properties":{"NAME":"Oinye","DESIG_ENG":"Forest Reserve","IUCN_CAT":"Not Reported","GIS_AREA":100.30751,"STATUS":"Designated","STATUS_YR":0,"GOV_TYPE":"Sub-national ministry or agency","_label":"Oinye","_status_group":"other","_states":["Kogi"]},"geometry":{"type":"Polygon","coordinates":[[[6.25281,7.94908],[6.22108,7.9454],[6.22783,7.92547],[6.208,7.91517],[6.183,7.9306],[6.14527,7.92695],[6.14477,7.93989],[6.17306,7.94664],[6.17744,7.95748],[6.1542,7.97658],[6.15092,8.0043],[6.17204,8.0077],[6.21207,8.03016],[6.22295,8.01293],[6.25014,8.01108],[6.25863,7.99935],[6.25281,7.94908]]]}},{"type":"Feature","properties":{"NAME":"Oji River","DESIG_ENG":"Forest Reserve","IUCN_CAT":"Not Reported","GIS_AREA":3.060529,"STATUS":"Designated","STATUS_YR":0,"GOV_TYPE":"Sub-national ministry or agency","_label":"Oji River","_status_group":"other","_states":["Enugu"]},"geometry":{"type":"Polygon","coordinates":[[[7.31028,6.22365],[7.28636,6.23575],[7.28563,6.2402],[7.29285,6.24356],[7.30914,6.23422],[7.31028,6.22365]]]}},{"type":"Feature","properties":{"NAME":"Ojofu","DESIG_ENG":"Forest Reserve","IUCN_CAT":"Not Reported","GIS_AREA":9.482684,"STATUS":"Designated","STATUS_YR":0,"GOV_TYPE":"Sub-national ministry or agency","_label":"Ojofu","_status_group":"other","_states":["Kogi"]},"geometry":{"type":"Polygon","coordinates":[[[7.1812,7.55872],[7.15032,7.55308],[7.15298,7.57505],[7.18455,7.57039],[7.1812,7.55872]]]}},{"type":"Feature","properties":{"NAME":"Ojogba-Ugun","DESIG_ENG":"Forest Reserve","IUCN_CAT":"Not Reported","GIS_AREA":10.459704,"STATUS":"Designated","STATUS_YR":0,"GOV_TYPE":"Sub-national ministry or agency","_label":"Ojogba-Ugun","_status_group":"other","_states":["Edo"]},"geometry":{"type":"Polygon","coordinates":[[[6.10844,6.52763],[6.11758,6.51523],[6.12055,6.49398],[6.1129,6.48417],[6.08186,6.51943],[6.10844,6.52763]]]}},{"type":"Feature","properties":{"NAME":"Okeluse","DESIG_ENG":"Forest Reserve","IUCN_CAT":"Not Reported","GIS_AREA":143.878708,"STATUS":"Designated","STATUS_YR":0,"GOV_TYPE":"Sub-national ministry or agency","_label":"Okeluse","_status_group":"other","_states":["Ondo","Edo"]},"geometry":{"type":"Polygon","coordinates":[[[5.72646,6.74308],[5.68328,6.74702],[5.65889,6.76896],[5.63304,6.76593],[5.63173,6.77316],[5.61213,6.75807],[5.60374,6.7597],[5.59381,6.74396],[5.5933,6.72321],[5.58066,6.72068],[5.56705,6.77238],[5.64535,6.81746],[5.70465,6.82104],[5.7473,6.85747],[5.74615,6.83986],[5.77804,6.84],[5.77445,6.80036],[5.74523,6.78985],[5.72857,6.7625],[5.72646,6.74308]]]}},{"type":"Feature","properties":{"NAME":"Okene catchment area","DESIG_ENG":"Forest Reserve","IUCN_CAT":"Not Reported","GIS_AREA":3.19671,"STATUS":"Designated","STATUS_YR":0,"GOV_TYPE":"Sub-national ministry or agency","_label":"Okene catchment area","_status_group":"other","_states":["Kogi"]},"geometry":{"type":"Polygon","coordinates":[[[6.19007,7.56339],[6.18008,7.57041],[6.1988,7.57779],[6.20226,7.56828],[6.19007,7.56339]]]}},{"type":"Feature","properties":{"NAME":"Okene waterworks","DESIG_ENG":"Forest Reserve","IUCN_CAT":"Not Reported","GIS_AREA":2.144623,"STATUS":"Designated","STATUS_YR":0,"GOV_TYPE":"Sub-national ministry or agency","_label":"Okene waterworks","_status_group":"other","_states":["Kogi"]},"geometry":{"type":"Polygon","coordinates":[[[6.23947,7.57239],[6.22746,7.57901],[6.2258,7.59191],[6.23109,7.5893],[6.23947,7.57239]]]}},{"type":"Feature","properties":{"NAME":"Okhuessan","DESIG_ENG":"Forest Reserve","IUCN_CAT":"Not Reported","GIS_AREA":23.684166,"STATUS":"Designated","STATUS_YR":0,"GOV_TYPE":"Sub-national ministry or agency","_label":"Okhuessan","_status_group":"other","_states":["Edo"]},"geometry":{"type":"Polygon","coordinates":[[[6.36667,6.58279],[6.37431,6.59912],[6.38371,6.59356],[6.40638,6.6105],[6.43155,6.58549],[6.40805,6.55483],[6.36667,6.58279]]]}},{"type":"Feature","properties":{"NAME":"Okomu","DESIG_ENG":"Forest Reserve","IUCN_CAT":"II","GIS_AREA":1215.140867,"STATUS":"Designated","STATUS_YR":1912,"GOV_TYPE":"Sub-national ministry or agency","_label":"Okomu","_status_group":"other","_year":1912,"_year_label":"Designation/status year","_states":["Ondo","Delta","Edo"]},"geometry":{"type":"Polygon","coordinates":[[[5.1638,6.49293],[5.16966,6.47247],[5.17823,6.48788],[5.20424,6.48458],[5.2207,6.46979],[5.2186,6.4607],[5.23584,6.4527],[5.24876,6.46108],[5.26941,6.45854],[5.2771,6.46849],[5.34842,6.47111],[5.33568,6.44707],[5.34035,6.43294],[5.35684,6.42397],[5.35498,6.43515],[5.38214,6.45149],[5.39338,6.40601],[5.42026,6.39015],[5.45167,6.33522],[5.43846,6.27505],[5.37595,6.2724],[5.34099,6.23113],[5.35269,6.18373],[5.31566,6.17622],[5.30111,6.14612],[5.26346,6.16063],[5.21906,6.14561],[5.20204,6.15326],[5.19641,6.14536],[5.18956,6.15184],[5.17699,6.14879],[5.17652,6.15726],[5.16272,6.16421],[5.14053,6.1434],[5.13133,6.16348],[5.13267,6.18751],[5.1172,6.20812],[5.10701,6.20568],[5.10536,6.19629],[5.09659,6.20478],[5.08587,6.20164],[5.06869,6.24203],[5.04822,6.24848],[5.04172,6.26619],[5.01187,6.29099],[5.01335,6.30401],[5.03327,6.32262],[5.02763,6.35755],[5.04145,6.35923],[5.04687,6.37679],[5.06842,6.36901],[5.10394,6.39486],[5.1044,6.44022],[5.14732,6.48492],[5.14772,6.50311],[5.1638,6.49293]]]}},{"type":"Feature","properties":{"NAME":"Okomu","DESIG_ENG":"National Park","IUCN_CAT":"Not Reported","GIS_AREA":211.786672,"STATUS":"Designated","STATUS_YR":1999,"GOV_TYPE":"Sub-national ministry or agency","_label":"Okomu","_status_group":"other","_year":1999,"_year_label":"Designation/status year","_states":["Edo"]},"geometry":{"type":"Polygon","coordinates":[[[5.32765,6.41267],[5.33051,6.40187],[5.34449,6.40532],[5.37346,6.39231],[5.3574,6.35286],[5.36997,6.34759],[5.36449,6.33398],[5.35197,6.34006],[5.32887,6.28515],[5.27816,6.3077],[5.24543,6.235],[5.17593,6.26375],[5.19567,6.30809],[5.17476,6.31833],[5.23609,6.34536],[5.25401,6.37461],[5.28865,6.39172],[5.30588,6.41914],[5.32765,6.41267]]]}},{"type":"Feature","properties":{"NAME":"Okpara","DESIG_ENG":"Forest Reserve","IUCN_CAT":"Not Reported","GIS_AREA":2533.482846,"STATUS":"Designated","STATUS_YR":0,"GOV_TYPE":"Sub-national ministry or agency","_label":"Okpara","_status_group":"other","_states":["Oyo","Kwara"]},"geometry":{"type":"Polygon","coordinates":[[[3.09027,8.70656],[3.12095,8.7037],[3.13166,8.67163],[3.15274,8.67258],[3.18553,8.65613],[3.19319,8.63258],[3.17537,8.61022],[3.18106,8.58529],[3.16855,8.55256],[3.14905,8.52956],[3.10419,8.50384],[3.0956,8.48934],[3.10319,8.46164],[3.04433,8.37811],[3.02082,8.37838],[3.00579,8.35853],[3.01601,8.31273],[2.97152,8.24186],[2.97439,8.21266],[2.95579,8.18986],[2.94272,8.14198],[2.94799,8.13276],[2.93936,8.0989],[2.94865,8.07392],[2.93409,8.06],[2.91289,7.9791],[2.84566,7.94554],[2.76369,7.96231],[2.72027,7.92743],[2.69111,7.92446],[2.72861,8.06815],[2.73097,8.13454],[2.75054,8.17264],[2.75264,8.21058],[2.72,8.2549],[2.69533,8.32155],[2.69719,8.3527],[2.71472,8.38542],[2.70909,8.42359],[2.73614,8.43642],[2.75666,8.48201],[2.76103,8.52085],[2.75309,8.53193],[2.75655,8.56219],[2.7489,8.59142],[2.82164,8.61448],[2.88612,8.60778],[2.92873,8.61635],[2.94744,8.64414],[2.95937,8.64222],[3.04781,8.72871],[3.0741,8.72753],[3.09027,8.70656]]]}},{"type":"Feature","properties":{"NAME":"Okpobi","DESIG_ENG":"Forest Reserve","IUCN_CAT":"Not Reported","GIS_AREA":7.877124,"STATUS":"Designated","STATUS_YR":0,"GOV_TYPE":"Sub-national ministry or agency","_label":"Okpobi","_status_group":"other","_states":["Benue"]},"geometry":{"type":"Polygon","coordinates":[[[8.0416,7.18181],[8.0196,7.20873],[8.03459,7.21756],[8.05311,7.18754],[8.0416,7.18181]]]}},{"type":"Feature","properties":{"NAME":"Okura Iyale","DESIG_ENG":"Forest Reserve","IUCN_CAT":"Not Reported","GIS_AREA":185.422307,"STATUS":"Designated","STATUS_YR":0,"GOV_TYPE":"Sub-national ministry or agency","_label":"Okura Iyale","_status_group":"other","_states":["Kogi"]},"geometry":{"type":"Polygon","coordinates":[[[7.45289,7.63429],[7.42975,7.59989],[7.40348,7.60239],[7.3989,7.61888],[7.38646,7.62176],[7.37108,7.58249],[7.34238,7.57545],[7.29867,7.53138],[7.20962,7.51707],[7.195,7.58345],[7.21405,7.60734],[7.26755,7.60774],[7.29777,7.58709],[7.35612,7.62975],[7.38913,7.63527],[7.40444,7.66148],[7.43041,7.67676],[7.45584,7.65654],[7.45289,7.63429]]]}},{"type":"Feature","properties":{"NAME":"Okura River","DESIG_ENG":"Forest Reserve","IUCN_CAT":"Not Reported","GIS_AREA":30.726195,"STATUS":"Designated","STATUS_YR":0,"GOV_TYPE":"Sub-national ministry or agency","_label":"Okura River","_status_group":"other","_states":["Kogi"]},"geometry":{"type":"Polygon","coordinates":[[[7.15709,7.32941],[7.12789,7.32386],[7.12986,7.36698],[7.16039,7.38316],[7.19153,7.3834],[7.15709,7.32941]]]}},{"type":"Feature","properties":{"NAME":"Okuta","DESIG_ENG":"Forest Reserve","IUCN_CAT":"Not Reported","GIS_AREA":48.869005,"STATUS":"Designated","STATUS_YR":0,"GOV_TYPE":"Sub-national ministry or agency","_label":"Okuta","_status_group":"other","_states":["Kwara"]},"geometry":{"type":"Polygon","coordinates":[[[3.27572,9.14312],[3.25032,9.14886],[3.23523,9.1727],[3.23395,9.18673],[3.25211,9.21241],[3.30948,9.2016],[3.31928,9.19334],[3.30931,9.17106],[3.27572,9.14312]]]}},{"type":"Feature","properties":{"NAME":"Olague","DESIG_ENG":"Forest Reserve","IUCN_CAT":"Not Reported","GIS_AREA":232.683509,"STATUS":"Designated","STATUS_YR":0,"GOV_TYPE":"Sub-national ministry or agency","_label":"Olague","_status_group":"other","_states":["Delta"]},"geometry":{"type":"Polygon","coordinates":[[[5.13977,5.79184],[5.15223,5.74481],[5.17378,5.73625],[5.15698,5.74592],[5.15653,5.75885],[5.15954,5.74601],[5.17778,5.74786],[5.1787,5.72454],[5.207,5.70417],[5.21775,5.68009],[5.22132,5.64696],[5.21337,5.61653],[5.18834,5.61561],[5.20138,5.59299],[5.18521,5.57605],[5.17321,5.57847],[5.1475,5.60426],[5.07386,5.71144],[5.07436,5.74602],[5.09111,5.7904],[5.09837,5.78817],[5.10959,5.80746],[5.13977,5.79184]]]}},{"type":"Feature","properties":{"NAME":"Old Ogbomosho","DESIG_ENG":"Forest Reserve","IUCN_CAT":"Not Reported","GIS_AREA":1.848007,"STATUS":"Designated","STATUS_YR":0,"GOV_TYPE":"Sub-national ministry or agency","_label":"Old Ogbomosho","_status_group":"other","_states":["Oyo"]},"geometry":{"type":"Polygon","coordinates":[[[4.21181,8.08954],[4.20227,8.09572],[4.21456,8.10417],[4.21791,8.10071],[4.21181,8.08954]]]}},{"type":"Feature","properties":{"NAME":"Old Ogbomosho Water Works","DESIG_ENG":"Forest Reserve","IUCN_CAT":"Not Reported","GIS_AREA":5.228804,"STATUS":"Designated","STATUS_YR":0,"GOV_TYPE":"Sub-national ministry or agency","_label":"Old Ogbomosho Water Works","_status_group":"other","_states":["Oyo"]},"geometry":{"type":"Polygon","coordinates":[[[4.28459,8.12493],[4.27136,8.10766],[4.25709,8.12307],[4.28061,8.13185],[4.28459,8.12493]]]}},{"type":"Feature","properties":{"NAME":"Old Oyo","DESIG_ENG":"National Park","IUCN_CAT":"II","GIS_AREA":2369.2827,"STATUS":"Designated","STATUS_YR":1991,"GOV_TYPE":"Federal or national ministry or agency","_label":"Old Oyo","_status_group":"other","_year":1991,"_year_label":"Designation/status year","_states":["Oyo","Kwara"]},"geometry":{"type":"Polygon","coordinates":[[[4.04391,9.00923],[4.05603,9.01313],[4.06374,8.9953],[4.10767,8.95717],[4.12247,8.97475],[4.15293,8.98057],[4.14966,9.00543],[4.15575,9.01334],[4.28712,8.97445],[4.30202,8.98558],[4.315,9.01637],[4.33803,9.00258],[4.34303,8.97957],[4.32011,8.9539],[4.28117,8.93441],[4.23062,8.93213],[4.18655,8.89642],[4.13848,8.88757],[4.10933,8.90326],[4.05326,8.88522],[4.03748,8.87058],[4.0238,8.83195],[4.02493,8.75331],[4.00826,8.72198],[3.98786,8.71102],[3.98951,8.6983],[3.96334,8.63504],[3.95903,8.52707],[3.98076,8.50649],[3.99271,8.45598],[4.05925,8.37239],[4.03912,8.35272],[4.02521,8.30891],[3.94863,8.22965],[3.88331,8.22213],[3.84338,8.23112],[3.82204,8.24469],[3.80877,8.2378],[3.78863,8.24307],[3.75608,8.20619],[3.72456,8.29717],[3.69437,8.31829],[3.65328,8.32509],[3.58684,8.37045],[3.5809,8.44469],[3.60437,8.45663],[3.61371,8.49628],[3.62797,8.50812],[3.73094,8.49416],[3.74595,8.49828],[3.7651,8.49048],[3.77073,8.46796],[3.78356,8.45424],[3.82143,8.46023],[3.80305,8.56918],[3.7948,8.58317],[3.8134,8.65463],[3.85778,8.73322],[3.85145,8.75411],[3.86162,8.77567],[3.86343,8.81806],[3.88712,8.91574],[3.90737,8.93958],[3.94729,8.95556],[3.99826,9.01588],[4.01816,9.0217],[4.04391,9.00923]]]}},{"type":"Feature","properties":{"NAME":"Olla Hill","DESIG_ENG":"Forest Reserve","IUCN_CAT":"Not Reported","GIS_AREA":23.533145,"STATUS":"Designated","STATUS_YR":0,"GOV_TYPE":"Sub-national ministry or agency","_label":"Olla Hill","_status_group":"other","_states":["Oyo"]},"geometry":{"type":"Polygon","coordinates":[[[4.28433,7.99],[4.25298,7.98704],[4.23929,7.99936],[4.23255,8.03718],[4.24434,8.05549],[4.26104,8.03627],[4.27137,7.99973],[4.28433,7.99]]]}},{"type":"Feature","properties":{"NAME":"Olle","DESIG_ENG":"Forest Reserve","IUCN_CAT":"Not Reported","GIS_AREA":68.792058,"STATUS":"Designated","STATUS_YR":0,"GOV_TYPE":"Sub-national ministry or agency","_label":"Olle","_status_group":"other","_states":["Kogi"]},"geometry":{"type":"Polygon","coordinates":[[[6.10968,8.117],[6.14485,8.12131],[6.13258,8.10092],[6.14132,8.06953],[6.13276,8.04885],[6.10892,8.02655],[6.06108,8.03739],[6.08144,8.08584],[6.0881,8.14869],[6.10968,8.117]]]}},{"type":"Feature","properties":{"NAME":"Ologbo","DESIG_ENG":"Game Reserve","IUCN_CAT":"IV","STATUS":"Designated","STATUS_YR":1981,"GOV_TYPE":"Sub-national ministry or agency","_label":"Ologbo","_status_group":"other","_year":1981,"_year_label":"Designation/status year","_states":["Delta"]},"geometry":{"type":"Point","coordinates":[6.06667,5.56667]}},{"type":"Feature","properties":{"NAME":"Ologbo","DESIG_ENG":"Forest Reserve","IUCN_CAT":"Not Reported","GIS_AREA":181.340099,"STATUS":"Designated","STATUS_YR":1981,"GOV_TYPE":"Sub-national ministry or agency","_label":"Ologbo","_status_group":"other","_year":1981,"_year_label":"Designation/status year","_states":["Delta","Edo"]},"geometry":{"type":"Polygon","coordinates":[[[5.49801,6.02578],[5.51852,6.05128],[5.51497,6.07423],[5.53499,6.12461],[5.57246,6.13972],[5.62265,6.14269],[5.64508,6.10188],[5.63732,6.03648],[5.57089,6.01787],[5.56502,5.99183],[5.53476,5.97567],[5.53044,5.9856],[5.53666,5.99748],[5.51314,6.00846],[5.51489,6.01814],[5.49801,6.02578]]]}},{"type":"Feature","properties":{"NAME":"Ologholo-Emu-Urho","DESIG_ENG":"Forest Reserve","IUCN_CAT":"Not Reported","GIS_AREA":115.117295,"STATUS":"Designated","STATUS_YR":0,"GOV_TYPE":"Sub-national ministry or agency","_label":"Ologholo-Emu-Urho","_status_group":"other","_states":["Edo"]},"geometry":{"type":"Polygon","coordinates":[[[6.6082,6.60224],[6.58262,6.57159],[6.56596,6.58577],[6.55981,6.55997],[6.53085,6.54953],[6.49067,6.55871],[6.49039,6.56915],[6.47619,6.5806],[6.4758,6.60189],[6.51787,6.64685],[6.55769,6.6635],[6.6082,6.60224]]]}},{"type":"Feature","properties":{"NAME":"Olokemeji","DESIG_ENG":"Forest Reserve","IUCN_CAT":"Not Reported","GIS_AREA":50.276534,"STATUS":"Designated","STATUS_YR":0,"GOV_TYPE":"Sub-national ministry or agency","_label":"Olokemeji","_status_group":"other","_states":["Ogun","Oyo"]},"geometry":{"type":"Polygon","coordinates":[[[3.53221,7.4445],[3.58567,7.44198],[3.58764,7.38241],[3.51911,7.3824],[3.52029,7.43318],[3.53221,7.4445]]]}},{"type":"Feature","properties":{"NAME":"Olomu","DESIG_ENG":"Forest Reserve","IUCN_CAT":"Not Reported","GIS_AREA":7.299634,"STATUS":"Designated","STATUS_YR":0,"GOV_TYPE":"Sub-national ministry or agency","_label":"Olomu","_status_group":"other","_states":["Kwara"]},"geometry":{"type":"Polygon","coordinates":[[[5.09914,8.15655],[5.0728,8.15034],[5.07224,8.16368],[5.081,8.17256],[5.09482,8.17253],[5.09914,8.15655]]]}},{"type":"Feature","properties":{"NAME":"Oloyan","DESIG_ENG":"Forest Reserve","IUCN_CAT":"Not Reported","GIS_AREA":1.445327,"STATUS":"Designated","STATUS_YR":0,"GOV_TYPE":"Sub-national ministry or agency","_label":"Oloyan","_status_group":"other","_states":["Oyo"]},"geometry":{"type":"Polygon","coordinates":[[[4.49331,8.09357],[4.4833,8.09531],[4.48632,8.1028],[4.49587,8.10244],[4.49331,8.09357]]]}},{"type":"Feature","properties":{"NAME":"Oluwa","DESIG_ENG":"Forest Reserve","IUCN_CAT":"Not Reported","GIS_AREA":823.643997,"STATUS":"Designated","STATUS_YR":0,"GOV_TYPE":"Sub-national ministry or agency","_label":"Oluwa","_status_group":"other","_states":["Ogun","Ondo"]},"geometry":{"type":"Polygon","coordinates":[[[4.55286,6.84442],[4.54755,6.86057],[4.56242,6.90105],[4.56064,6.96707],[4.65934,6.97121],[4.69638,6.91218],[4.83136,6.89863],[4.85046,6.87867],[4.85762,6.85194],[4.82628,6.80817],[4.83325,6.77863],[4.85743,6.76175],[4.85917,6.73251],[4.84811,6.69448],[4.83263,6.67979],[4.82092,6.68869],[4.79109,6.66603],[4.76737,6.66253],[4.70619,6.73103],[4.50273,6.72993],[4.49575,6.72884],[4.49572,6.71765],[4.46747,6.71796],[4.4692,6.74085],[4.47949,6.752],[4.49897,6.76591],[4.53607,6.77376],[4.56134,6.79458],[4.55944,6.80903],[4.59628,6.81296],[4.59349,6.83858],[4.55286,6.84442]]]}},{"type":"Feature","properties":{"NAME":"Omo","DESIG_ENG":"Forest Reserve","IUCN_CAT":"Not Reported","GIS_AREA":1319.071386,"STATUS":"Designated","STATUS_YR":0,"GOV_TYPE":"Sub-national ministry or agency","_label":"Omo","_status_group":"other","_states":["Ogun","Ondo","Osun"]},"geometry":{"type":"Polygon","coordinates":[[[4.35237,7.07151],[4.37296,7.03659],[4.36782,7.00114],[4.38175,6.99386],[4.38268,6.97357],[4.42836,7.00422],[4.48213,6.98731],[4.49611,7.00036],[4.57029,6.99901],[4.56004,6.98788],[4.56242,6.90105],[4.54755,6.86057],[4.55412,6.84778],[4.5363,6.8259],[4.49909,6.82051],[4.47373,6.80443],[4.4688,6.79389],[4.41701,6.75886],[4.41774,6.75021],[4.38377,6.72049],[4.39032,6.68426],[4.38573,6.67031],[4.37223,6.66429],[4.37738,6.64894],[4.36968,6.63465],[4.3523,6.62195],[4.32095,6.62861],[4.29816,6.621],[4.28122,6.59821],[4.26593,6.59334],[4.25629,6.61442],[4.25963,6.66246],[4.26937,6.68313],[4.2879,6.69744],[4.28564,6.71394],[4.29995,6.71944],[4.29056,6.75043],[4.20097,6.74917],[4.20342,7.00032],[4.17598,7.03673],[4.27329,7.09027],[4.29665,7.09002],[4.35237,7.07151]]]}},{"type":"Feature","properties":{"NAME":"Omo","DESIG_ENG":"Strict Nature Reserve","IUCN_CAT":"Ia","STATUS":"Designated","STATUS_YR":1949,"GOV_TYPE":"Federal or national ministry or agency","_label":"Omo","_status_group":"other","_year":1949,"_year_label":"Designation/status year","_states":["Ogun"]},"geometry":{"type":"Point","coordinates":[4.25,6.5]}},{"type":"Feature","properties":{"NAME":"Omo Strict Natural Reserve","DESIG_ENG":"UNESCO-MAB Biosphere Reserve","IUCN_CAT":"Not Applicable","STATUS":"Designated","STATUS_YR":1977,"GOV_TYPE":"Federal or national ministry or agency","_label":"Omo Strict Natural Reserve","_status_group":"other","_year":1977,"_year_label":"Designation/status year","_states":["Ogun"]},"geometry":{"type":"Point","coordinates":[4.25,6.5]}},{"type":"Feature","properties":{"NAME":"Oni","DESIG_ENG":"Forest Reserve","IUCN_CAT":"Not Reported","GIS_AREA":52.371635,"STATUS":"Designated","STATUS_YR":0,"GOV_TYPE":"Sub-national ministry or agency","_label":"Oni","_status_group":"other","_states":["Ondo","Osun"]},"geometry":{"type":"Polygon","coordinates":[[[4.83056,7.39814],[4.85127,7.39586],[4.85331,7.38376],[4.83447,7.33721],[4.74362,7.33715],[4.75222,7.3685],[4.76997,7.37779],[4.8273,7.38028],[4.83056,7.39814]]]}},{"type":"Feature","properties":{"NAME":"Onishere","DESIG_ENG":"Forest Reserve","IUCN_CAT":"Not Reported","GIS_AREA":111.364701,"STATUS":"Designated","STATUS_YR":0,"GOV_TYPE":"Sub-national ministry or agency","_label":"Onishere","_status_group":"other","_states":["Ondo"]},"geometry":{"type":"Polygon","coordinates":[[[5.00347,6.8974],[5.00648,6.85918],[4.99132,6.78602],[5.02704,6.76268],[5.02362,6.75392],[5.04002,6.73764],[5.01885,6.71213],[5.00097,6.72889],[4.96206,6.81188],[4.89817,6.89643],[4.90348,6.90194],[4.96186,6.89084],[4.98072,6.9019],[5.00347,6.8974]]]}},{"type":"Feature","properties":{"NAME":"Opanda","DESIG_ENG":"Game Reserve","IUCN_CAT":"Not Reported","STATUS":"Proposed","STATUS_YR":0,"GOV_TYPE":"Sub-national ministry or agency","_label":"Opanda","_status_group":"proposed","_states":["Kogi"]},"geometry":{"type":"Point","coordinates":[7.43333,7.81667]}},{"type":"Feature","properties":{"NAME":"Opandha","DESIG_ENG":"Forest Reserve","IUCN_CAT":"Not Reported","GIS_AREA":113.078317,"STATUS":"Designated","STATUS_YR":0,"GOV_TYPE":"Sub-national ministry or agency","_label":"Opandha","_status_group":"other","_states":["Kogi"]},"geometry":{"type":"Polygon","coordinates":[[[7.43776,7.7657],[7.38297,7.78406],[7.36927,7.80784],[7.37702,7.822],[7.44389,7.87333],[7.50336,7.84313],[7.51365,7.82238],[7.43776,7.7657]]]}},{"type":"Feature","properties":{"NAME":"Opara","DESIG_ENG":"Game Reserve","IUCN_CAT":"Not Reported","GIS_AREA":2156.821427,"STATUS":"Designated","STATUS_YR":1973,"GOV_TYPE":"Sub-national ministry or agency","_label":"Opara","_status_group":"other","_year":1973,"_year_label":"Designation/status year","_states":["Oyo","Kwara"]},"geometry":{"type":"Polygon","coordinates":[[[3.02658,8.70022],[3.11269,8.56172],[3.11631,8.53018],[3.0942,8.48714],[3.08424,8.43044],[3.06035,8.41738],[3.04095,8.3838],[3.01298,8.3692],[2.99632,8.33854],[3.00558,8.3157],[3.00027,8.27799],[2.97864,8.24869],[2.97648,8.19814],[2.95827,8.17607],[2.94935,8.14604],[2.94336,8.09978],[2.95235,8.0589],[2.94166,8.04674],[2.94392,8.0211],[2.92802,7.99753],[2.87301,7.97544],[2.84233,8.00004],[2.80789,8.00936],[2.75387,8.01408],[2.7086,8.00134],[2.72861,8.06815],[2.73097,8.13454],[2.75054,8.17264],[2.75264,8.21058],[2.71547,8.26371],[2.69713,8.31093],[2.69719,8.3527],[2.71472,8.38542],[2.70968,8.42359],[2.73673,8.43642],[2.75725,8.48201],[2.75408,8.49353],[2.76206,8.51],[2.7556,8.55049],[2.77586,8.55747],[2.80864,8.59451],[2.89323,8.60083],[2.93999,8.61416],[2.98495,8.64743],[3.02658,8.70022]]]}},{"type":"Feature","properties":{"NAME":"Ora-Iuleha-Ozalla","DESIG_ENG":"Forest Reserve","IUCN_CAT":"Not Reported","GIS_AREA":54.483984,"STATUS":"Designated","STATUS_YR":0,"GOV_TYPE":"Sub-national ministry or agency","_label":"Ora-Iuleha-Ozalla","_status_group":"other","_states":["Edo"]},"geometry":{"type":"Polygon","coordinates":[[[5.83333,6.95471],[5.83853,6.94509],[5.85554,6.9524],[5.8675,6.91658],[5.86043,6.90227],[5.87084,6.89867],[5.85958,6.87235],[5.83814,6.86366],[5.82174,6.84523],[5.80584,6.91094],[5.81624,6.92098],[5.8109,6.9428],[5.83333,6.95471]]]}},{"type":"Feature","properties":{"NAME":"Orle River","DESIG_ENG":"Game Reserve","IUCN_CAT":"IV","GIS_AREA":452.342833,"STATUS":"Designated","STATUS_YR":1960,"GOV_TYPE":"Sub-national ministry or agency","_label":"Orle River","_status_group":"other","_year":1960,"_year_label":"Designation/status year","_states":["Edo"]},"geometry":{"type":"Polygon","coordinates":[[[6.59275,7.05303],[6.60049,7.03461],[6.6153,7.03274],[6.61739,7.0257],[6.58823,6.86753],[6.56687,6.85745],[6.5786,6.81715],[6.58946,6.81564],[6.58938,6.78399],[6.48723,6.79585],[6.44967,6.83735],[6.45315,6.85053],[6.47542,6.86014],[6.4735,6.88361],[6.42946,6.90134],[6.4585,6.93356],[6.47558,6.94031],[6.453,6.95618],[6.44603,6.93773],[6.39056,6.93115],[6.38859,6.98539],[6.42706,7.02352],[6.52533,7.0284],[6.5588,7.05403],[6.59275,7.05303]],[[6.48471,6.95703],[6.49733,6.95044],[6.50599,6.97269],[6.50486,7.00667],[6.49666,7.00487],[6.48833,6.98294],[6.47621,6.97806],[6.48471,6.95703]],[[6.49202,6.91342],[6.49405,6.89824],[6.50991,6.90224],[6.49202,6.91342]],[[6.51735,6.86807],[6.50961,6.86397],[6.51738,6.86427],[6.51735,6.86807]],[[6.50855,6.81377],[6.53069,6.8379],[6.53005,6.84569],[6.51215,6.84655],[6.50855,6.81377]]]}},{"type":"Feature","properties":{"NAME":"Orle River","DESIG_ENG":"Forest Reserve","IUCN_CAT":"Not Reported","GIS_AREA":452.342833,"STATUS":"Designated","STATUS_YR":0,"GOV_TYPE":"Sub-national ministry or agency","_label":"Orle River","_status_group":"other","_states":["Edo"]},"geometry":{"type":"Polygon","coordinates":[[[6.59275,7.05303],[6.60049,7.03461],[6.6153,7.03274],[6.61739,7.0257],[6.58823,6.86753],[6.56687,6.85745],[6.5786,6.81715],[6.58946,6.81564],[6.58938,6.78399],[6.48723,6.79585],[6.44967,6.83735],[6.45315,6.85053],[6.47542,6.86014],[6.4735,6.88361],[6.42946,6.90134],[6.4585,6.93356],[6.47558,6.94031],[6.453,6.95618],[6.44603,6.93773],[6.39056,6.93115],[6.38859,6.98539],[6.42706,7.02352],[6.52533,7.0284],[6.5588,7.05403],[6.59275,7.05303]],[[6.48471,6.95703],[6.49733,6.95044],[6.50599,6.97269],[6.50486,7.00667],[6.49666,7.00487],[6.48833,6.98294],[6.47621,6.97806],[6.48471,6.95703]],[[6.49202,6.91342],[6.49405,6.89824],[6.50991,6.90224],[6.49202,6.91342]],[[6.51735,6.86807],[6.50961,6.86397],[6.51738,6.86427],[6.51735,6.86807]],[[6.50855,6.81377],[6.53069,6.8379],[6.53005,6.84569],[6.51215,6.84655],[6.50855,6.81377]]]}},{"type":"Feature","properties":{"NAME":"Oroma Anam","DESIG_ENG":"Forest Reserve","IUCN_CAT":"Not Reported","GIS_AREA":12.95654,"STATUS":"Designated","STATUS_YR":0,"GOV_TYPE":"Sub-national ministry or agency","_label":"Oroma Anam","_status_group":"other","_states":["Delta","Anambra"]},"geometry":{"type":"MultiPolygon","coordinates":[[[[6.71725,6.34607],[6.70753,6.35767],[6.70482,6.38377],[6.71164,6.37986],[6.71725,6.34607]]],[[[6.73968,6.34548],[6.73229,6.35066],[6.7303,6.37352],[6.75464,6.39039],[6.75706,6.36268],[6.73968,6.34548]]]]}},{"type":"Feature","properties":{"NAME":"Osara","DESIG_ENG":"Forest Reserve","IUCN_CAT":"Not Reported","GIS_AREA":580.790365,"STATUS":"Designated","STATUS_YR":0,"GOV_TYPE":"Sub-national ministry or agency","_label":"Osara","_status_group":"other","_states":["Kogi"]},"geometry":{"type":"Polygon","coordinates":[[[6.65228,7.79905],[6.69165,7.79699],[6.74085,7.75951],[6.72862,7.6749],[6.68658,7.623],[6.67848,7.57655],[6.64885,7.57757],[6.60884,7.60892],[6.59946,7.60121],[6.51774,7.59757],[6.48755,7.62259],[6.42168,7.65765],[6.41975,7.67503],[6.44878,7.70042],[6.49054,7.72326],[6.59599,7.8066],[6.62317,7.81152],[6.65228,7.79905]]]}},{"type":"Feature","properties":{"NAME":"Osho","DESIG_ENG":"Forest Reserve","IUCN_CAT":"Not Reported","GIS_AREA":32.856599,"STATUS":"Designated","STATUS_YR":0,"GOV_TYPE":"Sub-national ministry or agency","_label":"Osho","_status_group":"other","_states":["Oyo"]},"geometry":{"type":"Polygon","coordinates":[[[3.6623,7.4923],[3.69353,7.45348],[3.5928,7.45282],[3.59837,7.47081],[3.6623,7.4923]]]}},{"type":"Feature","properties":{"NAME":"Oshogbo","DESIG_ENG":"Forest Reserve","IUCN_CAT":"Not Reported","GIS_AREA":5.193041,"STATUS":"Designated","STATUS_YR":0,"GOV_TYPE":"Sub-national ministry or agency","_label":"Oshogbo","_status_group":"other","_states":["Osun"]},"geometry":{"type":"Polygon","coordinates":[[[4.53369,7.74663],[4.52138,7.75841],[4.53815,7.76896],[4.54671,7.75516],[4.53369,7.74663]]]}},{"type":"Feature","properties":{"NAME":"Oshun","DESIG_ENG":"Forest Reserve","IUCN_CAT":"Not Reported","GIS_AREA":19.817223,"STATUS":"Designated","STATUS_YR":0,"GOV_TYPE":"Sub-national ministry or agency","_label":"Oshun","_status_group":"other","_states":["Ogun"]},"geometry":{"type":"Polygon","coordinates":[[[4.16269,6.8651],[4.1345,6.86292],[4.11627,6.8813],[4.12291,6.91068],[4.13893,6.90857],[4.151,6.89464],[4.16269,6.8651]]]}},{"type":"Feature","properties":{"NAME":"Osi","DESIG_ENG":"Forest Reserve","IUCN_CAT":"Not Reported","GIS_AREA":34.542025,"STATUS":"Designated","STATUS_YR":0,"GOV_TYPE":"Sub-national ministry or agency","_label":"Osi","_status_group":"other","_states":["Kwara","Kogi"]},"geometry":{"type":"Polygon","coordinates":[[[5.4637,8.17541],[5.44987,8.16025],[5.40528,8.17004],[5.41823,8.21235],[5.43478,8.2259],[5.42043,8.233],[5.4254,8.25274],[5.45534,8.2332],[5.44488,8.20965],[5.4637,8.17541]]]}},{"type":"Feature","properties":{"NAME":"Osomari","DESIG_ENG":"Forest Reserve","IUCN_CAT":"Not Reported","GIS_AREA":136.308485,"STATUS":"Designated","STATUS_YR":0,"GOV_TYPE":"Sub-national ministry or agency","_label":"Osomari","_status_group":"other","_states":["Anambra","Imo"]},"geometry":{"type":"Polygon","coordinates":[[[6.77727,5.88097],[6.79154,5.83405],[6.78363,5.82057],[6.75959,5.83218],[6.75358,5.85501],[6.74024,5.83851],[6.74811,5.78642],[6.76754,5.78568],[6.74692,5.77391],[6.75616,5.75812],[6.75323,5.74917],[6.69622,5.73932],[6.66254,5.74816],[6.66751,5.78961],[6.68369,5.81915],[6.69241,5.832],[6.71959,5.84132],[6.71199,5.89623],[6.71639,5.9174],[6.73016,5.91236],[6.73707,5.89351],[6.77727,5.88097]]]}},{"type":"Feature","properties":{"NAME":"Otamiri","DESIG_ENG":"Forest Reserve","IUCN_CAT":"Not Reported","GIS_AREA":1.45707,"STATUS":"Designated","STATUS_YR":0,"GOV_TYPE":"Sub-national ministry or agency","_label":"Otamiri","_status_group":"other","_states":["Imo"]},"geometry":{"type":"Polygon","coordinates":[[[7.02525,5.43991],[7.01615,5.44221],[7.02534,5.45155],[7.03025,5.4476],[7.02525,5.43991]]]}},{"type":"Feature","properties":{"NAME":"Otamiri River","DESIG_ENG":"Forest Reserve","IUCN_CAT":"Not Reported","GIS_AREA":173.410448,"STATUS":"Designated","STATUS_YR":0,"GOV_TYPE":"Sub-national ministry or agency","_label":"Otamiri River","_status_group":"other","_states":["Rivers"]},"geometry":{"type":"Polygon","coordinates":[[[7.04046,5.22896],[7.0404,5.16685],[6.97835,5.16318],[6.9782,5.06299],[6.92147,5.06287],[6.91991,5.1356],[6.88307,5.13525],[6.88349,5.21214],[6.94852,5.21715],[6.94944,5.19143],[7.00093,5.19175],[7.00023,5.22837],[7.04046,5.22896]]]}},{"type":"Feature","properties":{"NAME":"Otete","DESIG_ENG":"Forest Reserve","IUCN_CAT":"Not Reported","GIS_AREA":6.250074,"STATUS":"Designated","STATUS_YR":0,"GOV_TYPE":"Sub-national ministry or agency","_label":"Otete","_status_group":"other","_states":["Kogi"]},"geometry":{"type":"Polygon","coordinates":[[[6.24285,7.60977],[6.24226,7.63901],[6.25301,7.64246],[6.25645,7.61942],[6.24285,7.60977]]]}},{"type":"Feature","properties":{"NAME":"Otu","DESIG_ENG":"Forest Reserve","IUCN_CAT":"Not Reported","GIS_AREA":84.325186,"STATUS":"Designated","STATUS_YR":0,"GOV_TYPE":"Sub-national ministry or agency","_label":"Otu","_status_group":"other","_states":["Ondo"]},"geometry":{"type":"Polygon","coordinates":[[[4.99937,6.73262],[5.01885,6.71213],[5.01313,6.6984],[5.0275,6.67487],[5.01556,6.66978],[5.0189,6.65181],[4.95813,6.65457],[4.94521,6.64556],[4.93188,6.65303],[4.92582,6.73405],[4.99937,6.73262]]]}},{"type":"Feature","properties":{"NAME":"Otuma","DESIG_ENG":"Forest Reserve","IUCN_CAT":"Not Reported","GIS_AREA":1.327084,"STATUS":"Designated","STATUS_YR":0,"GOV_TYPE":"Sub-national ministry or agency","_label":"Otuma","_status_group":"other","_states":["Oyo"]},"geometry":{"type":"Polygon","coordinates":[[[3.44736,7.55455],[3.43442,7.55933],[3.44917,7.5637],[3.44736,7.55455]]]}},{"type":"Feature","properties":{"NAME":"Oturkpo","DESIG_ENG":"Forest Reserve","IUCN_CAT":"Not Reported","GIS_AREA":4.190521,"STATUS":"Designated","STATUS_YR":0,"GOV_TYPE":"Sub-national ministry or agency","_label":"Oturkpo","_status_group":"other","_states":["Benue"]},"geometry":{"type":"Polygon","coordinates":[[[8.13043,7.22205],[8.12241,7.22669],[8.14154,7.24801],[8.14562,7.23849],[8.13043,7.22205]]]}},{"type":"Feature","properties":{"NAME":"Owan","DESIG_ENG":"Forest Reserve","IUCN_CAT":"Not Reported","GIS_AREA":82.159827,"STATUS":"Designated","STATUS_YR":0,"GOV_TYPE":"Sub-national ministry or agency","_label":"Owan","_status_group":"other","_states":["Edo"]},"geometry":{"type":"Polygon","coordinates":[[[5.99829,6.78575],[5.8166,6.80715],[5.80879,6.81108],[5.81515,6.83633],[5.83231,6.83985],[5.86868,6.87428],[5.90373,6.89133],[5.9171,6.87909],[5.87861,6.86562],[5.87421,6.85619],[5.89198,6.85407],[5.88999,6.8249],[5.90416,6.81323],[5.95412,6.83226],[5.9649,6.81732],[5.98285,6.81773],[5.99829,6.78575]]]}},{"type":"Feature","properties":{"NAME":"Owo","DESIG_ENG":"Forest Reserve","IUCN_CAT":"Not Reported","GIS_AREA":233.373238,"STATUS":"Designated","STATUS_YR":0,"GOV_TYPE":"Sub-national ministry or agency","_label":"Owo","_status_group":"other","_states":["Ondo","Edo"]},"geometry":{"type":"Polygon","coordinates":[[[5.55284,6.84322],[5.5543,6.88269],[5.53736,6.90144],[5.54375,6.91817],[5.52841,6.92454],[5.51452,6.95444],[5.48543,6.98209],[5.48841,6.99433],[5.47137,7.02609],[5.47767,7.04936],[5.51163,7.05692],[5.53864,7.04848],[5.61328,7.04903],[5.60563,7.03553],[5.62433,6.99999],[5.61807,6.92331],[5.60896,6.89969],[5.57271,6.88673],[5.56635,6.84502],[5.55284,6.84322]]]}},{"type":"Feature","properties":{"NAME":"Oyinno","DESIG_ENG":"Forest Reserve","IUCN_CAT":"Not Reported","GIS_AREA":33.509788,"STATUS":"Designated","STATUS_YR":0,"GOV_TYPE":"Sub-national ministry or agency","_label":"Oyinno","_status_group":"other","_states":["Ondo"]},"geometry":{"type":"Polygon","coordinates":[[[5.61933,7.31339],[5.6266,7.31455],[5.61146,7.32814],[5.62889,7.35884],[5.63789,7.36029],[5.67372,7.28747],[5.62348,7.2854],[5.61684,7.29236],[5.61933,7.31339]]]}},{"type":"Feature","properties":{"NAME":"Pai River","DESIG_ENG":"Game Reserve","IUCN_CAT":"Not Reported","GIS_AREA":158.188255,"STATUS":"Designated","STATUS_YR":1972,"GOV_TYPE":"Sub-national ministry or agency","_label":"Pai River","_status_group":"other","_year":1972,"_year_label":"Designation/status year","_states":["Plateau","Bauchi","Taraba"]},"geometry":{"type":"Polygon","coordinates":[[[10.55945,9.61245],[10.57951,9.49052],[10.57294,9.47241],[10.51315,9.47188],[10.48761,9.44696],[10.47299,9.44573],[10.46067,9.56171],[10.55337,9.5993],[10.55945,9.61245]]]}},{"type":"Feature","properties":{"NAME":"Pai River","DESIG_ENG":"Forest Reserve","IUCN_CAT":"Not Reported","GIS_AREA":495.474873,"STATUS":"Designated","STATUS_YR":0,"GOV_TYPE":"Sub-national ministry or agency","_label":"Pai River","_status_group":"other","_states":["Plateau","Taraba"]},"geometry":{"type":"Polygon","coordinates":[[[10.61013,8.96329],[10.51765,8.92209],[10.51521,8.95375],[10.49317,8.96067],[10.44077,8.90256],[10.42454,8.9418],[10.42448,8.97063],[10.40283,8.99938],[10.41633,9.04231],[10.45732,9.06034],[10.42614,9.07614],[10.45139,9.10993],[10.45956,9.14157],[10.60487,9.17337],[10.59195,9.0927],[10.63468,9.05729],[10.64072,8.99919],[10.63366,8.98106],[10.61013,8.96329]]]}},{"type":"Feature","properties":{"NAME":"Pandam","DESIG_ENG":"Game Reserve","IUCN_CAT":"IV","STATUS":"Designated","STATUS_YR":1972,"GOV_TYPE":"Sub-national ministry or agency","_label":"Pandam","_status_group":"other","_year":1972,"_year_label":"Designation/status year","_states":["Nasarawa"]},"geometry":{"type":"Point","coordinates":[8.42,8.6]}},{"type":"Feature","properties":{"NAME":"Pandam and Wase Lakes","DESIG_ENG":"Wetland of International Importance (Ramsar Site)","IUCN_CAT":"IV","GIS_AREA":197.578734,"STATUS":"Designated","STATUS_YR":2008,"GOV_TYPE":"Not Reported","_label":"Pandam and Wase Lakes","_status_group":"other","_year":2008,"_year_label":"Designation/status year","_states":["Plateau","Nasarawa"]},"geometry":{"type":"Polygon","coordinates":[[[9.04483,8.78466],[9.07148,8.71624],[9.07321,8.70281],[9.06618,8.69648],[9.07123,8.68347],[8.98882,8.65446],[8.95138,8.62718],[8.95465,8.64881],[8.91148,8.68089],[8.89741,8.71749],[8.89882,8.7346],[8.91687,8.75516],[8.97591,8.75648],[8.99572,8.76932],[9.04483,8.78466]]]}},{"type":"Feature","properties":{"NAME":"Panshanu","DESIG_ENG":"Forest Reserve","IUCN_CAT":"Not Reported","GIS_AREA":194.093745,"STATUS":"Designated","STATUS_YR":0,"GOV_TYPE":"Sub-national ministry or agency","_label":"Panshanu","_status_group":"other","_states":["Bauchi"]},"geometry":{"type":"Polygon","coordinates":[[[9.25902,10.15852],[9.24968,10.12999],[9.22619,10.11269],[9.18248,10.09496],[9.17118,10.08147],[9.13912,10.08822],[9.15399,10.10313],[9.12384,10.13353],[9.15849,10.16819],[9.15274,10.22033],[9.18146,10.28456],[9.19736,10.28443],[9.20984,10.27431],[9.24055,10.21726],[9.25902,10.15852]]]}},{"type":"Feature","properties":{"NAME":"Pategi","DESIG_ENG":"Forest Reserve","IUCN_CAT":"Not Reported","GIS_AREA":11.408199,"STATUS":"Designated","STATUS_YR":0,"GOV_TYPE":"Sub-national ministry or agency","_label":"Pategi","_status_group":"other","_states":["Kwara","Niger"]},"geometry":{"type":"Polygon","coordinates":[[[5.77414,8.74718],[5.82068,8.73736],[5.81983,8.72044],[5.78555,8.72179],[5.76859,8.73048],[5.77414,8.74718]]]}},{"type":"Feature","properties":{"NAME":"Prison Fuel","DESIG_ENG":"Forest Reserve","IUCN_CAT":"Not Reported","GIS_AREA":1.997895,"STATUS":"Designated","STATUS_YR":0,"GOV_TYPE":"Sub-national ministry or agency","_label":"Prison Fuel","_status_group":"other","_states":["Niger"]},"geometry":{"type":"Polygon","coordinates":[[[6.02667,9.20647],[6.01858,9.20964],[6.01951,9.22118],[6.0294,9.21812],[6.02667,9.20647]]]}},{"type":"Feature","properties":{"NAME":"Puissa","DESIG_ENG":"Forest Reserve","IUCN_CAT":"Not Reported","GIS_AREA":102.364254,"STATUS":"Designated","STATUS_YR":0,"GOV_TYPE":"Sub-national ministry or agency","_label":"Puissa","_status_group":"other","_states":["Niger"]},"geometry":{"type":"Polygon","coordinates":[[[4.07777,10.61484],[4.04373,10.62713],[4.03543,10.65556],[4.04144,10.69891],[4.07393,10.74703],[4.10986,10.72919],[4.12032,10.68522],[4.10769,10.63282],[4.07777,10.61484]]]}},{"type":"Feature","properties":{"NAME":"Rabadi","DESIG_ENG":"Forest Reserve","IUCN_CAT":"Not Reported","GIS_AREA":63.015153,"STATUS":"Designated","STATUS_YR":0,"GOV_TYPE":"Sub-national ministry or agency","_label":"Rabadi","_status_group":"other","_states":["Jigawa"]},"geometry":{"type":"Polygon","coordinates":[[[10.24,11.10277],[10.17043,11.09792],[10.18438,11.16419],[10.219,11.17966],[10.2454,11.16606],[10.25438,11.12517],[10.24,11.10277]]]}},{"type":"Feature","properties":{"NAME":"Radda","DESIG_ENG":"Forest Reserve","IUCN_CAT":"Not Reported","GIS_AREA":16.355219,"STATUS":"Designated","STATUS_YR":0,"GOV_TYPE":"Sub-national ministry or agency","_label":"Radda","_status_group":"other","_states":["Katsina"]},"geometry":{"type":"Polygon","coordinates":[[[7.69978,12.51212],[7.65611,12.49164],[7.61184,12.50605],[7.64209,12.5239],[7.65373,12.50367],[7.66456,12.50435],[7.69201,12.52761],[7.7012,12.52512],[7.69978,12.51212]]]}},{"type":"Feature","properties":{"NAME":"Rade","DESIG_ENG":"Forest Reserve","IUCN_CAT":"Not Reported","GIS_AREA":11.979202,"STATUS":"Designated","STATUS_YR":0,"GOV_TYPE":"Sub-national ministry or agency","_label":"Rade","_status_group":"other","_states":["Katsina"]},"geometry":{"type":"Polygon","coordinates":[[[8.32059,12.90514],[8.33401,12.90736],[8.3422,12.89488],[8.31629,12.88337],[8.29964,12.92035],[8.31534,12.9232],[8.32059,12.90514]]]}},{"type":"Feature","properties":{"NAME":"Radoho","DESIG_ENG":"Forest Reserve","IUCN_CAT":"Not Reported","GIS_AREA":16.225486,"STATUS":"Designated","STATUS_YR":0,"GOV_TYPE":"Sub-national ministry or agency","_label":"Radoho","_status_group":"other","_states":["Katsina"]},"geometry":{"type":"Polygon","coordinates":[[[8.115,12.55012],[8.13954,12.5419],[8.13177,12.51843],[8.08604,12.53509],[8.09115,12.54762],[8.115,12.55012]]]}},{"type":"Feature","properties":{"NAME":"Radung","DESIG_ENG":"Forest Reserve","IUCN_CAT":"Not Reported","GIS_AREA":11.60513,"STATUS":"Designated","STATUS_YR":0,"GOV_TYPE":"Sub-national ministry or agency","_label":"Radung","_status_group":"other","_states":["Plateau","Bauchi"]},"geometry":{"type":"Polygon","coordinates":[[[8.97547,9.98571],[8.94686,9.98428],[8.95856,10.01401],[8.97289,10.02036],[8.98168,10.01585],[8.98415,9.99958],[8.97547,9.98571]]]}},{"type":"Feature","properties":{"NAME":"Radwan","DESIG_ENG":"Forest Reserve","IUCN_CAT":"Not Reported","GIS_AREA":5.540534,"STATUS":"Designated","STATUS_YR":0,"GOV_TYPE":"Sub-national ministry or agency","_label":"Radwan","_status_group":"other","_states":["Bauchi"]},"geometry":{"type":"Polygon","coordinates":[[[9.10068,10.08926],[9.09445,10.10046],[9.10654,10.11967],[9.11737,10.10707],[9.10068,10.08926]]]}},{"type":"Feature","properties":{"NAME":"Rafin Bawa","DESIG_ENG":"Forest Reserve","IUCN_CAT":"Not Reported","GIS_AREA":65.643137,"STATUS":"Designated","STATUS_YR":0,"GOV_TYPE":"Sub-national ministry or agency","_label":"Rafin Bawa","_status_group":"other","_states":["Plateau","Kaduna"]},"geometry":{"type":"Polygon","coordinates":[[[8.77135,9.97505],[8.75817,9.96658],[8.71558,9.97174],[8.69145,10.00225],[8.65766,10.01743],[8.67051,10.05337],[8.72663,10.033],[8.76615,9.99923],[8.77135,9.97505]]]}},{"type":"Feature","properties":{"NAME":"Rafin Doboyi","DESIG_ENG":"Forest Reserve","IUCN_CAT":"Not Reported","GIS_AREA":5.169569,"STATUS":"Designated","STATUS_YR":0,"GOV_TYPE":"Sub-national ministry or agency","_label":"Rafin Doboyi","_status_group":"other","_states":["Bauchi"]},"geometry":{"type":"Polygon","coordinates":[[[10.39693,11.63459],[10.37581,11.6325],[10.41036,11.66217],[10.39693,11.63459]]]}},{"type":"Feature","properties":{"NAME":"Rafin Hill","DESIG_ENG":"Forest Reserve","IUCN_CAT":"Not Reported","GIS_AREA":8.42396,"STATUS":"Designated","STATUS_YR":0,"GOV_TYPE":"Sub-national ministry or agency","_label":"Rafin Hill","_status_group":"other","_states":["Katsina"]},"geometry":{"type":"Polygon","coordinates":[[[7.39861,13.02259],[7.37392,13.02164],[7.36221,13.03918],[7.38245,13.04349],[7.39924,13.0361],[7.39861,13.02259]]]}},{"type":"Feature","properties":{"NAME":"Rafin Iwa","DESIG_ENG":"Forest Reserve","IUCN_CAT":"Not Reported","GIS_AREA":19.467052,"STATUS":"Designated","STATUS_YR":0,"GOV_TYPE":"Sub-national ministry or agency","_label":"Rafin Iwa","_status_group":"other","_states":["Katsina"]},"geometry":{"type":"Polygon","coordinates":[[[7.07274,11.35443],[7.116,11.35521],[7.11126,11.33925],[7.08896,11.31933],[7.05195,11.32162],[7.07274,11.35443]]]}},{"type":"Feature","properties":{"NAME":"Raganda","DESIG_ENG":"Forest Reserve","IUCN_CAT":"Not Reported","GIS_AREA":132.085547,"STATUS":"Designated","STATUS_YR":0,"GOV_TYPE":"Sub-national ministry or agency","_label":"Raganda","_status_group":"other","_states":["Niger"]},"geometry":{"type":"Polygon","coordinates":[[[5.21715,10.02038],[5.18136,10.03305],[5.14806,10.06949],[5.14761,10.14876],[5.15871,10.17167],[5.17135,10.15334],[5.24677,10.1062],[5.2562,10.08965],[5.25785,10.06132],[5.21715,10.02038]]]}},{"type":"Feature","properties":{"NAME":"Rahama","DESIG_ENG":"Forest Reserve","IUCN_CAT":"Not Reported","GIS_AREA":37.405937,"STATUS":"Designated","STATUS_YR":0,"GOV_TYPE":"Sub-national ministry or agency","_label":"Rahama","_status_group":"other","_states":["Plateau","Kaduna"]},"geometry":{"type":"Polygon","coordinates":[[[8.64923,9.76242],[8.62838,9.71974],[8.6181,9.71374],[8.58893,9.74047],[8.50576,9.73799],[8.49063,9.75802],[8.50218,9.762],[8.51041,9.75096],[8.62416,9.75546],[8.63578,9.76838],[8.64923,9.76242]]]}},{"type":"Feature","properties":{"NAME":"Rakuma","DESIG_ENG":"Forest Reserve","IUCN_CAT":"Not Reported","GIS_AREA":221.349235,"STATUS":"Designated","STATUS_YR":0,"GOV_TYPE":"Sub-national ministry or agency","_label":"Rakuma","_status_group":"other","_states":["Sokoto","Zamfara"]},"geometry":{"type":"Polygon","coordinates":[[[5.81615,12.42466],[5.72357,12.45039],[5.71151,12.46669],[5.80377,12.50359],[5.84228,12.50287],[5.85755,12.49272],[5.9046,12.50148],[5.93737,12.57993],[5.9702,12.57148],[6.00574,12.57341],[6.01113,12.53422],[5.98362,12.50982],[5.97279,12.45136],[5.83991,12.44886],[5.80697,12.46096],[5.79274,12.43942],[5.81615,12.42466]]]}},{"type":"Feature","properties":{"NAME":"Ran","DESIG_ENG":"Forest Reserve","IUCN_CAT":"Not Reported","GIS_AREA":42.58161,"STATUS":"Designated","STATUS_YR":0,"GOV_TYPE":"Sub-national ministry or agency","_label":"Ran","_status_group":"other","_states":["Bauchi"]},"geometry":{"type":"Polygon","coordinates":[[[9.78856,10.41249],[9.85274,10.413],[9.86407,10.37011],[9.83824,10.36427],[9.78776,10.37874],[9.78856,10.41249]]]}},{"type":"Feature","properties":{"NAME":"Ribako","DESIG_ENG":"Forest Reserve","IUCN_CAT":"Not Reported","GIS_AREA":198.575843,"STATUS":"Designated","STATUS_YR":0,"GOV_TYPE":"Sub-national ministry or agency","_label":"Ribako","_status_group":"other","_states":["Kaduna"]},"geometry":{"type":"Polygon","coordinates":[[[7.84365,10.6627],[7.86662,10.66154],[7.88603,10.63713],[7.91327,10.62415],[7.91834,10.60592],[7.91162,10.57601],[7.89151,10.55049],[7.82116,10.54038],[7.77561,10.56404],[7.76748,10.58807],[7.78577,10.636],[7.79068,10.69745],[7.80167,10.71524],[7.822,10.70385],[7.84365,10.6627]]]}},{"type":"Feature","properties":{"NAME":"Ribuku","DESIG_ENG":"Forest Reserve","IUCN_CAT":"Not Reported","GIS_AREA":60.4762,"STATUS":"Designated","STATUS_YR":0,"GOV_TYPE":"Sub-national ministry or agency","_label":"Ribuku","_status_group":"other","_states":["Niger"]},"geometry":{"type":"Polygon","coordinates":[[[5.64242,9.59963],[5.6326,9.60274],[5.61323,9.6449],[5.55735,9.67765],[5.55493,9.69501],[5.57024,9.70136],[5.59993,9.69677],[5.65618,9.66141],[5.65879,9.6236],[5.64242,9.59963]]]}},{"type":"Feature","properties":{"NAME":"Richa","DESIG_ENG":"Forest Reserve","IUCN_CAT":"Not Reported","GIS_AREA":32.22709,"STATUS":"Designated","STATUS_YR":0,"GOV_TYPE":"Sub-national ministry or agency","_label":"Richa","_status_group":"other","_states":["Plateau"]},"geometry":{"type":"Polygon","coordinates":[[[8.99118,9.21976],[8.94526,9.19563],[8.9333,9.17847],[8.91618,9.17889],[8.89928,9.16699],[8.88884,9.17462],[8.90569,9.21449],[8.91968,9.20773],[8.96344,9.2188],[8.9797,9.23168],[8.99118,9.21976]]]}},{"type":"Feature","properties":{"NAME":"Rigachikun","DESIG_ENG":"Forest Reserve","IUCN_CAT":"Not Reported","GIS_AREA":48.651064,"STATUS":"Designated","STATUS_YR":0,"GOV_TYPE":"Sub-national ministry or agency","_label":"Rigachikun","_status_group":"other","_states":["Kaduna"]},"geometry":{"type":"Polygon","coordinates":[[[7.46237,10.68524],[7.45558,10.67512],[7.47271,10.66854],[7.44816,10.62767],[7.41527,10.60899],[7.39122,10.60666],[7.40933,10.68136],[7.44762,10.6927],[7.46237,10.68524]]]}},{"type":"Feature","properties":{"NAME":"Rikau","DESIG_ENG":"Forest Reserve","IUCN_CAT":"Not Reported","GIS_AREA":194.403079,"STATUS":"Designated","STATUS_YR":0,"GOV_TYPE":"Sub-national ministry or agency","_label":"Rikau","_status_group":"other","_states":["Kaduna"]},"geometry":{"type":"Polygon","coordinates":[[[7.33719,10.94513],[7.3017,10.86107],[7.24557,10.85348],[7.20696,10.80353],[7.20576,10.78113],[7.1847,10.79355],[7.18358,10.8141],[7.15832,10.81913],[7.15797,10.83658],[7.18476,10.83765],[7.17113,10.85104],[7.17135,10.8622],[7.19133,10.86394],[7.21399,10.88376],[7.21003,10.90191],[7.18607,10.93067],[7.18604,10.94465],[7.20635,10.9408],[7.21692,10.95881],[7.24207,10.96218],[7.25611,10.97452],[7.28788,10.97044],[7.33719,10.94513]]]}},{"type":"Feature","properties":{"NAME":"Rinukunu","DESIG_ENG":"Forest Reserve","IUCN_CAT":"Not Reported","GIS_AREA":51.870585,"STATUS":"Designated","STATUS_YR":0,"GOV_TYPE":"Sub-national ministry or agency","_label":"Rinukunu","_status_group":"other","_states":["Yobe"]},"geometry":{"type":"Polygon","coordinates":[[[11.20115,12.87203],[11.19717,12.86267],[11.22296,12.83892],[11.21963,12.83117],[11.23025,12.82461],[11.23088,12.80587],[11.15351,12.8139],[11.1224,12.83564],[11.13865,12.85373],[11.16645,12.85476],[11.18147,12.8717],[11.20115,12.87203]]]}},{"type":"Feature","properties":{"NAME":"River Amboi","DESIG_ENG":"Forest Reserve","IUCN_CAT":"Not Reported","GIS_AREA":101.031047,"STATUS":"Designated","STATUS_YR":0,"GOV_TYPE":"Sub-national ministry or agency","_label":"River Amboi","_status_group":"other","_states":["Taraba"]},"geometry":{"type":"Polygon","coordinates":[[[10.80368,7.17685],[10.81227,7.17734],[10.81588,7.19517],[10.84267,7.19039],[10.8213,7.16836],[10.78334,7.10354],[10.75187,7.10755],[10.74559,7.1313],[10.72652,7.14354],[10.70281,7.13708],[10.7111,7.17546],[10.75506,7.21554],[10.78452,7.20357],[10.80368,7.17685]]]}},{"type":"Feature","properties":{"NAME":"River Moshi","DESIG_ENG":"Forest Reserve","IUCN_CAT":"Not Reported","GIS_AREA":2690.853875,"STATUS":"Designated","STATUS_YR":0,"GOV_TYPE":"Sub-national ministry or agency","_label":"River Moshi","_status_group":"other","_states":["Oyo","Kwara","Niger"]},"geometry":{"type":"Polygon","coordinates":[[[4.40582,9.36181],[4.4593,9.34772],[4.48413,9.31534],[4.52732,9.28928],[4.54528,9.28856],[4.56703,9.30643],[4.59654,9.30207],[4.62311,9.30985],[4.64754,9.28864],[4.68006,9.28438],[4.69609,9.27355],[4.7289,9.27402],[4.75551,9.25425],[4.75729,9.21855],[4.74826,9.20715],[4.7466,9.18596],[4.7528,9.15652],[4.77005,9.14131],[4.74996,9.13242],[4.75554,9.10178],[4.74632,9.08492],[4.72697,9.07994],[4.72091,9.06621],[4.68444,9.0755],[4.67926,9.06263],[4.64596,9.07884],[4.5857,9.08049],[4.34807,9.00227],[4.31239,9.01608],[4.30202,8.98558],[4.28712,8.97445],[4.15575,9.01334],[4.14966,9.00543],[4.15293,8.98057],[4.12247,8.97475],[4.10767,8.95717],[4.06374,8.9953],[4.05447,9.02574],[4.01566,9.03274],[3.97876,9.06313],[3.95735,9.13624],[3.9349,9.16188],[3.87625,9.20306],[3.85756,9.31184],[3.88129,9.26615],[3.89985,9.27163],[3.91632,9.26654],[3.92891,9.23958],[3.95038,9.22566],[3.95896,9.22543],[3.96731,9.24083],[4.00716,9.24071],[4.02108,9.26287],[4.04591,9.25437],[4.07445,9.23162],[4.094,9.23716],[4.10264,9.25296],[4.12021,9.26144],[4.12543,9.27784],[4.15188,9.27736],[4.15489,9.2904],[4.20147,9.32495],[4.22751,9.32691],[4.24816,9.3531],[4.26266,9.35476],[4.28517,9.34345],[4.29909,9.35112],[4.37601,9.32651],[4.40582,9.36181]]]}},{"type":"Feature","properties":{"NAME":"River Nwum","DESIG_ENG":"Forest Reserve","IUCN_CAT":"Not Reported","GIS_AREA":17.547761,"STATUS":"Designated","STATUS_YR":0,"GOV_TYPE":"Sub-national ministry or agency","_label":"River Nwum","_status_group":"other","_states":["Taraba"]},"geometry":{"type":"Polygon","coordinates":[[[10.96492,6.80697],[10.93512,6.81179],[10.93683,6.83343],[10.9571,6.84049],[10.97811,6.83566],[10.98238,6.8152],[10.96492,6.80697]]]}},{"type":"Feature","properties":{"NAME":"Rogogo","DESIG_ENG":"Forest Reserve","IUCN_CAT":"Not Reported","GIS_AREA":4.479094,"STATUS":"Designated","STATUS_YR":0,"GOV_TYPE":"Sub-national ministry or agency","_label":"Rogogo","_status_group":"other","_states":["Katsina"]},"geometry":{"type":"Polygon","coordinates":[[[8.54477,12.84618],[8.53412,12.85436],[8.53754,12.87246],[8.5514,12.85732],[8.54477,12.84618]]]}},{"type":"Feature","properties":{"NAME":"Roni East","DESIG_ENG":"Forest Reserve","IUCN_CAT":"Not Reported","GIS_AREA":4.701041,"STATUS":"Designated","STATUS_YR":0,"GOV_TYPE":"Sub-national ministry or agency","_label":"Roni East","_status_group":"other","_states":["Jigawa"]},"geometry":{"type":"Polygon","coordinates":[[[8.31592,12.67642],[8.30789,12.67954],[8.31312,12.69247],[8.3303,12.69808],[8.3328,12.68898],[8.31592,12.67642]]]}},{"type":"Feature","properties":{"NAME":"Roni North","DESIG_ENG":"Forest Reserve","IUCN_CAT":"Not Reported","GIS_AREA":5.439631,"STATUS":"Designated","STATUS_YR":0,"GOV_TYPE":"Sub-national ministry or agency","_label":"Roni North","_status_group":"other","_states":["Jigawa"]},"geometry":{"type":"Polygon","coordinates":[[[8.24061,12.70347],[8.2613,12.70999],[8.26369,12.70222],[8.24774,12.68585],[8.24061,12.70347]]]}},{"type":"Feature","properties":{"NAME":"Rukuba(Amo)","DESIG_ENG":"Forest Reserve","IUCN_CAT":"Not Reported","GIS_AREA":32.854645,"STATUS":"Designated","STATUS_YR":0,"GOV_TYPE":"Sub-national ministry or agency","_label":"Rukuba(Amo)","_status_group":"other","_states":["Plateau"]},"geometry":{"type":"Polygon","coordinates":[[[8.69524,10.12572],[8.73649,10.10261],[8.76821,10.11715],[8.78447,10.10135],[8.75531,10.07752],[8.72567,10.07576],[8.68992,10.11048],[8.69795,10.11483],[8.69524,10.12572]]]}},{"type":"Feature","properties":{"NAME":"Ruma","DESIG_ENG":"Forest Reserve","IUCN_CAT":"Not Reported","GIS_AREA":812.209132,"STATUS":"Designated","STATUS_YR":0,"GOV_TYPE":"Sub-national ministry or agency","_label":"Ruma","_status_group":"other","_states":["Zamfara","Katsina"]},"geometry":{"type":"Polygon","coordinates":[[[7.14616,12.58286],[7.16361,12.4454],[7.16607,12.37343],[7.21031,12.20958],[7.20089,12.17878],[7.21132,12.14862],[7.23249,12.13256],[7.24168,12.09657],[7.1803,12.08591],[7.14214,12.06473],[7.10556,12.07547],[7.08949,12.09665],[7.08852,12.11251],[7.13525,12.14756],[7.16606,12.19009],[7.1702,12.21502],[7.08226,12.2901],[7.06375,12.28738],[7.04169,12.4053],[7.0525,12.49945],[7.06145,12.79188],[7.12041,12.82152],[7.15006,12.71492],[7.14359,12.65978],[7.12343,12.65136],[7.14616,12.58286]]]}},{"type":"Feature","properties":{"NAME":"Rurum","DESIG_ENG":"Forest Reserve","IUCN_CAT":"Not Reported","GIS_AREA":31.310687,"STATUS":"Designated","STATUS_YR":0,"GOV_TYPE":"Sub-national ministry or agency","_label":"Rurum","_status_group":"other","_states":["Kano"]},"geometry":{"type":"Polygon","coordinates":[[[8.46881,11.47318],[8.48038,11.47815],[8.49577,11.44199],[8.48553,11.42848],[8.46017,11.43168],[8.45443,11.42208],[8.42572,11.47476],[8.44847,11.48094],[8.46881,11.47318]]]}},{"type":"Feature","properties":{"NAME":"Sainyinan","DESIG_ENG":"Forest Reserve","IUCN_CAT":"Not Reported","GIS_AREA":72.059222,"STATUS":"Designated","STATUS_YR":0,"GOV_TYPE":"Sub-national ministry or agency","_label":"Sainyinan","_status_group":"other","_states":["Sokoto"]},"geometry":{"type":"Polygon","coordinates":[[[4.82297,12.58406],[4.75668,12.64004],[4.74316,12.67211],[4.7551,12.69898],[4.80751,12.70365],[4.8307,12.60091],[4.82297,12.58406]]]}},{"type":"Feature","properties":{"NAME":"Sakwa","DESIG_ENG":"Forest Reserve","IUCN_CAT":"Not Reported","GIS_AREA":6.718857,"STATUS":"Designated","STATUS_YR":0,"GOV_TYPE":"Sub-national ministry or agency","_label":"Sakwa","_status_group":"other","_states":["Bauchi"]},"geometry":{"type":"Polygon","coordinates":[[[10.24594,12.10162],[10.23843,12.10461],[10.24473,12.11346],[10.23632,12.12978],[10.25594,12.13668],[10.25658,12.11099],[10.24594,12.10162]]]}},{"type":"Feature","properties":{"NAME":"Sambisa","DESIG_ENG":"National Park","IUCN_CAT":"Not Reported","GIS_AREA":165.306146,"STATUS":"Proposed","STATUS_YR":0,"GOV_TYPE":"Federal or national ministry or agency","_label":"Sambisa","_status_group":"proposed","_states":["Borno"]},"geometry":{"type":"Polygon","coordinates":[[[13.37568,11.32555],[13.52536,11.32852],[13.50203,11.28354],[13.51672,11.27365],[13.50335,11.23492],[13.4636,11.22361],[13.44549,11.22877],[13.37757,11.22255],[13.37568,11.32555]]]}},{"type":"Feature","properties":{"NAME":"Sambisa","DESIG_ENG":"Game Reserve","IUCN_CAT":"Not Reported","GIS_AREA":523.411506,"STATUS":"Designated","STATUS_YR":1978,"GOV_TYPE":"Sub-national ministry or agency","_label":"Sambisa","_status_group":"other","_year":1978,"_year_label":"Designation/status year","_states":["Borno"]},"geometry":{"type":"Polygon","coordinates":[[[12.8881,11.30969],[12.86915,11.31088],[12.83421,11.35237],[12.77763,11.3629],[12.75222,11.38114],[12.76338,11.41202],[12.85516,11.52444],[12.87347,11.62842],[12.88299,11.64068],[12.90695,11.64538],[12.92651,11.63483],[12.94112,11.60716],[12.94506,11.51448],[12.95455,11.48982],[13.01606,11.45941],[13.02983,11.43552],[13.01235,11.40209],[12.94751,11.37188],[12.90848,11.32106],[12.8881,11.30969]]]}},{"type":"Feature","properties":{"NAME":"Sambisa","DESIG_ENG":"Forest Reserve","IUCN_CAT":"Not Reported","GIS_AREA":165.306146,"STATUS":"Designated","STATUS_YR":0,"GOV_TYPE":"Sub-national ministry or agency","_label":"Sambisa","_status_group":"other","_states":["Borno"]},"geometry":{"type":"Polygon","coordinates":[[[13.37568,11.32555],[13.52536,11.32852],[13.50203,11.28354],[13.51672,11.27365],[13.50335,11.23492],[13.4636,11.22361],[13.44549,11.22877],[13.37757,11.22255],[13.37568,11.32555]]]}},{"type":"Feature","properties":{"NAME":"Sambrero","DESIG_ENG":"Forest Reserve","IUCN_CAT":"Not Reported","GIS_AREA":136.729957,"STATUS":"Designated","STATUS_YR":0,"GOV_TYPE":"Sub-national ministry or agency","_label":"Sambrero","_status_group":"other","_states":["Rivers"]},"geometry":{"type":"Polygon","coordinates":[[[6.78952,5.10567],[6.68923,5.09565],[6.64864,5.16017],[6.74245,5.21283],[6.79613,5.14954],[6.78952,5.10567]]]}},{"type":"Feature","properties":{"NAME":"Sandami","DESIG_ENG":"Forest Reserve","IUCN_CAT":"Not Reported","GIS_AREA":7.664633,"STATUS":"Designated","STATUS_YR":0,"GOV_TYPE":"Sub-national ministry or agency","_label":"Sandami","_status_group":"other","_states":["Katsina"]},"geometry":{"type":"Polygon","coordinates":[[[8.36284,12.96139],[8.35354,12.97002],[8.35871,12.98771],[8.38589,12.98112],[8.36284,12.96139]]]}},{"type":"Feature","properties":{"NAME":"Sanga River","DESIG_ENG":"Forest Reserve","IUCN_CAT":"Not Reported","GIS_AREA":238.313666,"STATUS":"Designated","STATUS_YR":0,"GOV_TYPE":"Sub-national ministry or agency","_label":"Sanga River","_status_group":"other","_states":["Kaduna"]},"geometry":{"type":"Polygon","coordinates":[[[8.4276,9.45608],[8.39954,9.40553],[8.45463,9.43975],[8.45766,9.36107],[8.41957,9.33093],[8.43006,9.31318],[8.4268,9.29944],[8.4152,9.29708],[8.41739,9.28534],[8.36378,9.30445],[8.35623,9.29376],[8.35119,9.30052],[8.31213,9.29292],[8.2958,9.25277],[8.24582,9.2429],[8.24781,9.25735],[8.25796,9.24741],[8.26267,9.26526],[8.23945,9.26696],[8.23467,9.32266],[8.25562,9.323],[8.25609,9.3305],[8.26317,9.32756],[8.26062,9.33669],[8.28209,9.33384],[8.28535,9.34817],[8.30421,9.34203],[8.31663,9.34885],[8.31803,9.35999],[8.35628,9.36621],[8.40467,9.45543],[8.4276,9.45608]]]}},{"type":"Feature","properties":{"NAME":"Sangiwa","DESIG_ENG":"Forest Reserve","IUCN_CAT":"Not Reported","GIS_AREA":456.706593,"STATUS":"Designated","STATUS_YR":0,"GOV_TYPE":"Sub-national ministry or agency","_label":"Sangiwa","_status_group":"other","_states":["Sokoto","Zamfara"]},"geometry":{"type":"Polygon","coordinates":[[[5.81266,12.68687],[5.66936,12.66647],[5.65225,12.67238],[5.65037,12.65973],[5.62982,12.64841],[5.57413,12.66247],[5.567,12.71603],[5.54077,12.71691],[5.49667,12.7583],[5.46812,12.76055],[5.46753,12.78187],[5.48097,12.78342],[5.48104,12.80882],[5.49193,12.83315],[5.48645,12.86217],[5.51139,12.87679],[5.54125,12.87255],[5.5579,12.89413],[5.5677,12.89521],[5.57416,12.88076],[5.59222,12.881],[5.60207,12.89676],[5.62386,12.84424],[5.63187,12.75354],[5.65372,12.73799],[5.71496,12.74733],[5.74641,12.75321],[5.76653,12.77904],[5.77781,12.77769],[5.77984,12.74233],[5.81266,12.68687]]]}},{"type":"Feature","properties":{"NAME":"Sapoba","DESIG_ENG":"Forest Reserve","IUCN_CAT":"Not Reported","GIS_AREA":523.40731,"STATUS":"Designated","STATUS_YR":1912,"GOV_TYPE":"Sub-national ministry or agency","_label":"Sapoba","_status_group":"other","_year":1912,"_year_label":"Designation/status year","_states":["Delta","Edo"]},"geometry":{"type":"Polygon","coordinates":[[[5.96604,6.05196],[5.93358,6.01311],[5.90467,6.00835],[5.88373,5.97834],[5.84796,5.95651],[5.78129,5.99817],[5.74194,5.99724],[5.74722,6.01372],[5.73904,6.04343],[5.73088,6.06565],[5.71705,6.07689],[5.72136,6.09256],[5.74256,6.11567],[5.74276,6.14005],[5.76119,6.17809],[5.74887,6.19565],[5.7645,6.21664],[5.77401,6.21013],[5.77112,6.18881],[5.79757,6.18085],[5.83447,6.20091],[5.87598,6.2031],[5.89844,6.17434],[5.90153,6.15255],[5.91577,6.14138],[5.94653,6.13214],[5.97182,6.13771],[5.99554,6.09108],[5.96719,6.06412],[5.96604,6.05196]]]}},{"type":"Feature","properties":{"NAME":"Sebore","DESIG_ENG":"Forest Reserve","IUCN_CAT":"Not Reported","GIS_AREA":35.130819,"STATUS":"Designated","STATUS_YR":0,"GOV_TYPE":"Sub-national ministry or agency","_label":"Sebore","_status_group":"other","_states":["Adamawa"]},"geometry":{"type":"Polygon","coordinates":[[[12.54591,9.15519],[12.59183,9.16734],[12.61804,9.15367],[12.59978,9.14439],[12.58539,9.12297],[12.56942,9.11747],[12.55158,9.12305],[12.52004,9.16218],[12.52896,9.16825],[12.54591,9.15519]]]}},{"type":"Feature","properties":{"NAME":"Seri","DESIG_ENG":"Forest Reserve","IUCN_CAT":"Not Reported","GIS_AREA":102.27233,"STATUS":"Designated","STATUS_YR":0,"GOV_TYPE":"Sub-national ministry or agency","_label":"Seri","_status_group":"other","_states":["Taraba"]},"geometry":{"type":"Polygon","coordinates":[[[11.44344,7.48562],[11.4459,7.47133],[11.43073,7.43584],[11.41948,7.4327],[11.4119,7.41452],[11.41425,7.39579],[11.391,7.38996],[11.36581,7.4035],[11.35845,7.41392],[11.35898,7.46661],[11.33774,7.47065],[11.34485,7.48842],[11.37742,7.48712],[11.38898,7.50536],[11.39296,7.53413],[11.4027,7.53848],[11.42284,7.51865],[11.42518,7.49802],[11.44344,7.48562]]]}},{"type":"Feature","properties":{"NAME":"Shaba","DESIG_ENG":"Forest Reserve","IUCN_CAT":"Not Reported","GIS_AREA":2.386318,"STATUS":"Designated","STATUS_YR":0,"GOV_TYPE":"Sub-national ministry or agency","_label":"Shaba","_status_group":"other","_states":["Abuja Federal Capital Territory"]},"geometry":{"type":"Polygon","coordinates":[[[7.43749,9.30905],[7.42765,9.31217],[7.43165,9.32317],[7.44356,9.31802],[7.43749,9.30905]]]}},{"type":"Feature","properties":{"NAME":"Shakwadina","DESIG_ENG":"Forest Reserve","IUCN_CAT":"Not Reported","GIS_AREA":52.846731,"STATUS":"Designated","STATUS_YR":0,"GOV_TYPE":"Sub-national ministry or agency","_label":"Shakwadina","_status_group":"other","_states":["Kano"]},"geometry":{"type":"Polygon","coordinates":[[[9.08323,11.88673],[9.08797,11.87216],[9.10564,11.86954],[9.11512,11.84904],[9.0926,11.83784],[9.09974,11.79518],[9.07743,11.7485],[9.07976,11.72611],[9.06602,11.76841],[9.06803,11.81377],[9.0593,11.82899],[9.05701,11.88545],[9.08323,11.88673]]]}},{"type":"Feature","properties":{"NAME":"Shamyogti","DESIG_ENG":"Forest Reserve","IUCN_CAT":"Not Reported","GIS_AREA":5.251276,"STATUS":"Designated","STATUS_YR":0,"GOV_TYPE":"Sub-national ministry or agency","_label":"Shamyogti","_status_group":"other","_states":["Benue"]},"geometry":{"type":"Polygon","coordinates":[[[8.91883,7.83979],[8.91144,7.82203],[8.88793,7.82573],[8.8883,7.83292],[8.91883,7.83979]]]}},{"type":"Feature","properties":{"NAME":"Shangey Tiev","DESIG_ENG":"Forest Reserve","IUCN_CAT":"Not Reported","GIS_AREA":8.418938,"STATUS":"Designated","STATUS_YR":0,"GOV_TYPE":"Sub-national ministry or agency","_label":"Shangey Tiev","_status_group":"other","_states":["Benue"]},"geometry":{"type":"Polygon","coordinates":[[[8.58944,7.06348],[8.62301,7.06246],[8.62721,7.05466],[8.60296,7.0443],[8.57942,7.05533],[8.58944,7.06348]]]}},{"type":"Feature","properties":{"NAME":"Share","DESIG_ENG":"Forest Reserve","IUCN_CAT":"Not Reported","GIS_AREA":79.182563,"STATUS":"Designated","STATUS_YR":0,"GOV_TYPE":"Sub-national ministry or agency","_label":"Share","_status_group":"other","_states":["Kwara"]},"geometry":{"type":"Polygon","coordinates":[[[4.99869,8.6794],[4.95906,8.69171],[4.9282,8.73162],[4.9142,8.73825],[4.91769,8.75044],[4.93731,8.75956],[4.97928,8.79986],[5.01977,8.76992],[4.98813,8.73555],[4.99869,8.6794]]]}},{"type":"Feature","properties":{"NAME":"Shasha","DESIG_ENG":"Forest Reserve","IUCN_CAT":"Not Reported","GIS_AREA":308.040062,"STATUS":"Designated","STATUS_YR":0,"GOV_TYPE":"Sub-national ministry or agency","_label":"Shasha","_status_group":"other","_states":["Ogun","Ondo","Osun"]},"geometry":{"type":"Polygon","coordinates":[[[4.57029,6.99901],[4.49611,7.00036],[4.48213,6.98731],[4.42836,7.00422],[4.38268,6.97357],[4.38175,6.99386],[4.36782,7.00114],[4.37296,7.03659],[4.35237,7.07151],[4.36386,7.06292],[4.42489,7.08261],[4.43286,7.09725],[4.43183,7.11815],[4.44326,7.13194],[4.52782,7.13255],[4.60761,7.05796],[4.60715,7.02723],[4.56767,7.00661],[4.57029,6.99901]]]}},{"type":"Feature","properties":{"NAME":"Shebangel Hills","DESIG_ENG":"Forest Reserve","IUCN_CAT":"Not Reported","GIS_AREA":12.023124,"STATUS":"Designated","STATUS_YR":0,"GOV_TYPE":"Sub-national ministry or agency","_label":"Shebangel Hills","_status_group":"other","_states":["Gombe"]},"geometry":{"type":"Polygon","coordinates":[[[11.29535,10.29952],[11.27521,10.29796],[11.26158,10.28668],[11.2337,10.28176],[11.29546,10.31997],[11.30862,10.30975],[11.29535,10.29952]]]}},{"type":"Feature","properties":{"NAME":"Shegali","DESIG_ENG":"Forest Reserve","IUCN_CAT":"Not Reported","GIS_AREA":267.494811,"STATUS":"Designated","STATUS_YR":0,"GOV_TYPE":"Sub-national ministry or agency","_label":"Shegali","_status_group":"other","_states":["Yobe"]},"geometry":{"type":"Polygon","coordinates":[[[11.66962,12.15557],[11.66013,12.13051],[11.63993,12.13],[11.60797,12.11469],[11.56642,12.08185],[11.54483,12.11074],[11.57449,12.16133],[11.59113,12.15654],[11.60942,12.23211],[11.60488,12.24479],[11.6434,12.28296],[11.66484,12.29332],[11.6627,12.31832],[11.66937,12.32626],[11.65341,12.37815],[11.6623,12.39886],[11.71787,12.36769],[11.72202,12.30423],[11.70914,12.27579],[11.70848,12.25004],[11.69404,12.23398],[11.68934,12.20627],[11.70171,12.19658],[11.69955,12.18558],[11.68884,12.16588],[11.66962,12.15557]]]}},{"type":"Feature","properties":{"NAME":"Shekato","DESIG_ENG":"Forest Reserve","IUCN_CAT":"Not Reported","GIS_AREA":5.121217,"STATUS":"Designated","STATUS_YR":0,"GOV_TYPE":"Sub-national ministry or agency","_label":"Shekato","_status_group":"other","_states":["Jigawa"]},"geometry":{"type":"Polygon","coordinates":[[[10.11405,12.17942],[10.10443,12.18309],[10.14289,12.20111],[10.14199,12.18887],[10.11405,12.17942]]]}},{"type":"Feature","properties":{"NAME":"Sherigia","DESIG_ENG":"Forest Reserve","IUCN_CAT":"Not Reported","GIS_AREA":46.047872,"STATUS":"Designated","STATUS_YR":0,"GOV_TYPE":"Sub-national ministry or agency","_label":"Sherigia","_status_group":"other","_states":["Nasarawa","Kaduna"]},"geometry":{"type":"Polygon","coordinates":[[[8.53051,8.90002],[8.50285,8.91928],[8.496,8.95777],[8.51346,8.96913],[8.50799,8.99808],[8.5221,9.0222],[8.54446,8.98465],[8.54691,8.95498],[8.53051,8.90002]]]}},{"type":"Feature","properties":{"NAME":"Sheya","DESIG_ENG":"Forest Reserve","IUCN_CAT":"Not Reported","GIS_AREA":2.550106,"STATUS":"Designated","STATUS_YR":0,"GOV_TYPE":"Sub-national ministry or agency","_label":"Sheya","_status_group":"other","_states":["Jigawa"]},"geometry":{"type":"Polygon","coordinates":[[[9.98839,12.51956],[9.96649,12.50851],[9.96226,12.51236],[9.98444,12.526],[9.98839,12.51956]]]}},{"type":"Feature","properties":{"NAME":"Shimfida","DESIG_ENG":"Forest Reserve","IUCN_CAT":"Not Reported","GIS_AREA":6.450193,"STATUS":"Designated","STATUS_YR":0,"GOV_TYPE":"Sub-national ministry or agency","_label":"Shimfida","_status_group":"other","_states":["Katsina"]},"geometry":{"type":"Polygon","coordinates":[[[7.12041,12.82152],[7.10701,12.81606],[7.09796,12.82811],[7.10143,12.84212],[7.11556,12.85342],[7.12041,12.82152]]]}},{"type":"Feature","properties":{"NAME":"Sobi","DESIG_ENG":"Forest Reserve","IUCN_CAT":"Not Reported","GIS_AREA":6.312939,"STATUS":"Designated","STATUS_YR":0,"GOV_TYPE":"Sub-national ministry or agency","_label":"Sobi","_status_group":"other","_states":["Kwara"]},"geometry":{"type":"Polygon","coordinates":[[[4.52218,8.56981],[4.50551,8.57942],[4.51546,8.59502],[4.53174,8.58327],[4.52218,8.56981]]]}},{"type":"Feature","properties":{"NAME":"Soge","DESIG_ENG":"Forest Reserve","IUCN_CAT":"Not Reported","GIS_AREA":7.641079,"STATUS":"Designated","STATUS_YR":0,"GOV_TYPE":"Sub-national ministry or agency","_label":"Soge","_status_group":"other","_states":["Niger"]},"geometry":{"type":"Polygon","coordinates":[[[6.41312,8.69657],[6.38894,8.69864],[6.37164,8.71688],[6.40138,8.71561],[6.41312,8.69657]]]}},{"type":"Feature","properties":{"NAME":"Sonkpa","DESIG_ENG":"Forest Reserve","IUCN_CAT":"Not Reported","GIS_AREA":10.732236,"STATUS":"Designated","STATUS_YR":0,"GOV_TYPE":"Sub-national ministry or agency","_label":"Sonkpa","_status_group":"other","_states":["Taraba"]},"geometry":{"type":"Polygon","coordinates":[[[9.8254,7.90584],[9.8183,7.93114],[9.84812,7.94115],[9.85319,7.92323],[9.8254,7.90584]]]}},{"type":"Feature","properties":{"NAME":"South Ibie","DESIG_ENG":"Forest Reserve","IUCN_CAT":"Not Reported","GIS_AREA":3.749412,"STATUS":"Designated","STATUS_YR":0,"GOV_TYPE":"Sub-national ministry or agency","_label":"South Ibie","_status_group":"other","_states":["Edo"]},"geometry":{"type":"Polygon","coordinates":[[[6.36341,7.051],[6.38486,7.05002],[6.38609,7.0325],[6.37036,7.03576],[6.36341,7.051]]]}},{"type":"Feature","properties":{"NAME":"Stubbs Creek","DESIG_ENG":"Game Reserve","IUCN_CAT":"Not Reported","GIS_AREA":293.84791,"STATUS":"Proposed","STATUS_YR":0,"GOV_TYPE":"Sub-national ministry or agency","_label":"Stubbs Creek","_status_group":"proposed","_states":["Akwa Ibom"]},"geometry":{"type":"Polygon","coordinates":[[[8.20277,4.62949],[8.27338,4.62372],[8.31785,4.63083],[8.31635,4.61646],[8.30506,4.61349],[8.30515,4.5945],[8.28889,4.57618],[8.29801,4.57313],[8.27806,4.53733],[8.12099,4.54685],[7.99856,4.53893],[7.98269,4.56618],[8.03722,4.61849],[8.12312,4.61687],[8.17277,4.62599],[8.1935,4.61814],[8.20277,4.62949]]]}},{"type":"Feature","properties":{"NAME":"Stubbs Creek","DESIG_ENG":"Forest Reserve","IUCN_CAT":"Not Reported","GIS_AREA":293.84791,"STATUS":"Designated","STATUS_YR":0,"GOV_TYPE":"Sub-national ministry or agency","_label":"Stubbs Creek","_status_group":"other","_states":["Akwa Ibom"]},"geometry":{"type":"Polygon","coordinates":[[[8.20277,4.62949],[8.27338,4.62372],[8.31785,4.63083],[8.31635,4.61646],[8.30506,4.61349],[8.30515,4.5945],[8.28889,4.57618],[8.29801,4.57313],[8.27806,4.53733],[8.12099,4.54685],[7.99856,4.53893],[7.98269,4.56618],[8.03722,4.61849],[8.12312,4.61687],[8.17277,4.62599],[8.1935,4.61814],[8.20277,4.62949]]]}},{"type":"Feature","properties":{"NAME":"Sumu","DESIG_ENG":"Forest Reserve","IUCN_CAT":"Not Reported","GIS_AREA":74.776673,"STATUS":"Designated","STATUS_YR":0,"GOV_TYPE":"Sub-national ministry or agency","_label":"Sumu","_status_group":"other","_states":["Bauchi"]},"geometry":{"type":"Polygon","coordinates":[[[9.72806,10.5722],[9.69617,10.54341],[9.64807,10.55686],[9.60608,10.54625],[9.6287,10.57486],[9.62863,10.61933],[9.60527,10.63036],[9.61718,10.64769],[9.64623,10.64675],[9.66621,10.63475],[9.67276,10.59222],[9.72806,10.5722]]]}},{"type":"Feature","properties":{"NAME":"Suntai","DESIG_ENG":"Forest Reserve","IUCN_CAT":"Not Reported","GIS_AREA":4.926703,"STATUS":"Designated","STATUS_YR":0,"GOV_TYPE":"Sub-national ministry or agency","_label":"Suntai","_status_group":"other","_states":["Taraba"]},"geometry":{"type":"Polygon","coordinates":[[[10.39129,7.63651],[10.37014,7.63488],[10.37267,7.64994],[10.38932,7.65073],[10.39129,7.63651]]]}},{"type":"Feature","properties":{"NAME":"Surami","DESIG_ENG":"Forest Reserve","IUCN_CAT":"Not Reported","GIS_AREA":18.668305,"STATUS":"Designated","STATUS_YR":0,"GOV_TYPE":"Sub-national ministry or agency","_label":"Surami","_status_group":"other","_states":["Sokoto"]},"geometry":{"type":"Polygon","coordinates":[[[4.89878,13.05452],[4.8814,13.07848],[4.88655,13.10581],[4.90842,13.10093],[4.92482,13.08637],[4.91449,13.06332],[4.89878,13.05452]]]}},{"type":"Feature","properties":{"NAME":"Swamp","DESIG_ENG":"Forest Reserve","IUCN_CAT":"Not Reported","GIS_AREA":131.809545,"STATUS":"Designated","STATUS_YR":0,"GOV_TYPE":"Sub-national ministry or agency","_label":"Swamp","_status_group":"other","_states":["Kogi"]},"geometry":{"type":"Polygon","coordinates":[[[6.82651,8.05688],[6.85144,7.99914],[6.834,7.98385],[6.83802,7.94013],[6.82955,7.87859],[6.83232,7.86817],[6.84806,7.862],[6.79317,7.82624],[6.75271,7.81733],[6.78325,7.84118],[6.79655,7.91789],[6.78311,7.99271],[6.79291,8.0196],[6.78516,8.05552],[6.82651,8.05688]]]}},{"type":"Feature","properties":{"NAME":"Takum","DESIG_ENG":"Forest Reserve","IUCN_CAT":"Not Reported","GIS_AREA":10.048945,"STATUS":"Designated","STATUS_YR":0,"GOV_TYPE":"Sub-national ministry or agency","_label":"Takum","_status_group":"other","_states":["Taraba"]},"geometry":{"type":"Polygon","coordinates":[[[9.96557,7.26377],[9.93723,7.26881],[9.9608,7.29893],[9.96877,7.29196],[9.96557,7.26377]]]}},{"type":"Feature","properties":{"NAME":"Tala Hill","DESIG_ENG":"Forest Reserve","IUCN_CAT":"Not Reported","GIS_AREA":19.558118,"STATUS":"Designated","STATUS_YR":0,"GOV_TYPE":"Sub-national ministry or agency","_label":"Tala Hill","_status_group":"other","_states":["Bauchi"]},"geometry":{"type":"Polygon","coordinates":[[[9.88196,10.20246],[9.84289,10.21611],[9.85581,10.25208],[9.87873,10.24637],[9.8795,10.22444],[9.89121,10.21213],[9.88196,10.20246]]]}},{"type":"Feature","properties":{"NAME":"Tandama","DESIG_ENG":"Forest Reserve","IUCN_CAT":"Not Reported","GIS_AREA":41.497464,"STATUS":"Designated","STATUS_YR":0,"GOV_TYPE":"Sub-national ministry or agency","_label":"Tandama","_status_group":"other","_states":["Katsina"]},"geometry":{"type":"Polygon","coordinates":[[[7.53878,11.50414],[7.53004,11.47019],[7.5069,11.47249],[7.50936,11.44138],[7.47253,11.41734],[7.46801,11.4532],[7.49975,11.50792],[7.52988,11.51455],[7.53878,11.50414]]]}},{"type":"Feature","properties":{"NAME":"Tara","DESIG_ENG":"Forest Reserve","IUCN_CAT":"Not Reported","GIS_AREA":163.957675,"STATUS":"Designated","STATUS_YR":0,"GOV_TYPE":"Sub-national ministry or agency","_label":"Tara","_status_group":"other","_states":["Sokoto"]},"geometry":{"type":"Polygon","coordinates":[[[6.48472,13.5476],[6.55807,13.4762],[6.54241,13.40633],[6.45094,13.41523],[6.40643,13.43527],[6.41453,13.47144],[6.43025,13.49808],[6.48472,13.5476]]]}},{"type":"Feature","properties":{"NAME":"Tarana","DESIG_ENG":"Forest Reserve","IUCN_CAT":"Not Reported","GIS_AREA":8.951129,"STATUS":"Designated","STATUS_YR":0,"GOV_TYPE":"Sub-national ministry or agency","_label":"Tarana","_status_group":"other","_states":["Jigawa"]},"geometry":{"type":"Polygon","coordinates":[[[9.63206,12.67419],[9.63063,12.65841],[9.61968,12.65522],[9.61497,12.66782],[9.59591,12.66814],[9.58268,12.68608],[9.58936,12.69237],[9.60721,12.67852],[9.63206,12.67419]]]}},{"type":"Feature","properties":{"NAME":"Tatu","DESIG_ENG":"Forest Reserve","IUCN_CAT":"Not Reported","GIS_AREA":5.816756,"STATUS":"Designated","STATUS_YR":0,"GOV_TYPE":"Sub-national ministry or agency","_label":"Tatu","_status_group":"other","_states":["Bauchi"]},"geometry":{"type":"Polygon","coordinates":[[[9.49737,10.19848],[9.47787,10.2003],[9.48268,10.22179],[9.4999,10.21743],[9.49737,10.19848]]]}},{"type":"Feature","properties":{"NAME":"Taylor Creek","DESIG_ENG":"Game Reserve","IUCN_CAT":"Not Reported","GIS_AREA":216.196075,"STATUS":"Proposed","STATUS_YR":0,"GOV_TYPE":"Sub-national ministry or agency","_label":"Taylor Creek","_status_group":"proposed","_states":["Bayelsa","Rivers"]},"geometry":{"type":"Polygon","coordinates":[[[6.50724,5.20636],[6.3819,5.12519],[6.37843,5.17241],[6.49935,5.2626],[6.52071,5.32858],[6.61325,5.3988],[6.61415,5.32956],[6.57599,5.28498],[6.53188,5.20992],[6.50724,5.20636]]]}},{"type":"Feature","properties":{"NAME":"Taylor Creek","DESIG_ENG":"Forest Reserve","IUCN_CAT":"Not Reported","GIS_AREA":216.196075,"STATUS":"Designated","STATUS_YR":1975,"GOV_TYPE":"Sub-national ministry or agency","_label":"Taylor Creek","_status_group":"other","_year":1975,"_year_label":"Designation/status year","_states":["Bayelsa","Rivers"]},"geometry":{"type":"Polygon","coordinates":[[[6.50724,5.20636],[6.3819,5.12519],[6.37843,5.17241],[6.49935,5.2626],[6.52071,5.32858],[6.61325,5.3988],[6.61415,5.32956],[6.57599,5.28498],[6.53188,5.20992],[6.50724,5.20636]]]}},{"type":"Feature","properties":{"NAME":"Teshi","DESIG_ENG":"Forest Reserve","IUCN_CAT":"Not Reported","GIS_AREA":294.989284,"STATUS":"Designated","STATUS_YR":0,"GOV_TYPE":"Sub-national ministry or agency","_label":"Teshi","_status_group":"other","_states":["Kwara"]},"geometry":{"type":"Polygon","coordinates":[[[3.77464,9.47736],[3.76693,9.44743],[3.74472,9.4243],[3.75569,9.36331],[3.72164,9.36131],[3.66805,9.34252],[3.62408,9.35892],[3.55434,9.45011],[3.55561,9.48719],[3.58444,9.49289],[3.68114,9.47514],[3.78885,9.5156],[3.79912,9.49426],[3.77464,9.47736]]]}},{"type":"Feature","properties":{"NAME":"Tongo","DESIG_ENG":"Forest Reserve","IUCN_CAT":"Not Reported","GIS_AREA":7.430685,"STATUS":"Designated","STATUS_YR":0,"GOV_TYPE":"Sub-national ministry or agency","_label":"Tongo","_status_group":"other","_states":["Gombe"]},"geometry":{"type":"Polygon","coordinates":[[[11.36824,10.68498],[11.34139,10.68012],[11.3436,10.69149],[11.33203,10.69812],[11.34675,10.70695],[11.35857,10.70326],[11.36824,10.68498]]]}},{"type":"Feature","properties":{"NAME":"Tsanni","DESIG_ENG":"Forest Reserve","IUCN_CAT":"Not Reported","GIS_AREA":8.040827,"STATUS":"Designated","STATUS_YR":0,"GOV_TYPE":"Sub-national ministry or agency","_label":"Tsanni","_status_group":"other","_states":["Katsina"]},"geometry":{"type":"Polygon","coordinates":[[[7.5936,12.81767],[7.60155,12.80697],[7.58197,12.79164],[7.5746,12.80126],[7.56106,12.80117],[7.56536,12.81536],[7.5936,12.81767]]]}},{"type":"Feature","properties":{"NAME":"Tsaunin Kaura","DESIG_ENG":"Forest Reserve","IUCN_CAT":"Not Reported","GIS_AREA":22.642491,"STATUS":"Designated","STATUS_YR":0,"GOV_TYPE":"Sub-national ministry or agency","_label":"Tsaunin Kaura","_status_group":"other","_states":["Katsina"]},"geometry":{"type":"Polygon","coordinates":[[[7.65592,11.701],[7.64972,11.7074],[7.65563,11.78226],[7.65695,11.79152],[7.66632,11.79315],[7.67992,11.77723],[7.68499,11.73823],[7.65592,11.701]]]}},{"type":"Feature","properties":{"NAME":"Tudun Iyo","DESIG_ENG":"Forest Reserve","IUCN_CAT":"Not Reported","GIS_AREA":13.654775,"STATUS":"Designated","STATUS_YR":0,"GOV_TYPE":"Sub-national ministry or agency","_label":"Tudun Iyo","_status_group":"other","_states":["Katsina"]},"geometry":{"type":"Polygon","coordinates":[[[7.34494,11.43285],[7.35475,11.42645],[7.34494,11.40804],[7.33151,11.40298],[7.34403,11.39744],[7.34262,11.38459],[7.32061,11.3828],[7.31587,11.39454],[7.32603,11.40324],[7.32474,11.42802],[7.34494,11.43285]]]}},{"type":"Feature","properties":{"NAME":"Tudun Mani","DESIG_ENG":"Forest Reserve","IUCN_CAT":"Not Reported","GIS_AREA":28.318968,"STATUS":"Designated","STATUS_YR":0,"GOV_TYPE":"Sub-national ministry or agency","_label":"Tudun Mani","_status_group":"other","_states":["Katsina"]},"geometry":{"type":"Polygon","coordinates":[[[7.31363,11.95255],[7.28076,11.94387],[7.2809,11.96248],[7.266,11.97796],[7.27083,12.01816],[7.31156,12.00101],[7.30641,11.97878],[7.31363,11.95255]]]}},{"type":"Feature","properties":{"NAME":"Tufa","DESIG_ENG":"Forest Reserve","IUCN_CAT":"Not Reported","GIS_AREA":14.47701,"STATUS":"Designated","STATUS_YR":0,"GOV_TYPE":"Sub-national ministry or agency","_label":"Tufa","_status_group":"other","_states":["Abuja Federal Capital Territory"]},"geometry":{"type":"Polygon","coordinates":[[[6.96005,9.20785],[6.9023,9.2019],[6.90429,9.21482],[6.92999,9.22062],[6.94335,9.23578],[6.96207,9.21598],[6.96005,9.20785]]]}},{"type":"Feature","properties":{"NAME":"Tukan","DESIG_ENG":"Forest Reserve","IUCN_CAT":"Not Reported","GIS_AREA":18.295252,"STATUS":"Designated","STATUS_YR":0,"GOV_TYPE":"Sub-national ministry or agency","_label":"Tukan","_status_group":"other","_states":["Nasarawa"]},"geometry":{"type":"Polygon","coordinates":[[[8.31369,8.9699],[8.31629,8.95638],[8.26959,8.92619],[8.24145,8.95214],[8.24509,8.95642],[8.25488,8.94805],[8.26867,8.96206],[8.31369,8.9699]]]}},{"type":"Feature","properties":{"NAME":"Tukoki","DESIG_ENG":"Forest Reserve","IUCN_CAT":"Not Reported","GIS_AREA":9.988481,"STATUS":"Designated","STATUS_YR":0,"GOV_TYPE":"Sub-national ministry or agency","_label":"Tukoki","_status_group":"other","_states":["Abuja Federal Capital Territory"]},"geometry":{"type":"Polygon","coordinates":[[[7.26823,8.8455],[7.24717,8.87385],[7.25116,8.88971],[7.28113,8.85924],[7.26823,8.8455]]]}},{"type":"Feature","properties":{"NAME":"Tukulma","DESIG_ENG":"Forest Reserve","IUCN_CAT":"Not Reported","GIS_AREA":111.30522,"STATUS":"Designated","STATUS_YR":0,"GOV_TYPE":"Sub-national ministry or agency","_label":"Tukulma","_status_group":"other","_states":["Gombe"]},"geometry":{"type":"Polygon","coordinates":[[[10.98606,10.24657],[10.99578,10.17607],[10.98437,10.1648],[10.98233,10.14913],[10.94945,10.15768],[10.92959,10.15403],[10.87516,10.17315],[10.88378,10.18066],[10.87348,10.19153],[10.89001,10.21435],[10.91469,10.22153],[10.9208,10.23123],[10.93361,10.22962],[10.93361,10.25545],[10.96109,10.26627],[10.98606,10.24657]]]}},{"type":"Feature","properties":{"NAME":"Turbustrajiri","DESIG_ENG":"Forest Reserve","IUCN_CAT":"Not Reported","GIS_AREA":44.473488,"STATUS":"Designated","STATUS_YR":0,"GOV_TYPE":"Sub-national ministry or agency","_label":"Turbustrajiri","_status_group":"other","_states":["Jigawa"]},"geometry":{"type":"Polygon","coordinates":[[[9.75518,12.759],[9.77083,12.7106],[9.74351,12.66759],[9.73309,12.66112],[9.70763,12.66863],[9.69112,12.66353],[9.70138,12.68646],[9.72677,12.70177],[9.72476,12.73655],[9.7445,12.74056],[9.75518,12.759]]]}},{"type":"Feature","properties":{"NAME":"Tuwaru","DESIG_ENG":"Forest Reserve","IUCN_CAT":"Not Reported","GIS_AREA":5.947063,"STATUS":"Designated","STATUS_YR":0,"GOV_TYPE":"Sub-national ministry or agency","_label":"Tuwaru","_status_group":"other","_states":["Kano"]},"geometry":{"type":"Polygon","coordinates":[[[7.93505,11.7547],[7.91217,11.75395],[7.91225,11.76224],[7.93704,11.77951],[7.93505,11.7547]]]}},{"type":"Feature","properties":{"NAME":"Tyabo Rokota","DESIG_ENG":"Forest Reserve","IUCN_CAT":"Not Reported","GIS_AREA":23.495302,"STATUS":"Designated","STATUS_YR":0,"GOV_TYPE":"Sub-national ministry or agency","_label":"Tyabo Rokota","_status_group":"other","_states":["Niger"]},"geometry":{"type":"Polygon","coordinates":[[[5.39374,9.09557],[5.37651,9.09922],[5.36889,9.11332],[5.385,9.14009],[5.41878,9.12818],[5.4265,9.11817],[5.42223,9.10345],[5.39374,9.09557]]]}},{"type":"Feature","properties":{"NAME":"Ubiaja","DESIG_ENG":"Forest Reserve","IUCN_CAT":"Not Reported","GIS_AREA":12.7878,"STATUS":"Designated","STATUS_YR":0,"GOV_TYPE":"Sub-national ministry or agency","_label":"Ubiaja","_status_group":"other","_states":["Edo"]},"geometry":{"type":"Polygon","coordinates":[[[6.3747,6.62511],[6.36667,6.58279],[6.35431,6.59064],[6.3526,6.60678],[6.36769,6.61892],[6.35424,6.62494],[6.37287,6.64628],[6.38346,6.63653],[6.3747,6.62511]]]}},{"type":"Feature","properties":{"NAME":"Ubibia","DESIG_ENG":"Forest Reserve","IUCN_CAT":"Not Reported","GIS_AREA":1.549142,"STATUS":"Designated","STATUS_YR":0,"GOV_TYPE":"Sub-national ministry or agency","_label":"Ubibia","_status_group":"other","_states":["Abia"]},"geometry":{"type":"Polygon","coordinates":[[[7.66011,5.50932],[7.65273,5.51372],[7.66032,5.52265],[7.66672,5.51893],[7.66011,5.50932]]]}},{"type":"Feature","properties":{"NAME":"Udi/Nsukka","DESIG_ENG":"Game Reserve","IUCN_CAT":"Not Reported","GIS_AREA":170.198492,"STATUS":"Designated","STATUS_YR":1981,"GOV_TYPE":"Sub-national ministry or agency","_label":"Udi/Nsukka","_status_group":"other","_year":1981,"_year_label":"Designation/status year","_states":["Enugu"]},"geometry":{"type":"Polygon","coordinates":[[[7.24565,6.89544],[7.25417,6.86707],[7.25415,6.81356],[7.24322,6.78478],[7.19291,6.73672],[7.15866,6.73621],[7.12211,6.77266],[7.12257,6.80863],[7.14457,6.83621],[7.19636,6.85196],[7.22332,6.89141],[7.24565,6.89544]]]}},{"type":"Feature","properties":{"NAME":"Udo","DESIG_ENG":"Forest Reserve","IUCN_CAT":"Not Reported","GIS_AREA":20.449297,"STATUS":"Designated","STATUS_YR":0,"GOV_TYPE":"Sub-national ministry or agency","_label":"Udo","_status_group":"other","_states":["Edo"]},"geometry":{"type":"Polygon","coordinates":[[[6.35431,6.59064],[6.31908,6.56771],[6.30379,6.58949],[6.35424,6.62494],[6.36769,6.61892],[6.3526,6.60678],[6.35431,6.59064]]]}},{"type":"Feature","properties":{"NAME":"Ugboha","DESIG_ENG":"Forest Reserve","IUCN_CAT":"Not Reported","GIS_AREA":61.233778,"STATUS":"Designated","STATUS_YR":0,"GOV_TYPE":"Sub-national ministry or agency","_label":"Ugboha","_status_group":"other","_states":["Edo"]},"geometry":{"type":"Polygon","coordinates":[[[6.57875,6.77189],[6.60282,6.69933],[6.5315,6.7091],[6.50259,6.73499],[6.47921,6.74182],[6.50943,6.76038],[6.57875,6.77189]]]}},{"type":"Feature","properties":{"NAME":"Ugondo","DESIG_ENG":"Forest Reserve","IUCN_CAT":"Not Reported","GIS_AREA":1.588263,"STATUS":"Designated","STATUS_YR":0,"GOV_TYPE":"Sub-national ministry or agency","_label":"Ugondo","_status_group":"other","_states":["Benue"]},"geometry":{"type":"Polygon","coordinates":[[[9.34937,7.55224],[9.34139,7.55103],[9.33859,7.56262],[9.34879,7.5599],[9.34937,7.55224]]]}},{"type":"Feature","properties":{"NAME":"Ujrohi-Ojogba","DESIG_ENG":"Forest Reserve","IUCN_CAT":"Not Reported","GIS_AREA":30.204857,"STATUS":"Designated","STATUS_YR":0,"GOV_TYPE":"Sub-national ministry or agency","_label":"Ujrohi-Ojogba","_status_group":"other","_states":["Edo"]},"geometry":{"type":"Polygon","coordinates":[[[6.10499,6.58325],[6.12522,6.57834],[6.12972,6.54296],[6.12254,6.5351],[6.09955,6.54187],[6.08453,6.53331],[6.06994,6.54626],[6.07101,6.571],[6.10499,6.58325]]]}},{"type":"Feature","properties":{"NAME":"Ukpam","DESIG_ENG":"Forest Reserve","IUCN_CAT":"Not Reported","GIS_AREA":1.787103,"STATUS":"Designated","STATUS_YR":0,"GOV_TYPE":"Sub-national ministry or agency","_label":"Ukpam","_status_group":"other","_states":["Benue"]},"geometry":{"type":"Polygon","coordinates":[[[8.66237,7.86321],[8.64843,7.85675],[8.64515,7.86366],[8.65673,7.86949],[8.66237,7.86321]]]}},{"type":"Feature","properties":{"NAME":"Ukpe-Sobo","DESIG_ENG":"Forest Reserve","IUCN_CAT":"Not Reported","GIS_AREA":158.163122,"STATUS":"Designated","STATUS_YR":0,"GOV_TYPE":"Sub-national ministry or agency","_label":"Ukpe-Sobo","_status_group":"other","_states":["Delta"]},"geometry":{"type":"Polygon","coordinates":[[[5.57157,5.93061],[5.60913,5.90898],[5.64136,5.94227],[5.64055,5.92289],[5.63094,5.91827],[5.64826,5.90979],[5.65084,5.89617],[5.61874,5.8998],[5.66684,5.8848],[5.66263,5.87303],[5.68461,5.8788],[5.68962,5.87153],[5.67748,5.87147],[5.67995,5.86408],[5.71424,5.84804],[5.71274,5.83852],[5.69283,5.82934],[5.67839,5.84256],[5.68408,5.82213],[5.67545,5.80914],[5.68615,5.80955],[5.68575,5.79743],[5.70163,5.79368],[5.70565,5.7845],[5.68644,5.77838],[5.66826,5.80481],[5.67039,5.78981],[5.66424,5.82028],[5.65451,5.81301],[5.64646,5.82045],[5.64318,5.81243],[5.63317,5.8141],[5.61948,5.83257],[5.62356,5.81439],[5.57921,5.84642],[5.5509,5.84295],[5.56011,5.85201],[5.54101,5.86731],[5.55654,5.87481],[5.544,5.88923],[5.581,5.8852],[5.57628,5.90338],[5.55902,5.90949],[5.56167,5.89368],[5.52283,5.90781],[5.51369,5.92316],[5.50448,5.91947],[5.50328,5.93159],[5.52991,5.92818],[5.56099,5.94429],[5.57295,5.94371],[5.57157,5.93061]]]}},{"type":"Feature","properties":{"NAME":"Ukpilla","DESIG_ENG":"Forest Reserve","IUCN_CAT":"Not Reported","GIS_AREA":60.893154,"STATUS":"Designated","STATUS_YR":0,"GOV_TYPE":"Sub-national ministry or agency","_label":"Ukpilla","_status_group":"other","_states":["Edo"]},"geometry":{"type":"Polygon","coordinates":[[[6.38568,7.21845],[6.38697,7.20266],[6.42855,7.18245],[6.41682,7.16835],[6.36416,7.17497],[6.35668,7.18728],[6.33865,7.18047],[6.32831,7.19723],[6.30956,7.18523],[6.27128,7.1851],[6.26609,7.19561],[6.27974,7.21368],[6.33231,7.21172],[6.34019,7.22913],[6.38568,7.21845]]]}},{"type":"Feature","properties":{"NAME":"Ukpom-Bende","DESIG_ENG":"Forest Reserve","IUCN_CAT":"Not Reported","GIS_AREA":4.691959,"STATUS":"Designated","STATUS_YR":0,"GOV_TYPE":"Sub-national ministry or agency","_label":"Ukpom-Bende","_status_group":"other","_states":["Abia"]},"geometry":{"type":"Polygon","coordinates":[[[7.59955,5.5233],[7.59201,5.53439],[7.60469,5.55863],[7.61054,5.53138],[7.59955,5.5233]]]}},{"type":"Feature","properties":{"NAME":"Uku Da Sisi","DESIG_ENG":"Forest Reserve","IUCN_CAT":"Not Reported","GIS_AREA":7.561813,"STATUS":"Designated","STATUS_YR":0,"GOV_TYPE":"Sub-national ministry or agency","_label":"Uku Da Sisi","_status_group":"other","_states":["Jigawa"]},"geometry":{"type":"Polygon","coordinates":[[[9.09341,12.534],[9.05472,12.56044],[9.05212,12.5712],[9.06413,12.57059],[9.09684,12.54385],[9.09341,12.534]]]}},{"type":"Feature","properties":{"NAME":"Umon Ndealichi","DESIG_ENG":"Forest Reserve","IUCN_CAT":"Not Reported","GIS_AREA":92.340879,"STATUS":"Designated","STATUS_YR":0,"GOV_TYPE":"Sub-national ministry or agency","_label":"Umon Ndealichi","_status_group":"other","_states":["Cross River"]},"geometry":{"type":"Polygon","coordinates":[[[8.19939,5.36638],[8.1512,5.33473],[8.1496,5.3237],[8.1426,5.32972],[8.08202,5.28837],[8.08994,5.31998],[8.11819,5.34604],[8.1135,5.38922],[8.09466,5.39605],[8.11139,5.4259],[8.13365,5.43306],[8.15403,5.42879],[8.15602,5.4138],[8.19939,5.36638]]]}},{"type":"Feature","properties":{"NAME":"Umuabi","DESIG_ENG":"Forest Reserve","IUCN_CAT":"Not Reported","GIS_AREA":10.901703,"STATUS":"Designated","STATUS_YR":0,"GOV_TYPE":"Sub-national ministry or agency","_label":"Umuabi","_status_group":"other","_states":["Enugu"]},"geometry":{"type":"Polygon","coordinates":[[[7.37423,6.21426],[7.34208,6.20926],[7.33981,6.22313],[7.36042,6.2428],[7.37803,6.23282],[7.37423,6.21426]]]}},{"type":"Feature","properties":{"NAME":"Umuahia Ibeku","DESIG_ENG":"Forest Reserve","IUCN_CAT":"Not Reported","GIS_AREA":1.099708,"STATUS":"Designated","STATUS_YR":0,"GOV_TYPE":"Sub-national ministry or agency","_label":"Umuahia Ibeku","_status_group":"other","_states":["Abia"]},"geometry":{"type":"Polygon","coordinates":[[[7.48296,5.5391],[7.47359,5.54078],[7.47446,5.54781],[7.48304,5.54556],[7.48296,5.5391]]]}},{"type":"Feature","properties":{"NAME":"Umude Ugbenu","DESIG_ENG":"Forest Reserve","IUCN_CAT":"Not Reported","GIS_AREA":1.793883,"STATUS":"Designated","STATUS_YR":0,"GOV_TYPE":"Sub-national ministry or agency","_label":"Umude Ugbenu","_status_group":"other","_states":["Anambra"]},"geometry":{"type":"Polygon","coordinates":[[[7.08233,6.38904],[7.07147,6.3913],[7.07321,6.40381],[7.08261,6.39683],[7.08233,6.38904]]]}},{"type":"Feature","properties":{"NAME":"Umuokpara Umuowa Ogee","DESIG_ENG":"Forest Reserve","IUCN_CAT":"Not Reported","GIS_AREA":1.216462,"STATUS":"Designated","STATUS_YR":0,"GOV_TYPE":"Sub-national ministry or agency","_label":"Umuokpara Umuowa Ogee","_status_group":"other","_states":["Imo"]},"geometry":{"type":"Polygon","coordinates":[[[7.34857,5.77346],[7.34039,5.77675],[7.34687,5.78716],[7.34936,5.78505],[7.34857,5.77346]]]}},{"type":"Feature","properties":{"NAME":"Ungua Jiburu","DESIG_ENG":"Forest Reserve","IUCN_CAT":"Not Reported","GIS_AREA":3.370643,"STATUS":"Designated","STATUS_YR":0,"GOV_TYPE":"Sub-national ministry or agency","_label":"Ungua Jiburu","_status_group":"other","_states":["Jigawa"]},"geometry":{"type":"Polygon","coordinates":[[[9.67426,12.4055],[9.65395,12.39681],[9.64989,12.40632],[9.67307,12.41397],[9.67426,12.4055]]]}},{"type":"Feature","properties":{"NAME":"Unguwa Lalle","DESIG_ENG":"Forest Reserve","IUCN_CAT":"Not Reported","GIS_AREA":10.639063,"STATUS":"Designated","STATUS_YR":0,"GOV_TYPE":"Sub-national ministry or agency","_label":"Unguwa Lalle","_status_group":"other","_states":["Sokoto"]},"geometry":{"type":"Polygon","coordinates":[[[6.09478,13.59918],[6.057,13.58819],[6.02668,13.59394],[6.09054,13.61671],[6.09478,13.59918]]]}},{"type":"Feature","properties":{"NAME":"Unuhu Agbaja","DESIG_ENG":"Forest Reserve","IUCN_CAT":"Not Reported","GIS_AREA":3.140205,"STATUS":"Designated","STATUS_YR":0,"GOV_TYPE":"Sub-national ministry or agency","_label":"Unuhu Agbaja","_status_group":"other","_states":["Ebonyi"]},"geometry":{"type":"Polygon","coordinates":[[[8.10418,6.33732],[8.10391,6.34961],[8.12355,6.34921],[8.11982,6.34075],[8.10418,6.33732]]]}},{"type":"Feature","properties":{"NAME":"Upkon","DESIG_ENG":"Forest Reserve","IUCN_CAT":"Not Reported","STATUS":"Designated","STATUS_YR":0,"GOV_TYPE":"Sub-national ministry or agency","_label":"Upkon","_status_group":"other","_states":["Cross River"]},"geometry":{"type":"Point","coordinates":[8.75,6.0]}},{"type":"Feature","properties":{"NAME":"Upper Imo River","DESIG_ENG":"Forest Reserve","IUCN_CAT":"Not Reported","GIS_AREA":100.542002,"STATUS":"Designated","STATUS_YR":0,"GOV_TYPE":"Sub-national ministry or agency","_label":"Upper Imo River","_status_group":"other","_states":["Rivers"]},"geometry":{"type":"Polygon","coordinates":[[[7.16961,5.02361],[7.17055,4.96931],[7.10569,4.97315],[7.12205,5.09133],[7.20438,5.09489],[7.18801,5.04934],[7.16961,5.02361]]]}},{"type":"Feature","properties":{"NAME":"Upper Ogun","DESIG_ENG":"Forest Reserve","IUCN_CAT":"Not Reported","GIS_AREA":2369.2827,"STATUS":"Designated","STATUS_YR":0,"GOV_TYPE":"Sub-national ministry or agency","_label":"Upper Ogun","_status_group":"other","_states":["Oyo","Kwara"]},"geometry":{"type":"Polygon","coordinates":[[[4.04391,9.00923],[4.05603,9.01313],[4.06374,8.9953],[4.10767,8.95717],[4.12247,8.97475],[4.15293,8.98057],[4.14966,9.00543],[4.15575,9.01334],[4.28712,8.97445],[4.30202,8.98558],[4.315,9.01637],[4.33803,9.00258],[4.34303,8.97957],[4.32011,8.9539],[4.28117,8.93441],[4.23062,8.93213],[4.18655,8.89642],[4.13848,8.88757],[4.10933,8.90326],[4.05326,8.88522],[4.03748,8.87058],[4.0238,8.83195],[4.02493,8.75331],[4.00826,8.72198],[3.98786,8.71102],[3.98951,8.6983],[3.96334,8.63504],[3.95903,8.52707],[3.98076,8.50649],[3.99271,8.45598],[4.05925,8.37239],[4.03912,8.35272],[4.02521,8.30891],[3.94863,8.22965],[3.88331,8.22213],[3.84338,8.23112],[3.82204,8.24469],[3.80877,8.2378],[3.78863,8.24307],[3.75608,8.20619],[3.72456,8.29717],[3.69437,8.31829],[3.65328,8.32509],[3.58684,8.37045],[3.5809,8.44469],[3.60437,8.45663],[3.61371,8.49628],[3.62797,8.50812],[3.73094,8.49416],[3.74595,8.49828],[3.7651,8.49048],[3.77073,8.46796],[3.78356,8.45424],[3.82143,8.46023],[3.80305,8.56918],[3.7948,8.58317],[3.8134,8.65463],[3.85778,8.73322],[3.85145,8.75411],[3.86162,8.77567],[3.86343,8.81806],[3.88712,8.91574],[3.90737,8.93958],[3.94729,8.95556],[3.99826,9.01588],[4.01816,9.0217],[4.04391,9.00923]]]}},{"type":"Feature","properties":{"NAME":"Upper Orashi Forests","DESIG_ENG":"Wetland of International Importance (Ramsar Site)","IUCN_CAT":"VI","GIS_AREA":251.377991,"STATUS":"Designated","STATUS_YR":2008,"GOV_TYPE":"Not Reported","_label":"Upper Orashi Forests","_status_group":"other","_year":2008,"_year_label":"Designation/status year","_states":["Bayelsa","Rivers"]},"geometry":{"type":"Polygon","coordinates":[[[6.4325,4.98278],[6.43849,4.99136],[6.46667,4.9989],[6.48043,4.98669],[6.51728,4.98625],[6.51839,4.97293],[6.54457,4.97382],[6.55323,4.9665],[6.57129,4.92268],[6.568,4.91149],[6.57854,4.90205],[6.58176,4.84835],[6.60232,4.81092],[6.53836,4.7767],[6.51422,4.79909],[6.47403,4.88673],[6.46013,4.89606],[6.45139,4.9225],[6.43566,4.93313],[6.4325,4.98278]]]}},{"type":"Feature","properties":{"NAME":"Upper Orashi River","DESIG_ENG":"Forest Reserve","IUCN_CAT":"Not Reported","GIS_AREA":98.832296,"STATUS":"Designated","STATUS_YR":0,"GOV_TYPE":"Sub-national ministry or agency","_label":"Upper Orashi River","_status_group":"other","_states":["Rivers"]},"geometry":{"type":"Polygon","coordinates":[[[6.58221,4.84395],[6.51416,4.84211],[6.48033,4.93041],[6.45204,4.94424],[6.44964,4.96924],[6.52419,4.96098],[6.54356,4.89886],[6.56934,4.8885],[6.58221,4.84395]]]}},{"type":"Feature","properties":{"NAME":"Uremure Yokri","DESIG_ENG":"Forest Reserve","IUCN_CAT":"Not Reported","GIS_AREA":326.657437,"STATUS":"Designated","STATUS_YR":0,"GOV_TYPE":"Sub-national ministry or agency","_label":"Uremure Yokri","_status_group":"other","_states":["Delta"]},"geometry":{"type":"Polygon","coordinates":[[[5.20825,5.58539],[5.30255,5.58493],[5.31036,5.56538],[5.30294,5.55764],[5.31537,5.55331],[5.33434,5.50799],[5.34039,5.51232],[5.34113,5.49251],[5.35816,5.47732],[5.37237,5.48425],[5.37513,5.47196],[5.39895,5.46705],[5.41533,5.41548],[5.4391,5.39426],[5.43801,5.38752],[5.36851,5.3926],[5.26512,5.43356],[5.23971,5.44775],[5.18446,5.50017],[5.17794,5.53705],[5.18262,5.5518],[5.20316,5.56294],[5.20825,5.58539]]]}},{"type":"Feature","properties":{"NAME":"Urhonigbe","DESIG_ENG":"Strict Nature Reserve","IUCN_CAT":"Ia","STATUS":"Designated","STATUS_YR":0,"GOV_TYPE":"Federal or national ministry or agency","_label":"Urhonigbe","_status_group":"other","_states":["Edo"]},"geometry":{"type":"Point","coordinates":[6.1,5.95]}},{"type":"Feature","properties":{"NAME":"Usonigbe","DESIG_ENG":"Forest Reserve","IUCN_CAT":"Not Reported","GIS_AREA":324.283066,"STATUS":"Designated","STATUS_YR":0,"GOV_TYPE":"Sub-national ministry or agency","_label":"Usonigbe","_status_group":"other","_states":["Delta","Edo"]},"geometry":{"type":"MultiPolygon","coordinates":[[[[5.8994,5.97991],[5.90974,5.9064],[5.90399,5.89861],[5.86636,5.91938],[5.86212,5.9701],[5.8994,5.97991]]],[[[5.98386,6.0388],[6.01673,6.0423],[6.03843,6.02415],[6.06663,6.05031],[6.12772,6.04393],[6.14857,6.01892],[6.10367,5.98705],[6.14512,5.95908],[6.15466,5.9323],[6.12849,5.91762],[6.09328,5.86066],[6.00434,5.84594],[5.95892,5.82651],[5.93487,5.8272],[5.94598,5.84573],[5.98108,5.86056],[6.01181,5.901],[6.01188,5.91592],[5.97723,5.91123],[5.9762,5.91902],[5.99812,5.92531],[5.99904,5.96642],[6.02065,5.95589],[6.00527,5.94319],[6.0275,5.91827],[6.05732,5.91954],[6.08131,5.94273],[6.07085,5.9964],[5.98363,5.99374],[5.98041,5.98647],[5.96344,5.9938],[5.94663,5.9642],[5.93829,5.96737],[5.94497,5.99697],[5.93637,6.01568],[5.94503,6.02934],[5.96604,6.05196],[5.98386,6.0388]]]]}},{"type":"Feature","properties":{"NAME":"Ute-Ukpu","DESIG_ENG":"Forest Reserve","IUCN_CAT":"Not Reported","GIS_AREA":61.339046,"STATUS":"Designated","STATUS_YR":0,"GOV_TYPE":"Sub-national ministry or agency","_label":"Ute-Ukpu","_status_group":"other","_states":["Delta"]},"geometry":{"type":"Polygon","coordinates":[[[6.34584,6.11255],[6.30374,6.08972],[6.27266,6.1276],[6.27078,6.18678],[6.32859,6.17183],[6.34584,6.11255]]]}},{"type":"Feature","properties":{"NAME":"Utugu and Karama","DESIG_ENG":"Forest Reserve","IUCN_CAT":"Not Reported","GIS_AREA":3.272419,"STATUS":"Designated","STATUS_YR":0,"GOV_TYPE":"Sub-national ministry or agency","_label":"Utugu and Karama","_status_group":"other","_states":["Nasarawa"]},"geometry":{"type":"Polygon","coordinates":[[[8.64303,8.94822],[8.64266,8.93312],[8.62762,8.93832],[8.62913,8.94776],[8.64303,8.94822]]]}},{"type":"Feature","properties":{"NAME":"Uwet Odot","DESIG_ENG":"Forest Reserve","IUCN_CAT":"Not Reported","GIS_AREA":241.569556,"STATUS":"Designated","STATUS_YR":0,"GOV_TYPE":"Sub-national ministry or agency","_label":"Uwet Odot","_status_group":"other","_states":["Cross River"]},"geometry":{"type":"Polygon","coordinates":[[[8.02819,5.25317],[8.1426,5.32972],[8.1496,5.3237],[8.1512,5.33473],[8.19939,5.36638],[8.21845,5.34629],[8.22957,5.31346],[8.22774,5.29256],[8.21393,5.27442],[8.2108,5.24036],[8.19061,5.23298],[8.17148,5.21031],[8.14818,5.20326],[8.13281,5.20809],[8.12513,5.19391],[8.13017,5.18655],[8.10489,5.17487],[8.1015,5.1655],[8.12504,5.13105],[8.11635,5.10434],[8.07375,5.14578],[8.0741,5.19781],[8.07999,5.20567],[8.07022,5.21444],[8.07655,5.22296],[8.09276,5.2238],[8.11628,5.21296],[8.11703,5.22104],[8.08275,5.23327],[8.08034,5.25293],[8.09265,5.26067],[8.07725,5.26994],[8.05967,5.26777],[8.05702,5.25956],[8.06633,5.25026],[8.04966,5.23973],[8.02819,5.25317]],[[8.18973,5.27441],[8.20264,5.27846],[8.19369,5.28441],[8.18973,5.27441]],[[8.119,5.26739],[8.11167,5.27174],[8.11183,5.26459],[8.119,5.26739]],[[8.14108,5.26613],[8.12316,5.26338],[8.12444,5.24209],[8.14242,5.24478],[8.14108,5.26613]],[[8.16843,5.2496],[8.1632,5.24039],[8.1702,5.24239],[8.16843,5.2496]]]}},{"type":"Feature","properties":{"NAME":"Vobera","DESIG_ENG":"Forest Reserve","IUCN_CAT":"Not Reported","GIS_AREA":988.056903,"STATUS":"Designated","STATUS_YR":0,"GOV_TYPE":"Sub-national ministry or agency","_label":"Vobera","_status_group":"other","_states":["Kwara"]},"geometry":{"type":"Polygon","coordinates":[[[4.252,9.35373],[4.22751,9.32691],[4.20147,9.32495],[4.15489,9.2904],[4.15188,9.27736],[4.12543,9.27784],[4.12021,9.26144],[4.10264,9.25296],[4.094,9.23716],[4.07445,9.23162],[4.04591,9.25437],[4.02108,9.26287],[4.00716,9.24071],[3.96731,9.24083],[3.95896,9.22543],[3.95038,9.22566],[3.92891,9.23958],[3.91632,9.26654],[3.89985,9.27163],[3.88129,9.26615],[3.85726,9.31458],[3.86875,9.34083],[3.87686,9.40781],[3.9044,9.46463],[3.96687,9.51594],[4.03943,9.54169],[4.07406,9.53602],[4.12766,9.49759],[4.252,9.35373]]]}},{"type":"Feature","properties":{"NAME":"Wafin","DESIG_ENG":"Forest Reserve","IUCN_CAT":"Not Reported","GIS_AREA":32.642517,"STATUS":"Designated","STATUS_YR":0,"GOV_TYPE":"Sub-national ministry or agency","_label":"Wafin","_status_group":"other","_states":["Kaduna"]},"geometry":{"type":"Polygon","coordinates":[[[8.62378,9.89133],[8.64553,9.87811],[8.64552,9.85544],[8.62921,9.8513],[8.60815,9.85776],[8.59754,9.87871],[8.61655,9.93304],[8.63118,9.94768],[8.63616,9.91635],[8.62378,9.89133]]]}},{"type":"Feature","properties":{"NAME":"Wagur","DESIG_ENG":"Forest Reserve","IUCN_CAT":"Not Reported","GIS_AREA":209.359277,"STATUS":"Designated","STATUS_YR":0,"GOV_TYPE":"Sub-national ministry or agency","_label":"Wagur","_status_group":"other","_states":["Yobe"]},"geometry":{"type":"Polygon","coordinates":[[[11.55449,11.45951],[11.71303,11.46567],[11.72071,11.42169],[11.75032,11.38607],[11.77137,11.39438],[11.77119,11.35646],[11.76307,11.33648],[11.67599,11.32768],[11.66695,11.36983],[11.62419,11.39903],[11.5911,11.4047],[11.55048,11.44703],[11.55449,11.45951]]]}},{"type":"Feature","properties":{"NAME":"Waji","DESIG_ENG":"Forest Reserve","IUCN_CAT":"Not Reported","GIS_AREA":51.718573,"STATUS":"Designated","STATUS_YR":0,"GOV_TYPE":"Sub-national ministry or agency","_label":"Waji","_status_group":"other","_states":["Bauchi"]},"geometry":{"type":"Polygon","coordinates":[[[9.17118,10.08147],[9.18248,10.09496],[9.24781,10.12791],[9.25902,10.15852],[9.28267,10.12145],[9.24041,10.09005],[9.23888,10.07652],[9.18852,10.05402],[9.17118,10.08147]]]}},{"type":"Feature","properties":{"NAME":"Walama","DESIG_ENG":"Forest Reserve","IUCN_CAT":"Not Reported","GIS_AREA":51.464694,"STATUS":"Designated","STATUS_YR":0,"GOV_TYPE":"Sub-national ministry or agency","_label":"Walama","_status_group":"other","_states":["Borno"]},"geometry":{"type":"Polygon","coordinates":[[[11.88837,10.2191],[11.92184,10.20824],[11.92429,10.18859],[11.89018,10.15397],[11.84244,10.16204],[11.8347,10.18747],[11.84465,10.19325],[11.84797,10.21555],[11.88837,10.2191]]]}},{"type":"Feature","properties":{"NAME":"Wamba","DESIG_ENG":"Forest Reserve","IUCN_CAT":"Not Reported","GIS_AREA":3.457645,"STATUS":"Designated","STATUS_YR":0,"GOV_TYPE":"Sub-national ministry or agency","_label":"Wamba","_status_group":"other","_states":["Nasarawa"]},"geometry":{"type":"Polygon","coordinates":[[[8.59714,8.9582],[8.58921,8.95807],[8.58484,8.9696],[8.5978,8.9869],[8.59714,8.9582]]]}},{"type":"Feature","properties":{"NAME":"Wamiri","DESIG_ENG":"Forest Reserve","IUCN_CAT":"Not Reported","GIS_AREA":16.763579,"STATUS":"Designated","STATUS_YR":0,"GOV_TYPE":"Sub-national ministry or agency","_label":"Wamiri","_status_group":"other","_states":["Borno"]},"geometry":{"type":"Polygon","coordinates":[[[13.53169,12.81897],[13.50862,12.79816],[13.49314,12.82119],[13.53064,12.8632],[13.54014,12.84643],[13.53169,12.81897]]]}},{"type":"Feature","properties":{"NAME":"Wannune","DESIG_ENG":"Forest Reserve","IUCN_CAT":"Not Reported","GIS_AREA":4.683575,"STATUS":"Designated","STATUS_YR":0,"GOV_TYPE":"Sub-national ministry or agency","_label":"Wannune","_status_group":"other","_states":["Benue"]},"geometry":{"type":"Polygon","coordinates":[[[8.85758,7.59415],[8.88029,7.59489],[8.88135,7.58222],[8.86146,7.5794],[8.85758,7.59415]]]}},{"type":"Feature","properties":{"NAME":"Wara","DESIG_ENG":"Forest Reserve","IUCN_CAT":"Not Reported","GIS_AREA":5.638026,"STATUS":"Designated","STATUS_YR":0,"GOV_TYPE":"Sub-national ministry or agency","_label":"Wara","_status_group":"other","_states":["Kwara"]},"geometry":{"type":"Polygon","coordinates":[[[4.46791,8.41516],[4.45171,8.42141],[4.45446,8.43712],[4.4764,8.43381],[4.46791,8.41516]]]}},{"type":"Feature","properties":{"NAME":"Warwade","DESIG_ENG":"Forest Reserve","IUCN_CAT":"Not Reported","GIS_AREA":27.616734,"STATUS":"Designated","STATUS_YR":0,"GOV_TYPE":"Sub-national ministry or agency","_label":"Warwade","_status_group":"other","_states":["Jigawa"]},"geometry":{"type":"Polygon","coordinates":[[[9.21163,11.82147],[9.24653,11.819],[9.24912,11.80291],[9.26246,11.81061],[9.27111,11.80673],[9.27483,11.78413],[9.24748,11.78958],[9.25122,11.77643],[9.24022,11.76795],[9.22916,11.78798],[9.20021,11.79093],[9.1949,11.80423],[9.21257,11.80628],[9.21163,11.82147]]]}},{"type":"Feature","properties":{"NAME":"Wasagu Sakaba","DESIG_ENG":"Forest Reserve","IUCN_CAT":"Not Reported","GIS_AREA":466.810015,"STATUS":"Designated","STATUS_YR":0,"GOV_TYPE":"Sub-national ministry or agency","_label":"Wasagu Sakaba","_status_group":"other","_states":["Kebbi"]},"geometry":{"type":"Polygon","coordinates":[[[5.76611,11.35556],[5.77911,11.31375],[5.77329,11.28677],[5.78647,11.26785],[5.749,11.19378],[5.75734,11.13573],[5.72209,11.11848],[5.65538,11.11281],[5.58802,11.19308],[5.58551,11.23255],[5.59838,11.29827],[5.58535,11.33212],[5.63709,11.34654],[5.6616,11.34566],[5.66507,11.35387],[5.70144,11.34912],[5.75665,11.3605],[5.76611,11.35556]]]}},{"type":"Feature","properties":{"NAME":"Wasaini","DESIG_ENG":"Forest Reserve","IUCN_CAT":"Not Reported","GIS_AREA":154.386233,"STATUS":"Designated","STATUS_YR":0,"GOV_TYPE":"Sub-national ministry or agency","_label":"Wasaini","_status_group":"other","_states":["Kebbi"]},"geometry":{"type":"Polygon","coordinates":[[[4.22843,12.6588],[4.18735,12.67198],[4.18739,12.69157],[4.20577,12.71775],[4.22295,12.71468],[4.23153,12.73319],[4.24732,12.74166],[4.28033,12.72015],[4.29953,12.73601],[4.35044,12.73396],[4.35263,12.6947],[4.3263,12.64889],[4.26246,12.62067],[4.22843,12.6588]]]}},{"type":"Feature","properties":{"NAME":"Wase","DESIG_ENG":"Game Reserve","IUCN_CAT":"Not Reported","STATUS":"Designated","STATUS_YR":1972,"GOV_TYPE":"Sub-national ministry or agency","_label":"Wase","_status_group":"other","_year":1972,"_year_label":"Designation/status year","_states":["Plateau"]},"geometry":{"type":"Point","coordinates":[10.0,9.67]}},{"type":"Feature","properties":{"NAME":"Wase Rock Bird","DESIG_ENG":"Game Reserve","IUCN_CAT":"Not Reported","STATUS":"Designated","STATUS_YR":1972,"GOV_TYPE":"Sub-national ministry or agency","_label":"Wase Rock Bird","_status_group":"other","_year":1972,"_year_label":"Designation/status year","_states":["Plateau"]},"geometry":{"type":"Point","coordinates":[9.97,9.07]}},{"type":"Feature","properties":{"NAME":"Wawa","DESIG_ENG":"Forest Reserve","IUCN_CAT":"Not Reported","GIS_AREA":530.508622,"STATUS":"Designated","STATUS_YR":0,"GOV_TYPE":"Sub-national ministry or agency","_label":"Wawa","_status_group":"other","_states":["Gombe"]},"geometry":{"type":"Polygon","coordinates":[[[11.29046,10.79859],[11.27975,10.77009],[11.29436,10.73745],[11.2872,10.73076],[11.31869,10.71288],[11.32801,10.69039],[11.31025,10.67884],[11.30193,10.69165],[11.29086,10.68997],[11.28749,10.64658],[11.2769,10.63532],[11.29395,10.60284],[11.28528,10.57207],[11.2319,10.50902],[11.19982,10.50185],[11.11832,10.58818],[11.10371,10.62281],[11.11017,10.64838],[11.10039,10.66407],[11.12094,10.6894],[11.1341,10.76163],[11.13183,10.79116],[11.13672,10.79636],[11.17974,10.77866],[11.22474,10.78006],[11.26136,10.80175],[11.27917,10.80274],[11.29046,10.79859]]]}},{"type":"Feature","properties":{"NAME":"Wawagi","DESIG_ENG":"Forest Reserve","IUCN_CAT":"Not Reported","GIS_AREA":5.100906,"STATUS":"Designated","STATUS_YR":0,"GOV_TYPE":"Sub-national ministry or agency","_label":"Wawagi","_status_group":"other","_states":["Niger"]},"geometry":{"type":"Polygon","coordinates":[[[6.03281,9.26781],[6.01967,9.27932],[6.01803,9.29648],[6.03234,9.29702],[6.03281,9.26781]]]}},{"type":"Feature","properties":{"NAME":"Werdawa","DESIG_ENG":"Forest Reserve","IUCN_CAT":"Not Reported","GIS_AREA":1.748692,"STATUS":"Designated","STATUS_YR":0,"GOV_TYPE":"Sub-national ministry or agency","_label":"Werdawa","_status_group":"other","_states":["Jigawa"]},"geometry":{"type":"Polygon","coordinates":[[[8.20189,12.69962],[8.19311,12.70746],[8.19652,12.7147],[8.20407,12.7121],[8.20189,12.69962]]]}},{"type":"Feature","properties":{"NAME":"West Anka","DESIG_ENG":"Forest Reserve","IUCN_CAT":"Not Reported","GIS_AREA":383.019967,"STATUS":"Designated","STATUS_YR":0,"GOV_TYPE":"Sub-national ministry or agency","_label":"West Anka","_status_group":"other","_states":["Zamfara"]},"geometry":{"type":"Polygon","coordinates":[[[6.00243,11.67729],[5.98722,11.67273],[5.97569,11.6406],[5.92102,11.64275],[5.89896,11.63694],[5.88274,11.62085],[5.87294,11.6836],[5.88173,11.73342],[5.87665,11.83562],[5.84383,11.86876],[5.82175,11.90637],[6.00298,11.85698],[6.01638,11.74413],[6.00243,11.67729]]]}},{"type":"Feature","properties":{"NAME":"West Okura","DESIG_ENG":"Forest Reserve","IUCN_CAT":"Not Reported","GIS_AREA":75.652264,"STATUS":"Designated","STATUS_YR":0,"GOV_TYPE":"Sub-national ministry or agency","_label":"West Okura","_status_group":"other","_states":["Kogi"]},"geometry":{"type":"Polygon","coordinates":[[[7.4127,7.52908],[7.39704,7.51346],[7.3792,7.50832],[7.3672,7.47696],[7.34274,7.45361],[7.30649,7.43573],[7.28907,7.44469],[7.29954,7.51157],[7.33378,7.5115],[7.35577,7.526],[7.36712,7.52473],[7.38545,7.54477],[7.4127,7.52908]]]}},{"type":"Feature","properties":{"NAME":"West Tangaza","DESIG_ENG":"Forest Reserve","IUCN_CAT":"Not Reported","GIS_AREA":697.033637,"STATUS":"Designated","STATUS_YR":0,"GOV_TYPE":"Sub-national ministry or agency","_label":"West Tangaza","_status_group":"other","_states":["Sokoto"]},"geometry":{"type":"Polygon","coordinates":[[[4.46073,13.55215],[4.48237,13.55573],[4.49138,13.56666],[4.51676,13.56811],[4.54521,13.55344],[4.59327,13.55221],[4.62795,13.53282],[4.62512,13.42515],[4.49299,13.28844],[4.45032,13.28514],[4.36929,13.35384],[4.34357,13.38469],[4.34153,13.40259],[4.3311,13.40166],[4.32618,13.41888],[4.35213,13.4386],[4.37065,13.44219],[4.40391,13.51063],[4.36153,13.50647],[4.412,13.57487],[4.45726,13.56591],[4.46073,13.55215]]]}},{"type":"Feature","properties":{"NAME":"Woabi","DESIG_ENG":"Forest Reserve","IUCN_CAT":"Not Reported","GIS_AREA":24.670668,"STATUS":"Designated","STATUS_YR":0,"GOV_TYPE":"Sub-national ministry or agency","_label":"Woabi","_status_group":"other","_states":["Niger"]},"geometry":{"type":"Polygon","coordinates":[[[5.28068,9.42997],[5.26058,9.45267],[5.26982,9.4822],[5.30534,9.46539],[5.31361,9.45203],[5.31312,9.43884],[5.28068,9.42997]]]}},{"type":"Feature","properties":{"NAME":"Wuda Taye","DESIG_ENG":"Forest Reserve","IUCN_CAT":"Not Reported","GIS_AREA":88.282684,"STATUS":"Designated","STATUS_YR":0,"GOV_TYPE":"Sub-national ministry or agency","_label":"Wuda Taye","_status_group":"other","_states":["Borno"]},"geometry":{"type":"Polygon","coordinates":[[[13.30557,12.00988],[13.28093,12.01411],[13.2654,12.04536],[13.30254,12.1326],[13.31671,12.14842],[13.32801,12.14831],[13.35077,12.10873],[13.35328,12.08415],[13.3275,12.05357],[13.3249,12.03014],[13.30557,12.00988]]]}},{"type":"Feature","properties":{"NAME":"Wurkam River","DESIG_ENG":"Forest Reserve","IUCN_CAT":"Not Reported","GIS_AREA":50.69665,"STATUS":"Designated","STATUS_YR":0,"GOV_TYPE":"Sub-national ministry or agency","_label":"Wurkam River","_status_group":"other","_states":["Taraba"]},"geometry":{"type":"Polygon","coordinates":[[[11.18309,8.08871],[11.16534,8.03321],[11.14377,8.01488],[11.11014,8.00523],[11.10324,8.03652],[11.0911,8.05375],[11.11865,8.06134],[11.14334,8.08163],[11.15872,8.07915],[11.18309,8.08871]]]}},{"type":"Feature","properties":{"NAME":"Wuro Bamusa","DESIG_ENG":"Forest Reserve","IUCN_CAT":"Not Reported","GIS_AREA":2.134324,"STATUS":"Designated","STATUS_YR":0,"GOV_TYPE":"Sub-national ministry or agency","_label":"Wuro Bamusa","_status_group":"other","_states":["Gombe"]},"geometry":{"type":"Polygon","coordinates":[[[11.21868,10.2398],[11.19982,10.24258],[11.21781,10.24803],[11.21868,10.2398]]]}},{"type":"Feature","properties":{"NAME":"Wuro Biriji","DESIG_ENG":"Forest Reserve","IUCN_CAT":"Not Reported","GIS_AREA":3.30924,"STATUS":"Designated","STATUS_YR":0,"GOV_TYPE":"Sub-national ministry or agency","_label":"Wuro Biriji","_status_group":"other","_states":["Gombe"]},"geometry":{"type":"Polygon","coordinates":[[[11.14923,10.22732],[11.14056,10.23263],[11.17194,10.24101],[11.16751,10.23552],[11.14923,10.22732]]]}},{"type":"Feature","properties":{"NAME":"Wuro Mallum","DESIG_ENG":"Forest Reserve","IUCN_CAT":"Not Reported","GIS_AREA":5.527153,"STATUS":"Designated","STATUS_YR":0,"GOV_TYPE":"Sub-national ministry or agency","_label":"Wuro Mallum","_status_group":"other","_states":["Taraba"]},"geometry":{"type":"Polygon","coordinates":[[[11.31869,8.8573],[11.3043,8.85821],[11.28422,8.86892],[11.30712,8.87357],[11.32156,8.86581],[11.31869,8.8573]]]}},{"type":"Feature","properties":{"NAME":"Wushishi","DESIG_ENG":"Forest Reserve","IUCN_CAT":"Not Reported","GIS_AREA":121.226907,"STATUS":"Designated","STATUS_YR":0,"GOV_TYPE":"Sub-national ministry or agency","_label":"Wushishi","_status_group":"other","_states":["Jigawa"]},"geometry":{"type":"Polygon","coordinates":[[[9.62436,11.68874],[9.5937,11.64644],[9.56726,11.64019],[9.51545,11.58414],[9.45018,11.58534],[9.43895,11.57277],[9.44258,11.56307],[9.434,11.56268],[9.41102,11.53186],[9.38233,11.54634],[9.38412,11.55708],[9.39455,11.55957],[9.39703,11.57136],[9.4235,11.59356],[9.45706,11.6011],[9.45025,11.61273],[9.50847,11.66953],[9.52938,11.66091],[9.54108,11.64502],[9.55653,11.64738],[9.56265,11.658],[9.5972,11.66993],[9.59386,11.69398],[9.64524,11.70482],[9.64414,11.69571],[9.62436,11.68874]]]}},{"type":"Feature","properties":{"NAME":"Wuyo Gube","DESIG_ENG":"Forest Reserve","IUCN_CAT":"Not Reported","GIS_AREA":48.634875,"STATUS":"Designated","STATUS_YR":0,"GOV_TYPE":"Sub-national ministry or agency","_label":"Wuyo Gube","_status_group":"other","_states":["Borno"]},"geometry":{"type":"Polygon","coordinates":[[[11.73643,10.41621],[11.79843,10.38394],[11.78155,10.34484],[11.78335,10.32571],[11.75762,10.32813],[11.73806,10.37151],[11.71123,10.36538],[11.70972,10.37497],[11.73643,10.41621]]]}},{"type":"Feature","properties":{"NAME":"Yache","DESIG_ENG":"Forest Reserve","IUCN_CAT":"Not Reported","GIS_AREA":67.533138,"STATUS":"Designated","STATUS_YR":0,"GOV_TYPE":"Sub-national ministry or agency","_label":"Yache","_status_group":"other","_states":["Cross River","Benue"]},"geometry":{"type":"Polygon","coordinates":[[[8.74853,6.90026],[8.74662,6.90635],[8.77432,6.92468],[8.8345,6.89731],[8.94228,6.84099],[8.93619,6.81444],[8.76025,6.90178],[8.74853,6.90026]]]}},{"type":"Feature","properties":{"NAME":"Yamaltu","DESIG_ENG":"Forest Reserve","IUCN_CAT":"Not Reported","GIS_AREA":33.888225,"STATUS":"Designated","STATUS_YR":0,"GOV_TYPE":"Sub-national ministry or agency","_label":"Yamaltu","_status_group":"other","_states":["Gombe"]},"geometry":{"type":"Polygon","coordinates":[[[11.47517,10.331],[11.47022,10.30408],[11.43856,10.27495],[11.41073,10.27489],[11.4088,10.29707],[11.42912,10.33208],[11.44257,10.32909],[11.46376,10.33833],[11.47517,10.331]]]}},{"type":"Feature","properties":{"NAME":"Yamdugu","DESIG_ENG":"Forest Reserve","IUCN_CAT":"Not Reported","GIS_AREA":197.297334,"STATUS":"Designated","STATUS_YR":0,"GOV_TYPE":"Sub-national ministry or agency","_label":"Yamdugu","_status_group":"other","_states":["Yobe"]},"geometry":{"type":"MultiPolygon","coordinates":[[[[10.7717,12.81328],[10.76981,12.79776],[10.73165,12.77358],[10.74946,12.7654],[10.73104,12.73673],[10.69956,12.72927],[10.66388,12.74562],[10.65102,12.72464],[10.61055,12.73052],[10.59797,12.75513],[10.5991,12.78336],[10.61219,12.78697],[10.63927,12.77621],[10.66679,12.79148],[10.69407,12.79216],[10.7085,12.81279],[10.72369,12.8133],[10.72884,12.82525],[10.75682,12.83898],[10.7717,12.81328]]],[[[10.68457,12.88395],[10.68622,12.83567],[10.67482,12.82102],[10.65145,12.81011],[10.60946,12.80519],[10.58268,12.83182],[10.57977,12.85216],[10.60298,12.87743],[10.68457,12.88395]]]]}},{"type":"Feature","properties":{"NAME":"Yammama","DESIG_ENG":"Forest Reserve","IUCN_CAT":"Not Reported","GIS_AREA":19.695082,"STATUS":"Designated","STATUS_YR":0,"GOV_TYPE":"Sub-national ministry or agency","_label":"Yammama","_status_group":"other","_states":["Katsina"]},"geometry":{"type":"Polygon","coordinates":[[[7.72018,11.87326],[7.71235,11.86078],[7.69443,11.87076],[7.67742,11.85307],[7.66459,11.85147],[7.67714,11.87922],[7.65644,11.89843],[7.67688,11.9018],[7.72018,11.87326]]]}},{"type":"Feature","properties":{"NAME":"Yan Tumaki","DESIG_ENG":"Forest Reserve","IUCN_CAT":"Not Reported","GIS_AREA":138.11686,"STATUS":"Designated","STATUS_YR":0,"GOV_TYPE":"Sub-national ministry or agency","_label":"Yan Tumaki","_status_group":"other","_states":["Katsina"]},"geometry":{"type":"Polygon","coordinates":[[[7.46723,12.29902],[7.49,12.26257],[7.47221,12.22995],[7.45969,12.16918],[7.46409,12.13581],[7.48371,12.1402],[7.48364,12.09859],[7.39908,12.1273],[7.38842,12.16559],[7.41686,12.22154],[7.46437,12.23416],[7.4679,12.24539],[7.46747,12.26965],[7.4304,12.26996],[7.43764,12.32379],[7.47473,12.33973],[7.48015,12.32653],[7.46801,12.31342],[7.46723,12.29902]]]}},{"type":"Feature","properties":{"NAME":"Yandev","DESIG_ENG":"Forest Reserve","IUCN_CAT":"Not Reported","GIS_AREA":2.876147,"STATUS":"Designated","STATUS_YR":0,"GOV_TYPE":"Sub-national ministry or agency","_label":"Yandev","_status_group":"other","_states":["Benue"]},"geometry":{"type":"Polygon","coordinates":[[[9.04438,7.36853],[9.06075,7.36352],[9.04966,7.35583],[9.03836,7.35856],[9.04438,7.36853]]]}},{"type":"Feature","properties":{"NAME":"Yangaiya","DESIG_ENG":"Forest Reserve","IUCN_CAT":"Not Reported","GIS_AREA":9.096247,"STATUS":"Designated","STATUS_YR":0,"GOV_TYPE":"Sub-national ministry or agency","_label":"Yangaiya","_status_group":"other","_states":["Katsina"]},"geometry":{"type":"Polygon","coordinates":[[[7.35194,13.02587],[7.34729,13.00458],[7.30362,13.01015],[7.34325,13.02971],[7.35194,13.02587]]]}},{"type":"Feature","properties":{"NAME":"Yankari","DESIG_ENG":"Forest Reserve","IUCN_CAT":"II","GIS_AREA":2134.462507,"STATUS":"Designated","STATUS_YR":1999,"GOV_TYPE":"Sub-national ministry or agency","_label":"Yankari","_status_group":"other","_year":1999,"_year_label":"Designation/status year","_states":["Bauchi"]},"geometry":{"type":"Polygon","coordinates":[[[10.30497,10.02089],[10.40763,10.017],[10.42115,9.9836],[10.48052,9.97675],[10.49733,9.96938],[10.50137,9.95866],[10.65531,9.90673],[10.70872,9.89667],[10.71822,9.9198],[10.77282,9.90421],[10.78927,9.74728],[10.77279,9.71631],[10.78052,9.69728],[10.72281,9.6684],[10.70788,9.68416],[10.69139,9.67531],[10.59891,9.57664],[10.55571,9.55371],[10.49346,9.57428],[10.41523,9.65394],[10.28846,9.72265],[10.20683,9.723],[10.20023,9.76414],[10.21516,9.80123],[10.2075,9.83602],[10.20737,9.93338],[10.22516,9.94503],[10.27212,9.9438],[10.27007,9.98933],[10.30497,10.02089]]]}},{"type":"Feature","properties":{"NAME":"Yankari","DESIG_ENG":"Game Reserve","IUCN_CAT":"IV","GIS_AREA":2387.426975,"STATUS":"Designated","STATUS_YR":1991,"GOV_TYPE":"Sub-national ministry or agency","_label":"Yankari","_status_group":"other","_year":1991,"_year_label":"Designation/status year","_states":["Plateau","Bauchi"]},"geometry":{"type":"Polygon","coordinates":[[[10.73704,9.94604],[10.76559,9.90346],[10.76879,9.84475],[10.79736,9.80402],[10.77968,9.7747],[10.72624,9.72671],[10.65848,9.74279],[10.61929,9.69909],[10.60067,9.64978],[10.56934,9.63705],[10.55337,9.5993],[10.50176,9.58285],[10.46976,9.56128],[10.45107,9.56497],[10.43955,9.59407],[10.4188,9.59083],[10.40629,9.59855],[10.37672,9.63922],[10.3173,9.65033],[10.27923,9.69071],[10.19664,9.71765],[10.19543,9.93353],[10.26842,9.93518],[10.27109,10.01005],[10.52495,10.06985],[10.52701,10.03862],[10.73704,9.94604]]]}},{"type":"Feature","properties":{"NAME":"Yarda Kangiwa","DESIG_ENG":"Forest Reserve","IUCN_CAT":"Not Reported","GIS_AREA":10.821043,"STATUS":"Designated","STATUS_YR":0,"GOV_TYPE":"Sub-national ministry or agency","_label":"Yarda Kangiwa","_status_group":"other","_states":["Jigawa"]},"geometry":{"type":"Polygon","coordinates":[[[9.80657,12.61966],[9.7942,12.62063],[9.7949,12.6466],[9.8145,12.66173],[9.82137,12.65322],[9.81943,12.63127],[9.80657,12.61966]]]}},{"type":"Feature","properties":{"NAME":"Yashi","DESIG_ENG":"Forest Reserve","IUCN_CAT":"Not Reported","GIS_AREA":42.671341,"STATUS":"Designated","STATUS_YR":0,"GOV_TYPE":"Sub-national ministry or agency","_label":"Yashi","_status_group":"other","_states":["Katsina"]},"geometry":{"type":"Polygon","coordinates":[[[7.92706,12.44735],[7.9176,12.3797],[7.89164,12.37231],[7.8938,12.36303],[7.90669,12.36652],[7.91242,12.35655],[7.93223,12.36337],[7.92682,12.35129],[7.88422,12.34197],[7.87545,12.35201],[7.85799,12.34973],[7.85771,12.35774],[7.8802,12.36139],[7.86598,12.37316],[7.87485,12.38858],[7.86865,12.40138],[7.88055,12.40424],[7.88637,12.42075],[7.91204,12.43137],[7.92706,12.44735]]]}},{"type":"Feature","properties":{"NAME":"Yasku","DESIG_ENG":"Forest Reserve","IUCN_CAT":"Not Reported","GIS_AREA":81.892338,"STATUS":"Designated","STATUS_YR":0,"GOV_TYPE":"Sub-national ministry or agency","_label":"Yasku","_status_group":"other","_states":["Borno"]},"geometry":{"type":"Polygon","coordinates":[[[12.92537,11.66889],[12.97044,11.63237],[12.97256,11.57939],[12.92065,11.57678],[12.88653,11.635],[12.89792,11.63243],[12.90238,11.65352],[12.87141,11.6665],[12.87897,11.69204],[12.92253,11.69527],[12.92537,11.66889]]]}},{"type":"Feature","properties":{"NAME":"Yautare","DESIG_ENG":"Forest Reserve","IUCN_CAT":"Not Reported","GIS_AREA":120.703835,"STATUS":"Designated","STATUS_YR":0,"GOV_TYPE":"Sub-national ministry or agency","_label":"Yautare","_status_group":"other","_states":["Bauchi"]},"geometry":{"type":"Polygon","coordinates":[[[10.52769,10.9412],[10.54864,10.94207],[10.58898,10.91371],[10.5894,10.89446],[10.6054,10.88605],[10.60564,10.87509],[10.58497,10.85127],[10.548,10.84538],[10.54113,10.85259],[10.5324,10.84543],[10.49728,10.86827],[10.49204,10.88076],[10.49696,10.90971],[10.4886,10.92671],[10.47166,10.91958],[10.46692,10.9736],[10.52769,10.9412]]]}},{"type":"Feature","properties":{"NAME":"Yede","DESIG_ENG":"Forest Reserve","IUCN_CAT":"Not Reported","GIS_AREA":4.917786,"STATUS":"Designated","STATUS_YR":0,"GOV_TYPE":"Sub-national ministry or agency","_label":"Yede","_status_group":"other","_states":["Borno"]},"geometry":{"type":"Polygon","coordinates":[[[13.79254,12.50715],[13.78543,12.52044],[13.80663,12.54103],[13.8043,12.52012],[13.79254,12.50715]]]}},{"type":"Feature","properties":{"NAME":"Yelwa Fuel","DESIG_ENG":"Forest Reserve","IUCN_CAT":"Not Reported","GIS_AREA":7.196707,"STATUS":"Designated","STATUS_YR":0,"GOV_TYPE":"Sub-national ministry or agency","_label":"Yelwa Fuel","_status_group":"other","_states":["Kebbi"]},"geometry":{"type":"Polygon","coordinates":[[[4.7581,10.81841],[4.75169,10.84528],[4.7618,10.86025],[4.77048,10.84507],[4.7581,10.81841]]]}},{"type":"Feature","properties":{"NAME":"Yerwa","DESIG_ENG":"Forest Reserve","IUCN_CAT":"Not Reported","GIS_AREA":118.906357,"STATUS":"Designated","STATUS_YR":0,"GOV_TYPE":"Sub-national ministry or agency","_label":"Yerwa","_status_group":"other","_states":["Borno"]},"geometry":{"type":"Polygon","coordinates":[[[12.99976,11.34132],[13.02224,11.3417],[13.03247,11.33116],[13.05313,11.30009],[13.05145,11.28791],[12.99829,11.2614],[12.944,11.24828],[12.93048,11.27174],[12.8995,11.2919],[12.93105,11.3164],[12.93785,11.34008],[12.98094,11.35329],[12.99976,11.34132]]]}},{"type":"Feature","properties":{"NAME":"Yo","DESIG_ENG":"Forest Reserve","IUCN_CAT":"Not Reported","GIS_AREA":82.509661,"STATUS":"Designated","STATUS_YR":0,"GOV_TYPE":"Sub-national ministry or agency","_label":"Yo","_status_group":"other","_states":["Borno"]},"geometry":{"type":"Polygon","coordinates":[[[13.30915,13.45877],[13.27387,13.45686],[13.24807,13.40862],[13.22996,13.39981],[13.20773,13.42985],[13.21279,13.45621],[13.20044,13.47629],[13.20138,13.49021],[13.25289,13.51709],[13.2757,13.49138],[13.30039,13.47884],[13.30915,13.45877]]]}},{"type":"Feature","properties":{"NAME":"Zaga","DESIG_ENG":"Forest Reserve","IUCN_CAT":"Not Reported","GIS_AREA":33.445154,"STATUS":"Designated","STATUS_YR":0,"GOV_TYPE":"Sub-national ministry or agency","_label":"Zaga","_status_group":"other","_states":["Borno"]},"geometry":{"type":"Polygon","coordinates":[[[13.88832,12.49042],[13.8867,12.46311],[13.86847,12.44246],[13.8538,12.46836],[13.82717,12.46756],[13.81013,12.48286],[13.82164,12.49901],[13.83102,12.48831],[13.85754,12.48968],[13.86791,12.52206],[13.88832,12.49042]]]}},{"type":"Feature","properties":{"NAME":"Zala","DESIG_ENG":"Forest Reserve","IUCN_CAT":"Not Reported","GIS_AREA":346.60197,"STATUS":"Designated","STATUS_YR":0,"GOV_TYPE":"Sub-national ministry or agency","_label":"Zala","_status_group":"other","_states":["Bauchi"]},"geometry":{"type":"Polygon","coordinates":[[[10.17013,10.83131],[10.19334,10.74138],[10.18642,10.72928],[10.13918,10.69411],[10.10308,10.6334],[10.07733,10.61996],[10.05627,10.62456],[10.04078,10.63878],[10.02663,10.68632],[10.01378,10.70376],[9.95395,10.7377],[9.94842,10.74922],[10.01805,10.7561],[10.07296,10.82645],[10.1094,10.8474],[10.12887,10.84962],[10.15244,10.84576],[10.17013,10.83131]]]}},{"type":"Feature","properties":{"NAME":"Zalanga","DESIG_ENG":"Forest Reserve","IUCN_CAT":"Not Reported","GIS_AREA":38.957758,"STATUS":"Designated","STATUS_YR":0,"GOV_TYPE":"Sub-national ministry or agency","_label":"Zalanga","_status_group":"other","_states":["Bauchi"]},"geometry":{"type":"Polygon","coordinates":[[[10.19688,10.54343],[10.18181,10.54691],[10.168,10.58256],[10.18483,10.62973],[10.20121,10.63242],[10.19432,10.60462],[10.22197,10.58912],[10.2336,10.56272],[10.19688,10.54343]]]}},{"type":"Feature","properties":{"NAME":"Zamfara","DESIG_ENG":"Forest Reserve","IUCN_CAT":"Not Reported","GIS_AREA":2087.112513,"STATUS":"Designated","STATUS_YR":0,"GOV_TYPE":"Sub-national ministry or agency","_label":"Zamfara","_status_group":"other","_states":["Zamfara","Katsina"]},"geometry":{"type":"Polygon","coordinates":[[[6.81685,13.1295],[6.93055,12.99099],[7.01064,12.99223],[7.01597,12.96492],[7.04593,12.95623],[7.05784,12.93324],[7.05728,12.80635],[7.06507,12.77311],[7.04169,12.4053],[7.06375,12.28738],[7.08226,12.2901],[7.1702,12.21502],[7.16606,12.19009],[7.13525,12.14756],[7.08852,12.11251],[7.08749,12.12709],[7.07592,12.13645],[7.0783,12.15933],[7.05864,12.17378],[7.03563,12.17163],[7.00773,12.19469],[7.01074,12.20735],[6.99134,12.23073],[6.99025,12.24404],[6.92143,12.30922],[6.82384,12.46373],[6.83613,12.49455],[6.86308,12.5048],[6.9006,12.5343],[6.88814,12.57679],[6.86725,12.58316],[6.87313,12.59713],[6.8591,12.61131],[6.86773,12.6282],[6.83749,12.6798],[6.85914,12.78159],[6.83034,12.82304],[6.80724,12.84073],[6.80504,12.85712],[6.83458,12.90607],[6.89434,12.92599],[6.89318,12.93456],[6.8841,12.96474],[6.81404,12.98361],[6.81002,12.9966],[6.77757,13.00545],[6.74734,13.02605],[6.71748,13.08892],[6.72904,13.10239],[6.72596,13.11898],[6.76235,13.11244],[6.79446,13.13248],[6.81685,13.1295]]]}},{"type":"Feature","properties":{"NAME":"Zanchita","DESIG_ENG":"Forest Reserve","IUCN_CAT":"Not Reported","GIS_AREA":9.310992,"STATUS":"Designated","STATUS_YR":0,"GOV_TYPE":"Sub-national ministry or agency","_label":"Zanchita","_status_group":"other","_states":["Niger"]},"geometry":{"type":"Polygon","coordinates":[[[5.90512,9.13246],[5.88211,9.14356],[5.89178,9.16423],[5.9094,9.15947],[5.90512,9.13246]]]}},{"type":"Feature","properties":{"NAME":"Zandama Hills","DESIG_ENG":"Forest Reserve","IUCN_CAT":"Not Reported","GIS_AREA":23.014817,"STATUS":"Designated","STATUS_YR":0,"GOV_TYPE":"Sub-national ministry or agency","_label":"Zandama Hills","_status_group":"other","_states":["Jigawa"]},"geometry":{"type":"Polygon","coordinates":[[[9.70353,11.26897],[9.68021,11.29381],[9.68124,11.30905],[9.67115,11.31765],[9.68758,11.34433],[9.71054,11.3349],[9.7107,11.27068],[9.70353,11.26897]]]}},{"type":"Feature","properties":{"NAME":"Zangula River","DESIG_ENG":"Forest Reserve","IUCN_CAT":"Not Reported","GIS_AREA":7.568578,"STATUS":"Designated","STATUS_YR":0,"GOV_TYPE":"Sub-national ministry or agency","_label":"Zangula River","_status_group":"other","_states":["Adamawa"]},"geometry":{"type":"Polygon","coordinates":[[[12.74122,10.37966],[12.70697,10.37956],[12.71571,10.39029],[12.73954,10.3967],[12.74122,10.37966]]]}},{"type":"Feature","properties":{"NAME":"Zaranda Hill","DESIG_ENG":"Forest Reserve","IUCN_CAT":"Not Reported","GIS_AREA":7.347424,"STATUS":"Designated","STATUS_YR":0,"GOV_TYPE":"Sub-national ministry or agency","_label":"Zaranda Hill","_status_group":"other","_states":["Bauchi"]},"geometry":{"type":"Polygon","coordinates":[[[9.62343,10.28845],[9.59615,10.2847],[9.60291,10.30971],[9.62343,10.28845]]]}},{"type":"Feature","properties":{"NAME":"Zaria","DESIG_ENG":"Forest Reserve","IUCN_CAT":"Not Reported","GIS_AREA":2.378698,"STATUS":"Designated","STATUS_YR":0,"GOV_TYPE":"Sub-national ministry or agency","_label":"Zaria","_status_group":"other","_states":["Kaduna"]},"geometry":{"type":"Polygon","coordinates":[[[7.70148,11.08817],[7.68899,11.09019],[7.69214,11.10212],[7.70207,11.10087],[7.70148,11.08817]]]}},{"type":"Feature","properties":{"NAME":"Zauna","DESIG_ENG":"Forest Reserve","IUCN_CAT":"Not Reported","GIS_AREA":36.869513,"STATUS":"Designated","STATUS_YR":0,"GOV_TYPE":"Sub-national ministry or agency","_label":"Zauna","_status_group":"other","_states":["Sokoto"]},"geometry":{"type":"Polygon","coordinates":[[[5.1547,13.57931],[5.18341,13.66004],[5.23129,13.67724],[5.24493,13.66939],[5.17566,13.59304],[5.1547,13.57931]]]}},{"type":"Feature","properties":{"NAME":"Zigau","DESIG_ENG":"Forest Reserve","IUCN_CAT":"Not Reported","GIS_AREA":16.301654,"STATUS":"Designated","STATUS_YR":0,"GOV_TYPE":"Sub-national ministry or agency","_label":"Zigau","_status_group":"other","_states":["Bauchi"]},"geometry":{"type":"Polygon","coordinates":[[[10.00668,11.43346],[9.97732,11.42776],[9.96962,11.464],[9.99347,11.46272],[10.02396,11.44866],[10.00668,11.43346]]]}},{"type":"Feature","properties":{"NAME":"Zing","DESIG_ENG":"Forest Reserve","IUCN_CAT":"Not Reported","GIS_AREA":2.537014,"STATUS":"Designated","STATUS_YR":0,"GOV_TYPE":"Sub-national ministry or agency","_label":"Zing","_status_group":"other","_states":["Taraba"]},"geometry":{"type":"Polygon","coordinates":[[[11.73496,8.9791],[11.72324,8.98455],[11.72484,8.99594],[11.73627,8.99216],[11.73496,8.9791]]]}},{"type":"Feature","properties":{"NAME":"Zok","DESIG_ENG":"Forest Reserve","IUCN_CAT":"Not Reported","GIS_AREA":131.645463,"STATUS":"Designated","STATUS_YR":0,"GOV_TYPE":"Sub-national ministry or agency","_label":"Zok","_status_group":"other","_states":["Plateau"]},"geometry":{"type":"Polygon","coordinates":[[[10.3184,9.11375],[10.30257,9.11778],[10.30889,9.15179],[10.29228,9.18233],[10.29534,9.21467],[10.27499,9.22143],[10.27712,9.2317],[10.32271,9.27316],[10.38217,9.26075],[10.38898,9.24941],[10.36983,9.21579],[10.36936,9.17738],[10.34021,9.12299],[10.3184,9.11375]]]}},{"type":"Feature","properties":{"NAME":"Zubakpere","DESIG_ENG":"Forest Reserve","IUCN_CAT":"Not Reported","GIS_AREA":3.561593,"STATUS":"Designated","STATUS_YR":0,"GOV_TYPE":"Sub-national ministry or agency","_label":"Zubakpere","_status_group":"other","_states":["Niger"]},"geometry":{"type":"MultiPolygon","coordinates":[[[[7.09459,9.60336],[7.08738,9.60778],[7.09077,9.61302],[7.09765,9.61078],[7.09459,9.60336]]],[[[7.11759,9.62225],[7.10275,9.62038],[7.0934,9.62753],[7.10657,9.63039],[7.11759,9.62225]]]]}},{"type":"Feature","properties":{"NAME":"Zugurma","DESIG_ENG":"Forest Reserve","IUCN_CAT":"Not Reported","GIS_AREA":1466.90242,"STATUS":"Designated","STATUS_YR":0,"GOV_TYPE":"Sub-national ministry or agency","_label":"Zugurma","_status_group":"other","_states":["Niger"]},"geometry":{"type":"Polygon","coordinates":[[[5.21427,9.9812],[5.32154,9.82766],[5.31528,9.80545],[5.26936,9.77705],[5.15201,9.7511],[4.99341,9.74448],[4.96622,9.72757],[4.91059,9.65739],[4.88737,9.6486],[4.76583,9.74163],[4.71887,9.80054],[4.71761,9.84563],[4.72993,9.86467],[4.76144,9.88988],[4.84934,9.92575],[4.99704,9.93783],[5.01508,9.94471],[5.04946,9.97812],[5.12632,9.97877],[5.16075,9.99007],[5.17812,10.00996],[5.21427,9.9812]]]}},{"type":"Feature","properties":{"NAME":"Zuguskwak","DESIG_ENG":"Forest Reserve","IUCN_CAT":"Not Reported","GIS_AREA":5.788173,"STATUS":"Designated","STATUS_YR":0,"GOV_TYPE":"Sub-national ministry or agency","_label":"Zuguskwak","_status_group":"other","_states":["Kebbi"]},"geometry":{"type":"Polygon","coordinates":[[[4.91213,11.54448],[4.88573,11.54313],[4.88559,11.56381],[4.90463,11.56511],[4.91213,11.54448]]]}},{"type":"Feature","properties":{"NAME":"Zuma Hill","DESIG_ENG":"Forest Reserve","IUCN_CAT":"Not Reported","GIS_AREA":80.552857,"STATUS":"Designated","STATUS_YR":0,"GOV_TYPE":"Sub-national ministry or agency","_label":"Zuma Hill","_status_group":"other","_states":["Abuja Federal Capital Territory","Niger"]},"geometry":{"type":"Polygon","coordinates":[[[7.27058,9.13376],[7.25902,9.13833],[7.24516,9.2184],[7.27198,9.23694],[7.30078,9.23643],[7.32783,9.19417],[7.32883,9.17609],[7.30072,9.14536],[7.27058,9.13376]]]}},{"type":"Feature","properties":{"NAME":"Zurak","DESIG_ENG":"Forest Reserve","IUCN_CAT":"Not Reported","GIS_AREA":102.89385,"STATUS":"Designated","STATUS_YR":0,"GOV_TYPE":"Sub-national ministry or agency","_label":"Zurak","_status_group":"other","_states":["Plateau"]},"geometry":{"type":"Polygon","coordinates":[[[10.54709,9.28045],[10.55248,9.22124],[10.49881,9.21285],[10.42247,9.21255],[10.40949,9.21917],[10.41821,9.27505],[10.50051,9.27034],[10.54709,9.28045]]]}}]}
