{"type":"FeatureCollection","name":"railways","atlas_release":{"version":"0.10.0","date":"2026-07-25","title":"Licensed Historical Security Context"},"metadata":{"description":"Mapped Nigerian railway line segments.","source":"OpenStreetMap via Overpass API","source_date":"2026-07-23","license":"ODbL","quality":"B","quality_note":"Geometry reflects OSM mapping, not confirmed operational service.","path":"data/processed/05_connectivity/osm_railways_nigeria.csv","key":"railways","label":"Railways","category":"connectivity","category_label":"Connectivity","record_count":1381,"download_url":"https://raw.githubusercontent.com/Diamonds10/nigeria-infrastructure-atlas/main/data/processed/05_connectivity/osm_railways_nigeria.csv","refresh":{"cadence":"quarterly","last_checked":"2026-07-23","next_review_due":"2026-10-23","review_status":"current"}},"features":[{"type":"Feature","properties":{"railway":"rail","gauge":1067.0,"_label":null,"_status_group":"unknown","_states":["Niger"]},"geometry":{"type":"LineString","coordinates":[[5.00664,9.26934],[5.08076,9.32631],[5.18176,9.4207],[5.20232,9.42181],[5.20787,9.4289],[5.24898,9.42317],[5.25886,9.4308],[5.29483,9.43068],[5.44884,9.46469]]}},{"type":"Feature","properties":{"railway":"rail","gauge":1067.0,"_label":null,"_status_group":"unknown","_states":["Niger"]},"geometry":{"type":"LineString","coordinates":[[5.44884,9.46469],[5.46764,9.46476],[5.47951,9.47796],[5.54023,9.50209],[5.60377,9.49548],[5.61543,9.48764],[5.61426,9.51587],[5.65962,9.4964],[5.65858,9.52127],[5.66513,9.51984]]}},{"type":"Feature","properties":{"railway":"rail","gauge":1067.0,"_label":null,"_status_group":"unknown","_states":["Ogun","Oyo"]},"geometry":{"type":"LineString","coordinates":[[3.65879,7.36758],[3.67975,7.37168],[3.69765,7.36336],[3.71335,7.38017],[3.73568,7.37841],[3.75093,7.398],[3.77179,7.40201],[3.80395,7.3999],[3.82463,7.38843],[3.84517,7.39049]]}},{"type":"Feature","properties":{"railway":"rail","gauge":1067.0,"_label":null,"_status_group":"unknown","_states":["Oyo"]},"geometry":{"type":"LineString","coordinates":[[3.84542,7.39028],[3.85697,7.37805],[3.87258,7.38331],[3.87801,7.39059],[3.8736,7.40229],[3.88921,7.4194],[3.93521,7.43457],[3.94819,7.4468],[3.99381,7.43097]]}},{"type":"Feature","properties":{"railway":"rail","gauge":1067.0,"_label":null,"_status_group":"unknown","_states":["Oyo"]},"geometry":{"type":"LineString","coordinates":[[3.87797,7.3904],[3.87409,7.38622]]}},{"type":"Feature","properties":{"railway":"rail","gauge":1067.0,"_label":null,"_status_group":"unknown","_states":["Oyo"]},"geometry":{"type":"LineString","coordinates":[[3.84517,7.39049],[3.84542,7.39028]]}},{"type":"Feature","properties":{"railway":"rail","name":"West Line","gauge":1067.0,"_label":"West Line","_status_group":"unknown","_states":["Kaduna"]},"geometry":{"type":"LineString","coordinates":[[7.74329,11.14968],[7.76674,11.17195],[7.79042,11.2192],[7.90068,11.32535],[7.96675,11.36633],[7.9896,11.41145],[8.01378,11.41234]]}},{"type":"Feature","properties":{"railway":"rail","gauge":1067.0,"_label":null,"_status_group":"unknown","_states":["Yobe"]},"geometry":{"type":"LineString","coordinates":[[12.07699,11.31217],[12.01469,11.27398],[11.9983,11.27543],[11.94263,11.23151],[11.87632,11.14514]]}},{"type":"Feature","properties":{"railway":"rail","gauge":1067.0,"_label":null,"_status_group":"unknown","_states":["Kaduna"]},"geometry":{"type":"LineString","coordinates":[[7.47556,10.65568],[7.4757,10.65603]]}},{"type":"Feature","properties":{"railway":"rail","gauge":1067.0,"_label":null,"_status_group":"unknown","_states":["Kaduna"]},"geometry":{"type":"LineString","coordinates":[[7.41704,10.49445],[7.39884,10.4683],[7.39769,10.44075]]}},{"type":"Feature","properties":{"railway":"rail","gauge":1067.0,"_label":null,"_status_group":"unknown","_states":["Niger"]},"geometry":{"type":"LineString","coordinates":[[6.86076,9.78757],[6.88103,9.78791]]}},{"type":"Feature","properties":{"railway":"rail","gauge":1067.0,"_label":null,"_status_group":"unknown","_states":["Kaduna"]},"geometry":{"type":"LineString","coordinates":[[7.49422,10.39329],[7.49405,10.39299]]}},{"type":"Feature","properties":{"railway":"rail","gauge":1067.0,"_label":null,"_status_group":"unknown","_states":["Kaduna"]},"geometry":{"type":"LineString","coordinates":[[7.49405,10.39299],[7.52754,10.33119]]}},{"type":"Feature","properties":{"railway":"rail","gauge":1067.0,"_label":null,"_status_group":"unknown","_states":["Kaduna"]},"geometry":{"type":"LineString","coordinates":[[7.39753,10.44043],[7.39769,10.44075]]}},{"type":"Feature","properties":{"railway":"rail","name":"Linking Line","gauge":1067.0,"_label":"Linking Line","_status_group":"unknown","_states":["Kaduna"]},"geometry":{"type":"LineString","coordinates":[[8.11314,10.02223],[8.10485,10.02964],[8.09462,10.021],[8.07135,10.02756],[8.0679,10.04024],[8.05553,10.04659],[8.02407,10.03982],[8.00317,10.04638],[7.96619,10.04371]]}},{"type":"Feature","properties":{"railway":"rail","gauge":1435.0,"_label":null,"_status_group":"unknown","_states":["Delta"]},"geometry":{"type":"LineString","coordinates":[[5.77488,5.48457],[5.7749,5.47611]]}},{"type":"Feature","properties":{"railway":"rail","gauge":1435.0,"_label":null,"_status_group":"unknown","_states":["Edo"]},"geometry":{"type":"LineString","coordinates":[[6.36977,6.67227],[6.37905,6.67981],[6.37478,6.70656],[6.3894,6.72509]]}},{"type":"Feature","properties":{"railway":"rail","gauge":1067.0,"_label":null,"_status_group":"unknown","_states":["Lagos"]},"geometry":{"type":"LineString","coordinates":[[3.38131,6.47347],[3.38256,6.47013]]}},{"type":"Feature","properties":{"railway":"rail","gauge":1067.0,"_label":null,"_status_group":"unknown","_states":["Lagos"]},"geometry":{"type":"LineString","coordinates":[[3.38248,6.4701],[3.38141,6.47291]]}},{"type":"Feature","properties":{"railway":"rail","gauge":1067.0,"_label":null,"_status_group":"unknown","_states":["Lagos"]},"geometry":{"type":"LineString","coordinates":[[3.38231,6.47004],[3.38134,6.47362]]}},{"type":"Feature","properties":{"railway":"rail","gauge":1067.0,"_label":null,"_status_group":"unknown","_states":["Lagos"]},"geometry":{"type":"LineString","coordinates":[[3.33116,6.60746],[3.37373,6.50235]]}},{"type":"Feature","properties":{"railway":"rail","gauge":1067.0,"_label":null,"_status_group":"unknown","_states":["Lagos"]},"geometry":{"type":"LineString","coordinates":[[3.37525,6.49114],[3.37685,6.49458]]}},{"type":"Feature","properties":{"railway":"rail","name":"Linking Line","gauge":1067.0,"_label":"Linking Line","_status_group":"unknown","_states":["Kaduna"]},"geometry":{"type":"LineString","coordinates":[[7.41559,10.48902],[7.42401,10.4777],[7.42519,10.45525],[7.45237,10.44717],[7.47602,10.41473]]}},{"type":"Feature","properties":{"railway":"rail","gauge":1067.0,"_label":null,"_status_group":"unknown","_states":["Kaduna"]},"geometry":{"type":"LineString","coordinates":[[7.41559,10.48902],[7.41612,10.49111]]}},{"type":"Feature","properties":{"railway":"rail","gauge":1067.0,"_label":null,"_status_group":"unknown","_states":["Kaduna"]},"geometry":{"type":"LineString","coordinates":[[7.4757,10.65603],[7.48844,10.70846],[7.54328,10.81953],[7.58362,10.85784],[7.64176,10.93563],[7.64558,11.01344],[7.66561,11.03133]]}},{"type":"Feature","properties":{"railway":"rail","gauge":1067.0,"_label":null,"_status_group":"unknown","_states":["Bauchi"]},"geometry":{"type":"LineString","coordinates":[[9.84306,10.25004],[9.84308,10.25016]]}},{"type":"Feature","properties":{"railway":"rail","gauge":1067.0,"_label":null,"_status_group":"unknown","_states":["Bauchi"]},"geometry":{"type":"LineString","coordinates":[[9.84412,10.25912],[9.84418,10.25954]]}},{"type":"Feature","properties":{"railway":"rail","gauge":1067.0,"_label":null,"_status_group":"unknown","_states":["Bauchi"]},"geometry":{"type":"LineString","coordinates":[[9.80483,10.11098],[9.79921,10.11846],[9.81343,10.14805],[9.81702,10.20337],[9.84306,10.25004]]}},{"type":"Feature","properties":{"railway":"rail","gauge":1067.0,"_label":null,"_status_group":"unknown","_states":["Bauchi"]},"geometry":{"type":"LineString","coordinates":[[9.84308,10.25016],[9.84412,10.25912]]}},{"type":"Feature","properties":{"railway":"rail","gauge":1067.0,"_label":null,"_status_group":"unknown","_states":["Bauchi"]},"geometry":{"type":"LineString","coordinates":[[9.81313,10.08901],[9.81458,10.09914]]}},{"type":"Feature","properties":{"railway":"rail","gauge":1067.0,"_label":null,"_status_group":"unknown","_states":["Bauchi"]},"geometry":{"type":"LineString","coordinates":[[9.97508,10.28094],[9.96118,10.28523]]}},{"type":"Feature","properties":{"railway":"rail","gauge":1067.0,"_label":null,"_status_group":"unknown","_states":["Bauchi"]},"geometry":{"type":"LineString","coordinates":[[9.71617,9.92951],[9.76827,9.97722]]}},{"type":"Feature","properties":{"railway":"rail","gauge":1067.0,"_label":null,"_status_group":"unknown","_states":["Bauchi"]},"geometry":{"type":"LineString","coordinates":[[9.96102,10.28537],[9.94633,10.29786],[9.88619,10.31032],[9.841,10.28897],[9.84418,10.25954]]}},{"type":"Feature","properties":{"railway":"rail","gauge":1067.0,"_label":null,"_status_group":"unknown","_states":["Bauchi"]},"geometry":{"type":"LineString","coordinates":[[9.71612,9.92932],[9.71617,9.92951]]}},{"type":"Feature","properties":{"railway":"rail","gauge":1067.0,"_label":null,"_status_group":"unknown","_states":["Bauchi"]},"geometry":{"type":"LineString","coordinates":[[9.97535,10.28088],[9.97508,10.28094]]}},{"type":"Feature","properties":{"railway":"rail","gauge":1067.0,"_label":null,"_status_group":"unknown","_states":["Bauchi"]},"geometry":{"type":"LineString","coordinates":[[9.80489,10.11093],[9.80483,10.11098]]}},{"type":"Feature","properties":{"railway":"rail","gauge":1067.0,"_label":null,"_status_group":"unknown","_states":["Bauchi"]},"geometry":{"type":"LineString","coordinates":[[10.14798,10.25083],[10.14628,10.25157]]}},{"type":"Feature","properties":{"railway":"rail","gauge":1067.0,"_label":null,"_status_group":"unknown","_states":["Bauchi"]},"geometry":{"type":"LineString","coordinates":[[9.96118,10.28523],[9.96102,10.28537]]}},{"type":"Feature","properties":{"railway":"rail","gauge":1067.0,"_label":null,"_status_group":"unknown","_states":["Bauchi"]},"geometry":{"type":"LineString","coordinates":[[9.8131,10.08877],[9.81313,10.08901]]}},{"type":"Feature","properties":{"railway":"rail","gauge":1067.0,"_label":null,"_status_group":"unknown","_states":["Bauchi"]},"geometry":{"type":"LineString","coordinates":[[9.70168,9.90013],[9.70258,9.90078]]}},{"type":"Feature","properties":{"railway":"rail","gauge":1067.0,"_label":null,"_status_group":"unknown","_states":["Bauchi"]},"geometry":{"type":"LineString","coordinates":[[10.29981,10.26265],[10.29911,10.26346]]}},{"type":"Feature","properties":{"railway":"rail","gauge":1067.0,"_label":null,"_status_group":"unknown","_states":["Bauchi"]},"geometry":{"type":"LineString","coordinates":[[9.76827,9.97722],[9.76863,9.97821]]}},{"type":"Feature","properties":{"railway":"rail","gauge":1067.0,"_label":null,"_status_group":"unknown","_states":["Bauchi"]},"geometry":{"type":"LineString","coordinates":[[10.35696,10.28261],[10.35667,10.28236]]}},{"type":"Feature","properties":{"railway":"rail","gauge":1067.0,"_label":null,"_status_group":"unknown","_states":["Bauchi"]},"geometry":{"type":"LineString","coordinates":[[9.81458,10.09914],[9.81473,10.09985]]}},{"type":"Feature","properties":{"railway":"rail","gauge":1067.0,"_label":null,"_status_group":"unknown","_states":["Bauchi"]},"geometry":{"type":"LineString","coordinates":[[10.19155,10.24552],[10.14798,10.25083]]}},{"type":"Feature","properties":{"railway":"rail","gauge":1067.0,"_label":null,"_status_group":"unknown","_states":["Bauchi"]},"geometry":{"type":"LineString","coordinates":[[9.81473,10.09985],[9.8085,10.10835]]}},{"type":"Feature","properties":{"railway":"rail","gauge":1067.0,"_label":null,"_status_group":"unknown","_states":["Bauchi"]},"geometry":{"type":"LineString","coordinates":[[10.14628,10.25157],[10.08352,10.25637],[9.97535,10.28088]]}},{"type":"Feature","properties":{"railway":"rail","gauge":1067.0,"_label":null,"_status_group":"unknown","_states":["Bauchi"]},"geometry":{"type":"LineString","coordinates":[[9.76863,9.97821],[9.8131,10.08877]]}},{"type":"Feature","properties":{"railway":"rail","gauge":1067.0,"_label":null,"_status_group":"unknown","_states":["Bauchi"]},"geometry":{"type":"LineString","coordinates":[[9.70258,9.90078],[9.71612,9.92932]]}},{"type":"Feature","properties":{"railway":"rail","gauge":1067.0,"_label":null,"_status_group":"unknown","_states":["Bauchi"]},"geometry":{"type":"LineString","coordinates":[[9.70168,9.90013],[9.66349,9.87277],[9.61884,9.80299],[9.57737,9.77036],[9.55047,9.77118],[9.5218,9.78548],[9.49323,9.78353],[9.46767,9.76464],[9.39115,9.7548]]}},{"type":"Feature","properties":{"railway":"rail","gauge":1067.0,"_label":null,"_status_group":"unknown","_states":["Bauchi"]},"geometry":{"type":"LineString","coordinates":[[10.29911,10.26346],[10.23165,10.26049],[10.19155,10.24552]]}},{"type":"Feature","properties":{"railway":"rail","gauge":1067.0,"_label":null,"_status_group":"unknown","_states":["Bauchi"]},"geometry":{"type":"LineString","coordinates":[[9.90895,10.30113],[9.90536,10.30173]]}},{"type":"Feature","properties":{"railway":"rail","gauge":1067.0,"_label":null,"_status_group":"unknown","_states":["Bauchi"]},"geometry":{"type":"LineString","coordinates":[[10.35667,10.28236],[10.29981,10.26265]]}},{"type":"Feature","properties":{"railway":"rail","_label":null,"_status_group":"unknown","_states":["Bauchi"]},"geometry":{"type":"LineString","coordinates":[[9.84681,10.29203],[9.85236,10.29466]]}},{"type":"Feature","properties":{"railway":"rail","gauge":1067.0,"_label":null,"_status_group":"unknown","_states":["Niger"]},"geometry":{"type":"LineString","coordinates":[[7.1109,10.02867],[7.11127,10.02913]]}},{"type":"Feature","properties":{"railway":"rail","gauge":1067.0,"_label":null,"_status_group":"unknown","_states":["Niger","Kaduna"]},"geometry":{"type":"LineString","coordinates":[[7.11127,10.02913],[7.14896,10.05785],[7.16112,10.08359],[7.17916,10.19074],[7.20106,10.21118],[7.20407,10.23275],[7.23104,10.258]]}},{"type":"Feature","properties":{"railway":"rail","gauge":1067.0,"_label":null,"_status_group":"unknown","_states":["Kaduna"]},"geometry":{"type":"LineString","coordinates":[[7.63712,10.21051],[7.63697,10.21086]]}},{"type":"Feature","properties":{"railway":"rail","gauge":1067.0,"_label":null,"_status_group":"unknown","_states":["Kaduna"]},"geometry":{"type":"LineString","coordinates":[[7.52766,10.33109],[7.52754,10.33119]]}},{"type":"Feature","properties":{"railway":"rail","gauge":1067.0,"_label":null,"_status_group":"unknown","_states":["Kaduna"]},"geometry":{"type":"LineString","coordinates":[[7.67458,10.20599],[7.67418,10.206]]}},{"type":"Feature","properties":{"railway":"rail","name":"Linking Line","gauge":1067.0,"_label":"Linking Line","_status_group":"unknown","_states":["Kaduna"]},"geometry":{"type":"LineString","coordinates":[[7.67418,10.206],[7.6526,10.20232],[7.63712,10.21051]]}},{"type":"Feature","properties":{"railway":"rail","name":"Linking Line","gauge":1067.0,"_label":"Linking Line","_status_group":"unknown","_states":["Kaduna"]},"geometry":{"type":"LineString","coordinates":[[7.63697,10.21086],[7.61933,10.22331],[7.62758,10.25056],[7.61942,10.2668],[7.56817,10.28137],[7.5327,10.32011]]}},{"type":"Feature","properties":{"railway":"rail","gauge":1067.0,"_label":null,"_status_group":"unknown","_states":["Borno"]},"geometry":{"type":"LineString","coordinates":[[13.15837,11.86397],[13.1535,11.86128]]}},{"type":"Feature","properties":{"railway":"rail","name":"Eastern Rail Line","gauge":1067.0,"_label":"Eastern Rail Line","_status_group":"unknown","_states":["Plateau"]},"geometry":{"type":"LineString","coordinates":[[8.75891,9.60939],[8.77989,9.62196],[8.78489,9.63874],[8.81115,9.64974]]}},{"type":"Feature","properties":{"railway":"rail","gauge":1067.0,"_label":null,"_status_group":"unknown","_states":["Osun"]},"geometry":{"type":"LineString","coordinates":[[4.63002,7.91342],[4.64568,7.94892]]}},{"type":"Feature","properties":{"railway":"rail","gauge":1435.0,"_label":null,"_status_group":"unknown","_states":["Kogi"]},"geometry":{"type":"LineString","coordinates":[[6.65242,7.43487],[6.65347,7.4347]]}},{"type":"Feature","properties":{"railway":"rail","gauge":1435.0,"_label":null,"_status_group":"unknown","_states":["Kogi"]},"geometry":{"type":"LineString","coordinates":[[6.6566,7.43482],[6.65757,7.43506]]}},{"type":"Feature","properties":{"railway":"rail","gauge":1435.0,"_label":null,"_status_group":"unknown","_states":["Kogi"]},"geometry":{"type":"LineString","coordinates":[[6.62856,7.44331],[6.62929,7.44395]]}},{"type":"Feature","properties":{"railway":"rail","gauge":1435.0,"_label":null,"_status_group":"unknown","_states":["Kogi"]},"geometry":{"type":"LineString","coordinates":[[6.55037,7.49395],[6.54956,7.49463]]}},{"type":"Feature","properties":{"railway":"rail","gauge":1435.0,"_label":null,"_status_group":"unknown","_states":["Kogi"]},"geometry":{"type":"LineString","coordinates":[[6.63004,7.44464],[6.6377,7.44746],[6.65242,7.43487]]}},{"type":"Feature","properties":{"railway":"rail","gauge":1435.0,"_label":null,"_status_group":"unknown","_states":["Kogi"]},"geometry":{"type":"LineString","coordinates":[[6.62919,7.45319],[6.57686,7.48634],[6.55037,7.49395]]}},{"type":"Feature","properties":{"railway":"rail","gauge":1435.0,"_label":null,"_status_group":"unknown","_states":["Kogi"]},"geometry":{"type":"LineString","coordinates":[[6.65347,7.4347],[6.6566,7.43482]]}},{"type":"Feature","properties":{"railway":"rail","gauge":1435.0,"_label":null,"_status_group":"unknown","_states":["Kogi"]},"geometry":{"type":"LineString","coordinates":[[6.63944,7.44634],[6.62919,7.45319]]}},{"type":"Feature","properties":{"railway":"rail","gauge":1435.0,"_label":null,"_status_group":"unknown","_states":["Kogi"]},"geometry":{"type":"LineString","coordinates":[[6.7015,7.50377],[6.69776,7.47783]]}},{"type":"Feature","properties":{"railway":"rail","name":"Eastern Rail Line","gauge":1067.0,"_label":"Eastern Rail Line","_status_group":"unknown","_states":["Plateau"]},"geometry":{"type":"LineString","coordinates":[[8.81109,9.64969],[8.83947,9.66561],[8.87004,9.64411],[8.91343,9.63469],[9.00039,9.66409],[9.03295,9.64474],[9.06306,9.64745],[9.06979,9.65969]]}},{"type":"Feature","properties":{"railway":"rail","gauge":1067.0,"_label":null,"_status_group":"unknown","_states":["Rivers"]},"geometry":{"type":"LineString","coordinates":[[7.01642,4.76536],[6.9987,4.797]]}},{"type":"Feature","properties":{"railway":"rail","gauge":1067.0,"_label":null,"_status_group":"unknown","_states":["Kaduna"]},"geometry":{"type":"LineString","coordinates":[[7.72513,11.11238],[7.7264,11.11768]]}},{"type":"Feature","properties":{"railway":"rail","gauge":1067.0,"_label":null,"_status_group":"unknown","_states":["Kaduna"]},"geometry":{"type":"LineString","coordinates":[[7.72373,11.10897],[7.72467,11.11164]]}},{"type":"Feature","properties":{"railway":"rail","gauge":1067.0,"_label":null,"_status_group":"unknown","_states":["Kaduna"]},"geometry":{"type":"LineString","coordinates":[[7.72478,11.11179],[7.72615,11.11412]]}},{"type":"Feature","properties":{"railway":"rail","gauge":1067.0,"_label":null,"_status_group":"unknown","_states":["Kaduna"]},"geometry":{"type":"LineString","coordinates":[[7.72293,11.10798],[7.72463,11.11273]]}},{"type":"Feature","properties":{"railway":"rail","gauge":1067.0,"_label":null,"_status_group":"unknown","_states":["Kaduna"]},"geometry":{"type":"LineString","coordinates":[[7.72473,11.11161],[7.72539,11.11303]]}},{"type":"Feature","properties":{"railway":"rail","gauge":1067.0,"_label":null,"_status_group":"unknown","_states":["Kaduna"]},"geometry":{"type":"LineString","coordinates":[[7.72386,11.10917],[7.72461,11.11129]]}},{"type":"Feature","properties":{"railway":"rail","gauge":1067.0,"_label":null,"_status_group":"unknown","_states":["Kaduna"]},"geometry":{"type":"LineString","coordinates":[[7.72397,11.11148],[7.72311,11.10906]]}},{"type":"Feature","properties":{"railway":"rail","gauge":1067.0,"_label":null,"_status_group":"unknown","_states":["Kaduna"]},"geometry":{"type":"LineString","coordinates":[[7.72498,11.11242],[7.72529,11.1129]]}},{"type":"Feature","properties":{"railway":"rail","gauge":1067.0,"_label":null,"_status_group":"unknown","_states":["Kaduna"]},"geometry":{"type":"LineString","coordinates":[[7.72489,11.11219],[7.7254,11.11315]]}},{"type":"Feature","properties":{"railway":"rail","gauge":1067.0,"_label":null,"_status_group":"unknown","_states":["Kaduna"]},"geometry":{"type":"LineString","coordinates":[[7.72499,11.11237],[7.72532,11.11285]]}},{"type":"Feature","properties":{"railway":"rail","gauge":1067.0,"_label":null,"_status_group":"unknown","_states":["Kaduna"]},"geometry":{"type":"LineString","coordinates":[[7.72277,11.10751],[7.72472,11.11269]]}},{"type":"Feature","properties":{"railway":"rail","gauge":1067.0,"_label":null,"_status_group":"unknown","_states":["Kaduna"]},"geometry":{"type":"LineString","coordinates":[[7.72483,11.11323],[7.72343,11.10857]]}},{"type":"Feature","properties":{"railway":"rail","gauge":1067.0,"_label":null,"_status_group":"unknown","_states":["Kaduna"]},"geometry":{"type":"LineString","coordinates":[[7.72303,11.10854],[7.72423,11.11191]]}},{"type":"Feature","properties":{"railway":"rail","gauge":1067.0,"_label":null,"_status_group":"unknown","_states":["Kaduna"]},"geometry":{"type":"LineString","coordinates":[[7.72355,11.10881],[7.72469,11.11232]]}},{"type":"Feature","properties":{"railway":"rail","gauge":1067.0,"_label":null,"_status_group":"unknown","_states":["Kaduna"]},"geometry":{"type":"LineString","coordinates":[[7.72305,11.1087],[7.7241,11.1117]]}},{"type":"Feature","properties":{"railway":"rail","gauge":1067.0,"_label":null,"_status_group":"unknown","_states":["Katsina"]},"geometry":{"type":"LineString","coordinates":[[7.31895,11.52597],[7.32084,11.53028]]}},{"type":"Feature","properties":{"railway":"rail","gauge":1067.0,"_label":null,"_status_group":"unknown","_states":["Kaduna"]},"geometry":{"type":"LineString","coordinates":[[7.72471,11.11294],[7.72428,11.11101]]}},{"type":"Feature","properties":{"railway":"rail","gauge":1067.0,"_label":null,"_status_group":"unknown","_states":["Kaduna"]},"geometry":{"type":"LineString","coordinates":[[7.7257,11.11276],[7.72614,11.11269]]}},{"type":"Feature","properties":{"railway":"rail","gauge":1067.0,"_label":null,"_status_group":"unknown","_states":["Kaduna"]},"geometry":{"type":"LineString","coordinates":[[7.72541,11.11261],[7.72617,11.11322]]}},{"type":"Feature","properties":{"railway":"rail","gauge":1067.0,"_label":null,"_status_group":"unknown","_states":["Katsina"]},"geometry":{"type":"LineString","coordinates":[[7.16075,11.70934],[7.16509,11.70703]]}},{"type":"Feature","properties":{"railway":"rail","gauge":1067.0,"_label":null,"_status_group":"unknown","_states":["Kaduna"]},"geometry":{"type":"LineString","coordinates":[[7.72466,11.11112],[7.7262,11.11265]]}},{"type":"Feature","properties":{"railway":"rail","gauge":1067.0,"_label":null,"_status_group":"unknown","_states":["Katsina"]},"geometry":{"type":"LineString","coordinates":[[7.32092,11.53046],[7.31889,11.52583]]}},{"type":"Feature","properties":{"railway":"rail","gauge":1067.0,"_label":null,"_status_group":"unknown","_states":["Borno"]},"geometry":{"type":"LineString","coordinates":[[13.15545,11.86283],[13.157,11.86393]]}},{"type":"Feature","properties":{"railway":"rail","gauge":1067.0,"_label":null,"_status_group":"unknown","_states":["Borno"]},"geometry":{"type":"LineString","coordinates":[[13.15396,11.86164],[13.15955,11.86497],[13.15512,11.86253]]}},{"type":"Feature","properties":{"railway":"rail","gauge":1067.0,"_label":null,"_status_group":"unknown","_states":["Borno"]},"geometry":{"type":"LineString","coordinates":[[13.15529,11.86275],[13.15975,11.86569]]}},{"type":"Feature","properties":{"railway":"rail","gauge":1067.0,"_label":null,"_status_group":"unknown","_states":["Borno"]},"geometry":{"type":"LineString","coordinates":[[13.15357,11.86136],[13.15814,11.86384]]}},{"type":"Feature","properties":{"railway":"rail","gauge":1067.0,"_label":null,"_status_group":"unknown","_states":["Borno"]},"geometry":{"type":"LineString","coordinates":[[13.1528,11.86093],[13.15108,11.86002]]}},{"type":"Feature","properties":{"railway":"rail","gauge":1067.0,"_label":null,"_status_group":"unknown","_states":["Borno"]},"geometry":{"type":"LineString","coordinates":[[13.15372,11.86148],[13.15271,11.86137]]}},{"type":"Feature","properties":{"railway":"rail","gauge":1067.0,"_label":null,"_status_group":"unknown","_states":["Borno","Yobe"]},"geometry":{"type":"LineString","coordinates":[[12.31828,11.4732],[12.38964,11.52842],[12.419,11.53853],[12.59728,11.66339]]}},{"type":"Feature","properties":{"railway":"rail","gauge":1067.0,"_label":null,"_status_group":"unknown","_states":["Borno"]},"geometry":{"type":"LineString","coordinates":[[13.13925,11.85423],[13.13928,11.85419]]}},{"type":"Feature","properties":{"railway":"rail","gauge":1067.0,"_label":null,"_status_group":"unknown","_states":["Borno"]},"geometry":{"type":"LineString","coordinates":[[13.14037,11.85476],[13.15818,11.8638]]}},{"type":"Feature","properties":{"railway":"rail","gauge":1067.0,"_label":null,"_status_group":"unknown","_states":["Rivers"]},"geometry":{"type":"LineString","coordinates":[[7.01522,4.76898],[7.01613,4.76529]]}},{"type":"Feature","properties":{"railway":"rail","gauge":1067.0,"_label":null,"_status_group":"unknown","_states":["Rivers"]},"geometry":{"type":"LineString","coordinates":[[7.01674,4.81003],[7.02515,4.81104],[7.04034,4.83284]]}},{"type":"Feature","properties":{"railway":"rail","gauge":1067.0,"_label":null,"_status_group":"unknown","_states":["Rivers"]},"geometry":{"type":"LineString","coordinates":[[7.0156,4.81001],[7.01586,4.81001]]}},{"type":"Feature","properties":{"railway":"rail","gauge":1067.0,"_label":null,"_status_group":"unknown","_states":["Rivers"]},"geometry":{"type":"LineString","coordinates":[[7.0164,4.81002],[7.01674,4.81003]]}},{"type":"Feature","properties":{"railway":"rail","gauge":1067.0,"_label":null,"_status_group":"unknown","_states":["Rivers"]},"geometry":{"type":"LineString","coordinates":[[7.01586,4.81001],[7.0164,4.81002]]}},{"type":"Feature","properties":{"railway":"rail","name":"Linking Line","gauge":1067.0,"_label":"Linking Line","_status_group":"unknown","_states":["Kaduna"]},"geometry":{"type":"LineString","coordinates":[[7.69903,10.19229],[7.67458,10.20599]]}},{"type":"Feature","properties":{"railway":"rail","gauge":1067.0,"_label":null,"_status_group":"unknown","_states":["Kaduna"]},"geometry":{"type":"LineString","coordinates":[[7.79531,10.14637],[7.79503,10.14657]]}},{"type":"Feature","properties":{"railway":"rail","gauge":1067.0,"_label":null,"_status_group":"unknown","_states":["Kaduna"]},"geometry":{"type":"LineString","coordinates":[[7.84704,10.09292],[7.84702,10.09313]]}},{"type":"Feature","properties":{"railway":"rail","gauge":1067.0,"_label":null,"_status_group":"unknown","_states":["Kaduna"]},"geometry":{"type":"LineString","coordinates":[[7.69945,10.19186],[7.69903,10.19229]]}},{"type":"Feature","properties":{"railway":"rail","name":"Linking Line","gauge":1067.0,"_label":"Linking Line","_status_group":"unknown","_states":["Kaduna"]},"geometry":{"type":"LineString","coordinates":[[7.84702,10.09313],[7.79531,10.14637]]}},{"type":"Feature","properties":{"railway":"rail","name":"Linking Line","gauge":1067.0,"_label":"Linking Line","_status_group":"unknown","_states":["Kaduna"]},"geometry":{"type":"LineString","coordinates":[[7.79503,10.14657],[7.73529,10.18218],[7.69945,10.19186]]}},{"type":"Feature","properties":{"railway":"rail","gauge":1067.0,"_label":null,"_status_group":"unknown","_states":["Yobe"]},"geometry":{"type":"LineString","coordinates":[[10.43558,12.85799],[10.43703,12.86061]]}},{"type":"Feature","properties":{"railway":"rail","gauge":1067.0,"_label":null,"_status_group":"unknown","_states":["Yobe"]},"geometry":{"type":"LineString","coordinates":[[10.43243,12.85813],[10.43725,12.85504]]}},{"type":"Feature","properties":{"railway":"rail","gauge":1067.0,"_label":null,"_status_group":"unknown","_states":["Yobe"]},"geometry":{"type":"LineString","coordinates":[[10.43489,12.85946],[10.43716,12.86069]]}},{"type":"Feature","properties":{"railway":"rail","name":"West Line Branch","gauge":1067.0,"_label":"West Line Branch","_status_group":"unknown","_states":["Zamfara"]},"geometry":{"type":"LineString","coordinates":[[6.57406,12.57857],[6.56242,12.49148],[6.57186,12.44431]]}},{"type":"Feature","properties":{"railway":"rail","gauge":1067.0,"_label":null,"_status_group":"unknown","_states":["Borno"]},"geometry":{"type":"LineString","coordinates":[[13.15617,11.86329],[13.15738,11.86388]]}},{"type":"Feature","properties":{"railway":"rail","gauge":1067.0,"_label":null,"_status_group":"unknown","_states":["Borno"]},"geometry":{"type":"LineString","coordinates":[[13.16132,11.86532],[13.16368,11.86506]]}},{"type":"Feature","properties":{"railway":"rail","gauge":1067.0,"_label":null,"_status_group":"unknown","_states":["Borno"]},"geometry":{"type":"LineString","coordinates":[[13.15737,11.8645],[13.15889,11.86565]]}},{"type":"Feature","properties":{"railway":"rail","gauge":1067.0,"_label":null,"_status_group":"unknown","_states":["Borno"]},"geometry":{"type":"LineString","coordinates":[[13.1602,11.86473],[13.15968,11.86505]]}},{"type":"Feature","properties":{"railway":"rail","gauge":1067.0,"_label":null,"_status_group":"unknown","_states":["Borno"]},"geometry":{"type":"LineString","coordinates":[[13.16402,11.86674],[13.1646,11.86703]]}},{"type":"Feature","properties":{"railway":"rail","gauge":1067.0,"_label":null,"_status_group":"unknown","_states":["Borno"]},"geometry":{"type":"LineString","coordinates":[[13.15723,11.86439],[13.15933,11.86548]]}},{"type":"Feature","properties":{"railway":"rail","gauge":1067.0,"_label":null,"_status_group":"unknown","_states":["Borno"]},"geometry":{"type":"LineString","coordinates":[[13.15955,11.86497],[13.16065,11.86554]]}},{"type":"Feature","properties":{"railway":"rail","gauge":1067.0,"_label":null,"_status_group":"unknown","_states":["Borno"]},"geometry":{"type":"LineString","coordinates":[[13.16368,11.86506],[13.17493,11.85894]]}},{"type":"Feature","properties":{"railway":"rail","gauge":1067.0,"_label":null,"_status_group":"unknown","_states":["Borno"]},"geometry":{"type":"LineString","coordinates":[[13.15761,11.86465],[13.15917,11.86557]]}},{"type":"Feature","properties":{"railway":"rail","gauge":1067.0,"_label":null,"_status_group":"unknown","_states":["Borno"]},"geometry":{"type":"LineString","coordinates":[[13.15833,11.86433],[13.15942,11.86525]]}},{"type":"Feature","properties":{"railway":"rail","gauge":1067.0,"_label":null,"_status_group":"unknown","_states":["Borno"]},"geometry":{"type":"LineString","coordinates":[[13.15848,11.8647],[13.15879,11.86489]]}},{"type":"Feature","properties":{"railway":"rail","gauge":1067.0,"_label":null,"_status_group":"unknown","_states":["Borno"]},"geometry":{"type":"LineString","coordinates":[[13.15376,11.86139],[13.15805,11.86304]]}},{"type":"Feature","properties":{"railway":"rail","gauge":1067.0,"_label":null,"_status_group":"unknown","_states":["Borno"]},"geometry":{"type":"LineString","coordinates":[[13.15604,11.86324],[13.15848,11.86503]]}},{"type":"Feature","properties":{"railway":"rail","gauge":1067.0,"_label":null,"_status_group":"unknown","_states":["Gombe"]},"geometry":{"type":"LineString","coordinates":[[11.48567,10.87721],[11.47914,10.92763]]}},{"type":"Feature","properties":{"railway":"rail","gauge":1067.0,"_label":null,"_status_group":"unknown","_states":["Yobe"]},"geometry":{"type":"LineString","coordinates":[[11.79883,11.09391],[11.80166,11.0926]]}},{"type":"Feature","properties":{"railway":"rail","gauge":1067.0,"_label":null,"_status_group":"unknown","_states":["Gombe","Bauchi"]},"geometry":{"type":"LineString","coordinates":[[11.09659,10.36959],[11.0034,10.37754],[10.91447,10.40668],[10.80528,10.41314],[10.79038,10.42726],[10.76992,10.41686],[10.68141,10.44394],[10.66875,10.42829],[10.61867,10.40867],[10.60653,10.39648],[10.59104,10.39919],[10.54586,10.37267],[10.52356,10.3731],[10.45871,10.35042],[10.45275,10.33647],[10.43707,10.33492],[10.43352,10.32581],[10.35696,10.28261]]}},{"type":"Feature","properties":{"railway":"rail","gauge":1067.0,"_label":null,"_status_group":"unknown","_states":["Kano"]},"geometry":{"type":"LineString","coordinates":[[8.14467,11.52534],[8.18998,11.623],[8.19621,11.66128],[8.22787,11.70949],[8.43857,11.87737],[8.43671,11.88708]]}},{"type":"Feature","properties":{"railway":"rail","gauge":1067.0,"_label":null,"_status_group":"unknown","_states":["Kaduna"]},"geometry":{"type":"LineString","coordinates":[[8.08647,11.45079],[8.10027,11.45869]]}},{"type":"Feature","properties":{"railway":"rail","gauge":1067.0,"_label":null,"_status_group":"unknown","_states":["Kaduna"]},"geometry":{"type":"LineString","coordinates":[[8.01414,11.41237],[8.02435,11.41781]]}},{"type":"Feature","properties":{"railway":"rail","name":"Western Line","gauge":1067.0,"_label":"Western Line","_status_group":"unknown","_states":["Kano"]},"geometry":{"type":"LineString","coordinates":[[8.43567,11.88846],[8.43634,11.89737],[8.44839,11.89921],[8.44988,11.90859],[8.51109,11.9593]]}},{"type":"Feature","properties":{"railway":"rail","gauge":1067.0,"_label":null,"_status_group":"unknown","_states":["Kaduna"]},"geometry":{"type":"LineString","coordinates":[[8.07593,11.44713],[8.08625,11.45076]]}},{"type":"Feature","properties":{"railway":"rail","gauge":1067.0,"_label":null,"_status_group":"unknown","_states":["Kaduna"]},"geometry":{"type":"LineString","coordinates":[[8.07558,11.44719],[8.07593,11.44713]]}},{"type":"Feature","properties":{"railway":"rail","gauge":1067.0,"_label":null,"_status_group":"unknown","_states":["Kano"]},"geometry":{"type":"LineString","coordinates":[[8.43671,11.88708],[8.43567,11.88846]]}},{"type":"Feature","properties":{"railway":"rail","gauge":1067.0,"_label":null,"_status_group":"unknown","_states":["Kaduna"]},"geometry":{"type":"LineString","coordinates":[[8.10027,11.45869],[8.10072,11.45872]]}},{"type":"Feature","properties":{"railway":"rail","gauge":1067.0,"_label":null,"_status_group":"unknown","_states":["Kaduna"]},"geometry":{"type":"LineString","coordinates":[[8.01378,11.41234],[8.01414,11.41237]]}},{"type":"Feature","properties":{"railway":"rail","gauge":1067.0,"_label":null,"_status_group":"unknown","_states":["Kano"]},"geometry":{"type":"LineString","coordinates":[[8.14452,11.52481],[8.14467,11.52534]]}},{"type":"Feature","properties":{"railway":"rail","gauge":1067.0,"_label":null,"_status_group":"unknown","_states":["Kaduna"]},"geometry":{"type":"LineString","coordinates":[[8.02435,11.41781],[8.02452,11.4179]]}},{"type":"Feature","properties":{"railway":"rail","gauge":1067.0,"_label":null,"_status_group":"unknown","_states":["Kaduna"]},"geometry":{"type":"LineString","coordinates":[[8.08625,11.45076],[8.08647,11.45079]]}},{"type":"Feature","properties":{"railway":"rail","gauge":1067.0,"_label":null,"_status_group":"unknown","_states":["Kaduna"]},"geometry":{"type":"LineString","coordinates":[[8.02452,11.4179],[8.07558,11.44719]]}},{"type":"Feature","properties":{"railway":"rail","gauge":1067.0,"_label":null,"_status_group":"unknown","_states":["Kano","Kaduna"]},"geometry":{"type":"LineString","coordinates":[[8.10072,11.45872],[8.13085,11.49214],[8.14452,11.52481]]}},{"type":"Feature","properties":{"railway":"rail","gauge":1067.0,"_label":null,"_status_group":"unknown","_states":["Kano"]},"geometry":{"type":"LineString","coordinates":[[8.43117,11.87145],[8.43589,11.87522]]}},{"type":"Feature","properties":{"railway":"rail","gauge":1067.0,"_label":null,"_status_group":"unknown","_states":["Osun"]},"geometry":{"type":"LineString","coordinates":[[4.63002,7.91342],[4.62351,7.86226],[4.59833,7.84349],[4.57149,7.79967],[4.54532,7.77628]]}},{"type":"Feature","properties":{"railway":"rail","gauge":1435.0,"_label":null,"_status_group":"unknown","_states":["Kogi"]},"geometry":{"type":"LineString","coordinates":[[6.32756,7.6276],[6.32424,7.62864]]}},{"type":"Feature","properties":{"railway":"rail","gauge":1435.0,"_label":null,"_status_group":"unknown","_states":["Kogi"]},"geometry":{"type":"LineString","coordinates":[[6.32835,7.62753],[6.32287,7.62784]]}},{"type":"Feature","properties":{"railway":"rail","gauge":1435.0,"_label":null,"_status_group":"unknown","_states":["Kogi"]},"geometry":{"type":"LineString","coordinates":[[6.32906,7.62749],[6.33081,7.62855]]}},{"type":"Feature","properties":{"railway":"rail","gauge":1435.0,"_label":null,"_status_group":"unknown","_states":["Kogi"]},"geometry":{"type":"LineString","coordinates":[[6.33052,7.62813],[6.33037,7.62648]]}},{"type":"Feature","properties":{"railway":"rail","gauge":1435.0,"_label":null,"_status_group":"unknown","_states":["Kogi"]},"geometry":{"type":"LineString","coordinates":[[6.32768,7.62297],[6.32305,7.62796]]}},{"type":"Feature","properties":{"railway":"rail","gauge":1067.0,"_label":null,"_status_group":"unknown","_states":["Plateau"]},"geometry":{"type":"LineString","coordinates":[[8.75855,9.60931],[8.75891,9.60939]]}},{"type":"Feature","properties":{"railway":"rail","_label":null,"_status_group":"unknown","_states":["Plateau"]},"geometry":{"type":"LineString","coordinates":[[8.80625,9.64572],[8.81018,9.64887]]}},{"type":"Feature","properties":{"railway":"rail","_label":null,"_status_group":"unknown","_states":["Plateau"]},"geometry":{"type":"LineString","coordinates":[[8.80558,9.64524],[8.81079,9.64941]]}},{"type":"Feature","properties":{"railway":"rail","_label":null,"_status_group":"unknown","_states":["Plateau"]},"geometry":{"type":"LineString","coordinates":[[8.80607,9.64558],[8.8104,9.64904]]}},{"type":"Feature","properties":{"railway":"rail","_label":null,"_status_group":"unknown","_states":["Plateau"]},"geometry":{"type":"LineString","coordinates":[[8.80592,9.64551],[8.81147,9.65001]]}},{"type":"Feature","properties":{"railway":"rail","_label":null,"_status_group":"unknown","_states":["Plateau"]},"geometry":{"type":"LineString","coordinates":[[8.81106,9.64973],[8.81151,9.65011]]}},{"type":"Feature","properties":{"railway":"rail","gauge":1067.0,"_label":null,"_status_group":"unknown","_states":["Gombe"]},"geometry":{"type":"LineString","coordinates":[[11.52803,10.89885],[11.5242,10.8988]]}},{"type":"Feature","properties":{"railway":"rail","gauge":1067.0,"_label":null,"_status_group":"unknown","_states":["Gombe"]},"geometry":{"type":"LineString","coordinates":[[11.5242,10.8988],[11.46248,10.86284]]}},{"type":"Feature","properties":{"railway":"rail","gauge":1067.0,"_label":null,"_status_group":"unknown","_states":["Niger"]},"geometry":{"type":"LineString","coordinates":[[6.67332,9.67121],[6.64976,9.66084],[6.60646,9.66723],[6.5837,9.65892],[6.5492,9.6132]]}},{"type":"Feature","properties":{"railway":"rail","gauge":1067.0,"_label":null,"_status_group":"unknown","_states":["Ogun"]},"geometry":{"type":"LineString","coordinates":[[3.21072,6.90067],[3.22779,6.93894],[3.21312,6.95331],[3.22174,6.96323],[3.22498,7.02956],[3.24454,7.04652]]}},{"type":"Feature","properties":{"railway":"rail","gauge":1067.0,"_label":null,"_status_group":"unknown","_states":["Niger"]},"geometry":{"type":"LineString","coordinates":[[5.66513,9.51984],[5.6755,9.51273],[5.70655,9.5149],[5.72622,9.52324],[5.73944,9.54981],[5.77541,9.55008],[5.79341,9.57743],[5.80528,9.57443],[5.80786,9.59613],[5.81894,9.61151],[5.83911,9.6064],[5.85537,9.63468],[5.87571,9.64961],[5.88941,9.6501]]}},{"type":"Feature","properties":{"railway":"rail","_label":null,"_status_group":"unknown","_states":["Kaduna"]},"geometry":{"type":"LineString","coordinates":[[8.30606,9.59379],[8.30503,9.59225]]}},{"type":"Feature","properties":{"railway":"rail","gauge":1067.0,"_label":null,"_status_group":"unknown","_states":["Kaduna"]},"geometry":{"type":"LineString","coordinates":[[8.30589,9.58505],[8.30237,9.58983]]}},{"type":"Feature","properties":{"railway":"rail","gauge":1067.0,"_label":null,"_status_group":"unknown","_states":["Kaduna"]},"geometry":{"type":"LineString","coordinates":[[8.30394,9.59115],[8.30395,9.58964]]}},{"type":"Feature","properties":{"railway":"rail","_label":null,"_status_group":"unknown","_states":["Kaduna"]},"geometry":{"type":"LineString","coordinates":[[8.30551,9.59304],[8.30017,9.58851]]}},{"type":"Feature","properties":{"railway":"rail","_label":null,"_status_group":"unknown","_states":["Kaduna"]},"geometry":{"type":"LineString","coordinates":[[8.30511,9.59259],[8.30078,9.58896]]}},{"type":"Feature","properties":{"railway":"rail","_label":null,"_status_group":"unknown","_states":["Kaduna"]},"geometry":{"type":"LineString","coordinates":[[8.30497,9.59231],[8.30089,9.58898]]}},{"type":"Feature","properties":{"railway":"rail","name":"Eastern Rail Line","gauge":1067.0,"_label":"Eastern Rail Line","_status_group":"unknown","_states":["Kaduna"]},"geometry":{"type":"LineString","coordinates":[[8.30633,9.59405],[8.3714,9.59002],[8.40538,9.61794]]}},{"type":"Feature","properties":{"railway":"rail","name":"Linking Line","gauge":1067.0,"_label":"Linking Line","_status_group":"unknown","_states":["Kaduna"]},"geometry":{"type":"LineString","coordinates":[[8.30633,9.59405],[8.31303,9.61468]]}},{"type":"Feature","properties":{"railway":"rail","gauge":1435.0,"_label":null,"_status_group":"unknown","_states":["Abuja Federal Capital Territory"]},"geometry":{"type":"LineString","coordinates":[[7.34515,9.04571],[7.31417,9.0571]]}},{"type":"Feature","properties":{"railway":"rail","gauge":1435.0,"_label":null,"_status_group":"unknown","_states":["Kogi"]},"geometry":{"type":"LineString","coordinates":[[6.68889,7.51732],[6.69166,7.51573]]}},{"type":"Feature","properties":{"railway":"rail","gauge":1435.0,"_label":null,"_status_group":"unknown","_states":["Kogi"]},"geometry":{"type":"LineString","coordinates":[[6.69223,7.50596],[6.69085,7.50122]]}},{"type":"Feature","properties":{"railway":"rail","gauge":1435.0,"_label":null,"_status_group":"unknown","_states":["Kogi"]},"geometry":{"type":"LineString","coordinates":[[6.69437,7.49086],[6.68904,7.49399]]}},{"type":"Feature","properties":{"railway":"rail","gauge":1435.0,"_label":null,"_status_group":"unknown","_states":["Kogi"]},"geometry":{"type":"LineString","coordinates":[[6.69115,7.49264],[6.69098,7.50272]]}},{"type":"Feature","properties":{"railway":"rail","gauge":1435.0,"_label":null,"_status_group":"unknown","_states":["Kogi"]},"geometry":{"type":"LineString","coordinates":[[6.7018,7.50454],[6.69993,7.48984]]}},{"type":"Feature","properties":{"railway":"rail","gauge":1435.0,"_label":null,"_status_group":"unknown","_states":["Kogi"]},"geometry":{"type":"LineString","coordinates":[[6.70001,7.4906],[6.70223,7.50837]]}},{"type":"Feature","properties":{"railway":"rail","gauge":1435.0,"_label":null,"_status_group":"unknown","_states":["Kogi"]},"geometry":{"type":"LineString","coordinates":[[6.68887,7.52551],[6.69612,7.51992]]}},{"type":"Feature","properties":{"railway":"rail","gauge":1435.0,"_label":null,"_status_group":"unknown","_states":["Kogi"]},"geometry":{"type":"LineString","coordinates":[[6.69266,7.51516],[6.6925,7.52325]]}},{"type":"Feature","properties":{"railway":"rail","gauge":1435.0,"_label":null,"_status_group":"unknown","_states":["Kogi"]},"geometry":{"type":"LineString","coordinates":[[6.69978,7.4884],[6.69977,7.48875]]}},{"type":"Feature","properties":{"railway":"rail","gauge":1435.0,"_label":null,"_status_group":"unknown","_states":["Kogi"]},"geometry":{"type":"LineString","coordinates":[[6.70199,7.50589],[6.70188,7.50546]]}},{"type":"Feature","properties":{"railway":"rail","gauge":1435.0,"_label":null,"_status_group":"unknown","_states":["Kogi"]},"geometry":{"type":"LineString","coordinates":[[6.70134,7.50098],[6.70135,7.50168]]}},{"type":"Feature","properties":{"railway":"rail","gauge":1435.0,"_label":null,"_status_group":"unknown","_states":["Kogi"]},"geometry":{"type":"LineString","coordinates":[[6.70045,7.49354],[6.70044,7.49392]]}},{"type":"Feature","properties":{"railway":"rail","gauge":1435.0,"_label":null,"_status_group":"unknown","_states":["Kogi"]},"geometry":{"type":"LineString","coordinates":[[6.70067,7.49686],[6.70053,7.49625]]}},{"type":"Feature","properties":{"railway":"rail","gauge":1435.0,"_label":null,"_status_group":"unknown","_states":["Kogi"]},"geometry":{"type":"LineString","coordinates":[[6.70052,7.49419],[6.70057,7.49466]]}},{"type":"Feature","properties":{"railway":"rail","gauge":1435.0,"_label":null,"_status_group":"unknown","_states":["Kogi"]},"geometry":{"type":"LineString","coordinates":[[6.69942,7.48576],[6.69956,7.48648]]}},{"type":"Feature","properties":{"railway":"rail","gauge":1435.0,"_label":null,"_status_group":"unknown","_states":["Kogi"]},"geometry":{"type":"LineString","coordinates":[[6.70047,7.49578],[6.70052,7.49531]]}},{"type":"Feature","properties":{"railway":"rail","gauge":1435.0,"_label":null,"_status_group":"unknown","_states":["Kogi"]},"geometry":{"type":"LineString","coordinates":[[6.70041,7.4937],[6.70032,7.49326]]}},{"type":"Feature","properties":{"railway":"rail","gauge":1435.0,"_label":null,"_status_group":"unknown","_states":["Kogi"]},"geometry":{"type":"LineString","coordinates":[[6.69066,7.50023],[6.69069,7.49985]]}},{"type":"Feature","properties":{"railway":"rail","gauge":1435.0,"_label":null,"_status_group":"unknown","_states":["Kogi"]},"geometry":{"type":"LineString","coordinates":[[6.7013,7.5006],[6.70132,7.49984]]}},{"type":"Feature","properties":{"railway":"rail","gauge":1435.0,"_label":null,"_status_group":"unknown","_states":["Kogi"]},"geometry":{"type":"LineString","coordinates":[[6.70043,7.49426],[6.70033,7.49385]]}},{"type":"Feature","properties":{"railway":"rail","gauge":1435.0,"_label":null,"_status_group":"unknown","_states":["Kogi"]},"geometry":{"type":"LineString","coordinates":[[6.70112,7.5011],[6.70121,7.50145]]}},{"type":"Feature","properties":{"railway":"rail","gauge":1435.0,"_label":null,"_status_group":"unknown","_states":["Kogi"]},"geometry":{"type":"LineString","coordinates":[[6.68904,7.52667],[6.68915,7.52715]]}},{"type":"Feature","properties":{"railway":"rail","gauge":1435.0,"_label":null,"_status_group":"unknown","_states":["Kogi"]},"geometry":{"type":"LineString","coordinates":[[6.69123,7.503],[6.69136,7.50332]]}},{"type":"Feature","properties":{"railway":"rail","gauge":1435.0,"_label":null,"_status_group":"unknown","_states":["Kogi"]},"geometry":{"type":"LineString","coordinates":[[6.68865,7.52417],[6.68862,7.52383]]}},{"type":"Feature","properties":{"railway":"rail","gauge":1435.0,"_label":null,"_status_group":"unknown","_states":["Kogi"]},"geometry":{"type":"LineString","coordinates":[[6.70215,7.50685],[6.70207,7.50652]]}},{"type":"Feature","properties":{"railway":"rail","gauge":1435.0,"_label":null,"_status_group":"unknown","_states":["Kogi"]},"geometry":{"type":"LineString","coordinates":[[6.69246,7.5142],[6.69184,7.50384]]}},{"type":"Feature","properties":{"railway":"rail","gauge":1435.0,"_label":null,"_status_group":"unknown","_states":["Kogi"]},"geometry":{"type":"LineString","coordinates":[[6.69983,7.4896],[6.69441,7.48934],[6.69557,7.49941]]}},{"type":"Feature","properties":{"railway":"rail","gauge":1435.0,"_label":null,"_status_group":"unknown","_states":["Kogi"]},"geometry":{"type":"LineString","coordinates":[[6.69449,7.49288],[6.6917,7.50365]]}},{"type":"Feature","properties":{"railway":"rail","gauge":1435.0,"_label":null,"_status_group":"unknown","_states":["Kogi"]},"geometry":{"type":"LineString","coordinates":[[6.69298,7.49249],[6.69353,7.49213]]}},{"type":"Feature","properties":{"railway":"rail","gauge":1435.0,"_label":null,"_status_group":"unknown","_states":["Kogi"]},"geometry":{"type":"LineString","coordinates":[[6.70181,7.50435],[6.70173,7.50365]]}},{"type":"Feature","properties":{"railway":"rail","gauge":1435.0,"_label":null,"_status_group":"unknown","_states":["Kogi"]},"geometry":{"type":"LineString","coordinates":[[6.70174,7.50397],[6.70172,7.50321]]}},{"type":"Feature","properties":{"railway":"rail","gauge":1435.0,"_label":null,"_status_group":"unknown","_states":["Kogi"]},"geometry":{"type":"LineString","coordinates":[[6.70219,7.50802],[6.70219,7.50725]]}},{"type":"Feature","properties":{"railway":"rail","gauge":1435.0,"_label":null,"_status_group":"unknown","_states":["Kogi"]},"geometry":{"type":"LineString","coordinates":[[6.69137,7.50323],[6.69162,7.50368]]}},{"type":"Feature","properties":{"railway":"rail","gauge":1435.0,"_label":null,"_status_group":"unknown","_states":["Kogi"]},"geometry":{"type":"LineString","coordinates":[[6.70271,7.51154],[6.70249,7.51049]]}},{"type":"Feature","properties":{"railway":"rail","gauge":1435.0,"_label":null,"_status_group":"unknown","_states":["Kogi"]},"geometry":{"type":"LineString","coordinates":[[6.70078,7.48587],[6.70089,7.48749]]}},{"type":"Feature","properties":{"railway":"rail","gauge":1435.0,"_label":null,"_status_group":"unknown","_states":["Kogi"]},"geometry":{"type":"LineString","coordinates":[[6.69046,7.49945],[6.6904,7.50005]]}},{"type":"Feature","properties":{"railway":"rail","gauge":1435.0,"_label":null,"_status_group":"unknown","_states":["Kogi"]},"geometry":{"type":"LineString","coordinates":[[6.69974,7.48722],[6.69974,7.48805]]}},{"type":"Feature","properties":{"railway":"rail","gauge":1435.0,"_label":null,"_status_group":"unknown","_states":["Kogi"]},"geometry":{"type":"LineString","coordinates":[[6.68878,7.52469],[6.68858,7.52387]]}},{"type":"Feature","properties":{"railway":"rail","gauge":1435.0,"_label":null,"_status_group":"unknown","_states":["Kogi"]},"geometry":{"type":"LineString","coordinates":[[6.70049,7.49434],[6.70052,7.49496]]}},{"type":"Feature","properties":{"railway":"rail","gauge":1435.0,"_label":null,"_status_group":"unknown","_states":["Kogi"]},"geometry":{"type":"LineString","coordinates":[[6.69175,7.50609],[6.69172,7.50529]]}},{"type":"Feature","properties":{"railway":"rail","gauge":1435.0,"_label":null,"_status_group":"unknown","_states":["Kogi"]},"geometry":{"type":"LineString","coordinates":[[6.69294,7.51161],[6.69299,7.51236]]}},{"type":"Feature","properties":{"railway":"rail","gauge":1435.0,"_label":null,"_status_group":"unknown","_states":["Kogi"]},"geometry":{"type":"LineString","coordinates":[[6.69062,7.50178],[6.69042,7.49974]]}},{"type":"Feature","properties":{"railway":"rail","gauge":1435.0,"_label":null,"_status_group":"unknown","_states":["Kogi"]},"geometry":{"type":"LineString","coordinates":[[6.6955,7.49892],[6.69563,7.49801]]}},{"type":"Feature","properties":{"railway":"rail","gauge":1435.0,"_label":null,"_status_group":"unknown","_states":["Kogi"]},"geometry":{"type":"LineString","coordinates":[[6.69152,7.50406],[6.69169,7.50565]]}},{"type":"Feature","properties":{"railway":"rail","gauge":1435.0,"_label":null,"_status_group":"unknown","_states":["Kogi"]},"geometry":{"type":"LineString","coordinates":[[6.69294,7.51199],[6.69284,7.5128]]}},{"type":"Feature","properties":{"railway":"rail","gauge":1435.0,"_label":null,"_status_group":"unknown","_states":["Kogi"]},"geometry":{"type":"LineString","coordinates":[[6.69542,7.49851],[6.69485,7.49435]]}},{"type":"Feature","properties":{"railway":"rail","gauge":1435.0,"_label":null,"_status_group":"unknown","_states":["Kogi"]},"geometry":{"type":"LineString","coordinates":[[6.69221,7.50604],[6.69191,7.50409]]}},{"type":"Feature","properties":{"railway":"rail","gauge":1435.0,"_label":null,"_status_group":"unknown","_states":["Kogi"]},"geometry":{"type":"LineString","coordinates":[[6.6888,7.52492],[6.68839,7.52105]]}},{"type":"Feature","properties":{"railway":"rail","gauge":1435.0,"_label":null,"_status_group":"unknown","_states":["Kogi"]},"geometry":{"type":"LineString","coordinates":[[6.69232,7.50651],[6.69198,7.50446]]}},{"type":"Feature","properties":{"railway":"rail","gauge":1435.0,"_label":null,"_status_group":"unknown","_states":["Kogi"]},"geometry":{"type":"LineString","coordinates":[[6.69783,7.47823],[6.69924,7.48392]]}},{"type":"Feature","properties":{"railway":"rail","gauge":1435.0,"_label":null,"_status_group":"unknown","_states":["Kogi"]},"geometry":{"type":"LineString","coordinates":[[6.70004,7.49053],[6.70282,7.5129],[6.691,7.52773],[6.68761,7.51477]]}},{"type":"Feature","properties":{"railway":"rail","gauge":1435.0,"_label":null,"_status_group":"unknown","_states":["Kogi"]},"geometry":{"type":"LineString","coordinates":[[6.6907,7.49942],[6.69036,7.49665]]}},{"type":"Feature","properties":{"railway":"rail","gauge":1435.0,"_label":null,"_status_group":"unknown","_states":["Kogi"]},"geometry":{"type":"LineString","coordinates":[[6.69052,7.49955],[6.69068,7.5024]]}},{"type":"Feature","properties":{"railway":"rail","gauge":1435.0,"_label":null,"_status_group":"unknown","_states":["Kogi"]},"geometry":{"type":"LineString","coordinates":[[6.68892,7.52585],[6.68946,7.52847]]}},{"type":"Feature","properties":{"railway":"rail","gauge":1435.0,"_label":null,"_status_group":"unknown","_states":["Kogi"]},"geometry":{"type":"LineString","coordinates":[[6.69946,7.48485],[6.69809,7.47853]]}},{"type":"Feature","properties":{"railway":"rail","gauge":1435.0,"_label":null,"_status_group":"unknown","_states":["Kogi"]},"geometry":{"type":"LineString","coordinates":[[6.70219,7.50764],[6.70186,7.50473]]}},{"type":"Feature","properties":{"railway":"rail","gauge":1435.0,"_label":null,"_status_group":"unknown","_states":["Kogi"]},"geometry":{"type":"LineString","coordinates":[[6.69082,7.52367],[6.69175,7.52278]]}},{"type":"Feature","properties":{"railway":"rail","gauge":1435.0,"_label":null,"_status_group":"unknown","_states":["Kogi"]},"geometry":{"type":"LineString","coordinates":[[6.69943,7.48447],[6.69787,7.47811]]}},{"type":"Feature","properties":{"railway":"rail","gauge":1435.0,"_label":null,"_status_group":"unknown","_states":["Kogi"]},"geometry":{"type":"LineString","coordinates":[[6.70089,7.4948],[6.70184,7.49766]]}},{"type":"Feature","properties":{"railway":"rail","gauge":1435.0,"_label":null,"_status_group":"unknown","_states":["Kogi"]},"geometry":{"type":"LineString","coordinates":[[6.69776,7.47783],[6.69937,7.48438]]}},{"type":"Feature","properties":{"railway":"rail","gauge":1435.0,"_label":null,"_status_group":"unknown","_states":["Kogi"]},"geometry":{"type":"LineString","coordinates":[[6.69471,7.49371],[6.69536,7.49833]]}},{"type":"Feature","properties":{"railway":"rail","gauge":1435.0,"_label":null,"_status_group":"unknown","_states":["Kogi"]},"geometry":{"type":"LineString","coordinates":[[6.69928,7.48363],[6.69976,7.48545]]}},{"type":"Feature","properties":{"railway":"rail","gauge":1435.0,"_label":null,"_status_group":"unknown","_states":["Kogi"]},"geometry":{"type":"LineString","coordinates":[[6.7019,7.49765],[6.70133,7.4954]]}},{"type":"Feature","properties":{"railway":"rail","gauge":1435.0,"_label":null,"_status_group":"unknown","_states":["Kogi"]},"geometry":{"type":"LineString","coordinates":[[6.68942,7.52422],[6.68959,7.52244]]}},{"type":"Feature","properties":{"railway":"rail","gauge":1435.0,"_label":null,"_status_group":"unknown","_states":["Kogi"]},"geometry":{"type":"LineString","coordinates":[[6.69054,7.50126],[6.6905,7.49925]]}},{"type":"Feature","properties":{"railway":"rail","gauge":1435.0,"_label":null,"_status_group":"unknown","_states":["Kogi"]},"geometry":{"type":"LineString","coordinates":[[6.69957,7.48586],[6.69983,7.48874]]}},{"type":"Feature","properties":{"railway":"rail","gauge":1435.0,"_label":null,"_status_group":"unknown","_states":["Kogi"]},"geometry":{"type":"LineString","coordinates":[[6.69054,7.49893],[6.69086,7.50167]]}},{"type":"Feature","properties":{"railway":"rail","gauge":1435.0,"_label":null,"_status_group":"unknown","_states":["Kogi"]},"geometry":{"type":"LineString","coordinates":[[6.68912,7.52671],[6.68997,7.53066]]}},{"type":"Feature","properties":{"railway":"rail","gauge":1435.0,"_label":null,"_status_group":"unknown","_states":["Kogi"]},"geometry":{"type":"LineString","coordinates":[[6.68875,7.51167],[6.68865,7.51749]]}},{"type":"Feature","properties":{"railway":"rail","gauge":1435.0,"_label":null,"_status_group":"unknown","_states":["Kogi"]},"geometry":{"type":"LineString","coordinates":[[6.69765,7.47828],[6.69987,7.48966]]}},{"type":"Feature","properties":{"railway":"rail","gauge":1435.0,"_label":null,"_status_group":"unknown","_states":["Kogi"]},"geometry":{"type":"LineString","coordinates":[[6.70052,7.49464],[6.70176,7.50433]]}},{"type":"Feature","properties":{"railway":"rail","gauge":1435.0,"_label":null,"_status_group":"unknown","_states":["Kogi"]},"geometry":{"type":"LineString","coordinates":[[6.69028,7.49635],[6.69075,7.5004]]}},{"type":"Feature","properties":{"railway":"rail","gauge":1435.0,"_label":null,"_status_group":"unknown","_states":["Kogi"]},"geometry":{"type":"LineString","coordinates":[[6.69052,7.51691],[6.6918,7.51556]]}},{"type":"Feature","properties":{"railway":"rail","gauge":1435.0,"_label":null,"_status_group":"unknown","_states":["Kogi"]},"geometry":{"type":"LineString","coordinates":[[6.69101,7.50249],[6.68807,7.50422]]}},{"type":"Feature","properties":{"railway":"rail","gauge":1435.0,"_label":null,"_status_group":"unknown","_states":["Kogi"]},"geometry":{"type":"LineString","coordinates":[[6.68911,7.51716],[6.69007,7.51541]]}},{"type":"Feature","properties":{"railway":"rail","gauge":1435.0,"_label":null,"_status_group":"unknown","_states":["Kogi"]},"geometry":{"type":"LineString","coordinates":[[6.69871,7.4829],[6.69985,7.48989]]}},{"type":"Feature","properties":{"railway":"rail","gauge":1435.0,"_label":null,"_status_group":"unknown","_states":["Kogi"]},"geometry":{"type":"LineString","coordinates":[[6.69183,7.50671],[6.69145,7.50358]]}},{"type":"Feature","properties":{"railway":"rail","gauge":1435.0,"_label":null,"_status_group":"unknown","_states":["Kogi"]},"geometry":{"type":"LineString","coordinates":[[6.69963,7.48463],[6.70081,7.48647]]}},{"type":"Feature","properties":{"railway":"rail","gauge":1435.0,"_label":null,"_status_group":"unknown","_states":["Kogi"]},"geometry":{"type":"LineString","coordinates":[[6.688,7.51916],[6.68944,7.51685]]}},{"type":"Feature","properties":{"railway":"rail","gauge":1435.0,"_label":null,"_status_group":"unknown","_states":["Kogi"]},"geometry":{"type":"LineString","coordinates":[[6.69091,7.50196],[6.69099,7.50229]]}},{"type":"Feature","properties":{"railway":"rail","_label":null,"_status_group":"unknown","_states":["Plateau"]},"geometry":{"type":"LineString","coordinates":[[8.81151,9.65011],[8.81266,9.65179]]}},{"type":"Feature","properties":{"railway":"rail","gauge":1067.0,"_label":null,"_status_group":"unknown","_states":["Gombe"]},"geometry":{"type":"LineString","coordinates":[[11.38056,10.4739],[11.38315,10.43268],[11.35331,10.40102],[11.31211,10.37658]]}},{"type":"Feature","properties":{"railway":"rail","gauge":1067.0,"_label":null,"_status_group":"unknown","_states":["Gombe"]},"geometry":{"type":"LineString","coordinates":[[11.38077,10.59422],[11.38088,10.59409]]}},{"type":"Feature","properties":{"railway":"rail","name":"Eastern Rail Line","gauge":1067.0,"_label":"Eastern Rail Line","_status_group":"unknown","_states":["Kaduna"]},"geometry":{"type":"LineString","coordinates":[[8.50818,9.64868],[8.54285,9.65915],[8.56607,9.64123]]}},{"type":"Feature","properties":{"railway":"rail","gauge":1067.0,"_label":null,"_status_group":"unknown","_states":["Kaduna"]},"geometry":{"type":"LineString","coordinates":[[8.50796,9.64862],[8.50818,9.64868]]}},{"type":"Feature","properties":{"railway":"rail","gauge":1067.0,"_label":null,"_status_group":"unknown","_states":["Kaduna"]},"geometry":{"type":"LineString","coordinates":[[8.40538,9.61794],[8.40561,9.61816]]}},{"type":"Feature","properties":{"railway":"rail","name":"Eastern Rail Line","gauge":1067.0,"_label":"Eastern Rail Line","_status_group":"unknown","_states":["Kaduna"]},"geometry":{"type":"LineString","coordinates":[[8.40561,9.61816],[8.4349,9.64648],[8.50796,9.64862]]}},{"type":"Feature","properties":{"railway":"rail","gauge":1067.0,"_label":null,"_status_group":"unknown","_states":["Niger"]},"geometry":{"type":"LineString","coordinates":[[5.88941,9.6501],[5.89183,9.65052]]}},{"type":"Feature","properties":{"railway":"rail","gauge":1067.0,"_label":null,"_status_group":"unknown","_states":["Niger"]},"geometry":{"type":"LineString","coordinates":[[5.90272,9.65612],[5.91382,9.67708],[5.98944,9.71972],[6.00128,9.71743],[6.04406,9.74044],[6.04956,9.75607]]}},{"type":"Feature","properties":{"railway":"rail","gauge":1067.0,"_label":null,"_status_group":"unknown","_states":["Niger"]},"geometry":{"type":"LineString","coordinates":[[5.00664,9.26934],[4.9909,9.27095],[4.98005,9.24961],[4.95792,9.24973]]}},{"type":"Feature","properties":{"railway":"rail","gauge":1067.0,"_label":null,"_status_group":"unknown","_states":["Niger"]},"geometry":{"type":"LineString","coordinates":[[4.95792,9.24973],[4.9574,9.24981]]}},{"type":"Feature","properties":{"railway":"rail","gauge":1067.0,"_label":null,"_status_group":"unknown","_states":["Niger"]},"geometry":{"type":"LineString","coordinates":[[4.9574,9.24981],[4.91173,9.24731],[4.87787,9.22387],[4.867,9.19737],[4.81485,9.15684]]}},{"type":"Feature","properties":{"railway":"rail","gauge":1067.0,"_label":null,"_status_group":"unknown","_states":["Bauchi"]},"geometry":{"type":"LineString","coordinates":[[9.391,9.75479],[9.39115,9.7548]]}},{"type":"Feature","properties":{"railway":"rail","gauge":1435.0,"_label":null,"_status_group":"unknown","_states":["Abuja Federal Capital Territory","Niger","Kaduna"]},"geometry":{"type":"LineString","coordinates":[[7.34339,9.18532],[7.34527,9.24199],[7.32995,9.27631],[7.34177,9.32002],[7.36547,9.36044],[7.38291,9.4242],[7.40834,9.4465],[7.41577,9.49169],[7.46827,9.60007]]}},{"type":"Feature","properties":{"railway":"rail","gauge":1067.0,"_label":null,"_status_group":"unknown","_states":["Ogun","Oyo"]},"geometry":{"type":"LineString","coordinates":[[3.51723,7.42276],[3.49533,7.40076],[3.46787,7.39787],[3.43938,7.35985],[3.41009,7.3488],[3.40763,7.32604],[3.39362,7.31981]]}},{"type":"Feature","properties":{"railway":"rail","gauge":1067.0,"_label":null,"_status_group":"unknown","_states":["Oyo"]},"geometry":{"type":"LineString","coordinates":[[3.51827,7.42332],[3.51723,7.42276]]}},{"type":"Feature","properties":{"railway":"rail","gauge":1067.0,"_label":null,"_status_group":"unknown","_states":["Ogun","Oyo"]},"geometry":{"type":"LineString","coordinates":[[3.65879,7.36758],[3.62799,7.39434],[3.58357,7.39259],[3.57176,7.40402],[3.55092,7.40287],[3.51827,7.42332]]}},{"type":"Feature","properties":{"railway":"rail","gauge":1067.0,"_label":null,"_status_group":"unknown","_states":["Kwara"]},"geometry":{"type":"LineString","coordinates":[[4.56144,8.47406],[4.58637,8.54822],[4.58012,8.57261]]}},{"type":"Feature","properties":{"railway":"rail","gauge":1067.0,"_label":null,"_status_group":"unknown","_states":["Kwara"]},"geometry":{"type":"LineString","coordinates":[[4.74677,8.81161],[4.77282,8.82637],[4.79837,8.86426],[4.78292,8.89397],[4.78603,8.94166],[4.7962,8.95392]]}},{"type":"Feature","properties":{"railway":"rail","gauge":1067.0,"_label":null,"_status_group":"unknown","_states":["Kwara"]},"geometry":{"type":"LineString","coordinates":[[4.73665,8.19748],[4.68806,8.2809],[4.63319,8.33618],[4.63125,8.36916],[4.61557,8.3925],[4.5909,8.40895]]}},{"type":"Feature","properties":{"railway":"rail","gauge":1067.0,"_label":null,"_status_group":"unknown","_states":["Kwara","Osun"]},"geometry":{"type":"LineString","coordinates":[[4.64568,7.94892],[4.67338,7.98116],[4.68699,8.04959],[4.7232,8.10512],[4.73665,8.19748]]}},{"type":"Feature","properties":{"railway":"rail","gauge":1067.0,"_label":null,"_status_group":"unknown","_states":["Kwara"]},"geometry":{"type":"LineString","coordinates":[[4.58699,8.6162],[4.60668,8.62185],[4.64522,8.61547],[4.6818,8.63441],[4.70158,8.63642],[4.69946,8.67704],[4.7282,8.70517],[4.75754,8.77031],[4.74677,8.81161]]}},{"type":"Feature","properties":{"railway":"rail","gauge":1067.0,"_label":null,"_status_group":"unknown","_states":["Kaduna"]},"geometry":{"type":"LineString","coordinates":[[8.31303,9.61468],[8.31269,9.61499]]}},{"type":"Feature","properties":{"railway":"rail","name":"Linking Line","gauge":1067.0,"_label":"Linking Line","_status_group":"unknown","_states":["Kaduna"]},"geometry":{"type":"LineString","coordinates":[[8.34659,9.72274],[8.33901,9.73119],[8.34275,9.74844],[8.32802,9.74929],[8.29835,9.78026],[8.27665,9.7819],[8.26134,9.80069],[8.24587,9.80394],[8.24906,9.81827],[8.2351,9.85097],[8.21785,9.87211],[8.18496,9.89294],[8.17321,9.94021],[8.15426,9.96043],[8.13646,9.99827],[8.11565,10.01698]]}},{"type":"Feature","properties":{"railway":"rail","name":"Eastern Rail Line","gauge":1067.0,"_label":"Eastern Rail Line","_status_group":"unknown","_states":["Plateau","Kaduna"]},"geometry":{"type":"LineString","coordinates":[[8.56636,9.64116],[8.5998,9.6204]]}},{"type":"Feature","properties":{"railway":"rail","gauge":1067.0,"_label":null,"_status_group":"unknown","_states":["Benue"]},"geometry":{"type":"LineString","coordinates":[[8.54324,7.74454],[8.53827,7.73951]]}},{"type":"Feature","properties":{"railway":"rail","gauge":1067.0,"_label":null,"_status_group":"unknown","_states":["Gombe"]},"geometry":{"type":"LineString","coordinates":[[11.12198,10.36716],[11.12172,10.36717]]}},{"type":"Feature","properties":{"railway":"rail","gauge":1067.0,"_label":null,"_status_group":"unknown","_states":["Gombe"]},"geometry":{"type":"LineString","coordinates":[[11.12172,10.36717],[11.09659,10.36959]]}},{"type":"Feature","properties":{"railway":"rail","gauge":1067.0,"_label":null,"_status_group":"unknown","_states":["Gombe"]},"geometry":{"type":"LineString","coordinates":[[11.36807,10.7492],[11.3679,10.74906]]}},{"type":"Feature","properties":{"railway":"rail","gauge":1067.0,"_label":null,"_status_group":"unknown","_states":["Gombe"]},"geometry":{"type":"LineString","coordinates":[[11.3679,10.74906],[11.36583,10.69989],[11.38077,10.59422]]}},{"type":"Feature","properties":{"railway":"rail","name":"West Line Branch","gauge":1067.0,"_label":"West Line Branch","_status_group":"unknown","_states":["Zamfara"]},"geometry":{"type":"LineString","coordinates":[[6.57188,12.44417],[6.57732,12.4144]]}},{"type":"Feature","properties":{"railway":"rail","name":"West Line Branch","gauge":1067.0,"_label":"West Line Branch","_status_group":"unknown","_states":["Zamfara"]},"geometry":{"type":"LineString","coordinates":[[6.57732,12.4144],[6.57736,12.4142]]}},{"type":"Feature","properties":{"railway":"rail","name":"West Line Branch","gauge":1067.0,"_label":"West Line Branch","_status_group":"unknown","_states":["Zamfara"]},"geometry":{"type":"LineString","coordinates":[[6.57186,12.44431],[6.57188,12.44417]]}},{"type":"Feature","properties":{"railway":"rail","name":"West Line Branch","gauge":1067.0,"_label":"West Line Branch","_status_group":"unknown","_states":["Zamfara"]},"geometry":{"type":"LineString","coordinates":[[6.57736,12.4142],[6.61317,12.27726]]}},{"type":"Feature","properties":{"railway":"rail","gauge":1067.0,"_label":null,"_status_group":"unknown","_states":["Gombe"]},"geometry":{"type":"LineString","coordinates":[[11.46248,10.86284],[11.46222,10.86271]]}},{"type":"Feature","properties":{"railway":"rail","gauge":1067.0,"_label":null,"_status_group":"unknown","_states":["Gombe"]},"geometry":{"type":"LineString","coordinates":[[11.46222,10.86271],[11.43981,10.85112],[11.41035,10.78354],[11.36807,10.7492]]}},{"type":"Feature","properties":{"railway":"rail","gauge":1067.0,"_label":null,"_status_group":"unknown","_states":["Niger"]},"geometry":{"type":"LineString","coordinates":[[6.77054,9.71637],[6.77029,9.71619]]}},{"type":"Feature","properties":{"railway":"rail","gauge":1067.0,"_label":null,"_status_group":"unknown","_states":["Niger"]},"geometry":{"type":"LineString","coordinates":[[6.77029,9.71619],[6.74176,9.69999],[6.72128,9.69863]]}},{"type":"Feature","properties":{"railway":"rail","gauge":1067.0,"_label":null,"_status_group":"unknown","_states":["Niger"]},"geometry":{"type":"LineString","coordinates":[[6.69011,9.68354],[6.69004,9.68348]]}},{"type":"Feature","properties":{"railway":"rail","gauge":1067.0,"_label":null,"_status_group":"unknown","_states":["Niger"]},"geometry":{"type":"LineString","coordinates":[[6.79702,9.74739],[6.77054,9.71637]]}},{"type":"Feature","properties":{"railway":"rail","gauge":1067.0,"_label":null,"_status_group":"unknown","_states":["Niger"]},"geometry":{"type":"LineString","coordinates":[[6.72128,9.69863],[6.72096,9.69834]]}},{"type":"Feature","properties":{"railway":"rail","gauge":1067.0,"_label":null,"_status_group":"unknown","_states":["Niger"]},"geometry":{"type":"LineString","coordinates":[[6.72096,9.69834],[6.69011,9.68354]]}},{"type":"Feature","properties":{"railway":"rail","gauge":1067.0,"_label":null,"_status_group":"unknown","_states":["Niger"]},"geometry":{"type":"LineString","coordinates":[[6.82169,9.77055],[6.81286,9.76961],[6.79702,9.74739]]}},{"type":"Feature","properties":{"railway":"rail","gauge":1067.0,"_label":null,"_status_group":"unknown","_states":["Niger"]},"geometry":{"type":"LineString","coordinates":[[6.69004,9.68348],[6.67332,9.67121]]}},{"type":"Feature","properties":{"railway":"rail","gauge":1067.0,"_label":null,"_status_group":"unknown","_states":["Niger"]},"geometry":{"type":"LineString","coordinates":[[6.82169,9.77055],[6.84915,9.78425]]}},{"type":"Feature","properties":{"railway":"rail","gauge":1067.0,"_label":null,"_status_group":"unknown","_states":["Niger"]},"geometry":{"type":"LineString","coordinates":[[6.50282,9.62172],[6.50323,9.62153]]}},{"type":"Feature","properties":{"railway":"rail","gauge":1067.0,"_label":null,"_status_group":"unknown","_states":["Niger"]},"geometry":{"type":"LineString","coordinates":[[6.12732,9.80847],[6.14923,9.8213]]}},{"type":"Feature","properties":{"railway":"rail","gauge":1067.0,"_label":null,"_status_group":"unknown","_states":["Niger"]},"geometry":{"type":"LineString","coordinates":[[6.48066,9.62306],[6.48088,9.62302]]}},{"type":"Feature","properties":{"railway":"rail","gauge":1067.0,"_label":null,"_status_group":"unknown","_states":["Niger"]},"geometry":{"type":"LineString","coordinates":[[6.48088,9.62302],[6.50282,9.62172]]}},{"type":"Feature","properties":{"railway":"rail","gauge":1067.0,"_label":null,"_status_group":"unknown","_states":["Niger"]},"geometry":{"type":"LineString","coordinates":[[6.44524,9.62308],[6.45884,9.62155]]}},{"type":"Feature","properties":{"railway":"rail","gauge":1067.0,"_label":null,"_status_group":"unknown","_states":["Niger"]},"geometry":{"type":"LineString","coordinates":[[6.44488,9.62298],[6.44524,9.62308]]}},{"type":"Feature","properties":{"railway":"rail","gauge":1067.0,"_label":null,"_status_group":"unknown","_states":["Niger"]},"geometry":{"type":"LineString","coordinates":[[6.37621,9.64483],[6.40442,9.6248],[6.44488,9.62298]]}},{"type":"Feature","properties":{"railway":"rail","gauge":1067.0,"_label":null,"_status_group":"unknown","_states":["Niger"]},"geometry":{"type":"LineString","coordinates":[[6.37606,9.64476],[6.37621,9.64483]]}},{"type":"Feature","properties":{"railway":"rail","gauge":1067.0,"_label":null,"_status_group":"unknown","_states":["Niger"]},"geometry":{"type":"LineString","coordinates":[[6.31736,9.65327],[6.34165,9.64061],[6.34786,9.62875],[6.37606,9.64476]]}},{"type":"Feature","properties":{"railway":"rail","gauge":1067.0,"_label":null,"_status_group":"unknown","_states":["Niger"]},"geometry":{"type":"LineString","coordinates":[[6.22408,9.75091],[6.22427,9.7507]]}},{"type":"Feature","properties":{"railway":"rail","gauge":1067.0,"_label":null,"_status_group":"unknown","_states":["Niger"]},"geometry":{"type":"LineString","coordinates":[[6.22427,9.7507],[6.26814,9.70831],[6.2928,9.65818],[6.31736,9.65327]]}},{"type":"Feature","properties":{"railway":"rail","gauge":1067.0,"_label":null,"_status_group":"unknown","_states":["Niger"]},"geometry":{"type":"LineString","coordinates":[[6.1501,9.82077],[6.15143,9.81994]]}},{"type":"Feature","properties":{"railway":"rail","gauge":1067.0,"_label":null,"_status_group":"unknown","_states":["Niger"]},"geometry":{"type":"LineString","coordinates":[[6.14923,9.8213],[6.1501,9.82077]]}},{"type":"Feature","properties":{"railway":"rail","gauge":1067.0,"_label":null,"_status_group":"unknown","_states":["Ogun"]},"geometry":{"type":"LineString","coordinates":[[3.31064,7.25958],[3.34276,7.30797],[3.39362,7.31981]]}},{"type":"Feature","properties":{"railway":"rail","gauge":1067.0,"_label":null,"_status_group":"unknown","_states":["Ogun"]},"geometry":{"type":"LineString","coordinates":[[3.31064,7.25958],[3.31252,7.2386],[3.30367,7.2195]]}},{"type":"Feature","properties":{"railway":"rail","gauge":1067.0,"_label":null,"_status_group":"unknown","_states":["Ogun"]},"geometry":{"type":"LineString","coordinates":[[3.30367,7.2195],[3.30377,7.21912]]}},{"type":"Feature","properties":{"railway":"rail","gauge":1067.0,"_label":null,"_status_group":"unknown","_states":["Ogun"]},"geometry":{"type":"LineString","coordinates":[[3.30377,7.21912],[3.33268,7.19965],[3.33286,7.17337],[3.31868,7.14771]]}},{"type":"Feature","properties":{"railway":"rail","gauge":1067.0,"_label":null,"_status_group":"unknown","_states":["Ogun"]},"geometry":{"type":"LineString","coordinates":[[3.24855,7.04748],[3.30114,7.05175],[3.30855,7.06971],[3.29644,7.09465],[3.29904,7.12408],[3.31311,7.1376]]}},{"type":"Feature","properties":{"railway":"rail","gauge":1067.0,"_label":null,"_status_group":"unknown","_states":["Ogun"]},"geometry":{"type":"LineString","coordinates":[[3.31332,7.13824],[3.31311,7.1376]]}},{"type":"Feature","properties":{"railway":"rail","gauge":1067.0,"_label":null,"_status_group":"unknown","_states":["Ogun"]},"geometry":{"type":"LineString","coordinates":[[3.31868,7.14771],[3.31382,7.13902]]}},{"type":"Feature","properties":{"railway":"rail","gauge":1067.0,"_label":null,"_status_group":"unknown","_states":["Ogun"]},"geometry":{"type":"LineString","coordinates":[[3.31382,7.13902],[3.31332,7.13824]]}},{"type":"Feature","properties":{"railway":"rail","gauge":1067.0,"_label":null,"_status_group":"unknown","_states":["Niger"]},"geometry":{"type":"LineString","coordinates":[[6.53143,9.6014],[6.52594,9.61263]]}},{"type":"Feature","properties":{"railway":"rail","gauge":1067.0,"_label":null,"_status_group":"unknown","_states":["Niger"]},"geometry":{"type":"LineString","coordinates":[[6.53167,9.60128],[6.53143,9.6014]]}},{"type":"Feature","properties":{"railway":"rail","gauge":1067.0,"_label":null,"_status_group":"unknown","_states":["Niger"]},"geometry":{"type":"LineString","coordinates":[[6.5492,9.6132],[6.54884,9.61295]]}},{"type":"Feature","properties":{"railway":"rail","gauge":1067.0,"_label":null,"_status_group":"unknown","_states":["Niger"]},"geometry":{"type":"LineString","coordinates":[[6.52298,9.6136],[6.51523,9.60975],[6.50323,9.62153]]}},{"type":"Feature","properties":{"railway":"rail","gauge":1067.0,"_label":null,"_status_group":"unknown","_states":["Niger"]},"geometry":{"type":"LineString","coordinates":[[6.52327,9.61358],[6.52298,9.6136]]}},{"type":"Feature","properties":{"railway":"rail","gauge":1067.0,"_label":null,"_status_group":"unknown","_states":["Niger"]},"geometry":{"type":"LineString","coordinates":[[6.54884,9.61295],[6.53738,9.60085]]}},{"type":"Feature","properties":{"railway":"rail","gauge":1067.0,"_label":null,"_status_group":"unknown","_states":["Niger"]},"geometry":{"type":"LineString","coordinates":[[6.88103,9.78791],[6.88202,9.78786]]}},{"type":"Feature","properties":{"railway":"rail","gauge":1067.0,"_label":null,"_status_group":"unknown","_states":["Niger"]},"geometry":{"type":"LineString","coordinates":[[6.93518,9.81558],[6.94327,9.81947]]}},{"type":"Feature","properties":{"railway":"rail","gauge":1067.0,"_label":null,"_status_group":"unknown","_states":["Niger"]},"geometry":{"type":"LineString","coordinates":[[6.88202,9.78786],[6.90511,9.7934],[6.93518,9.81558]]}},{"type":"Feature","properties":{"railway":"rail","gauge":1067.0,"_label":null,"_status_group":"unknown","_states":["Niger"]},"geometry":{"type":"LineString","coordinates":[[6.9578,9.83383],[6.97166,9.8824],[7.03509,9.95089],[7.0424,9.98253],[7.08957,9.99121],[7.10154,10.00167],[7.10206,10.0139]]}},{"type":"Feature","properties":{"railway":"rail","gauge":1067.0,"_label":null,"_status_group":"unknown","_states":["Niger"]},"geometry":{"type":"LineString","coordinates":[[6.94327,9.81947],[6.94471,9.82021]]}},{"type":"Feature","properties":{"railway":"rail","gauge":1067.0,"_label":null,"_status_group":"unknown","_states":["Niger"]},"geometry":{"type":"LineString","coordinates":[[6.95042,9.8229],[6.95759,9.83285]]}},{"type":"Feature","properties":{"railway":"rail","gauge":1067.0,"_label":null,"_status_group":"unknown","_states":["Niger"]},"geometry":{"type":"LineString","coordinates":[[6.94471,9.82021],[6.95042,9.8229]]}},{"type":"Feature","properties":{"railway":"rail","gauge":1067.0,"_label":null,"_status_group":"unknown","_states":["Niger"]},"geometry":{"type":"LineString","coordinates":[[6.95759,9.83285],[6.9578,9.83383]]}},{"type":"Feature","properties":{"railway":"rail","gauge":1067.0,"_label":null,"_status_group":"unknown","_states":["Niger"]},"geometry":{"type":"LineString","coordinates":[[7.10212,10.01424],[7.1109,10.02867]]}},{"type":"Feature","properties":{"railway":"rail","gauge":1067.0,"_label":null,"_status_group":"unknown","_states":["Niger"]},"geometry":{"type":"LineString","coordinates":[[6.53738,9.60085],[6.53712,9.60085]]}},{"type":"Feature","properties":{"railway":"rail","gauge":1067.0,"_label":null,"_status_group":"unknown","_states":["Niger"]},"geometry":{"type":"LineString","coordinates":[[7.10206,10.0139],[7.10212,10.01424]]}},{"type":"Feature","properties":{"railway":"rail","gauge":1067.0,"_label":null,"_status_group":"unknown","_states":["Niger"]},"geometry":{"type":"LineString","coordinates":[[6.53712,9.60085],[6.53167,9.60128]]}},{"type":"Feature","properties":{"railway":"rail","gauge":1435.0,"_label":null,"_status_group":"unknown","_states":["Delta"]},"geometry":{"type":"LineString","coordinates":[[5.7749,5.47611],[5.77489,5.47532]]}},{"type":"Feature","properties":{"railway":"rail","gauge":1435.0,"_label":null,"_status_group":"unknown","_states":["Delta"]},"geometry":{"type":"LineString","coordinates":[[5.77489,5.47532],[5.78142,5.46449]]}},{"type":"Feature","properties":{"railway":"rail","gauge":1067.0,"_label":null,"_status_group":"unknown","_states":["Borno"]},"geometry":{"type":"LineString","coordinates":[[12.59728,11.66339],[12.59752,11.66353]]}},{"type":"Feature","properties":{"railway":"rail","gauge":1067.0,"_label":null,"_status_group":"unknown","_states":["Borno"]},"geometry":{"type":"LineString","coordinates":[[12.59752,11.66353],[12.81766,11.72519],[12.88243,11.7525],[12.98776,11.7828],[13.07428,11.81779],[13.15927,11.86428]]}},{"type":"Feature","properties":{"railway":"rail","name":"Eastern Rail Line","gauge":1067.0,"_label":"Eastern Rail Line","_status_group":"unknown","_states":["Benue"]},"geometry":{"type":"LineString","coordinates":[[8.08637,7.10706],[8.10785,7.15752],[8.12339,7.17928],[8.1435,7.191],[8.1548,7.21292],[8.18533,7.21504],[8.1978,7.23638],[8.27619,7.26569],[8.2929,7.29362],[8.31007,7.30154],[8.32229,7.32958],[8.33146,7.31046],[8.34606,7.31861],[8.36424,7.36253],[8.37403,7.36858],[8.37004,7.39284],[8.39178,7.45043],[8.41465,7.46336],[8.45033,7.52829],[8.47578,7.55631],[8.46932,7.57912],[8.47929,7.66987],[8.50632,7.68935],[8.50681,7.70285],[8.52039,7.7233],[8.53876,7.72791],[8.53827,7.73951]]}},{"type":"Feature","properties":{"railway":"rail","gauge":1435.0,"_label":null,"_status_group":"unknown","_states":["Delta"]},"geometry":{"type":"LineString","coordinates":[[5.78607,5.46359],[5.78691,5.46365]]}},{"type":"Feature","properties":{"railway":"rail","gauge":1435.0,"_label":null,"_status_group":"unknown","_states":["Delta"]},"geometry":{"type":"LineString","coordinates":[[5.78691,5.46365],[5.8226,5.4716],[5.84671,5.51362]]}},{"type":"Feature","properties":{"railway":"rail","name":"Eastern Rail Line","gauge":1067.0,"_label":"Eastern Rail Line","_status_group":"unknown","_states":["Benue","Nasarawa"]},"geometry":{"type":"LineString","coordinates":[[8.56601,7.90368],[8.56676,7.93521],[8.53783,7.95644],[8.52224,8.03614],[8.52716,8.08391],[8.5154,8.10225],[8.52568,8.11713],[8.53243,8.16612],[8.52418,8.21428],[8.53211,8.24398],[8.52503,8.27061],[8.52853,8.31113],[8.5502,8.34727],[8.53555,8.37623],[8.54824,8.40269],[8.55333,8.45227],[8.53571,8.45943],[8.53323,8.47145]]}},{"type":"Feature","properties":{"railway":"rail","gauge":1067.0,"_label":null,"_status_group":"unknown","_states":["Rivers","Abia"]},"geometry":{"type":"LineString","coordinates":[[7.06022,4.84056],[7.15647,4.85777],[7.17212,4.88097]]}},{"type":"Feature","properties":{"railway":"rail","gauge":1067.0,"_label":null,"_status_group":"unknown","_states":["Abia"]},"geometry":{"type":"LineString","coordinates":[[7.17212,4.88097],[7.17207,4.88237]]}},{"type":"Feature","properties":{"railway":"rail","name":"Eastern Rail line","gauge":1067.0,"_label":"Eastern Rail line","_status_group":"unknown","_states":["Abia","Enugu","Ebonyi"]},"geometry":{"type":"LineString","coordinates":[[7.35937,5.14285],[7.37378,5.14217],[7.40599,5.24097],[7.44564,5.431],[7.47677,5.46255],[7.4816,5.50386],[7.49846,5.54412],[7.50604,5.53921],[7.52267,5.55383],[7.50798,5.56221],[7.50766,5.57205],[7.54651,5.6045],[7.5581,5.62882],[7.52065,5.6533],[7.52417,5.68456],[7.51616,5.68955],[7.52497,5.69824],[7.51782,5.71998],[7.53312,5.72461],[7.53674,5.73415],[7.50562,5.74852],[7.53455,5.77666],[7.53317,5.8263],[7.55572,5.91053],[7.53756,5.94486],[7.54102,5.97129],[7.56224,6.00702],[7.56309,6.02668],[7.59236,6.07375],[7.59392,6.12885],[7.57299,6.1719]]}},{"type":"Feature","properties":{"railway":"rail","gauge":1067.0,"_label":null,"_status_group":"unknown","_states":["Niger"]},"geometry":{"type":"LineString","coordinates":[[6.15196,9.81961],[6.15225,9.81944]]}},{"type":"Feature","properties":{"railway":"rail","gauge":1067.0,"_label":null,"_status_group":"unknown","_states":["Niger"]},"geometry":{"type":"LineString","coordinates":[[6.15225,9.81944],[6.18871,9.80223]]}},{"type":"Feature","properties":{"railway":"rail","gauge":1067.0,"_label":null,"_status_group":"unknown","_states":["Niger"]},"geometry":{"type":"LineString","coordinates":[[6.15162,9.81982],[6.15196,9.81961]]}},{"type":"Feature","properties":{"railway":"rail","gauge":1067.0,"_label":null,"_status_group":"unknown","_states":["Niger"]},"geometry":{"type":"LineString","coordinates":[[6.15143,9.81994],[6.15162,9.81982]]}},{"type":"Feature","properties":{"railway":"rail","_label":null,"_status_group":"unknown","_states":["Niger"]},"geometry":{"type":"LineString","coordinates":[[6.17117,9.81118],[6.16973,9.81157]]}},{"type":"Feature","properties":{"railway":"rail","_label":null,"_status_group":"unknown","_states":["Niger"]},"geometry":{"type":"LineString","coordinates":[[6.16857,9.81167],[6.17219,9.81093]]}},{"type":"Feature","properties":{"railway":"rail","_label":null,"_status_group":"unknown","_states":["Niger"]},"geometry":{"type":"LineString","coordinates":[[6.1678,9.81191],[6.17192,9.81099]]}},{"type":"Feature","properties":{"railway":"rail","gauge":1067.0,"_label":null,"_status_group":"unknown","_states":["Niger"]},"geometry":{"type":"LineString","coordinates":[[6.18871,9.80223],[6.18876,9.80205]]}},{"type":"Feature","properties":{"railway":"rail","gauge":1067.0,"_label":null,"_status_group":"unknown","_states":["Niger"]},"geometry":{"type":"LineString","coordinates":[[6.18876,9.80205],[6.19695,9.79202]]}},{"type":"Feature","properties":{"railway":"rail","gauge":1067.0,"_label":null,"_status_group":"unknown","_states":["Niger"]},"geometry":{"type":"LineString","coordinates":[[6.19709,9.79188],[6.22408,9.75091]]}},{"type":"Feature","properties":{"railway":"rail","gauge":1067.0,"_label":null,"_status_group":"unknown","_states":["Niger"]},"geometry":{"type":"LineString","coordinates":[[6.19695,9.79202],[6.19709,9.79188]]}},{"type":"Feature","properties":{"railway":"rail","_label":null,"_status_group":"unknown","_states":["Niger"]},"geometry":{"type":"LineString","coordinates":[[6.5441,9.60743],[6.5425,9.60453]]}},{"type":"Feature","properties":{"railway":"rail","_label":null,"_status_group":"unknown","_states":["Niger"]},"geometry":{"type":"LineString","coordinates":[[6.54321,9.60706],[6.54487,9.60747]]}},{"type":"Feature","properties":{"railway":"rail","_label":null,"_status_group":"unknown","_states":["Niger"]},"geometry":{"type":"LineString","coordinates":[[6.54387,9.60749],[6.5444,9.60785]]}},{"type":"Feature","properties":{"railway":"rail","_label":null,"_status_group":"unknown","_states":["Niger"]},"geometry":{"type":"LineString","coordinates":[[6.54723,9.61168],[6.54273,9.60651]]}},{"type":"Feature","properties":{"railway":"rail","_label":null,"_status_group":"unknown","_states":["Niger"]},"geometry":{"type":"LineString","coordinates":[[6.5429,9.60678],[6.5466,9.611]]}},{"type":"Feature","properties":{"railway":"rail","_label":null,"_status_group":"unknown","_states":["Niger"]},"geometry":{"type":"LineString","coordinates":[[6.54306,9.60709],[6.54602,9.61049]]}},{"type":"Feature","properties":{"railway":"rail","_label":null,"_status_group":"unknown","_states":["Niger"]},"geometry":{"type":"LineString","coordinates":[[6.54564,9.6102],[6.54334,9.60757]]}},{"type":"Feature","properties":{"railway":"rail","_label":null,"_status_group":"unknown","_states":["Niger"]},"geometry":{"type":"LineString","coordinates":[[6.54355,9.60781],[6.54535,9.60986]]}},{"type":"Feature","properties":{"railway":"rail","_label":null,"_status_group":"unknown","_states":["Niger"]},"geometry":{"type":"LineString","coordinates":[[6.54614,9.61058],[6.54326,9.60734]]}},{"type":"Feature","properties":{"railway":"rail","_label":null,"_status_group":"unknown","_states":["Niger"]},"geometry":{"type":"LineString","coordinates":[[6.54244,9.60452],[6.54242,9.60578]]}},{"type":"Feature","properties":{"railway":"rail","_label":null,"_status_group":"unknown","_states":["Niger"]},"geometry":{"type":"LineString","coordinates":[[6.54253,9.60337],[6.54237,9.60551]]}},{"type":"Feature","properties":{"railway":"rail","_label":null,"_status_group":"unknown","_states":["Niger"]},"geometry":{"type":"LineString","coordinates":[[6.04611,9.74637],[6.0469,9.75098]]}},{"type":"Feature","properties":{"railway":"rail","_label":null,"_status_group":"unknown","_states":["Niger"]},"geometry":{"type":"LineString","coordinates":[[6.04646,9.74878],[6.04614,9.74666]]}},{"type":"Feature","properties":{"railway":"rail","gauge":1067.0,"_label":null,"_status_group":"unknown","_states":["Yobe"]},"geometry":{"type":"LineString","coordinates":[[11.87605,11.14479],[11.84595,11.1187],[11.72345,11.04932],[11.69155,11.00441],[11.66058,10.97713],[11.60133,10.95693],[11.52803,10.89885]]}},{"type":"Feature","properties":{"railway":"rail","gauge":1067.0,"_label":null,"_status_group":"unknown","_states":["Yobe"]},"geometry":{"type":"LineString","coordinates":[[11.87632,11.14514],[11.87605,11.14479]]}},{"type":"Feature","properties":{"railway":"rail","gauge":1435.0,"_label":null,"_status_group":"unknown","_states":["Kaduna"]},"geometry":{"type":"LineString","coordinates":[[7.33762,10.49666],[7.34969,10.52284]]}},{"type":"Feature","properties":{"railway":"rail","gauge":1435.0,"_label":null,"_status_group":"unknown","_states":["Kaduna"]},"geometry":{"type":"LineString","coordinates":[[7.33538,10.49005],[7.33762,10.49666]]}},{"type":"Feature","properties":{"railway":"rail","gauge":1435.0,"_label":null,"_status_group":"unknown","_states":["Kaduna"]},"geometry":{"type":"LineString","coordinates":[[7.33538,10.49005],[7.33845,10.45977]]}},{"type":"Feature","properties":{"railway":"rail","gauge":1067.0,"_label":null,"_status_group":"unknown","_states":["Yobe"]},"geometry":{"type":"LineString","coordinates":[[12.09688,11.32223],[12.31828,11.4732]]}},{"type":"Feature","properties":{"railway":"rail","gauge":1067.0,"_label":null,"_status_group":"unknown","_states":["Yobe"]},"geometry":{"type":"LineString","coordinates":[[12.09663,11.3221],[12.09688,11.32223]]}},{"type":"Feature","properties":{"railway":"rail","gauge":1435.0,"_label":null,"_status_group":"unknown","_states":["Kaduna"]},"geometry":{"type":"LineString","coordinates":[[7.36321,10.07926],[7.37229,10.05824]]}},{"type":"Feature","properties":{"railway":"rail","gauge":1435.0,"_label":null,"_status_group":"unknown","_states":["Kaduna"]},"geometry":{"type":"LineString","coordinates":[[7.36324,10.08097],[7.36321,10.07926]]}},{"type":"Feature","properties":{"railway":"rail","name":"West Line","gauge":1067.0,"_label":"West Line","_status_group":"unknown","_states":["Kaduna"]},"geometry":{"type":"LineString","coordinates":[[7.66561,11.03133],[7.66584,11.03156]]}},{"type":"Feature","properties":{"railway":"rail","name":"West Line","gauge":1067.0,"_label":"West Line","_status_group":"unknown","_states":["Kaduna"]},"geometry":{"type":"LineString","coordinates":[[7.66584,11.03156],[7.66679,11.07276],[7.7026,11.10179],[7.72132,11.10382],[7.74282,11.14922]]}},{"type":"Feature","properties":{"railway":"rail","gauge":1067.0,"_label":null,"_status_group":"unknown","_states":["Kaduna"]},"geometry":{"type":"LineString","coordinates":[[7.72614,11.11269],[7.72709,11.11296]]}},{"type":"Feature","properties":{"railway":"rail","gauge":1067.0,"_label":null,"_status_group":"unknown","_states":["Kaduna"]},"geometry":{"type":"LineString","coordinates":[[7.7262,11.11265],[7.72682,11.11281]]}},{"type":"Feature","properties":{"railway":"rail","gauge":1067.0,"_label":null,"_status_group":"unknown","_states":["Kaduna"]},"geometry":{"type":"LineString","coordinates":[[7.72617,11.11322],[7.72671,11.11351]]}},{"type":"Feature","properties":{"railway":"rail","gauge":1067.0,"_label":null,"_status_group":"unknown","_states":["Kaduna"]},"geometry":{"type":"LineString","coordinates":[[7.72529,11.1129],[7.72555,11.11338]]}},{"type":"Feature","properties":{"railway":"rail","gauge":1067.0,"_label":null,"_status_group":"unknown","_states":["Kaduna"]},"geometry":{"type":"LineString","coordinates":[[7.72558,11.11357],[7.72565,11.11373]]}},{"type":"Feature","properties":{"railway":"rail","gauge":1067.0,"_label":null,"_status_group":"unknown","_states":["Kaduna"]},"geometry":{"type":"LineString","coordinates":[[7.72532,11.11285],[7.72565,11.11352]]}},{"type":"Feature","properties":{"railway":"rail","gauge":1067.0,"_label":null,"_status_group":"unknown","_states":["Kaduna"]},"geometry":{"type":"LineString","coordinates":[[7.72562,11.1135],[7.72571,11.11373]]}},{"type":"Feature","properties":{"railway":"rail","gauge":1067.0,"_label":null,"_status_group":"unknown","_states":["Kaduna"]},"geometry":{"type":"LineString","coordinates":[[7.7254,11.11315],[7.72558,11.11357]]}},{"type":"Feature","properties":{"railway":"rail","gauge":1067.0,"_label":null,"_status_group":"unknown","_states":["Kaduna"]},"geometry":{"type":"LineString","coordinates":[[7.72555,11.11338],[7.72568,11.11371]]}},{"type":"Feature","properties":{"railway":"rail","gauge":1067.0,"_label":null,"_status_group":"unknown","_states":["Kaduna"]},"geometry":{"type":"LineString","coordinates":[[7.72565,11.11352],[7.72576,11.11375]]}},{"type":"Feature","properties":{"railway":"rail","gauge":1067.0,"_label":null,"_status_group":"unknown","_states":["Kaduna"]},"geometry":{"type":"LineString","coordinates":[[7.72539,11.11303],[7.72562,11.1135]]}},{"type":"Feature","properties":{"railway":"rail","name":"West Line","gauge":1067.0,"_label":"West Line","_status_group":"unknown","_states":["Kaduna"]},"geometry":{"type":"LineString","coordinates":[[7.74282,11.14922],[7.74329,11.14968]]}},{"type":"Feature","properties":{"railway":"rail","name":"Western Line","gauge":1067.0,"_label":"Western Line","_status_group":"unknown","_states":["Jigawa","Kano"]},"geometry":{"type":"LineString","coordinates":[[8.54032,12.00082],[8.60162,12.00623],[8.64312,12.00046],[8.77332,12.04819],[8.82379,12.07317],[8.84205,12.09298],[8.90262,12.09929],[9.00163,12.12956],[9.16314,12.15491],[9.25308,12.21236],[9.30086,12.23211],[9.38863,12.28674],[10.35572,12.81635]]}},{"type":"Feature","properties":{"railway":"rail","gauge":1067.0,"_label":null,"_status_group":"unknown","_states":["Kano"]},"geometry":{"type":"LineString","coordinates":[[8.51109,11.9593],[8.5112,11.9594]]}},{"type":"Feature","properties":{"railway":"rail","_label":null,"_status_group":"unknown","_states":["Rivers"]},"geometry":{"type":"LineString","coordinates":[[7.01646,4.76538],[7.01549,4.76816]]}},{"type":"Feature","properties":{"railway":"rail","_label":null,"_status_group":"unknown","_states":["Rivers"]},"geometry":{"type":"LineString","coordinates":[[7.0165,4.7654],[7.01501,4.76954]]}},{"type":"Feature","properties":{"railway":"rail","_label":null,"_status_group":"unknown","_states":["Rivers"]},"geometry":{"type":"LineString","coordinates":[[7.01592,4.76494],[7.01531,4.7679]]}},{"type":"Feature","properties":{"railway":"rail","_label":null,"_status_group":"unknown","_states":["Rivers"]},"geometry":{"type":"LineString","coordinates":[[7.01617,4.7653],[7.0153,4.76806]]}},{"type":"Feature","properties":{"railway":"rail","_label":null,"_status_group":"unknown","_states":["Gombe"]},"geometry":{"type":"LineString","coordinates":[[11.1863,10.29067],[11.1872,10.28367]]}},{"type":"Feature","properties":{"railway":"rail","_label":null,"_status_group":"unknown","_states":["Gombe"]},"geometry":{"type":"LineString","coordinates":[[11.18715,10.28424],[11.18638,10.2902]]}},{"type":"Feature","properties":{"railway":"rail","_label":null,"_status_group":"unknown","_states":["Gombe"]},"geometry":{"type":"LineString","coordinates":[[11.1864,10.28951],[11.18705,10.28442]]}},{"type":"Feature","properties":{"railway":"rail","_label":null,"_status_group":"unknown","_states":["Gombe"]},"geometry":{"type":"LineString","coordinates":[[11.18701,10.28461],[11.18724,10.28274]]}},{"type":"Feature","properties":{"railway":"rail","gauge":1067.0,"_label":null,"_status_group":"unknown","_states":["Gombe"]},"geometry":{"type":"LineString","coordinates":[[11.31211,10.37658],[11.31193,10.37648]]}},{"type":"Feature","properties":{"railway":"rail","_label":null,"_status_group":"unknown","_states":["Gombe"]},"geometry":{"type":"LineString","coordinates":[[11.37257,10.42341],[11.3689,10.4191]]}},{"type":"Feature","properties":{"railway":"rail","_label":null,"_status_group":"unknown","_states":["Gombe"]},"geometry":{"type":"LineString","coordinates":[[11.36878,10.41896],[11.37229,10.42309]]}},{"type":"Feature","properties":{"railway":"rail","_label":null,"_status_group":"unknown","_states":["Gombe"]},"geometry":{"type":"LineString","coordinates":[[11.43569,10.84213],[11.4393,10.85005]]}},{"type":"Feature","properties":{"railway":"rail","_label":null,"_status_group":"unknown","_states":["Gombe"]},"geometry":{"type":"LineString","coordinates":[[11.43875,10.84874],[11.43605,10.84283]]}},{"type":"Feature","properties":{"railway":"rail","_label":null,"_status_group":"unknown","_states":["Borno"]},"geometry":{"type":"LineString","coordinates":[[13.15787,11.86409],[13.15819,11.86426]]}},{"type":"Feature","properties":{"railway":"rail","name":"West Line Branch","gauge":1067.0,"_label":"West Line Branch","_status_group":"unknown","_states":["Zamfara","Katsina","Kaduna"]},"geometry":{"type":"LineString","coordinates":[[6.61327,12.27678],[6.66282,12.17209],[6.78923,12.07197],[6.86255,12.03223],[6.94614,11.95053],[6.9472,11.92987],[6.98057,11.8672],[7.06129,11.79312],[7.11236,11.75944],[7.2265,11.64057],[7.23837,11.63227],[7.24882,11.63779],[7.28066,11.61946],[7.3162,11.56279],[7.31927,11.51928],[7.32755,11.51508],[7.32574,11.50612],[7.35692,11.4548],[7.41296,11.39512],[7.44413,11.3747],[7.46093,11.34897],[7.48376,11.33943],[7.48748,11.32213],[7.50196,11.31483],[7.50473,11.30259],[7.51939,11.29821],[7.57438,11.23036],[7.61646,11.20286],[7.65813,11.15938],[7.72575,11.12101],[7.72488,11.11335]]}},{"type":"Feature","properties":{"railway":"rail","name":"West Line Branch","gauge":1067.0,"_label":"West Line Branch","_status_group":"unknown","_states":["Zamfara"]},"geometry":{"type":"LineString","coordinates":[[6.61317,12.27726],[6.61327,12.27678]]}},{"type":"Feature","properties":{"railway":"rail","_label":null,"_status_group":"unknown","_states":["Abuja Federal Capital Territory"]},"geometry":{"type":"LineString","coordinates":[[7.33688,9.05232],[7.34723,9.0447]]}},{"type":"Feature","properties":{"railway":"rail","_label":null,"_status_group":"unknown","_states":["Abuja Federal Capital Territory"]},"geometry":{"type":"LineString","coordinates":[[7.34233,9.0486],[7.33685,9.05226]]}},{"type":"Feature","properties":{"railway":"rail","gauge":1067.0,"_label":null,"_status_group":"unknown","_states":["Kwara"]},"geometry":{"type":"LineString","coordinates":[[4.79632,8.95401],[4.8073,8.9666],[4.81381,9.02976],[4.80691,9.05271],[4.83017,9.0865],[4.82982,9.09938]]}},{"type":"Feature","properties":{"railway":"rail","gauge":1067.0,"_label":null,"_status_group":"unknown","_states":["Kwara"]},"geometry":{"type":"LineString","coordinates":[[4.7962,8.95392],[4.79632,8.95401]]}},{"type":"Feature","properties":{"railway":"rail","name":"Eastern Rail Line","gauge":1067.0,"_label":"Eastern Rail Line","_status_group":"unknown","_states":["Enugu"]},"geometry":{"type":"LineString","coordinates":[[7.57873,6.47651],[7.56628,6.45807],[7.53315,6.46465],[7.49884,6.45389]]}},{"type":"Feature","properties":{"railway":"rail","name":"Eastern Rail Line","gauge":1067.0,"_label":"Eastern Rail Line","_status_group":"unknown","_states":["Benue"]},"geometry":{"type":"LineString","coordinates":[[8.02569,6.94426],[8.02607,6.94428]]}},{"type":"Feature","properties":{"railway":"rail","name":"Eastern Rail Line","gauge":1067.0,"_label":"Eastern Rail Line","_status_group":"unknown","_states":["Benue","Enugu"]},"geometry":{"type":"LineString","coordinates":[[7.76123,6.64893],[7.81646,6.72169],[7.86725,6.77323],[7.90008,6.79114],[7.93436,6.7957],[7.94634,6.79044],[7.96618,6.8015],[8.02569,6.94426]]}},{"type":"Feature","properties":{"railway":"rail","name":"Eastern Rail Line","gauge":1067.0,"_label":"Eastern Rail Line","_status_group":"unknown","_states":["Enugu"]},"geometry":{"type":"LineString","coordinates":[[7.7608,6.64822],[7.76123,6.64893]]}},{"type":"Feature","properties":{"railway":"rail","name":"Eastern Rail Line","gauge":1067.0,"_label":"Eastern Rail Line","_status_group":"unknown","_states":["Enugu","Ebonyi"]},"geometry":{"type":"LineString","coordinates":[[7.5789,6.47683],[7.62654,6.51016],[7.67016,6.52128],[7.67852,6.53708],[7.67607,6.55823],[7.71008,6.56755],[7.73436,6.62657],[7.7608,6.64822]]}},{"type":"Feature","properties":{"railway":"rail","gauge":1067.0,"_label":null,"_status_group":"unknown","_states":["Gombe"]},"geometry":{"type":"LineString","coordinates":[[11.18603,10.29263],[11.18602,10.29273]]}},{"type":"Feature","properties":{"railway":"rail","gauge":1067.0,"_label":null,"_status_group":"unknown","_states":["Gombe"]},"geometry":{"type":"LineString","coordinates":[[11.18602,10.29273],[11.18003,10.3038]]}},{"type":"Feature","properties":{"railway":"rail","name":"unguwa uku","_label":"unguwa uku","_status_group":"unknown","_states":["Gombe"]},"geometry":{"type":"LineString","coordinates":[[11.18663,10.29053],[11.18631,10.29031]]}},{"type":"Feature","properties":{"railway":"rail","gauge":1067.0,"_label":null,"_status_group":"unknown","_states":["Gombe"]},"geometry":{"type":"LineString","coordinates":[[11.17999,10.30387],[11.15572,10.35953],[11.12198,10.36716]]}},{"type":"Feature","properties":{"railway":"rail","gauge":1067.0,"_label":null,"_status_group":"unknown","_states":["Gombe"]},"geometry":{"type":"LineString","coordinates":[[11.18003,10.3038],[11.17999,10.30387]]}},{"type":"Feature","properties":{"railway":"rail","gauge":1435.0,"_label":null,"_status_group":"unknown","_states":["Delta","Edo"]},"geometry":{"type":"LineString","coordinates":[[6.19338,5.97454],[6.20409,6.06861],[6.22797,6.17338]]}},{"type":"Feature","properties":{"railway":"rail","_label":null,"_status_group":"unknown","_states":["Gombe"]},"geometry":{"type":"LineString","coordinates":[[11.47909,10.92715],[11.47856,10.92108]]}},{"type":"Feature","properties":{"railway":"rail","_label":null,"_status_group":"unknown","_states":["Gombe"]},"geometry":{"type":"LineString","coordinates":[[11.47864,10.92145],[11.47909,10.92663]]}},{"type":"Feature","properties":{"railway":"rail","_label":null,"_status_group":"unknown","_states":["Gombe"]},"geometry":{"type":"LineString","coordinates":[[11.47912,10.92749],[11.47859,10.92143]]}},{"type":"Feature","properties":{"railway":"rail","_label":null,"_status_group":"unknown","_states":["Gombe"]},"geometry":{"type":"LineString","coordinates":[[11.47857,10.92185],[11.47904,10.92699]]}},{"type":"Feature","properties":{"railway":"rail","_label":null,"_status_group":"unknown","_states":["Gombe"]},"geometry":{"type":"LineString","coordinates":[[11.47933,10.92872],[11.47986,10.93499]]}},{"type":"Feature","properties":{"railway":"rail","_label":null,"_status_group":"unknown","_states":["Gombe"]},"geometry":{"type":"LineString","coordinates":[[11.47943,10.92929],[11.47988,10.93457]]}},{"type":"Feature","properties":{"railway":"rail","_label":null,"_status_group":"unknown","_states":["Gombe"]},"geometry":{"type":"LineString","coordinates":[[11.47987,10.9351],[11.47917,10.92797]]}},{"type":"Feature","properties":{"railway":"rail","_label":null,"_status_group":"unknown","_states":["Gombe"]},"geometry":{"type":"LineString","coordinates":[[11.47974,10.93493],[11.47916,10.9287]]}},{"type":"Feature","properties":{"railway":"rail","_label":null,"_status_group":"unknown","_states":["Gombe"]},"geometry":{"type":"LineString","coordinates":[[11.47914,10.92763],[11.4799,10.93565]]}},{"type":"Feature","properties":{"railway":"rail","_label":null,"_status_group":"unknown","_states":["Gombe"]},"geometry":{"type":"LineString","coordinates":[[11.43622,10.8432],[11.43854,10.84829]]}},{"type":"Feature","properties":{"railway":"rail","_label":null,"_status_group":"unknown","_states":["Gombe"]},"geometry":{"type":"LineString","coordinates":[[11.43863,10.84827],[11.43626,10.84313]]}},{"type":"Feature","properties":{"railway":"rail","_label":null,"_status_group":"unknown","_states":["Gombe"]},"geometry":{"type":"LineString","coordinates":[[11.43885,10.84907],[11.4364,10.84368]]}},{"type":"Feature","properties":{"railway":"rail","_label":null,"_status_group":"unknown","_states":["Gombe"]},"geometry":{"type":"LineString","coordinates":[[11.43905,10.84941],[11.43578,10.84229]]}},{"type":"Feature","properties":{"railway":"rail","_label":null,"_status_group":"unknown","_states":["Gombe"]},"geometry":{"type":"LineString","coordinates":[[11.43847,10.84756],[11.43931,10.84909]]}},{"type":"Feature","properties":{"railway":"rail","_label":null,"_status_group":"unknown","_states":["Gombe"]},"geometry":{"type":"LineString","coordinates":[[11.43726,10.84593],[11.43665,10.84434]]}},{"type":"Feature","properties":{"railway":"rail","_label":null,"_status_group":"unknown","_states":["Gombe"]},"geometry":{"type":"LineString","coordinates":[[11.43894,10.84916],[11.43607,10.84265]]}},{"type":"Feature","properties":{"railway":"rail","_label":null,"_status_group":"unknown","_states":["Gombe"]},"geometry":{"type":"LineString","coordinates":[[11.43628,10.84295],[11.43886,10.84863]]}},{"type":"Feature","properties":{"railway":"rail","_label":null,"_status_group":"unknown","_states":["Gombe"]},"geometry":{"type":"LineString","coordinates":[[11.3676,10.70714],[11.36625,10.7022]]}},{"type":"Feature","properties":{"railway":"rail","_label":null,"_status_group":"unknown","_states":["Gombe"]},"geometry":{"type":"LineString","coordinates":[[11.18718,10.28413],[11.18646,10.28985]]}},{"type":"Feature","properties":{"railway":"rail","_label":null,"_status_group":"unknown","_states":["Gombe"]},"geometry":{"type":"LineString","coordinates":[[11.1872,10.28452],[11.18722,10.28545]]}},{"type":"Feature","properties":{"railway":"rail","_label":null,"_status_group":"unknown","_states":["Gombe"]},"geometry":{"type":"LineString","coordinates":[[11.18725,10.28566],[11.18776,10.28443]]}},{"type":"Feature","properties":{"railway":"rail","_label":null,"_status_group":"unknown","_states":["Gombe"]},"geometry":{"type":"LineString","coordinates":[[11.18732,10.28556],[11.18753,10.28402]]}},{"type":"Feature","properties":{"railway":"rail","_label":null,"_status_group":"unknown","_states":["Gombe"]},"geometry":{"type":"LineString","coordinates":[[11.18741,10.28191],[11.1872,10.28387]]}},{"type":"Feature","properties":{"railway":"rail","_label":null,"_status_group":"unknown","_states":["Gombe"]},"geometry":{"type":"LineString","coordinates":[[11.18723,10.28365],[11.1874,10.28216]]}},{"type":"Feature","properties":{"railway":"rail","_label":null,"_status_group":"unknown","_states":["Bauchi"]},"geometry":{"type":"LineString","coordinates":[[9.84654,10.29195],[9.85164,10.29437]]}},{"type":"Feature","properties":{"railway":"rail","_label":null,"_status_group":"unknown","_states":["Bauchi"]},"geometry":{"type":"LineString","coordinates":[[9.8458,10.29155],[9.84611,10.29175]]}},{"type":"Feature","properties":{"railway":"rail","_label":null,"_status_group":"unknown","_states":["Bauchi"]},"geometry":{"type":"LineString","coordinates":[[9.84659,10.29193],[9.8532,10.2951]]}},{"type":"Feature","properties":{"railway":"rail","_label":null,"_status_group":"unknown","_states":["Bauchi"]},"geometry":{"type":"LineString","coordinates":[[9.85475,10.29579],[9.85756,10.29684]]}},{"type":"Feature","properties":{"railway":"rail","_label":null,"_status_group":"unknown","_states":["Bauchi"]},"geometry":{"type":"LineString","coordinates":[[9.85315,10.29499],[9.85232,10.29459]]}},{"type":"Feature","properties":{"railway":"rail","_label":null,"_status_group":"unknown","_states":["Bauchi"]},"geometry":{"type":"LineString","coordinates":[[9.84712,10.29213],[9.85212,10.29449]]}},{"type":"Feature","properties":{"railway":"rail","_label":null,"_status_group":"unknown","_states":["Bauchi"]},"geometry":{"type":"LineString","coordinates":[[9.85201,10.29441],[9.8474,10.2922]]}},{"type":"Feature","properties":{"railway":"rail","_label":null,"_status_group":"unknown","_states":["Bauchi"]},"geometry":{"type":"LineString","coordinates":[[9.84597,10.29153],[9.84817,10.2923]]}},{"type":"Feature","properties":{"railway":"rail","_label":null,"_status_group":"unknown","_states":["Bauchi"]},"geometry":{"type":"LineString","coordinates":[[9.84747,10.29158],[9.84635,10.29147]]}},{"type":"Feature","properties":{"railway":"rail","_label":null,"_status_group":"unknown","_states":["Bauchi"]},"geometry":{"type":"LineString","coordinates":[[9.84793,10.29204],[9.84778,10.29028]]}},{"type":"Feature","properties":{"railway":"rail","_label":null,"_status_group":"unknown","_states":["Bauchi"]},"geometry":{"type":"LineString","coordinates":[[9.84838,10.29239],[9.84905,10.29276]]}},{"type":"Feature","properties":{"railway":"rail","_label":null,"_status_group":"unknown","_states":["Bauchi"]},"geometry":{"type":"LineString","coordinates":[[9.84821,10.29238],[9.85409,10.29506]]}},{"type":"Feature","properties":{"railway":"rail","_label":null,"_status_group":"unknown","_states":["Bauchi"]},"geometry":{"type":"LineString","coordinates":[[9.85282,10.29456],[9.85114,10.29375]]}},{"type":"Feature","properties":{"railway":"rail","_label":null,"_status_group":"unknown","_states":["Bauchi"]},"geometry":{"type":"LineString","coordinates":[[9.85154,10.29394],[9.85191,10.29407]]}},{"type":"Feature","properties":{"railway":"rail","_label":null,"_status_group":"unknown","_states":["Bauchi"]},"geometry":{"type":"LineString","coordinates":[[9.85361,10.29487],[9.84875,10.29151]]}},{"type":"Feature","properties":{"railway":"rail","_label":null,"_status_group":"unknown","_states":["Bauchi"]},"geometry":{"type":"LineString","coordinates":[[9.8559,10.29604],[9.8584,10.29646]]}},{"type":"Feature","properties":{"railway":"rail","_label":null,"_status_group":"unknown","_states":["Bauchi"]},"geometry":{"type":"LineString","coordinates":[[9.85594,10.29536],[9.85445,10.29544]]}},{"type":"Feature","properties":{"railway":"rail","_label":null,"_status_group":"unknown","_states":["Bauchi"]},"geometry":{"type":"LineString","coordinates":[[9.85686,10.29482],[9.85384,10.29524]]}},{"type":"Feature","properties":{"railway":"rail","_label":null,"_status_group":"unknown","_states":["Bauchi"]},"geometry":{"type":"LineString","coordinates":[[9.85689,10.29488],[9.854,10.2953]]}},{"type":"Feature","properties":{"railway":"rail","_label":null,"_status_group":"unknown","_states":["Bauchi"]},"geometry":{"type":"LineString","coordinates":[[9.85633,10.29503],[9.85418,10.29536]]}},{"type":"Feature","properties":{"railway":"rail","_label":null,"_status_group":"unknown","_states":["Bauchi"]},"geometry":{"type":"LineString","coordinates":[[9.78276,10.00811],[9.78107,10.00326]]}},{"type":"Feature","properties":{"railway":"rail","_label":null,"_status_group":"unknown","_states":["Bauchi"]},"geometry":{"type":"LineString","coordinates":[[9.55344,9.77085],[9.55836,9.7706]]}},{"type":"Feature","properties":{"railway":"rail","_label":null,"_status_group":"unknown","_states":["Bauchi"]},"geometry":{"type":"LineString","coordinates":[[9.15437,9.74731],[9.15738,9.74838]]}},{"type":"Feature","properties":{"railway":"rail","_label":null,"_status_group":"unknown","_states":["Bauchi"]},"geometry":{"type":"LineString","coordinates":[[9.15837,9.74873],[9.15384,9.74712]]}},{"type":"Feature","properties":{"railway":"rail","_label":null,"_status_group":"unknown","_states":["Plateau"]},"geometry":{"type":"LineString","coordinates":[[9.07629,9.67307],[9.07079,9.67282]]}},{"type":"Feature","properties":{"railway":"rail","_label":null,"_status_group":"unknown","_states":["Plateau"]},"geometry":{"type":"LineString","coordinates":[[8.87654,9.64314],[8.8817,9.6432]]}},{"type":"Feature","properties":{"railway":"rail","_label":null,"_status_group":"unknown","_states":["Plateau"]},"geometry":{"type":"LineString","coordinates":[[8.87698,9.64314],[8.8824,9.64309]]}},{"type":"Feature","properties":{"railway":"rail","_label":null,"_status_group":"unknown","_states":["Plateau"]},"geometry":{"type":"LineString","coordinates":[[8.88143,9.6432],[8.88049,9.64308]]}},{"type":"Feature","properties":{"railway":"rail","_label":null,"_status_group":"unknown","_states":["Plateau"]},"geometry":{"type":"LineString","coordinates":[[8.87756,9.64306],[8.87648,9.643]]}},{"type":"Feature","properties":{"railway":"rail","_label":null,"_status_group":"unknown","_states":["Plateau"]},"geometry":{"type":"LineString","coordinates":[[8.81115,9.64974],[8.81151,9.65011]]}},{"type":"Feature","properties":{"railway":"rail","_label":null,"_status_group":"unknown","_states":["Plateau"]},"geometry":{"type":"LineString","coordinates":[[8.80645,9.64579],[8.81005,9.64866]]}},{"type":"Feature","properties":{"railway":"rail","_label":null,"_status_group":"unknown","_states":["Plateau"]},"geometry":{"type":"LineString","coordinates":[[8.80835,9.64707],[8.80739,9.64628]]}},{"type":"Feature","properties":{"railway":"rail","_label":null,"_status_group":"unknown","_states":["Plateau"]},"geometry":{"type":"LineString","coordinates":[[8.80995,9.64852],[8.80667,9.64589]]}},{"type":"Feature","properties":{"railway":"rail","_label":null,"_status_group":"unknown","_states":["Kaduna"]},"geometry":{"type":"LineString","coordinates":[[8.51877,9.65315],[8.52147,9.65601]]}},{"type":"Feature","properties":{"railway":"rail","_label":null,"_status_group":"unknown","_states":["Kaduna"]},"geometry":{"type":"LineString","coordinates":[[8.39836,9.61145],[8.4016,9.61447]]}},{"type":"Feature","properties":{"railway":"rail","gauge":1067.0,"_label":null,"_status_group":"unknown","_states":["Kaduna"]},"geometry":{"type":"LineString","coordinates":[[8.3007,9.58889],[8.30503,9.59225]]}},{"type":"Feature","properties":{"railway":"rail","_label":null,"_status_group":"unknown","_states":["Kaduna"]},"geometry":{"type":"LineString","coordinates":[[8.30135,9.58953],[8.30535,9.59295]]}},{"type":"Feature","properties":{"railway":"rail","_label":null,"_status_group":"unknown","_states":["Kaduna"]},"geometry":{"type":"LineString","coordinates":[[8.30572,9.59339],[8.30079,9.58911]]}},{"type":"Feature","properties":{"railway":"rail","_label":null,"_status_group":"unknown","_states":["Kaduna"]},"geometry":{"type":"LineString","coordinates":[[8.30101,9.5893],[8.30566,9.5933]]}},{"type":"Feature","properties":{"railway":"rail","_label":null,"_status_group":"unknown","_states":["Kaduna"]},"geometry":{"type":"LineString","coordinates":[[8.30111,9.58917],[8.30523,9.59269]]}},{"type":"Feature","properties":{"railway":"rail","_label":null,"_status_group":"unknown","_states":["Kaduna"]},"geometry":{"type":"LineString","coordinates":[[8.30102,9.58906],[8.30528,9.59266]]}},{"type":"Feature","properties":{"railway":"rail","_label":null,"_status_group":"unknown","_states":["Kaduna"]},"geometry":{"type":"LineString","coordinates":[[8.30508,9.59241],[8.30136,9.58923]]}},{"type":"Feature","properties":{"railway":"rail","_label":null,"_status_group":"unknown","_states":["Kaduna"]},"geometry":{"type":"LineString","coordinates":[[8.30503,9.59225],[8.30122,9.5891]]}},{"type":"Feature","properties":{"railway":"rail","_label":null,"_status_group":"unknown","_states":["Kaduna"]},"geometry":{"type":"LineString","coordinates":[[8.30491,9.59204],[8.30107,9.58904]]}},{"type":"Feature","properties":{"railway":"rail","_label":null,"_status_group":"unknown","_states":["Kaduna"]},"geometry":{"type":"LineString","coordinates":[[8.30469,9.59178],[8.30659,9.59376]]}},{"type":"Feature","properties":{"railway":"rail","_label":null,"_status_group":"unknown","_states":["Kaduna"]},"geometry":{"type":"LineString","coordinates":[[8.30664,9.59371],[8.30575,9.59299]]}},{"type":"Feature","properties":{"railway":"rail","_label":null,"_status_group":"unknown","_states":["Kaduna"]},"geometry":{"type":"LineString","coordinates":[[8.30655,9.59382],[8.30549,9.59266]]}},{"type":"Feature","properties":{"railway":"rail","_label":null,"_status_group":"unknown","_states":["Kaduna"]},"geometry":{"type":"LineString","coordinates":[[8.30514,9.59217],[8.30451,9.5892]]}},{"type":"Feature","properties":{"railway":"rail","_label":null,"_status_group":"unknown","_states":["Kaduna"]},"geometry":{"type":"LineString","coordinates":[[8.30446,9.58981],[8.30475,9.58917]]}},{"type":"Feature","properties":{"railway":"rail","_label":null,"_status_group":"unknown","_states":["Kaduna"]},"geometry":{"type":"LineString","coordinates":[[8.30573,9.58549],[8.30472,9.58811]]}},{"type":"Feature","properties":{"railway":"rail","_label":null,"_status_group":"unknown","_states":["Kaduna"]},"geometry":{"type":"LineString","coordinates":[[8.30562,9.58582],[8.30496,9.58771]]}},{"type":"Feature","properties":{"railway":"rail","_label":null,"_status_group":"unknown","_states":["Kaduna"]},"geometry":{"type":"LineString","coordinates":[[8.30483,9.5878],[8.30523,9.5861]]}},{"type":"Feature","properties":{"railway":"rail","_label":null,"_status_group":"unknown","_states":["Kaduna"]},"geometry":{"type":"LineString","coordinates":[[8.3051,9.58617],[8.30489,9.58733]]}},{"type":"Feature","properties":{"railway":"rail","_label":null,"_status_group":"unknown","_states":["Kaduna"]},"geometry":{"type":"LineString","coordinates":[[8.30406,9.58951],[8.30474,9.58723]]}},{"type":"Feature","properties":{"railway":"rail","_label":null,"_status_group":"unknown","_states":["Kaduna"]},"geometry":{"type":"LineString","coordinates":[[8.30461,9.58816],[8.30469,9.58722]]}},{"type":"Feature","properties":{"railway":"rail","_label":null,"_status_group":"unknown","_states":["Kaduna"]},"geometry":{"type":"LineString","coordinates":[[8.30455,9.58832],[8.30455,9.58607]]}},{"type":"Feature","properties":{"railway":"rail","_label":null,"_status_group":"unknown","_states":["Kaduna"]},"geometry":{"type":"LineString","coordinates":[[8.30454,9.58656],[8.30435,9.58886]]}},{"type":"Feature","properties":{"railway":"rail","_label":null,"_status_group":"unknown","_states":["Kaduna"]},"geometry":{"type":"LineString","coordinates":[[8.3043,9.589],[8.30446,9.58737]]}},{"type":"Feature","properties":{"railway":"rail","_label":null,"_status_group":"unknown","_states":["Kaduna"]},"geometry":{"type":"LineString","coordinates":[[8.30434,9.58861],[8.30432,9.58762]]}},{"type":"Feature","properties":{"railway":"rail","_label":null,"_status_group":"unknown","_states":["Kaduna"]},"geometry":{"type":"LineString","coordinates":[[8.30431,9.58845],[8.30425,9.58792]]}},{"type":"Feature","properties":{"railway":"rail","_label":null,"_status_group":"unknown","_states":["Kaduna"]},"geometry":{"type":"LineString","coordinates":[[8.30427,9.58826],[8.3042,9.58791]]}},{"type":"Feature","properties":{"railway":"rail","_label":null,"_status_group":"unknown","_states":["Kaduna"]},"geometry":{"type":"LineString","coordinates":[[8.30154,9.58988],[8.30562,9.59335]]}},{"type":"Feature","properties":{"railway":"rail","gauge":1067.0,"_label":null,"_status_group":"unknown","_states":["Yobe"]},"geometry":{"type":"LineString","coordinates":[[10.43757,12.86102],[10.44042,12.86349]]}},{"type":"Feature","properties":{"railway":"rail","gauge":1067.0,"_label":null,"_status_group":"unknown","_states":["Yobe"]},"geometry":{"type":"LineString","coordinates":[[10.43304,12.85837],[10.43661,12.86029]]}},{"type":"Feature","properties":{"railway":"rail","gauge":1067.0,"_label":null,"_status_group":"unknown","_states":["Yobe"]},"geometry":{"type":"LineString","coordinates":[[10.43682,12.86045],[10.43283,12.8583]]}},{"type":"Feature","properties":{"railway":"rail","gauge":1067.0,"_label":null,"_status_group":"unknown","_states":["Yobe"]},"geometry":{"type":"LineString","coordinates":[[10.43702,12.85552],[10.43609,12.85713]]}},{"type":"Feature","properties":{"railway":"rail","gauge":1067.0,"_label":null,"_status_group":"unknown","_states":["Yobe"]},"geometry":{"type":"LineString","coordinates":[[10.43587,12.85751],[10.43696,12.85564]]}},{"type":"Feature","properties":{"railway":"rail","gauge":1067.0,"_label":null,"_status_group":"unknown","_states":["Yobe"]},"geometry":{"type":"LineString","coordinates":[[10.43716,12.86069],[10.44451,12.87582]]}},{"type":"Feature","properties":{"railway":"rail","_label":null,"_status_group":"unknown","_states":["Jigawa"]},"geometry":{"type":"LineString","coordinates":[[9.88777,12.56081],[9.88401,12.55874]]}},{"type":"Feature","properties":{"railway":"rail","_label":null,"_status_group":"unknown","_states":["Jigawa"]},"geometry":{"type":"LineString","coordinates":[[9.88482,12.55922],[9.88682,12.56032]]}},{"type":"Feature","properties":{"railway":"rail","_label":null,"_status_group":"unknown","_states":["Jigawa"]},"geometry":{"type":"LineString","coordinates":[[9.58997,12.39743],[9.58609,12.39529]]}},{"type":"Feature","properties":{"railway":"rail","_label":null,"_status_group":"unknown","_states":["Jigawa"]},"geometry":{"type":"LineString","coordinates":[[9.58894,12.39691],[9.58702,12.39585]]}},{"type":"Feature","properties":{"railway":"rail","_label":null,"_status_group":"unknown","_states":["Jigawa"]},"geometry":{"type":"LineString","coordinates":[[9.16976,12.15903],[9.16683,12.15716]]}},{"type":"Feature","properties":{"railway":"rail","_label":null,"_status_group":"unknown","_states":["Jigawa"]},"geometry":{"type":"LineString","coordinates":[[8.98249,12.12416],[8.97834,12.12292]]}},{"type":"Feature","properties":{"railway":"rail","_label":null,"_status_group":"unknown","_states":["Kano"]},"geometry":{"type":"LineString","coordinates":[[8.88819,12.09774],[8.89257,12.09817]]}},{"type":"Feature","properties":{"railway":"rail","_label":null,"_status_group":"unknown","_states":["Kano"]},"geometry":{"type":"LineString","coordinates":[[8.88903,12.09778],[8.89151,12.09803]]}},{"type":"Feature","properties":{"railway":"rail","_label":null,"_status_group":"unknown","_states":["Kano"]},"geometry":{"type":"LineString","coordinates":[[8.70209,12.02196],[8.70706,12.02378]]}},{"type":"Feature","properties":{"railway":"rail","_label":null,"_status_group":"unknown","_states":["Kano"]},"geometry":{"type":"LineString","coordinates":[[8.70329,12.02235],[8.70624,12.02344]]}},{"type":"Feature","properties":{"railway":"rail","_label":null,"_status_group":"unknown","_states":["Kano"]},"geometry":{"type":"LineString","coordinates":[[8.54032,12.00082],[8.53783,11.9971]]}},{"type":"Feature","properties":{"railway":"rail","_label":null,"_status_group":"unknown","_states":["Kano"]},"geometry":{"type":"LineString","coordinates":[[8.5368,11.99552],[8.54081,12.00147]]}},{"type":"Feature","properties":{"railway":"rail","_label":null,"_status_group":"unknown","_states":["Kano"]},"geometry":{"type":"LineString","coordinates":[[8.53779,11.99689],[8.54066,12.00124]]}},{"type":"Feature","properties":{"railway":"rail","_label":null,"_status_group":"unknown","_states":["Kano"]},"geometry":{"type":"LineString","coordinates":[[8.53766,11.99669],[8.54075,12.00138]]}},{"type":"Feature","properties":{"railway":"rail","_label":null,"_status_group":"unknown","_states":["Kano"]},"geometry":{"type":"LineString","coordinates":[[8.53795,11.99703],[8.54064,12.00102]]}},{"type":"Feature","properties":{"railway":"rail","_label":null,"_status_group":"unknown","_states":["Kano"]},"geometry":{"type":"LineString","coordinates":[[8.53815,11.99725],[8.54053,12.00074]]}},{"type":"Feature","properties":{"railway":"rail","_label":null,"_status_group":"unknown","_states":["Kano"]},"geometry":{"type":"LineString","coordinates":[[8.54042,12.00049],[8.53837,11.99749]]}},{"type":"Feature","properties":{"railway":"rail","_label":null,"_status_group":"unknown","_states":["Kano"]},"geometry":{"type":"LineString","coordinates":[[8.53866,11.99785],[8.54035,12.00033]]}},{"type":"Feature","properties":{"railway":"rail","_label":null,"_status_group":"unknown","_states":["Kano"]},"geometry":{"type":"LineString","coordinates":[[8.5403,12.00018],[8.53888,11.99808]]}},{"type":"Feature","properties":{"railway":"rail","_label":null,"_status_group":"unknown","_states":["Kano"]},"geometry":{"type":"LineString","coordinates":[[8.53904,11.99825],[8.54082,12.00096]]}},{"type":"Feature","properties":{"railway":"rail","_label":null,"_status_group":"unknown","_states":["Kano"]},"geometry":{"type":"LineString","coordinates":[[8.54087,12.00146],[8.54019,11.99993]]}},{"type":"Feature","properties":{"railway":"rail","_label":null,"_status_group":"unknown","_states":["Kano"]},"geometry":{"type":"LineString","coordinates":[[8.54042,12.0001],[8.54107,12.00095]]}},{"type":"Feature","properties":{"railway":"rail","_label":null,"_status_group":"unknown","_states":["Kano"]},"geometry":{"type":"LineString","coordinates":[[8.54168,12.002],[8.54052,12.00027]]}},{"type":"Feature","properties":{"railway":"rail","_label":null,"_status_group":"unknown","_states":["Kano"]},"geometry":{"type":"LineString","coordinates":[[8.54063,12.00046],[8.54199,12.00265]]}},{"type":"Feature","properties":{"railway":"rail","_label":null,"_status_group":"unknown","_states":["Kano"]},"geometry":{"type":"LineString","coordinates":[[8.54153,12.00225],[8.54124,12.00202]]}},{"type":"Feature","properties":{"railway":"rail","_label":null,"_status_group":"unknown","_states":["Kano"]},"geometry":{"type":"LineString","coordinates":[[8.54136,12.00207],[8.54042,12.00029]]}},{"type":"Feature","properties":{"railway":"rail","_label":null,"_status_group":"unknown","_states":["Kano"]},"geometry":{"type":"LineString","coordinates":[[8.54108,12.00186],[8.54285,12.00395]]}},{"type":"Feature","properties":{"railway":"rail","_label":null,"_status_group":"unknown","_states":["Kano"]},"geometry":{"type":"LineString","coordinates":[[8.54143,12.00232],[8.5428,12.00401]]}},{"type":"Feature","properties":{"railway":"rail","_label":null,"_status_group":"unknown","_states":["Kano"]},"geometry":{"type":"LineString","coordinates":[[8.54282,12.00398],[8.54198,12.00297]]}},{"type":"Feature","properties":{"railway":"rail","_label":null,"_status_group":"unknown","_states":["Kano"]},"geometry":{"type":"LineString","coordinates":[[8.5422,12.00345],[8.54469,12.01309]]}},{"type":"Feature","properties":{"railway":"rail","_label":null,"_status_group":"unknown","_states":["Kano"]},"geometry":{"type":"LineString","coordinates":[[8.5425,12.00397],[8.54133,12.00221]]}},{"type":"Feature","properties":{"railway":"rail","_label":null,"_status_group":"unknown","_states":["Kano"]},"geometry":{"type":"LineString","coordinates":[[8.54051,12.00111],[8.5426,12.00411]]}},{"type":"Feature","properties":{"railway":"rail","_label":null,"_status_group":"unknown","_states":["Kano"]},"geometry":{"type":"LineString","coordinates":[[8.54244,12.00396],[8.54039,12.00094]]}},{"type":"Feature","properties":{"railway":"rail","_label":null,"_status_group":"unknown","_states":["Kano"]},"geometry":{"type":"LineString","coordinates":[[8.54051,12.00117],[8.54235,12.00387]]}},{"type":"Feature","properties":{"railway":"rail","_label":null,"_status_group":"unknown","_states":["Kano"]},"geometry":{"type":"LineString","coordinates":[[8.54269,12.00425],[8.54102,12.0021]]}},{"type":"Feature","properties":{"railway":"rail","_label":null,"_status_group":"unknown","_states":["Kano"]},"geometry":{"type":"LineString","coordinates":[[8.54099,12.00198],[8.54022,12.00146]]}},{"type":"Feature","properties":{"railway":"rail","_label":null,"_status_group":"unknown","_states":["Kano"]},"geometry":{"type":"LineString","coordinates":[[8.54092,12.00187],[8.54007,12.00079]]}},{"type":"Feature","properties":{"railway":"rail","_label":null,"_status_group":"unknown","_states":["Kano"]},"geometry":{"type":"LineString","coordinates":[[8.54071,12.00163],[8.53941,12.00017]]}},{"type":"Feature","properties":{"railway":"rail","_label":null,"_status_group":"unknown","_states":["Kano"]},"geometry":{"type":"LineString","coordinates":[[8.54011,12.00058],[8.53923,11.99965]]}},{"type":"Feature","properties":{"railway":"rail","_label":null,"_status_group":"unknown","_states":["Kano"]},"geometry":{"type":"LineString","coordinates":[[8.53986,12.0004],[8.53919,11.99943]]}},{"type":"Feature","properties":{"railway":"rail","_label":null,"_status_group":"unknown","_states":["Kano"]},"geometry":{"type":"LineString","coordinates":[[8.53968,12.00025],[8.53925,11.99991]]}},{"type":"Feature","properties":{"railway":"rail","_label":null,"_status_group":"unknown","_states":["Kano"]},"geometry":{"type":"LineString","coordinates":[[8.53922,11.99995],[8.54001,12.00051]]}},{"type":"Feature","properties":{"railway":"rail","_label":null,"_status_group":"unknown","_states":["Kano"]},"geometry":{"type":"LineString","coordinates":[[8.54217,12.00376],[8.54068,12.00173]]}},{"type":"Feature","properties":{"railway":"rail","_label":null,"_status_group":"unknown","_states":["Kano"]},"geometry":{"type":"LineString","coordinates":[[8.54223,12.00383],[8.54158,12.00343]]}},{"type":"Feature","properties":{"railway":"rail","_label":null,"_status_group":"unknown","_states":["Kano"]},"geometry":{"type":"LineString","coordinates":[[8.54233,12.00392],[8.54131,12.00341]]}},{"type":"Feature","properties":{"railway":"rail","_label":null,"_status_group":"unknown","_states":["Kano"]},"geometry":{"type":"LineString","coordinates":[[8.54032,11.99995],[8.53936,11.99855]]}},{"type":"Feature","properties":{"railway":"rail","_label":null,"_status_group":"unknown","_states":["Kano"]},"geometry":{"type":"LineString","coordinates":[[8.53837,11.99749],[8.53585,11.99372]]}},{"type":"Feature","properties":{"railway":"rail","_label":null,"_status_group":"unknown","_states":["Kano"]},"geometry":{"type":"LineString","coordinates":[[8.53544,11.99321],[8.53798,11.9969]]}},{"type":"Feature","properties":{"railway":"rail","_label":null,"_status_group":"unknown","_states":["Kano"]},"geometry":{"type":"LineString","coordinates":[[8.53756,11.99634],[8.53541,11.99325]]}},{"type":"Feature","properties":{"railway":"rail","_label":null,"_status_group":"unknown","_states":["Kano"]},"geometry":{"type":"LineString","coordinates":[[8.5362,11.99423],[8.54028,11.99312]]}},{"type":"Feature","properties":{"railway":"rail","_label":null,"_status_group":"unknown","_states":["Kano"]},"geometry":{"type":"LineString","coordinates":[[8.54041,11.99309],[8.53809,11.99454]]}},{"type":"Feature","properties":{"railway":"rail","_label":null,"_status_group":"unknown","_states":["Kano"]},"geometry":{"type":"LineString","coordinates":[[8.53829,11.99445],[8.5402,11.99336]]}},{"type":"Feature","properties":{"railway":"rail","_label":null,"_status_group":"unknown","_states":["Kano"]},"geometry":{"type":"LineString","coordinates":[[8.54013,11.99345],[8.53862,11.99431]]}},{"type":"Feature","properties":{"railway":"rail","_label":null,"_status_group":"unknown","_states":["Kano"]},"geometry":{"type":"LineString","coordinates":[[8.53891,11.99421],[8.53953,11.99389]]}},{"type":"Feature","properties":{"railway":"rail","_label":null,"_status_group":"unknown","_states":["Kano"]},"geometry":{"type":"LineString","coordinates":[[8.53915,11.99412],[8.53827,11.99467]]}},{"type":"Feature","properties":{"railway":"rail","_label":null,"_status_group":"unknown","_states":["Kano"]},"geometry":{"type":"LineString","coordinates":[[8.53951,11.99372],[8.53849,11.99437]]}},{"type":"Feature","properties":{"railway":"rail","_label":null,"_status_group":"unknown","_states":["Kano"]},"geometry":{"type":"LineString","coordinates":[[8.53956,11.99376],[8.53986,11.99363]]}},{"type":"Feature","properties":{"railway":"rail","_label":null,"_status_group":"unknown","_states":["Kano"]},"geometry":{"type":"LineString","coordinates":[[8.53996,11.99333],[8.53834,11.99438]]}},{"type":"Feature","properties":{"railway":"rail","_label":null,"_status_group":"unknown","_states":["Kano"]},"geometry":{"type":"LineString","coordinates":[[8.53847,11.99426],[8.53934,11.99365]]}},{"type":"Feature","properties":{"railway":"rail","_label":null,"_status_group":"unknown","_states":["Kano"]},"geometry":{"type":"LineString","coordinates":[[8.53794,11.99464],[8.53766,11.9964]]}},{"type":"Feature","properties":{"railway":"rail","_label":null,"_status_group":"unknown","_states":["Kano"]},"geometry":{"type":"LineString","coordinates":[[8.53812,11.99711],[8.5408,11.99405]]}},{"type":"Feature","properties":{"railway":"rail","_label":null,"_status_group":"unknown","_states":["Kaduna"]},"geometry":{"type":"LineString","coordinates":[[7.72433,11.10995],[7.72443,11.10737]]}},{"type":"Feature","properties":{"railway":"rail","_label":null,"_status_group":"unknown","_states":["Kaduna"]},"geometry":{"type":"LineString","coordinates":[[7.7243,11.10979],[7.72411,11.10741]]}},{"type":"Feature","properties":{"railway":"rail","_label":null,"_status_group":"unknown","_states":["Kaduna"]},"geometry":{"type":"LineString","coordinates":[[7.7246,11.11074],[7.72663,11.11195]]}},{"type":"Feature","properties":{"railway":"rail","_label":null,"_status_group":"unknown","_states":["Kaduna"]},"geometry":{"type":"LineString","coordinates":[[7.72666,11.11226],[7.72474,11.11111]]}},{"type":"Feature","properties":{"railway":"rail","_label":null,"_status_group":"unknown","_states":["Kaduna"]},"geometry":{"type":"LineString","coordinates":[[7.72552,11.11307],[7.72585,11.1139]]}},{"type":"Feature","properties":{"railway":"rail","_label":null,"_status_group":"unknown","_states":["Kaduna"]},"geometry":{"type":"LineString","coordinates":[[7.72568,11.11328],[7.7261,11.11415]]}},{"type":"Feature","properties":{"railway":"rail","_label":null,"_status_group":"unknown","_states":["Kaduna"]},"geometry":{"type":"LineString","coordinates":[[7.72642,11.11473],[7.72619,11.11411]]}},{"type":"Feature","properties":{"railway":"rail","_label":null,"_status_group":"unknown","_states":["Kaduna"]},"geometry":{"type":"LineString","coordinates":[[7.72388,11.11133],[7.72335,11.11021]]}},{"type":"Feature","properties":{"railway":"rail","_label":null,"_status_group":"unknown","_states":["Kaduna"]},"geometry":{"type":"LineString","coordinates":[[7.72377,11.11117],[7.72341,11.11019]]}},{"type":"Feature","properties":{"railway":"rail","_label":null,"_status_group":"unknown","_states":["Zamfara"]},"geometry":{"type":"LineString","coordinates":[[6.57303,12.57175],[6.57373,12.57649]]}},{"type":"Feature","properties":{"railway":"rail","_label":null,"_status_group":"unknown","_states":["Zamfara"]},"geometry":{"type":"LineString","coordinates":[[6.57375,12.5762],[6.57312,12.57208]]}},{"type":"Feature","properties":{"railway":"rail","_label":null,"_status_group":"unknown","_states":["Zamfara"]},"geometry":{"type":"LineString","coordinates":[[6.59123,12.35802],[6.59004,12.36242]]}},{"type":"Feature","properties":{"railway":"rail","_label":null,"_status_group":"unknown","_states":["Zamfara"]},"geometry":{"type":"LineString","coordinates":[[6.59025,12.36144],[6.59098,12.35879]]}},{"type":"Feature","properties":{"railway":"rail","_label":null,"_status_group":"unknown","_states":["Zamfara"]},"geometry":{"type":"LineString","coordinates":[[6.66939,12.16704],[6.67332,12.16402]]}},{"type":"Feature","properties":{"railway":"rail","_label":null,"_status_group":"unknown","_states":["Zamfara"]},"geometry":{"type":"LineString","coordinates":[[6.67306,12.16418],[6.66954,12.16688]]}},{"type":"Feature","properties":{"railway":"rail","_label":null,"_status_group":"unknown","_states":["Zamfara"]},"geometry":{"type":"LineString","coordinates":[[6.66973,12.1667],[6.67293,12.16424]]}},{"type":"Feature","properties":{"railway":"rail","_label":null,"_status_group":"unknown","_states":["Zamfara"]},"geometry":{"type":"LineString","coordinates":[[6.67269,12.16434],[6.66988,12.16654]]}},{"type":"Feature","properties":{"railway":"rail","_label":null,"_status_group":"unknown","_states":["Zamfara"]},"geometry":{"type":"LineString","coordinates":[[6.78714,12.07366],[6.78375,12.07685]]}},{"type":"Feature","properties":{"railway":"rail","_label":null,"_status_group":"unknown","_states":["Zamfara"]},"geometry":{"type":"LineString","coordinates":[[6.78431,12.07626],[6.78638,12.07431]]}},{"type":"Feature","properties":{"railway":"rail","_label":null,"_status_group":"unknown","_states":["Zamfara"]},"geometry":{"type":"LineString","coordinates":[[6.94707,11.94837],[6.9471,11.94394]]}},{"type":"Feature","properties":{"railway":"rail","_label":null,"_status_group":"unknown","_states":["Zamfara"]},"geometry":{"type":"LineString","coordinates":[[6.94722,11.94763],[6.94717,11.9446]]}},{"type":"Feature","properties":{"railway":"rail","_label":null,"_status_group":"unknown","_states":["Zamfara"]},"geometry":{"type":"LineString","coordinates":[[7.01972,11.8336],[7.02316,11.83064]]}},{"type":"Feature","properties":{"railway":"rail","_label":null,"_status_group":"unknown","_states":["Zamfara"]},"geometry":{"type":"LineString","coordinates":[[7.02246,11.83117],[7.02036,11.83298]]}},{"type":"Feature","properties":{"railway":"rail","_label":null,"_status_group":"unknown","_states":["Katsina"]},"geometry":{"type":"LineString","coordinates":[[7.16155,11.70896],[7.16392,11.7077]]}},{"type":"Feature","properties":{"railway":"rail","_label":null,"_status_group":"unknown","_states":["Katsina"]},"geometry":{"type":"LineString","coordinates":[[7.27781,11.62128],[7.27413,11.6234]]}},{"type":"Feature","properties":{"railway":"rail","_label":null,"_status_group":"unknown","_states":["Katsina"]},"geometry":{"type":"LineString","coordinates":[[7.27477,11.62298],[7.27737,11.62147]]}},{"type":"Feature","properties":{"railway":"rail","_label":null,"_status_group":"unknown","_states":["Kaduna"]},"geometry":{"type":"LineString","coordinates":[[7.553,11.25138],[7.5499,11.25442]]}},{"type":"Feature","properties":{"railway":"rail","_label":null,"_status_group":"unknown","_states":["Kaduna"]},"geometry":{"type":"LineString","coordinates":[[7.55036,11.25392],[7.55241,11.25189]]}},{"type":"Feature","properties":{"railway":"rail","_label":null,"_status_group":"unknown","_states":["Kaduna"]},"geometry":{"type":"LineString","coordinates":[[7.4248,10.53606],[7.42659,10.54231]]}},{"type":"Feature","properties":{"railway":"rail","_label":null,"_status_group":"unknown","_states":["Kaduna"]},"geometry":{"type":"LineString","coordinates":[[7.42636,10.54154],[7.42579,10.53949]]}},{"type":"Feature","properties":{"railway":"rail","_label":null,"_status_group":"unknown","_states":["Kaduna"]},"geometry":{"type":"LineString","coordinates":[[7.47988,10.4108],[7.49335,10.39967]]}},{"type":"Feature","properties":{"railway":"rail","_label":null,"_status_group":"unknown","_states":["Kaduna"]},"geometry":{"type":"LineString","coordinates":[[7.49399,10.39862],[7.47951,10.41049]]}},{"type":"Feature","properties":{"railway":"rail","_label":null,"_status_group":"unknown","_states":["Kaduna"]},"geometry":{"type":"LineString","coordinates":[[7.47863,10.41184],[7.48297,10.40693]]}},{"type":"Feature","properties":{"railway":"rail","_label":null,"_status_group":"unknown","_states":["Kaduna"]},"geometry":{"type":"LineString","coordinates":[[7.48355,10.40645],[7.4882,10.40238]]}},{"type":"Feature","properties":{"railway":"rail","_label":null,"_status_group":"unknown","_states":["Kaduna"]},"geometry":{"type":"LineString","coordinates":[[7.48776,10.40271],[7.4882,10.40229]]}},{"type":"Feature","properties":{"railway":"rail","_label":null,"_status_group":"unknown","_states":["Kaduna"]},"geometry":{"type":"LineString","coordinates":[[7.48409,10.40592],[7.48331,10.40653]]}},{"type":"Feature","properties":{"railway":"rail","_label":null,"_status_group":"unknown","_states":["Kaduna"]},"geometry":{"type":"LineString","coordinates":[[7.4887,10.40201],[7.48376,10.40627]]}},{"type":"Feature","properties":{"railway":"rail","_label":null,"_status_group":"unknown","_states":["Kaduna"]},"geometry":{"type":"LineString","coordinates":[[7.48834,10.40236],[7.48398,10.40613]]}},{"type":"Feature","properties":{"railway":"rail","_label":null,"_status_group":"unknown","_states":["Kaduna"]},"geometry":{"type":"LineString","coordinates":[[7.48805,10.40267],[7.4889,10.40212]]}},{"type":"Feature","properties":{"railway":"rail","_label":null,"_status_group":"unknown","_states":["Kaduna"]},"geometry":{"type":"LineString","coordinates":[[7.48837,10.40245],[7.48424,10.40598]]}},{"type":"Feature","properties":{"railway":"rail","_label":null,"_status_group":"unknown","_states":["Kaduna"]},"geometry":{"type":"LineString","coordinates":[[7.48863,10.40229],[7.48444,10.40586]]}},{"type":"Feature","properties":{"railway":"rail","_label":null,"_status_group":"unknown","_states":["Kaduna"]},"geometry":{"type":"LineString","coordinates":[[7.48218,10.40817],[7.48898,10.40211]]}},{"type":"Feature","properties":{"railway":"rail","_label":null,"_status_group":"unknown","_states":["Kaduna"]},"geometry":{"type":"LineString","coordinates":[[7.4889,10.40212],[7.48464,10.40575]]}},{"type":"Feature","properties":{"railway":"rail","_label":null,"_status_group":"unknown","_states":["Kaduna"]},"geometry":{"type":"LineString","coordinates":[[7.48424,10.4062],[7.48926,10.40191]]}},{"type":"Feature","properties":{"railway":"rail","_label":null,"_status_group":"unknown","_states":["Kaduna"]},"geometry":{"type":"LineString","coordinates":[[7.48953,10.40174],[7.4848,10.40585]]}},{"type":"Feature","properties":{"railway":"rail","_label":null,"_status_group":"unknown","_states":["Kaduna"]},"geometry":{"type":"LineString","coordinates":[[7.48512,10.40563],[7.48979,10.40158]]}},{"type":"Feature","properties":{"railway":"rail","_label":null,"_status_group":"unknown","_states":["Kaduna"]},"geometry":{"type":"LineString","coordinates":[[7.48996,10.40149],[7.48544,10.40541]]}},{"type":"Feature","properties":{"railway":"rail","_label":null,"_status_group":"unknown","_states":["Kaduna"]},"geometry":{"type":"LineString","coordinates":[[7.48447,10.40607],[7.48953,10.40191]]}},{"type":"Feature","properties":{"railway":"rail","_label":null,"_status_group":"unknown","_states":["Kaduna"]},"geometry":{"type":"LineString","coordinates":[[7.49205,10.40008],[7.48147,10.40939]]}},{"type":"Feature","properties":{"railway":"rail","_label":null,"_status_group":"unknown","_states":["Kaduna"]},"geometry":{"type":"LineString","coordinates":[[7.48445,10.40669],[7.48443,10.40664]]}},{"type":"Feature","properties":{"railway":"rail","_label":null,"_status_group":"unknown","_states":["Kaduna"]},"geometry":{"type":"LineString","coordinates":[[7.48545,10.40577],[7.4868,10.40471]]}},{"type":"Feature","properties":{"railway":"rail","_label":null,"_status_group":"unknown","_states":["Kaduna"]},"geometry":{"type":"LineString","coordinates":[[7.48519,10.40605],[7.48547,10.40586]]}},{"type":"Feature","properties":{"railway":"rail","_label":null,"_status_group":"unknown","_states":["Kaduna"]},"geometry":{"type":"LineString","coordinates":[[7.48456,10.40665],[7.48697,10.40464]]}},{"type":"Feature","properties":{"railway":"rail","_label":null,"_status_group":"unknown","_states":["Kaduna"]},"geometry":{"type":"LineString","coordinates":[[7.48645,10.40508],[7.48664,10.40485]]}},{"type":"Feature","properties":{"railway":"rail","_label":null,"_status_group":"unknown","_states":["Kaduna"]},"geometry":{"type":"LineString","coordinates":[[7.48701,10.40452],[7.4916,10.40116]]}},{"type":"Feature","properties":{"railway":"rail","_label":null,"_status_group":"unknown","_states":["Kaduna"]},"geometry":{"type":"LineString","coordinates":[[7.47867,10.41187],[7.48433,10.40685]]}},{"type":"Feature","properties":{"railway":"rail","_label":null,"_status_group":"unknown","_states":["Kaduna"]},"geometry":{"type":"LineString","coordinates":[[7.48901,10.40343],[7.48431,10.40751]]}},{"type":"Feature","properties":{"railway":"rail","_label":null,"_status_group":"unknown","_states":["Kaduna"]},"geometry":{"type":"LineString","coordinates":[[7.48415,10.40776],[7.48465,10.40777]]}},{"type":"Feature","properties":{"railway":"rail","_label":null,"_status_group":"unknown","_states":["Kaduna"]},"geometry":{"type":"LineString","coordinates":[[7.48504,10.40714],[7.49097,10.40175]]}},{"type":"Feature","properties":{"railway":"rail","_label":null,"_status_group":"unknown","_states":["Kaduna"]},"geometry":{"type":"LineString","coordinates":[[7.49066,10.40209],[7.48819,10.40434]]}},{"type":"Feature","properties":{"railway":"rail","_label":null,"_status_group":"unknown","_states":["Kaduna"]},"geometry":{"type":"LineString","coordinates":[[7.49013,10.40265],[7.48798,10.40458]]}},{"type":"Feature","properties":{"railway":"rail","_label":null,"_status_group":"unknown","_states":["Kaduna"]},"geometry":{"type":"LineString","coordinates":[[7.4898,10.403],[7.4878,10.40479]]}},{"type":"Feature","properties":{"railway":"rail","_label":null,"_status_group":"unknown","_states":["Kaduna"]},"geometry":{"type":"LineString","coordinates":[[7.48952,10.4033],[7.48743,10.4052]]}},{"type":"Feature","properties":{"railway":"rail","_label":null,"_status_group":"unknown","_states":["Kaduna"]},"geometry":{"type":"LineString","coordinates":[[7.48896,10.40387],[7.48815,10.40463]]}},{"type":"Feature","properties":{"railway":"rail","_label":null,"_status_group":"unknown","_states":["Kaduna"]},"geometry":{"type":"LineString","coordinates":[[7.48815,10.40415],[7.48616,10.40591]]}},{"type":"Feature","properties":{"railway":"rail","_label":null,"_status_group":"unknown","_states":["Kaduna"]},"geometry":{"type":"LineString","coordinates":[[7.48572,10.40628],[7.48781,10.40468]]}},{"type":"Feature","properties":{"railway":"rail","_label":null,"_status_group":"unknown","_states":["Kaduna"]},"geometry":{"type":"LineString","coordinates":[[7.48694,10.40556],[7.4853,10.40666]]}},{"type":"Feature","properties":{"railway":"rail","_label":null,"_status_group":"unknown","_states":["Kaduna"]},"geometry":{"type":"LineString","coordinates":[[7.48648,10.40596],[7.48482,10.40707]]}},{"type":"Feature","properties":{"railway":"rail","_label":null,"_status_group":"unknown","_states":["Kaduna"]},"geometry":{"type":"LineString","coordinates":[[7.48507,10.40731],[7.48657,10.40595]]}},{"type":"Feature","properties":{"railway":"rail","_label":null,"_status_group":"unknown","_states":["Kaduna"]},"geometry":{"type":"LineString","coordinates":[[7.49058,10.40228],[7.48929,10.40357]]}},{"type":"Feature","properties":{"railway":"rail","_label":null,"_status_group":"unknown","_states":["Kaduna"]},"geometry":{"type":"LineString","coordinates":[[7.48977,10.40316],[7.49091,10.40217]]}},{"type":"Feature","properties":{"railway":"rail","_label":null,"_status_group":"unknown","_states":["Kaduna"]},"geometry":{"type":"LineString","coordinates":[[7.47971,10.4102],[7.48001,10.40996]]}},{"type":"Feature","properties":{"railway":"rail","_label":null,"_status_group":"unknown","_states":["Kaduna"]},"geometry":{"type":"LineString","coordinates":[[7.52601,10.33521],[7.52583,10.3402]]}},{"type":"Feature","properties":{"railway":"rail","_label":null,"_status_group":"unknown","_states":["Kaduna"]},"geometry":{"type":"LineString","coordinates":[[7.52591,10.33922],[7.526,10.33646]]}},{"type":"Feature","properties":{"railway":"rail","_label":null,"_status_group":"unknown","_states":["Kaduna"]},"geometry":{"type":"LineString","coordinates":[[7.62321,10.26174],[7.62028,10.2657]]}},{"type":"Feature","properties":{"railway":"rail","_label":null,"_status_group":"unknown","_states":["Kaduna"]},"geometry":{"type":"LineString","coordinates":[[7.69402,10.19601],[7.69071,10.1993]]}},{"type":"Feature","properties":{"railway":"rail","_label":null,"_status_group":"unknown","_states":["Kaduna"]},"geometry":{"type":"LineString","coordinates":[[7.69091,10.19909],[7.6931,10.19681]]}},{"type":"Feature","properties":{"railway":"rail","_label":null,"_status_group":"unknown","_states":["Kaduna"]},"geometry":{"type":"LineString","coordinates":[[8.0186,10.04091],[8.02361,10.03985]]}},{"type":"Feature","properties":{"railway":"rail","_label":null,"_status_group":"unknown","_states":["Kaduna"]},"geometry":{"type":"LineString","coordinates":[[8.02326,10.03988],[8.02044,10.04048]]}},{"type":"Feature","properties":{"railway":"rail","_label":null,"_status_group":"unknown","_states":["Kaduna"]},"geometry":{"type":"LineString","coordinates":[[8.1868,9.89103],[8.19091,9.88739]]}},{"type":"Feature","properties":{"railway":"rail","_label":null,"_status_group":"unknown","_states":["Kaduna"]},"geometry":{"type":"LineString","coordinates":[[8.18991,9.88834],[8.18783,9.89019]]}},{"type":"Feature","properties":{"railway":"rail","_label":null,"_status_group":"unknown","_states":["Kaduna"]},"geometry":{"type":"LineString","coordinates":[[8.28175,9.78267],[8.28631,9.78463]]}},{"type":"Feature","properties":{"railway":"rail","_label":null,"_status_group":"unknown","_states":["Kaduna"]},"geometry":{"type":"LineString","coordinates":[[8.28471,9.78398],[8.28242,9.783]]}},{"type":"Feature","properties":{"railway":"rail","_label":null,"_status_group":"unknown","_states":["Kaduna"]},"geometry":{"type":"LineString","coordinates":[[8.32072,9.66815],[8.32134,9.67372]]}},{"type":"Feature","properties":{"railway":"rail","_label":null,"_status_group":"unknown","_states":["Kaduna"]},"geometry":{"type":"LineString","coordinates":[[8.32122,9.67211],[8.32117,9.67127]]}},{"type":"Feature","properties":{"railway":"rail","_label":null,"_status_group":"unknown","_states":["Kaduna"]},"geometry":{"type":"LineString","coordinates":[[8.29146,9.54347],[8.29258,9.54684]]}},{"type":"Feature","properties":{"railway":"rail","_label":null,"_status_group":"unknown","_states":["Kaduna"]},"geometry":{"type":"LineString","coordinates":[[8.25478,9.46181],[8.25154,9.4639]]}},{"type":"Feature","properties":{"railway":"rail","_label":null,"_status_group":"unknown","_states":["Kaduna"]},"geometry":{"type":"LineString","coordinates":[[8.22924,9.3422],[8.22849,9.3468]]}},{"type":"Feature","properties":{"railway":"rail","_label":null,"_status_group":"unknown","_states":["Kaduna"]},"geometry":{"type":"LineString","coordinates":[[8.22696,9.24578],[8.22841,9.25017]]}},{"type":"Feature","properties":{"railway":"rail","_label":null,"_status_group":"unknown","_states":["Kaduna"]},"geometry":{"type":"LineString","coordinates":[[8.22752,9.24723],[8.22706,9.24601]]}},{"type":"Feature","properties":{"railway":"rail","_label":null,"_status_group":"unknown","_states":["Kaduna"]},"geometry":{"type":"LineString","coordinates":[[8.16597,9.18831],[8.16733,9.19323]]}},{"type":"Feature","properties":{"railway":"rail","_label":null,"_status_group":"unknown","_states":["Kaduna"]},"geometry":{"type":"LineString","coordinates":[[8.16676,9.19119],[8.16619,9.1891]]}},{"type":"Feature","properties":{"railway":"rail","_label":null,"_status_group":"unknown","_states":["Nasarawa"]},"geometry":{"type":"LineString","coordinates":[[8.20064,9.02327],[8.19788,9.02711]]}},{"type":"Feature","properties":{"railway":"rail","_label":null,"_status_group":"unknown","_states":["Nasarawa"]},"geometry":{"type":"LineString","coordinates":[[8.19906,9.02554],[8.20041,9.02364]]}},{"type":"Feature","properties":{"railway":"rail","_label":null,"_status_group":"unknown","_states":["Benue"]},"geometry":{"type":"LineString","coordinates":[[8.53473,7.99622],[8.53386,8.00154]]}},{"type":"Feature","properties":{"railway":"rail","_label":null,"_status_group":"unknown","_states":["Benue"]},"geometry":{"type":"LineString","coordinates":[[8.57,7.87894],[8.56886,7.87393]]}},{"type":"Feature","properties":{"railway":"rail","_label":null,"_status_group":"unknown","_states":["Benue"]},"geometry":{"type":"LineString","coordinates":[[8.52438,7.76655],[8.52331,7.76093]]}},{"type":"Feature","properties":{"railway":"rail","gauge":1067.0,"_label":null,"_status_group":"unknown","_states":["Benue"]},"geometry":{"type":"LineString","coordinates":[[8.52892,7.72558],[8.53652,7.72705]]}},{"type":"Feature","properties":{"railway":"rail","gauge":1067.0,"_label":null,"_status_group":"unknown","_states":["Benue"]},"geometry":{"type":"LineString","coordinates":[[8.53594,7.72689],[8.52996,7.72574]]}},{"type":"Feature","properties":{"railway":"rail","gauge":1067.0,"_label":null,"_status_group":"unknown","_states":["Benue"]},"geometry":{"type":"LineString","coordinates":[[8.53061,7.7258],[8.53547,7.72676]]}},{"type":"Feature","properties":{"railway":"rail","gauge":1067.0,"_label":null,"_status_group":"unknown","_states":["Benue"]},"geometry":{"type":"LineString","coordinates":[[8.53098,7.72583],[8.53516,7.72666]]}},{"type":"Feature","properties":{"railway":"rail","gauge":1067.0,"_label":null,"_status_group":"unknown","_states":["Benue"]},"geometry":{"type":"LineString","coordinates":[[8.53123,7.72583],[8.53481,7.72653]]}},{"type":"Feature","properties":{"railway":"rail","gauge":1067.0,"_label":null,"_status_group":"unknown","_states":["Benue"]},"geometry":{"type":"LineString","coordinates":[[8.53153,7.72584],[8.53459,7.72645]]}},{"type":"Feature","properties":{"railway":"rail","gauge":1067.0,"_label":null,"_status_group":"unknown","_states":["Benue"]},"geometry":{"type":"LineString","coordinates":[[8.53441,7.72638],[8.53173,7.72583]]}},{"type":"Feature","properties":{"railway":"rail","gauge":1067.0,"_label":null,"_status_group":"unknown","_states":["Benue"]},"geometry":{"type":"LineString","coordinates":[[8.53425,7.72631],[8.5319,7.72583]]}},{"type":"Feature","properties":{"railway":"rail","gauge":1067.0,"_label":null,"_status_group":"unknown","_states":["Benue"]},"geometry":{"type":"LineString","coordinates":[[8.53411,7.72625],[8.53205,7.72582]]}},{"type":"Feature","properties":{"railway":"rail","gauge":1067.0,"_label":null,"_status_group":"unknown","_states":["Benue"]},"geometry":{"type":"LineString","coordinates":[[8.53356,7.72603],[8.53421,7.72617]]}},{"type":"Feature","properties":{"railway":"rail","_label":null,"_status_group":"unknown","_states":["Benue"]},"geometry":{"type":"LineString","coordinates":[[8.14851,7.19863],[8.15115,7.20378]]}},{"type":"Feature","properties":{"railway":"rail","_label":null,"_status_group":"unknown","_states":["Benue"]},"geometry":{"type":"LineString","coordinates":[[8.06682,7.10162],[8.07182,7.10374]]}},{"type":"Feature","properties":{"railway":"rail","_label":null,"_status_group":"unknown","_states":["Benue"]},"geometry":{"type":"LineString","coordinates":[[8.07133,7.10359],[8.06783,7.10209]]}},{"type":"Feature","properties":{"railway":"rail","_label":null,"_status_group":"unknown","_states":["Benue"]},"geometry":{"type":"LineString","coordinates":[[8.06815,7.10229],[8.07014,7.10314]]}},{"type":"Feature","properties":{"railway":"rail","_label":null,"_status_group":"unknown","_states":["Benue"]},"geometry":{"type":"LineString","coordinates":[[8.03348,6.95271],[8.0326,6.94718]]}},{"type":"Feature","properties":{"railway":"rail","_label":null,"_status_group":"unknown","_states":["Niger"]},"geometry":{"type":"LineString","coordinates":[[6.54235,9.59388],[6.54181,9.60531]]}},{"type":"Feature","properties":{"railway":"rail","gauge":1067.0,"_label":null,"_status_group":"unknown","_states":["Rivers"]},"geometry":{"type":"LineString","coordinates":[[7.04034,4.83284],[7.04055,4.83297]]}},{"type":"Feature","properties":{"railway":"rail","gauge":1067.0,"_label":null,"_status_group":"unknown","_states":["Yobe"]},"geometry":{"type":"LineString","coordinates":[[12.07758,11.31249],[12.09663,11.3221]]}},{"type":"Feature","properties":{"railway":"rail","gauge":1067.0,"_label":null,"_status_group":"unknown","_states":["Yobe"]},"geometry":{"type":"LineString","coordinates":[[12.07699,11.31217],[12.07758,11.31249]]}},{"type":"Feature","properties":{"railway":"rail","gauge":1067.0,"_label":null,"_status_group":"unknown","_states":["Borno"]},"geometry":{"type":"LineString","coordinates":[[13.16368,11.86506],[13.16166,11.86551]]}},{"type":"Feature","properties":{"railway":"rail","name":"Western Line","gauge":1067.0,"_label":"Western Line","_status_group":"unknown","_states":["Jigawa","Yobe"]},"geometry":{"type":"LineString","coordinates":[[10.35583,12.81641],[10.43489,12.85946]]}},{"type":"Feature","properties":{"railway":"rail","gauge":1067.0,"_label":null,"_status_group":"unknown","_states":["Jigawa"]},"geometry":{"type":"LineString","coordinates":[[10.35572,12.81635],[10.35583,12.81641]]}},{"type":"Feature","properties":{"railway":"rail","gauge":1067.0,"_label":null,"_status_group":"unknown","_states":["Osun"]},"geometry":{"type":"LineString","coordinates":[[4.14992,7.48096],[4.15062,7.48111]]}},{"type":"Feature","properties":{"railway":"rail","gauge":1067.0,"_label":null,"_status_group":"unknown","_states":["Osun"]},"geometry":{"type":"LineString","coordinates":[[4.15062,7.48111],[4.15287,7.49001],[4.17646,7.50245],[4.20058,7.53809],[4.1985,7.55437],[4.23959,7.55808],[4.25067,7.57346],[4.2659,7.57902],[4.27401,7.59731],[4.29108,7.60689],[4.312,7.63793],[4.38928,7.71592],[4.39674,7.73783],[4.41692,7.74944],[4.43939,7.74887],[4.44448,7.75689],[4.46699,7.75322],[4.5063,7.77469],[4.53983,7.77322]]}},{"type":"Feature","properties":{"railway":"rail","gauge":1067.0,"_label":null,"_status_group":"unknown","_states":["Kwara"]},"geometry":{"type":"LineString","coordinates":[[4.81176,9.13699],[4.81626,9.13258]]}},{"type":"Feature","properties":{"railway":"rail","gauge":1067.0,"_label":null,"_status_group":"unknown","_states":["Kwara"]},"geometry":{"type":"LineString","coordinates":[[4.81114,9.13854],[4.81176,9.13699]]}},{"type":"Feature","properties":{"railway":"rail","gauge":1067.0,"_label":null,"_status_group":"unknown","_states":["Kwara"]},"geometry":{"type":"LineString","coordinates":[[4.81626,9.13258],[4.81802,9.12868]]}},{"type":"Feature","properties":{"railway":"rail","gauge":1067.0,"_label":null,"_status_group":"unknown","_states":["Kwara"]},"geometry":{"type":"LineString","coordinates":[[4.81802,9.12868],[4.83986,9.12084],[4.82982,9.09938]]}},{"type":"Feature","properties":{"railway":"rail","gauge":1435.0,"_label":null,"_status_group":"unknown","_states":["Kaduna"]},"geometry":{"type":"LineString","coordinates":[[7.35608,10.55234],[7.35674,10.55456]]}},{"type":"Feature","properties":{"railway":"rail","gauge":1435.0,"_label":null,"_status_group":"unknown","_states":["Kaduna"]},"geometry":{"type":"LineString","coordinates":[[7.34972,10.52299],[7.35366,10.54451]]}},{"type":"Feature","properties":{"railway":"rail","gauge":1435.0,"_label":null,"_status_group":"unknown","_states":["Kaduna"]},"geometry":{"type":"LineString","coordinates":[[7.40689,9.97398],[7.41284,9.87338]]}},{"type":"Feature","properties":{"railway":"rail","gauge":1067.0,"_label":null,"_status_group":"unknown","_states":["Ogun"]},"geometry":{"type":"LineString","coordinates":[[3.21265,6.89595],[3.21255,6.89621]]}},{"type":"Feature","properties":{"railway":"rail","gauge":1067.0,"_label":null,"_status_group":"unknown","_states":["Ogun"]},"geometry":{"type":"LineString","coordinates":[[3.23447,6.82708],[3.23414,6.83381],[3.25027,6.84019],[3.22329,6.87051]]}},{"type":"Feature","properties":{"railway":"rail","gauge":1067.0,"_label":null,"_status_group":"unknown","_states":["Ogun"]},"geometry":{"type":"LineString","coordinates":[[3.21078,6.90053],[3.21072,6.90067]]}},{"type":"Feature","properties":{"railway":"rail","gauge":1067.0,"_label":null,"_status_group":"unknown","_states":["Ogun"]},"geometry":{"type":"LineString","coordinates":[[3.21255,6.89621],[3.21078,6.90053]]}},{"type":"Feature","properties":{"railway":"rail","gauge":1435.0,"_label":null,"_status_group":"unknown","_states":["Delta","Edo"]},"geometry":{"type":"LineString","coordinates":[[5.94665,5.65715],[5.9927,5.71153],[6.06866,5.7594],[6.08803,5.79487]]}},{"type":"Feature","properties":{"railway":"rail","gauge":1435.0,"_label":null,"_status_group":"unknown","_states":["Delta"]},"geometry":{"type":"LineString","coordinates":[[5.88098,5.57759],[5.8816,5.57834]]}},{"type":"Feature","properties":{"railway":"rail","gauge":1435.0,"_label":null,"_status_group":"unknown","_states":["Delta"]},"geometry":{"type":"LineString","coordinates":[[5.87287,5.56684],[5.88098,5.57759]]}},{"type":"Feature","properties":{"railway":"rail","gauge":1435.0,"_label":null,"_status_group":"unknown","_states":["Delta"]},"geometry":{"type":"LineString","coordinates":[[5.87213,5.56549],[5.87287,5.56684]]}},{"type":"Feature","properties":{"railway":"rail","gauge":1435.0,"_label":null,"_status_group":"unknown","_states":["Delta"]},"geometry":{"type":"LineString","coordinates":[[5.78226,5.46418],[5.78607,5.46359]]}},{"type":"Feature","properties":{"railway":"rail","gauge":1435.0,"_label":null,"_status_group":"unknown","_states":["Delta"]},"geometry":{"type":"LineString","coordinates":[[5.78142,5.46449],[5.78226,5.46418]]}},{"type":"Feature","properties":{"railway":"rail","gauge":1067.0,"_label":null,"_status_group":"unknown","_states":["Niger"]},"geometry":{"type":"LineString","coordinates":[[6.12722,9.80838],[6.12732,9.80847]]}},{"type":"Feature","properties":{"railway":"rail","gauge":1067.0,"_label":null,"_status_group":"unknown","_states":["Niger"]},"geometry":{"type":"LineString","coordinates":[[6.04956,9.75607],[6.06033,9.77014],[6.12722,9.80838]]}},{"type":"Feature","properties":{"railway":"rail","name":"Eastern Rail Line","gauge":1067.0,"_label":"Eastern Rail Line","_status_group":"unknown","_states":["Enugu"]},"geometry":{"type":"LineString","coordinates":[[7.57873,6.47651],[7.5789,6.47683]]}},{"type":"Feature","properties":{"railway":"rail","gauge":1067.0,"_label":null,"_status_group":"unknown","_states":["Enugu"]},"geometry":{"type":"LineString","coordinates":[[7.573,6.17236],[7.57299,6.1719]]}},{"type":"Feature","properties":{"railway":"rail","gauge":1067.0,"_label":null,"_status_group":"unknown","_states":["Nasarawa"]},"geometry":{"type":"LineString","coordinates":[[8.53323,8.47145],[8.53327,8.47172]]}},{"type":"Feature","properties":{"railway":"rail","name":"Eastern Rail Line","gauge":1067.0,"_label":"Eastern Rail Line","_status_group":"unknown","_states":["Nasarawa"]},"geometry":{"type":"LineString","coordinates":[[8.53327,8.47172],[8.52949,8.48379],[8.44455,8.56803]]}},{"type":"Feature","properties":{"railway":"rail","gauge":1067.0,"_label":null,"_status_group":"unknown","_states":["Nasarawa"]},"geometry":{"type":"LineString","coordinates":[[8.29805,8.75865],[8.297,8.75895]]}},{"type":"Feature","properties":{"railway":"rail","name":"Eastern Rail Line","gauge":1067.0,"_label":"Eastern Rail Line","_status_group":"unknown","_states":["Nasarawa"]},"geometry":{"type":"LineString","coordinates":[[8.297,8.75895],[8.27124,8.76902],[8.26657,8.78674],[8.25353,8.79091],[8.28949,8.81984],[8.28258,8.83789],[8.28952,8.84895],[8.27524,8.86097],[8.28326,8.87426],[8.26309,8.87861],[8.25491,8.90301],[8.23786,8.91525],[8.2144,8.95959],[8.20118,9.00983]]}},{"type":"Feature","properties":{"railway":"rail","gauge":1067.0,"_label":null,"_status_group":"unknown","_states":["Plateau"]},"geometry":{"type":"LineString","coordinates":[[8.5998,9.6204],[8.60007,9.62024]]}},{"type":"Feature","properties":{"railway":"rail","name":"Eastern Rail Line","gauge":1067.0,"_label":"Eastern Rail Line","_status_group":"unknown","_states":["Plateau"]},"geometry":{"type":"LineString","coordinates":[[8.61101,9.61666],[8.6568,9.59458],[8.66566,9.5812],[8.68763,9.602],[8.71522,9.59946],[8.75855,9.60931]]}},{"type":"Feature","properties":{"railway":"rail","gauge":1067.0,"_label":null,"_status_group":"unknown","_states":["Kaduna"]},"geometry":{"type":"LineString","coordinates":[[8.56607,9.64123],[8.56636,9.64116]]}},{"type":"Feature","properties":{"railway":"rail","gauge":1067.0,"_label":null,"_status_group":"unknown","_states":["Plateau"]},"geometry":{"type":"LineString","coordinates":[[8.61068,9.61677],[8.61101,9.61666]]}},{"type":"Feature","properties":{"railway":"rail","name":"Eastern Rail Line","gauge":1067.0,"_label":"Eastern Rail Line","_status_group":"unknown","_states":["Plateau"]},"geometry":{"type":"LineString","coordinates":[[8.60007,9.62024],[8.61068,9.61677]]}},{"type":"Feature","properties":{"railway":"rail","gauge":1067.0,"_label":null,"_status_group":"unknown","_states":["Gombe"]},"geometry":{"type":"LineString","coordinates":[[11.31193,10.37648],[11.2852,10.36118]]}},{"type":"Feature","properties":{"railway":"rail","gauge":1067.0,"_label":null,"_status_group":"unknown","_states":["Gombe"]},"geometry":{"type":"LineString","coordinates":[[11.38585,10.50353],[11.38597,10.50315]]}},{"type":"Feature","properties":{"railway":"rail","gauge":1067.0,"_label":null,"_status_group":"unknown","_states":["Gombe"]},"geometry":{"type":"LineString","coordinates":[[11.38088,10.59409],[11.38585,10.50353]]}},{"type":"Feature","properties":{"railway":"rail","gauge":1067.0,"_label":null,"_status_group":"unknown","_states":["Gombe"]},"geometry":{"type":"LineString","coordinates":[[11.38056,10.47406],[11.38056,10.4739]]}},{"type":"Feature","properties":{"railway":"rail","gauge":1067.0,"_label":null,"_status_group":"unknown","_states":["Gombe"]},"geometry":{"type":"LineString","coordinates":[[11.38597,10.50315],[11.38056,10.47406]]}},{"type":"Feature","properties":{"railway":"rail","gauge":1067.0,"_label":null,"_status_group":"unknown","_states":["Kaduna"]},"geometry":{"type":"LineString","coordinates":[[8.33726,9.70243],[8.33734,9.70261]]}},{"type":"Feature","properties":{"railway":"rail","name":"Linking Line","gauge":1067.0,"_label":"Linking Line","_status_group":"unknown","_states":["Kaduna"]},"geometry":{"type":"LineString","coordinates":[[8.31269,9.61499],[8.30734,9.6464],[8.33726,9.70243]]}},{"type":"Feature","properties":{"railway":"rail","gauge":1067.0,"_label":null,"_status_group":"unknown","_states":["Kaduna"]},"geometry":{"type":"LineString","coordinates":[[8.11337,10.02203],[8.11314,10.02223]]}},{"type":"Feature","properties":{"railway":"rail","name":"Linking Line","gauge":1067.0,"_label":"Linking Line","_status_group":"unknown","_states":["Kaduna"]},"geometry":{"type":"LineString","coordinates":[[8.11563,10.01719],[8.11337,10.02203]]}},{"type":"Feature","properties":{"railway":"rail","gauge":1067.0,"_label":null,"_status_group":"unknown","_states":["Kaduna"]},"geometry":{"type":"LineString","coordinates":[[8.11565,10.01698],[8.11563,10.01719]]}},{"type":"Feature","properties":{"railway":"rail","gauge":1067.0,"_label":null,"_status_group":"unknown","_states":["Kaduna"]},"geometry":{"type":"LineString","coordinates":[[8.34665,9.72254],[8.34659,9.72274]]}},{"type":"Feature","properties":{"railway":"rail","name":"Linking Line","gauge":1067.0,"_label":"Linking Line","_status_group":"unknown","_states":["Kaduna"]},"geometry":{"type":"LineString","coordinates":[[8.33734,9.70261],[8.34665,9.72254]]}},{"type":"Feature","properties":{"railway":"rail","gauge":1067.0,"_label":null,"_status_group":"unknown","_states":["Kaduna"]},"geometry":{"type":"LineString","coordinates":[[7.5327,10.32011],[7.53251,10.32022]]}},{"type":"Feature","properties":{"railway":"rail","name":"Linking Line","gauge":1067.0,"_label":"Linking Line","_status_group":"unknown","_states":["Kaduna"]},"geometry":{"type":"LineString","coordinates":[[7.53251,10.32022],[7.52766,10.33109]]}},{"type":"Feature","properties":{"railway":"rail","gauge":1067.0,"_label":null,"_status_group":"unknown","_states":["Kaduna"]},"geometry":{"type":"LineString","coordinates":[[7.96619,10.04371],[7.96592,10.04404]]}},{"type":"Feature","properties":{"railway":"rail","name":"Linking Line","gauge":1067.0,"_label":"Linking Line","_status_group":"unknown","_states":["Kaduna"]},"geometry":{"type":"LineString","coordinates":[[7.96592,10.04404],[7.88496,10.04892],[7.86495,10.06368],[7.84704,10.09292]]}},{"type":"Feature","properties":{"railway":"rail","gauge":1435.0,"_label":null,"_status_group":"unknown","_states":["Abuja Federal Capital Territory"]},"geometry":{"type":"LineString","coordinates":[[7.29165,9.12391],[7.30083,9.14615],[7.34033,9.17675]]}},{"type":"Feature","properties":{"railway":"rail","gauge":1435.0,"_label":null,"_status_group":"unknown","_states":["Abuja Federal Capital Territory"]},"geometry":{"type":"LineString","coordinates":[[7.31417,9.0571],[7.31021,9.05644]]}},{"type":"Feature","properties":{"railway":"rail","gauge":1067.0,"_label":null,"_status_group":"unknown","_states":["Kaduna"]},"geometry":{"type":"LineString","coordinates":[[7.23104,10.258],[7.23119,10.2582]]}},{"type":"Feature","properties":{"railway":"rail","gauge":1067.0,"_label":null,"_status_group":"unknown","_states":["Kaduna"]},"geometry":{"type":"LineString","coordinates":[[7.23119,10.2582],[7.30016,10.27503],[7.30145,10.28723],[7.32866,10.31845],[7.38007,10.35179],[7.39553,10.39117],[7.39067,10.423],[7.39753,10.44043]]}},{"type":"Feature","properties":{"railway":"rail","gauge":1435.0,"_label":null,"_status_group":"unknown","_states":["Kaduna"]},"geometry":{"type":"LineString","coordinates":[[7.38259,10.03201],[7.40689,9.97398]]}},{"type":"Feature","properties":{"railway":"rail","gauge":1435.0,"_label":null,"_status_group":"unknown","_states":["Kaduna"]},"geometry":{"type":"LineString","coordinates":[[7.38221,10.03306],[7.38259,10.03201]]}},{"type":"Feature","properties":{"railway":"rail","gauge":1067.0,"_label":null,"_status_group":"unknown","_states":["Nasarawa"]},"geometry":{"type":"LineString","coordinates":[[8.34569,8.6298],[8.34567,8.63053]]}},{"type":"Feature","properties":{"railway":"rail","name":"Eastern Rail Line","gauge":1067.0,"_label":"Eastern Rail Line","_status_group":"unknown","_states":["Nasarawa"]},"geometry":{"type":"LineString","coordinates":[[8.34567,8.63053],[8.33386,8.67085],[8.31696,8.68079],[8.30073,8.70928],[8.29805,8.75865]]}},{"type":"Feature","properties":{"railway":"rail","name":"Eastern Rail Line","gauge":1067.0,"_label":"Eastern Rail Line","_status_group":"unknown","_states":["Nasarawa"]},"geometry":{"type":"LineString","coordinates":[[8.44379,8.56846],[8.33967,8.60659],[8.34569,8.6298]]}},{"type":"Feature","properties":{"railway":"rail","gauge":1067.0,"_label":null,"_status_group":"unknown","_states":["Nasarawa"]},"geometry":{"type":"LineString","coordinates":[[8.44455,8.56803],[8.44379,8.56846]]}},{"type":"Feature","properties":{"railway":"rail","name":"Eastern Rail Line","gauge":1067.0,"_label":"Eastern Rail Line","_status_group":"unknown","_states":["Nasarawa","Kaduna"]},"geometry":{"type":"LineString","coordinates":[[8.20111,9.01019],[8.20232,9.04819],[8.17219,9.09916],[8.17447,9.14593],[8.16561,9.18637],[8.17929,9.20751],[8.2059,9.2066],[8.22484,9.23474]]}},{"type":"Feature","properties":{"railway":"rail","gauge":1067.0,"_label":null,"_status_group":"unknown","_states":["Nasarawa"]},"geometry":{"type":"LineString","coordinates":[[8.20118,9.00983],[8.20111,9.01019]]}},{"type":"Feature","properties":{"railway":"rail","_label":null,"_status_group":"unknown","_states":["Niger"]},"geometry":{"type":"LineString","coordinates":[[6.74834,9.54205],[6.74972,9.54237]]}},{"type":"Feature","properties":{"railway":"rail","gauge":1067.0,"_label":null,"_status_group":"unknown","_states":["Kaduna"]},"geometry":{"type":"LineString","coordinates":[[8.22484,9.23474],[8.22464,9.23513]]}},{"type":"Feature","properties":{"railway":"rail","name":"Eastern Rail Line","gauge":1067.0,"_label":"Eastern Rail Line","_status_group":"unknown","_states":["Kaduna"]},"geometry":{"type":"LineString","coordinates":[[8.22464,9.23513],[8.24026,9.2677],[8.23297,9.28339],[8.22562,9.37807],[8.23954,9.4113],[8.23821,9.46428],[8.24201,9.47035],[8.27366,9.45433],[8.25415,9.46878],[8.25558,9.48356],[8.29347,9.53582],[8.29712,9.55578],[8.29113,9.56903],[8.30633,9.59405]]}},{"type":"Feature","properties":{"railway":"rail","gauge":1067.0,"_label":null,"_status_group":"unknown","_states":["Bauchi"]},"geometry":{"type":"LineString","coordinates":[[9.20784,9.76852],[9.20809,9.76846]]}},{"type":"Feature","properties":{"railway":"rail","gauge":1067.0,"_label":null,"_status_group":"unknown","_states":["Bauchi"]},"geometry":{"type":"LineString","coordinates":[[9.20809,9.76846],[9.22549,9.77358],[9.24539,9.76589]]}},{"type":"Feature","properties":{"railway":"rail","gauge":1067.0,"_label":null,"_status_group":"unknown","_states":["Bauchi"]},"geometry":{"type":"LineString","coordinates":[[9.24539,9.76589],[9.24586,9.76573]]}},{"type":"Feature","properties":{"railway":"rail","gauge":1067.0,"_label":null,"_status_group":"unknown","_states":["Bauchi"]},"geometry":{"type":"LineString","coordinates":[[9.24586,9.76573],[9.26657,9.77109],[9.3008,9.76062],[9.35384,9.75544],[9.36866,9.76298],[9.391,9.75479]]}},{"type":"Feature","properties":{"railway":"rail","gauge":1067.0,"_label":null,"_status_group":"unknown","_states":["Plateau"]},"geometry":{"type":"LineString","coordinates":[[9.06979,9.65969],[9.06983,9.66015]]}},{"type":"Feature","properties":{"railway":"rail","gauge":1067.0,"_label":null,"_status_group":"unknown","_states":["Plateau","Bauchi"]},"geometry":{"type":"LineString","coordinates":[[9.06983,9.66015],[9.06791,9.67137],[9.08006,9.67423],[9.09409,9.70891],[9.11204,9.70943],[9.13376,9.73941],[9.16783,9.75817],[9.20784,9.76852]]}},{"type":"Feature","properties":{"railway":"rail","gauge":1067.0,"_label":null,"_status_group":"unknown","_states":["Lagos"]},"geometry":{"type":"LineString","coordinates":[[3.36832,6.48331],[3.37289,6.48849]]}},{"type":"Feature","properties":{"railway":"rail","gauge":1067.0,"_label":null,"_status_group":"unknown","_states":["Lagos"]},"geometry":{"type":"LineString","coordinates":[[3.36813,6.48311],[3.36832,6.48331]]}},{"type":"Feature","properties":{"railway":"rail","gauge":1067.0,"_label":null,"_status_group":"unknown","_states":["Lagos"]},"geometry":{"type":"LineString","coordinates":[[3.3664,6.48116],[3.36274,6.46636]]}},{"type":"Feature","properties":{"railway":"rail","gauge":1067.0,"_label":null,"_status_group":"unknown","_states":["Lagos"]},"geometry":{"type":"LineString","coordinates":[[3.37289,6.48849],[3.37302,6.48864]]}},{"type":"Feature","properties":{"railway":"rail","gauge":1067.0,"_label":null,"_status_group":"unknown","_states":["Lagos"]},"geometry":{"type":"LineString","coordinates":[[3.37302,6.48864],[3.37525,6.49114]]}},{"type":"Feature","properties":{"railway":"rail","gauge":1435.0,"_label":null,"_status_group":"unknown","_states":["Abuja Federal Capital Territory"]},"geometry":{"type":"LineString","coordinates":[[7.34312,9.18375],[7.34339,9.18532]]}},{"type":"Feature","properties":{"railway":"rail","gauge":1435.0,"_label":null,"_status_group":"unknown","_states":["Abuja Federal Capital Territory"]},"geometry":{"type":"LineString","coordinates":[[7.34033,9.17675],[7.34312,9.18375]]}},{"type":"Feature","properties":{"railway":"rail","gauge":1435.0,"_label":null,"_status_group":"unknown","_states":["Abuja Federal Capital Territory"]},"geometry":{"type":"LineString","coordinates":[[7.29087,9.12085],[7.29165,9.12391]]}},{"type":"Feature","properties":{"railway":"rail","gauge":1435.0,"_label":null,"_status_group":"unknown","_states":["Abuja Federal Capital Territory"]},"geometry":{"type":"LineString","coordinates":[[7.28542,9.06729],[7.29087,9.12085]]}},{"type":"Feature","properties":{"railway":"rail","gauge":1435.0,"_label":null,"_status_group":"unknown","_states":["Abuja Federal Capital Territory"]},"geometry":{"type":"LineString","coordinates":[[7.28558,9.06629],[7.28542,9.06729]]}},{"type":"Feature","properties":{"railway":"rail","gauge":1435.0,"_label":null,"_status_group":"unknown","_states":["Abuja Federal Capital Territory"]},"geometry":{"type":"LineString","coordinates":[[7.28808,9.06056],[7.28558,9.06629]]}},{"type":"Feature","properties":{"railway":"rail","gauge":1435.0,"_label":null,"_status_group":"unknown","_states":["Abuja Federal Capital Territory"]},"geometry":{"type":"LineString","coordinates":[[7.28893,9.05951],[7.28808,9.06056]]}},{"type":"Feature","properties":{"railway":"rail","gauge":1435.0,"_label":null,"_status_group":"unknown","_states":["Abuja Federal Capital Territory"]},"geometry":{"type":"LineString","coordinates":[[7.31021,9.05644],[7.28893,9.05951]]}},{"type":"Feature","properties":{"railway":"rail","gauge":1435.0,"_label":null,"_status_group":"unknown","_states":["Kaduna"]},"geometry":{"type":"LineString","coordinates":[[7.35182,10.33524],[7.35364,10.32522]]}},{"type":"Feature","properties":{"railway":"rail","gauge":1435.0,"_label":null,"_status_group":"unknown","_states":["Kaduna"]},"geometry":{"type":"LineString","coordinates":[[7.35089,10.33994],[7.35182,10.33524]]}},{"type":"Feature","properties":{"railway":"rail","gauge":1067.0,"_label":null,"_status_group":"unknown","_states":["Kaduna"]},"geometry":{"type":"LineString","coordinates":[[7.42082,10.49949],[7.41704,10.49445]]}},{"type":"Feature","properties":{"railway":"rail","name":"Western Line","gauge":1067.0,"_label":"Western Line","_status_group":"unknown","_states":["Kano"]},"geometry":{"type":"LineString","coordinates":[[8.5112,11.9594],[8.53942,11.9995]]}},{"type":"Feature","properties":{"railway":"rail","gauge":1067.0,"_label":null,"_status_group":"unknown","_states":["Kwara","Niger"]},"geometry":{"type":"LineString","coordinates":[[4.81476,9.15662],[4.81114,9.13854]]}},{"type":"Feature","properties":{"railway":"rail","gauge":1067.0,"_label":null,"_status_group":"unknown","_states":["Niger"]},"geometry":{"type":"LineString","coordinates":[[4.81485,9.15684],[4.81476,9.15662]]}},{"type":"Feature","properties":{"railway":"rail","_label":null,"_status_group":"unknown","_states":["Kwara"]},"geometry":{"type":"LineString","coordinates":[[4.81936,9.12661],[4.82624,9.12566]]}},{"type":"Feature","properties":{"railway":"rail","_label":null,"_status_group":"unknown","_states":["Kwara"]},"geometry":{"type":"LineString","coordinates":[[4.82561,9.12573],[4.82007,9.1263]]}},{"type":"Feature","properties":{"railway":"rail","_label":null,"_status_group":"unknown","_states":["Kwara"]},"geometry":{"type":"LineString","coordinates":[[4.82484,9.12585],[4.81971,9.12642]]}},{"type":"Feature","properties":{"railway":"rail","_label":null,"_status_group":"unknown","_states":["Kwara"]},"geometry":{"type":"LineString","coordinates":[[4.82438,9.12592],[4.82062,9.12625]]}},{"type":"Feature","properties":{"railway":"rail","gauge":1067.0,"_label":null,"_status_group":"unknown","_states":["Niger"]},"geometry":{"type":"LineString","coordinates":[[6.45884,9.62155],[6.45901,9.62158]]}},{"type":"Feature","properties":{"railway":"rail","gauge":1067.0,"_label":null,"_status_group":"unknown","_states":["Niger"]},"geometry":{"type":"LineString","coordinates":[[6.45901,9.62158],[6.47109,9.61499],[6.48066,9.62306]]}},{"type":"Feature","properties":{"railway":"rail","gauge":1435.0,"_label":null,"_status_group":"unknown","_states":["Kogi"]},"geometry":{"type":"LineString","coordinates":[[6.63004,7.44464],[6.62919,7.45319]]}},{"type":"Feature","properties":{"railway":"rail","gauge":1435.0,"_label":null,"_status_group":"unknown","_states":["Kogi"]},"geometry":{"type":"LineString","coordinates":[[6.61786,7.29527],[6.61188,7.32669],[6.62858,7.34423],[6.62426,7.36977],[6.63485,7.39429],[6.61591,7.42797],[6.62856,7.44331]]}},{"type":"Feature","properties":{"railway":"rail","gauge":1435.0,"_label":null,"_status_group":"unknown","_states":["Edo"]},"geometry":{"type":"LineString","coordinates":[[6.38526,6.77957],[6.38568,6.78025]]}},{"type":"Feature","properties":{"railway":"rail","gauge":1435.0,"_label":null,"_status_group":"unknown","_states":["Edo"]},"geometry":{"type":"LineString","coordinates":[[6.3894,6.72509],[6.38963,6.72566]]}},{"type":"Feature","properties":{"railway":"rail","gauge":1435.0,"_label":null,"_status_group":"unknown","_states":["Edo"]},"geometry":{"type":"LineString","coordinates":[[6.38963,6.72566],[6.40252,6.74586],[6.38172,6.76265],[6.38526,6.77957]]}},{"type":"Feature","properties":{"railway":"rail","gauge":1435.0,"_label":null,"_status_group":"unknown","_states":["Edo"]},"geometry":{"type":"LineString","coordinates":[[6.3944,6.79671],[6.40033,6.80271]]}},{"type":"Feature","properties":{"railway":"rail","gauge":1435.0,"_label":null,"_status_group":"unknown","_states":["Edo"]},"geometry":{"type":"LineString","coordinates":[[6.39602,6.79828],[6.39688,6.799]]}},{"type":"Feature","properties":{"railway":"rail","gauge":1435.0,"_label":null,"_status_group":"unknown","_states":["Kogi"]},"geometry":{"type":"LineString","coordinates":[[6.32678,7.62256],[6.3199,7.61962]]}},{"type":"Feature","properties":{"railway":"rail","gauge":1435.0,"_label":null,"_status_group":"unknown","_states":["Kogi"]},"geometry":{"type":"LineString","coordinates":[[6.31909,7.61903],[6.3204,7.61978]]}},{"type":"Feature","properties":{"railway":"rail","gauge":1435.0,"_label":null,"_status_group":"unknown","_states":["Kogi"]},"geometry":{"type":"LineString","coordinates":[[6.3169,7.61805],[6.31824,7.61885]]}},{"type":"Feature","properties":{"railway":"rail","gauge":1435.0,"_label":null,"_status_group":"unknown","_states":["Kogi"]},"geometry":{"type":"LineString","coordinates":[[6.32632,7.62235],[6.31553,7.61767]]}},{"type":"Feature","properties":{"railway":"rail","gauge":1435.0,"_label":null,"_status_group":"unknown","_states":["Delta"]},"geometry":{"type":"LineString","coordinates":[[6.21946,6.13666],[6.21985,6.13827]]}},{"type":"Feature","properties":{"railway":"rail","gauge":1435.0,"_label":null,"_status_group":"unknown","_states":["Delta"]},"geometry":{"type":"LineString","coordinates":[[6.21981,6.13769],[6.21749,6.12755]]}},{"type":"Feature","properties":{"railway":"rail","gauge":1435.0,"_label":null,"_status_group":"unknown","_states":["Delta"]},"geometry":{"type":"LineString","coordinates":[[6.21758,6.12795],[6.21986,6.13764]]}},{"type":"Feature","properties":{"railway":"rail","gauge":1435.0,"_label":null,"_status_group":"unknown","_states":["Delta"]},"geometry":{"type":"LineString","coordinates":[[6.2178,6.12868],[6.2199,6.13809]]}},{"type":"Feature","properties":{"railway":"rail","gauge":1435.0,"_label":null,"_status_group":"unknown","_states":["Delta"]},"geometry":{"type":"LineString","coordinates":[[6.21863,6.14088],[6.22002,6.1386]]}},{"type":"Feature","properties":{"railway":"rail","gauge":1435.0,"_label":null,"_status_group":"unknown","_states":["Delta"]},"geometry":{"type":"LineString","coordinates":[[6.22073,6.14621],[6.22128,6.14665]]}},{"type":"Feature","properties":{"railway":"rail","gauge":1435.0,"_label":null,"_status_group":"unknown","_states":["Delta"]},"geometry":{"type":"LineString","coordinates":[[6.22179,6.14691],[6.21909,6.14523]]}},{"type":"Feature","properties":{"railway":"rail","gauge":1435.0,"_label":null,"_status_group":"unknown","_states":["Delta"]},"geometry":{"type":"LineString","coordinates":[[6.21875,6.14497],[6.22176,6.14685]]}},{"type":"Feature","properties":{"railway":"rail","gauge":1435.0,"_label":null,"_status_group":"unknown","_states":["Delta"]},"geometry":{"type":"LineString","coordinates":[[6.21835,6.14467],[6.22175,6.1468]]}},{"type":"Feature","properties":{"railway":"rail","gauge":1435.0,"_label":null,"_status_group":"unknown","_states":["Delta"]},"geometry":{"type":"LineString","coordinates":[[6.21845,6.14467],[6.22174,6.14675]]}},{"type":"Feature","properties":{"railway":"rail","gauge":1435.0,"_label":null,"_status_group":"unknown","_states":["Delta"]},"geometry":{"type":"LineString","coordinates":[[6.21809,6.14451],[6.22173,6.14669]]}},{"type":"Feature","properties":{"railway":"rail","gauge":1435.0,"_label":null,"_status_group":"unknown","_states":["Delta"]},"geometry":{"type":"LineString","coordinates":[[6.21738,6.14392],[6.22179,6.14697]]}},{"type":"Feature","properties":{"railway":"rail","gauge":1435.0,"_label":null,"_status_group":"unknown","_states":["Delta"]},"geometry":{"type":"LineString","coordinates":[[6.22093,6.14262],[6.21853,6.14843]]}},{"type":"Feature","properties":{"railway":"rail","gauge":1435.0,"_label":null,"_status_group":"unknown","_states":["Delta"]},"geometry":{"type":"LineString","coordinates":[[6.22799,6.1735],[6.23443,6.20166]]}},{"type":"Feature","properties":{"railway":"rail","gauge":1435.0,"_label":null,"_status_group":"unknown","_states":["Delta"]},"geometry":{"type":"LineString","coordinates":[[6.22797,6.17338],[6.22799,6.1735]]}},{"type":"Feature","properties":{"railway":"rail","gauge":1435.0,"_label":null,"_status_group":"unknown","_states":["Delta"]},"geometry":{"type":"LineString","coordinates":[[6.23446,6.20178],[6.23717,6.28614],[6.24979,6.31721]]}},{"type":"Feature","properties":{"railway":"rail","gauge":1435.0,"_label":null,"_status_group":"unknown","_states":["Delta"]},"geometry":{"type":"LineString","coordinates":[[6.23443,6.20166],[6.23446,6.20178]]}},{"type":"Feature","properties":{"railway":"rail","gauge":1435.0,"_label":null,"_status_group":"unknown","_states":["Delta","Edo"]},"geometry":{"type":"LineString","coordinates":[[6.2503,6.3207],[6.24627,6.37849]]}},{"type":"Feature","properties":{"railway":"rail","gauge":1435.0,"_label":null,"_status_group":"unknown","_states":["Delta"]},"geometry":{"type":"LineString","coordinates":[[6.24979,6.31721],[6.2503,6.3207]]}},{"type":"Feature","properties":{"railway":"rail","gauge":1435.0,"_label":null,"_status_group":"unknown","_states":["Edo"]},"geometry":{"type":"LineString","coordinates":[[6.24623,6.37878],[6.26236,6.42791],[6.24849,6.45938],[6.24953,6.532],[6.26438,6.58403],[6.26212,6.62997],[6.32089,6.66405],[6.36107,6.67099]]}},{"type":"Feature","properties":{"railway":"rail","gauge":1435.0,"_label":null,"_status_group":"unknown","_states":["Edo"]},"geometry":{"type":"LineString","coordinates":[[6.24627,6.37849],[6.24623,6.37878]]}},{"type":"Feature","properties":{"railway":"rail","gauge":1435.0,"_label":null,"_status_group":"unknown","_states":["Edo"]},"geometry":{"type":"LineString","coordinates":[[6.25121,6.35707],[6.25116,6.35755]]}},{"type":"Feature","properties":{"railway":"rail","gauge":1435.0,"_label":null,"_status_group":"unknown","_states":["Edo"]},"geometry":{"type":"LineString","coordinates":[[6.25133,6.35684],[6.24928,6.3654]]}},{"type":"Feature","properties":{"railway":"rail","gauge":1435.0,"_label":null,"_status_group":"unknown","_states":["Kogi"]},"geometry":{"type":"LineString","coordinates":[[6.44279,7.57847],[6.44745,7.57778]]}},{"type":"Feature","properties":{"railway":"rail","gauge":1435.0,"_label":null,"_status_group":"unknown","_states":["Kogi"]},"geometry":{"type":"LineString","coordinates":[[6.44303,7.57849],[6.44341,7.57837]]}},{"type":"Feature","properties":{"railway":"rail","gauge":1435.0,"_label":null,"_status_group":"unknown","_states":["Kogi"]},"geometry":{"type":"LineString","coordinates":[[6.44657,7.57798],[6.4471,7.57783]]}},{"type":"Feature","properties":{"railway":"rail","gauge":1435.0,"_label":null,"_status_group":"unknown","_states":["Kogi"]},"geometry":{"type":"LineString","coordinates":[[6.44252,7.57858],[6.44714,7.57789]]}},{"type":"Feature","properties":{"railway":"rail","gauge":1435.0,"_label":null,"_status_group":"unknown","_states":["Edo"]},"geometry":{"type":"LineString","coordinates":[[6.25958,6.61539],[6.25956,6.61486]]}},{"type":"Feature","properties":{"railway":"rail","gauge":1435.0,"_label":null,"_status_group":"unknown","_states":["Edo"]},"geometry":{"type":"LineString","coordinates":[[6.25944,6.61442],[6.26102,6.62547]]}},{"type":"Feature","properties":{"railway":"rail","gauge":1435.0,"_label":null,"_status_group":"unknown","_states":["Edo"]},"geometry":{"type":"LineString","coordinates":[[6.26094,6.62494],[6.2595,6.6144]]}},{"type":"Feature","properties":{"railway":"rail","gauge":1435.0,"_label":null,"_status_group":"unknown","_states":["Edo"]},"geometry":{"type":"LineString","coordinates":[[6.67378,7.1767],[6.67341,7.17711]]}},{"type":"Feature","properties":{"railway":"rail","gauge":1435.0,"_label":null,"_status_group":"unknown","_states":["Edo"]},"geometry":{"type":"LineString","coordinates":[[6.67837,7.17029],[6.67331,7.17734]]}},{"type":"Feature","properties":{"railway":"rail","gauge":1435.0,"_label":null,"_status_group":"unknown","_states":["Edo"]},"geometry":{"type":"LineString","coordinates":[[6.66451,7.18517],[6.66372,7.18559]]}},{"type":"Feature","properties":{"railway":"rail","gauge":1435.0,"_label":null,"_status_group":"unknown","_states":["Edo"]},"geometry":{"type":"LineString","coordinates":[[6.62623,7.08883],[6.66845,7.12011],[6.67855,7.14081],[6.68225,7.16435],[6.66451,7.18517]]}},{"type":"Feature","properties":{"railway":"rail","gauge":1435.0,"_label":null,"_status_group":"unknown","_states":["Edo"]},"geometry":{"type":"LineString","coordinates":[[6.51493,7.02747],[6.62623,7.08883]]}},{"type":"Feature","properties":{"railway":"rail","gauge":1435.0,"_label":null,"_status_group":"unknown","_states":["Delta"]},"geometry":{"type":"LineString","coordinates":[[5.81657,5.46932],[5.8063,5.46734]]}},{"type":"Feature","properties":{"railway":"rail","gauge":1435.0,"_label":null,"_status_group":"unknown","_states":["Delta"]},"geometry":{"type":"LineString","coordinates":[[5.94289,5.65256],[5.94665,5.65715]]}},{"type":"Feature","properties":{"railway":"rail","gauge":1435.0,"_label":null,"_status_group":"unknown","_states":["Delta"]},"geometry":{"type":"LineString","coordinates":[[5.8816,5.57834],[5.94289,5.65256]]}},{"type":"Feature","properties":{"railway":"rail","gauge":1435.0,"_label":null,"_status_group":"unknown","_states":["Delta"]},"geometry":{"type":"LineString","coordinates":[[5.848,5.51628],[5.87136,5.56399]]}},{"type":"Feature","properties":{"railway":"rail","gauge":1435.0,"_label":null,"_status_group":"unknown","_states":["Delta"]},"geometry":{"type":"LineString","coordinates":[[5.84671,5.51362],[5.848,5.51628]]}},{"type":"Feature","properties":{"railway":"rail","gauge":1435.0,"_label":null,"_status_group":"unknown","_states":["Delta"]},"geometry":{"type":"LineString","coordinates":[[5.94867,5.65957],[5.95408,5.66614]]}},{"type":"Feature","properties":{"railway":"rail","gauge":1435.0,"_label":null,"_status_group":"unknown","_states":["Edo"]},"geometry":{"type":"LineString","coordinates":[[6.11135,5.84618],[6.11146,5.84655]]}},{"type":"Feature","properties":{"railway":"rail","gauge":1435.0,"_label":null,"_status_group":"unknown","_states":["Edo"]},"geometry":{"type":"LineString","coordinates":[[6.11099,5.8452],[6.11018,5.84343]]}},{"type":"Feature","properties":{"railway":"rail","gauge":1435.0,"_label":null,"_status_group":"unknown","_states":["Edo"]},"geometry":{"type":"LineString","coordinates":[[6.11106,5.84541],[6.11072,5.8445]]}},{"type":"Feature","properties":{"railway":"rail","gauge":1435.0,"_label":null,"_status_group":"unknown","_states":["Edo"]},"geometry":{"type":"LineString","coordinates":[[6.11114,5.84572],[6.11101,5.84517]]}},{"type":"Feature","properties":{"railway":"rail","gauge":1435.0,"_label":null,"_status_group":"unknown","_states":["Edo"]},"geometry":{"type":"LineString","coordinates":[[6.10842,5.84009],[6.1114,5.84654]]}},{"type":"Feature","properties":{"railway":"rail","gauge":1435.0,"_label":null,"_status_group":"unknown","_states":["Edo"]},"geometry":{"type":"LineString","coordinates":[[6.10832,5.83975],[6.1112,5.84624]]}},{"type":"Feature","properties":{"railway":"rail","gauge":1435.0,"_label":null,"_status_group":"unknown","_states":["Edo"]},"geometry":{"type":"LineString","coordinates":[[6.10828,5.83959],[6.11158,5.84694]]}},{"type":"Feature","properties":{"railway":"rail","gauge":1435.0,"_label":null,"_status_group":"unknown","_states":["Edo"]},"geometry":{"type":"LineString","coordinates":[[6.10814,5.83934],[6.11156,5.84664]]}},{"type":"Feature","properties":{"railway":"rail","gauge":1435.0,"_label":null,"_status_group":"unknown","_states":["Kogi"]},"geometry":{"type":"LineString","coordinates":[[6.62929,7.44395],[6.63004,7.44464]]}},{"type":"Feature","properties":{"railway":"rail","gauge":1435.0,"_label":null,"_status_group":"unknown","_states":["Edo"]},"geometry":{"type":"LineString","coordinates":[[6.48163,6.93744],[6.4907,6.96074]]}},{"type":"Feature","properties":{"railway":"rail","gauge":1435.0,"_label":null,"_status_group":"unknown","_states":["Edo"]},"geometry":{"type":"LineString","coordinates":[[6.48019,6.9336],[6.48163,6.93744]]}},{"type":"Feature","properties":{"railway":"rail","gauge":1435.0,"_label":null,"_status_group":"unknown","_states":["Edo"]},"geometry":{"type":"LineString","coordinates":[[6.49091,6.96128],[6.51039,7.02269]]}},{"type":"Feature","properties":{"railway":"rail","gauge":1435.0,"_label":null,"_status_group":"unknown","_states":["Edo"]},"geometry":{"type":"LineString","coordinates":[[6.4907,6.96074],[6.49091,6.96128]]}},{"type":"Feature","properties":{"railway":"rail","gauge":1435.0,"_label":null,"_status_group":"unknown","_states":["Edo"]},"geometry":{"type":"LineString","coordinates":[[6.51464,7.02722],[6.51493,7.02747]]}},{"type":"Feature","properties":{"railway":"rail","gauge":1435.0,"_label":null,"_status_group":"unknown","_states":["Edo"]},"geometry":{"type":"LineString","coordinates":[[6.51065,7.02303],[6.51464,7.02722]]}},{"type":"Feature","properties":{"railway":"rail","gauge":1435.0,"_label":null,"_status_group":"unknown","_states":["Edo"]},"geometry":{"type":"LineString","coordinates":[[6.51039,7.02269],[6.51065,7.02303]]}},{"type":"Feature","properties":{"railway":"rail","gauge":1435.0,"_label":null,"_status_group":"unknown","_states":["Edo"]},"geometry":{"type":"LineString","coordinates":[[6.38568,6.78025],[6.45957,6.88096],[6.48019,6.9336]]}},{"type":"Feature","properties":{"railway":"rail","gauge":1435.0,"_label":null,"_status_group":"unknown","_states":["Edo"]},"geometry":{"type":"LineString","coordinates":[[6.3666,6.67179],[6.36977,6.67227]]}},{"type":"Feature","properties":{"railway":"rail","gauge":1435.0,"_label":null,"_status_group":"unknown","_states":["Edo"]},"geometry":{"type":"LineString","coordinates":[[6.366,6.6717],[6.3666,6.67179]]}},{"type":"Feature","properties":{"railway":"rail","gauge":1435.0,"_label":null,"_status_group":"unknown","_states":["Edo"]},"geometry":{"type":"LineString","coordinates":[[6.36161,6.67105],[6.366,6.6717]]}},{"type":"Feature","properties":{"railway":"rail","gauge":1435.0,"_label":null,"_status_group":"unknown","_states":["Edo"]},"geometry":{"type":"LineString","coordinates":[[6.36107,6.67099],[6.36161,6.67105]]}},{"type":"Feature","properties":{"railway":"rail","gauge":1435.0,"_label":null,"_status_group":"unknown","_states":["Edo"]},"geometry":{"type":"LineString","coordinates":[[6.19325,5.97427],[6.19338,5.97454]]}},{"type":"Feature","properties":{"railway":"rail","gauge":1435.0,"_label":null,"_status_group":"unknown","_states":["Edo"]},"geometry":{"type":"LineString","coordinates":[[6.14057,5.907],[6.16833,5.95067],[6.19325,5.97427]]}},{"type":"Feature","properties":{"railway":"rail","gauge":1435.0,"_label":null,"_status_group":"unknown","_states":["Kogi"]},"geometry":{"type":"LineString","coordinates":[[6.35359,7.61599],[6.35129,7.61767]]}},{"type":"Feature","properties":{"railway":"rail","gauge":1435.0,"_label":null,"_status_group":"unknown","_states":["Kogi"]},"geometry":{"type":"LineString","coordinates":[[6.35441,7.6154],[6.35359,7.61599]]}},{"type":"Feature","properties":{"railway":"rail","gauge":1435.0,"_label":null,"_status_group":"unknown","_states":["Kogi"]},"geometry":{"type":"LineString","coordinates":[[6.35107,7.61784],[6.33596,7.62586],[6.31102,7.61552]]}},{"type":"Feature","properties":{"railway":"rail","gauge":1435.0,"_label":null,"_status_group":"unknown","_states":["Kogi"]},"geometry":{"type":"LineString","coordinates":[[6.35129,7.61767],[6.35107,7.61784]]}},{"type":"Feature","properties":{"railway":"rail","gauge":1435.0,"_label":null,"_status_group":"unknown","_states":["Kogi"]},"geometry":{"type":"LineString","coordinates":[[6.54452,7.50267],[6.54435,7.5032]]}},{"type":"Feature","properties":{"railway":"rail","gauge":1435.0,"_label":null,"_status_group":"unknown","_states":["Kogi"]},"geometry":{"type":"LineString","coordinates":[[6.54259,7.50651],[6.54478,7.50211]]}},{"type":"Feature","properties":{"railway":"rail","gauge":1435.0,"_label":null,"_status_group":"unknown","_states":["Kogi"]},"geometry":{"type":"LineString","coordinates":[[6.54275,7.50631],[6.54288,7.50592]]}},{"type":"Feature","properties":{"railway":"rail","gauge":1435.0,"_label":null,"_status_group":"unknown","_states":["Kogi"]},"geometry":{"type":"LineString","coordinates":[[6.54467,7.5025],[6.5426,7.50661]]}},{"type":"Feature","properties":{"railway":"rail","gauge":1435.0,"_label":null,"_status_group":"unknown","_states":["Kogi"]},"geometry":{"type":"LineString","coordinates":[[6.62725,7.4422],[6.62762,7.44246]]}},{"type":"Feature","properties":{"railway":"rail","gauge":1435.0,"_label":null,"_status_group":"unknown","_states":["Kogi"]},"geometry":{"type":"LineString","coordinates":[[6.62084,7.43614],[6.62813,7.44288]]}},{"type":"Feature","properties":{"railway":"rail","gauge":1435.0,"_label":null,"_status_group":"unknown","_states":["Kogi"]},"geometry":{"type":"LineString","coordinates":[[6.62064,7.43588],[6.62839,7.44328]]}},{"type":"Feature","properties":{"railway":"rail","gauge":1435.0,"_label":null,"_status_group":"unknown","_states":["Kogi"]},"geometry":{"type":"LineString","coordinates":[[6.62157,7.43666],[6.62179,7.43681]]}},{"type":"Feature","properties":{"railway":"rail","gauge":1435.0,"_label":null,"_status_group":"unknown","_states":["Kogi"]},"geometry":{"type":"LineString","coordinates":[[6.62076,7.436],[6.62843,7.44318]]}},{"type":"Feature","properties":{"railway":"rail","gauge":1435.0,"_label":null,"_status_group":"unknown","_states":["Kogi"]},"geometry":{"type":"LineString","coordinates":[[6.62819,7.44286],[6.62081,7.4359]]}},{"type":"Feature","properties":{"railway":"rail","gauge":1435.0,"_label":null,"_status_group":"unknown","_states":["Edo"]},"geometry":{"type":"LineString","coordinates":[[6.51867,7.0302],[6.52715,7.03635]]}},{"type":"Feature","properties":{"railway":"rail","gauge":1435.0,"_label":null,"_status_group":"unknown","_states":["Edo"]},"geometry":{"type":"LineString","coordinates":[[6.51904,7.03046],[6.51941,7.03066]]}},{"type":"Feature","properties":{"railway":"rail","gauge":1435.0,"_label":null,"_status_group":"unknown","_states":["Edo"]},"geometry":{"type":"LineString","coordinates":[[6.5274,7.03653],[6.51863,7.03012]]}},{"type":"Feature","properties":{"railway":"rail","_label":null,"_status_group":"unknown","_states":["Ogun"]},"geometry":{"type":"LineString","coordinates":[[3.22895,6.9076],[3.23204,6.91061]]}},{"type":"Feature","properties":{"railway":"rail","gauge":1435.0,"_label":null,"_status_group":"unknown","_states":["Kaduna"]},"geometry":{"type":"LineString","coordinates":[[7.46827,9.60007],[7.47145,9.60664]]}},{"type":"Feature","properties":{"railway":"rail","gauge":1435.0,"_label":null,"_status_group":"unknown","_states":["Kaduna"]},"geometry":{"type":"LineString","coordinates":[[7.37229,10.05824],[7.37233,10.05813]]}},{"type":"Feature","properties":{"railway":"rail","gauge":1435.0,"_label":null,"_status_group":"unknown","_states":["Kaduna"]},"geometry":{"type":"LineString","coordinates":[[7.37233,10.05813],[7.38221,10.03306]]}},{"type":"Feature","properties":{"railway":"rail","gauge":1435.0,"_label":null,"_status_group":"unknown","_states":["Kaduna"]},"geometry":{"type":"LineString","coordinates":[[7.41287,9.87141],[7.41647,9.80369],[7.454,9.77503],[7.47266,9.74241],[7.47696,9.62126],[7.47145,9.60664]]}},{"type":"Feature","properties":{"railway":"rail","gauge":1435.0,"_label":null,"_status_group":"unknown","_states":["Kaduna"]},"geometry":{"type":"LineString","coordinates":[[7.41284,9.87338],[7.41287,9.87141]]}},{"type":"Feature","properties":{"railway":"rail","gauge":1435.0,"_label":null,"_status_group":"unknown","_states":["Kaduna"]},"geometry":{"type":"LineString","coordinates":[[7.34933,10.29891],[7.33658,10.23837],[7.34153,10.13798],[7.36324,10.08097]]}},{"type":"Feature","properties":{"railway":"rail","gauge":1435.0,"_label":null,"_status_group":"unknown","_states":["Kaduna"]},"geometry":{"type":"LineString","coordinates":[[7.34996,10.30077],[7.34933,10.29891]]}},{"type":"Feature","properties":{"railway":"rail","gauge":1435.0,"_label":null,"_status_group":"unknown","_states":["Kaduna"]},"geometry":{"type":"LineString","coordinates":[[7.35364,10.32522],[7.35367,10.32481]]}},{"type":"Feature","properties":{"railway":"rail","gauge":1435.0,"_label":null,"_status_group":"unknown","_states":["Kaduna"]},"geometry":{"type":"LineString","coordinates":[[7.35367,10.32481],[7.34996,10.30077]]}},{"type":"Feature","properties":{"railway":"rail","gauge":1435.0,"_label":null,"_status_group":"unknown","_states":["Kaduna"]},"geometry":{"type":"LineString","coordinates":[[7.34984,10.37808],[7.35021,10.3687]]}},{"type":"Feature","properties":{"railway":"rail","gauge":1435.0,"_label":null,"_status_group":"unknown","_states":["Kaduna"]},"geometry":{"type":"LineString","coordinates":[[7.35013,10.36912],[7.34988,10.37766]]}},{"type":"Feature","properties":{"railway":"rail","gauge":1435.0,"_label":null,"_status_group":"unknown","_states":["Kaduna"]},"geometry":{"type":"LineString","coordinates":[[7.34824,10.42942],[7.35089,10.33994]]}},{"type":"Feature","properties":{"railway":"rail","gauge":1435.0,"_label":null,"_status_group":"unknown","_states":["Kaduna"]},"geometry":{"type":"LineString","coordinates":[[7.3482,10.43075],[7.34824,10.42942]]}},{"type":"Feature","properties":{"railway":"rail","gauge":1435.0,"_label":null,"_status_group":"unknown","_states":["Kaduna"]},"geometry":{"type":"LineString","coordinates":[[7.33846,10.45967],[7.3482,10.43075]]}},{"type":"Feature","properties":{"railway":"rail","gauge":1435.0,"_label":null,"_status_group":"unknown","_states":["Kaduna"]},"geometry":{"type":"LineString","coordinates":[[7.33845,10.45977],[7.33846,10.45967]]}},{"type":"Feature","properties":{"railway":"rail","gauge":1435.0,"_label":null,"_status_group":"unknown","_states":["Kaduna"]},"geometry":{"type":"LineString","coordinates":[[7.34969,10.52284],[7.34972,10.52299]]}},{"type":"Feature","properties":{"railway":"rail","gauge":1435.0,"_label":null,"_status_group":"unknown","_states":["Kaduna"]},"geometry":{"type":"LineString","coordinates":[[7.35366,10.54451],[7.35605,10.55206]]}},{"type":"Feature","properties":{"railway":"rail","gauge":1435.0,"_label":null,"_status_group":"unknown","_states":["Kaduna"]},"geometry":{"type":"LineString","coordinates":[[7.356,10.55207],[7.35608,10.55234]]}},{"type":"Feature","properties":{"railway":"rail","gauge":1435.0,"_label":null,"_status_group":"unknown","_states":["Kaduna"]},"geometry":{"type":"LineString","coordinates":[[7.35605,10.55206],[7.35613,10.55234]]}},{"type":"Feature","properties":{"railway":"rail","gauge":1435.0,"_label":null,"_status_group":"unknown","_states":["Kaduna"]},"geometry":{"type":"LineString","coordinates":[[7.35613,10.55234],[7.35657,10.55395]]}},{"type":"Feature","properties":{"railway":"rail","gauge":1435.0,"_label":null,"_status_group":"unknown","_states":["Kaduna"]},"geometry":{"type":"LineString","coordinates":[[7.35366,10.54451],[7.356,10.55207]]}},{"type":"Feature","properties":{"railway":"rail","gauge":1435.0,"_label":null,"_status_group":"unknown","_states":["Kaduna"]},"geometry":{"type":"LineString","coordinates":[[7.35603,10.55237],[7.35644,10.55354]]}},{"type":"Feature","properties":{"railway":"rail","gauge":1435.0,"_label":null,"_status_group":"unknown","_states":["Kaduna"]},"geometry":{"type":"LineString","coordinates":[[7.35595,10.55209],[7.35603,10.55237]]}},{"type":"Feature","properties":{"railway":"rail","gauge":1435.0,"_label":null,"_status_group":"unknown","_states":["Abuja Federal Capital Territory"]},"geometry":{"type":"LineString","coordinates":[[7.33733,9.04949],[7.34515,9.04571]]}},{"type":"Feature","properties":{"railway":"rail","name":"Lagos–Ibadan SGR","gauge":1435.0,"_label":"Lagos–Ibadan SGR","_status_group":"unknown","_states":["Ogun"]},"geometry":{"type":"LineString","coordinates":[[3.22303,6.86817],[3.22509,6.89793],[3.25227,6.9445]]}},{"type":"Feature","properties":{"railway":"rail","name":"Lagos–Ibadan SGR","gauge":1435.0,"_label":"Lagos–Ibadan SGR","_status_group":"unknown","_states":["Ogun"]},"geometry":{"type":"LineString","coordinates":[[3.29319,7.03356],[3.2959,7.03992]]}},{"type":"Feature","properties":{"railway":"rail","name":"Lagos–Ibadan SGR","gauge":1435.0,"_label":"Lagos–Ibadan SGR","_status_group":"unknown","_states":["Ogun"]},"geometry":{"type":"LineString","coordinates":[[3.2959,7.03992],[3.30625,7.05499]]}},{"type":"Feature","properties":{"railway":"rail","name":"Lagos–Ibadan SGR","gauge":1435.0,"_label":"Lagos–Ibadan SGR","_status_group":"unknown","_states":["Ogun"]},"geometry":{"type":"LineString","coordinates":[[3.30634,7.05507],[3.32444,7.07006]]}},{"type":"Feature","properties":{"railway":"rail","name":"Lagos–Ibadan SGR","gauge":1435.0,"_label":"Lagos–Ibadan SGR","_status_group":"unknown","_states":["Ogun"]},"geometry":{"type":"LineString","coordinates":[[3.30625,7.05499],[3.30634,7.05507]]}},{"type":"Feature","properties":{"railway":"rail","name":"Lagos–Ibadan SGR","gauge":1435.0,"_label":"Lagos–Ibadan SGR","_status_group":"unknown","_states":["Ogun"]},"geometry":{"type":"LineString","coordinates":[[3.32444,7.07006],[3.32837,7.07328]]}},{"type":"Feature","properties":{"railway":"rail","name":"Lagos–Ibadan SGR","gauge":1435.0,"_label":"Lagos–Ibadan SGR","_status_group":"unknown","_states":["Ogun"]},"geometry":{"type":"LineString","coordinates":[[3.32837,7.07328],[3.33348,7.07751]]}},{"type":"Feature","properties":{"railway":"rail","name":"Lagos–Ibadan SGR","gauge":1435.0,"_label":"Lagos–Ibadan SGR","_status_group":"unknown","_states":["Ogun"]},"geometry":{"type":"LineString","coordinates":[[3.33361,7.07763],[3.36798,7.098]]}},{"type":"Feature","properties":{"railway":"rail","name":"Lagos–Ibadan SGR","gauge":1435.0,"_label":"Lagos–Ibadan SGR","_status_group":"unknown","_states":["Ogun"]},"geometry":{"type":"LineString","coordinates":[[3.33348,7.07751],[3.33361,7.07763]]}},{"type":"Feature","properties":{"railway":"rail","name":"Lagos–Ibadan SGR","gauge":1435.0,"_label":"Lagos–Ibadan SGR","_status_group":"unknown","_states":["Ogun"]},"geometry":{"type":"LineString","coordinates":[[3.37142,7.10379],[3.37668,7.11305]]}},{"type":"Feature","properties":{"railway":"rail","name":"Lagos–Ibadan SGR","gauge":1435.0,"_label":"Lagos–Ibadan SGR","_status_group":"unknown","_states":["Ogun"]},"geometry":{"type":"LineString","coordinates":[[3.36798,7.098],[3.37142,7.10379]]}},{"type":"Feature","properties":{"railway":"rail","name":"Lagos–Ibadan SGR","gauge":1435.0,"_label":"Lagos–Ibadan SGR","_status_group":"unknown","_states":["Ogun"]},"geometry":{"type":"LineString","coordinates":[[3.37837,7.11492],[3.38115,7.1181]]}},{"type":"Feature","properties":{"railway":"rail","name":"Lagos–Ibadan SGR","gauge":1435.0,"_label":"Lagos–Ibadan SGR","_status_group":"unknown","_states":["Ogun"]},"geometry":{"type":"LineString","coordinates":[[3.37668,7.11305],[3.37837,7.11492]]}},{"type":"Feature","properties":{"railway":"rail","name":"Lagos–Ibadan SGR","gauge":1435.0,"_label":"Lagos–Ibadan SGR","_status_group":"unknown","_states":["Ogun"]},"geometry":{"type":"LineString","coordinates":[[3.38178,7.11895],[3.42282,7.13835],[3.46589,7.1901],[3.51031,7.21633]]}},{"type":"Feature","properties":{"railway":"rail","name":"Lagos–Ibadan SGR","gauge":1435.0,"_label":"Lagos–Ibadan SGR","_status_group":"unknown","_states":["Ogun"]},"geometry":{"type":"LineString","coordinates":[[3.38115,7.1181],[3.38178,7.11895]]}},{"type":"Feature","properties":{"railway":"rail","gauge":1067.0,"_label":null,"_status_group":"unknown","_states":["Lagos"]},"geometry":{"type":"LineString","coordinates":[[3.37743,6.49451],[3.37857,6.49066]]}},{"type":"Feature","properties":{"railway":"rail","gauge":1067.0,"_label":null,"_status_group":"unknown","_states":["Lagos"]},"geometry":{"type":"LineString","coordinates":[[3.37837,6.49128],[3.37718,6.49419]]}},{"type":"Feature","properties":{"railway":"rail","gauge":1067.0,"_label":null,"_status_group":"unknown","_states":["Lagos"]},"geometry":{"type":"LineString","coordinates":[[3.3777,6.49292],[3.37733,6.49447]]}},{"type":"Feature","properties":{"railway":"rail","gauge":1067.0,"_label":null,"_status_group":"unknown","_states":["Lagos"]},"geometry":{"type":"LineString","coordinates":[[3.3776,6.49379],[3.37791,6.49331]]}},{"type":"Feature","properties":{"railway":"rail","gauge":1067.0,"_label":null,"_status_group":"unknown","_states":["Lagos"]},"geometry":{"type":"LineString","coordinates":[[3.37176,6.50297],[3.37672,6.49341]]}},{"type":"Feature","properties":{"railway":"rail","gauge":1067.0,"_label":null,"_status_group":"unknown","_states":["Lagos"]},"geometry":{"type":"LineString","coordinates":[[3.37219,6.50178],[3.37146,6.50285]]}},{"type":"Feature","properties":{"railway":"rail","gauge":1067.0,"_label":null,"_status_group":"unknown","_states":["Lagos"]},"geometry":{"type":"LineString","coordinates":[[3.37162,6.50291],[3.37205,6.502]]}},{"type":"Feature","properties":{"railway":"rail","gauge":1067.0,"_label":null,"_status_group":"unknown","_states":["Lagos"]},"geometry":{"type":"LineString","coordinates":[[3.37286,6.49916],[3.37551,6.49671]]}},{"type":"Feature","properties":{"railway":"rail","gauge":1435.0,"_label":null,"_status_group":"unknown","_states":["Kogi"]},"geometry":{"type":"LineString","coordinates":[[6.54956,7.49463],[6.53766,7.5156],[6.47303,7.57114],[6.42344,7.58167]]}},{"type":"Feature","properties":{"railway":"rail","gauge":1067.0,"_label":null,"_status_group":"unknown","_states":["Osun"]},"geometry":{"type":"LineString","coordinates":[[4.53999,7.77324],[4.53983,7.77322]]}},{"type":"Feature","properties":{"railway":"rail","gauge":1067.0,"_label":null,"_status_group":"unknown","_states":["Niger"]},"geometry":{"type":"LineString","coordinates":[[6.86042,9.78747],[6.86076,9.78757]]}},{"type":"Feature","properties":{"railway":"rail","gauge":1067.0,"_label":null,"_status_group":"unknown","_states":["Niger"]},"geometry":{"type":"LineString","coordinates":[[6.84915,9.78425],[6.86042,9.78747]]}},{"type":"Feature","properties":{"railway":"rail","_label":null,"_status_group":"unknown","_states":["Kaduna"]},"geometry":{"type":"LineString","coordinates":[[7.7261,11.11415],[7.72633,11.11476]]}},{"type":"Feature","properties":{"railway":"rail","gauge":1067.0,"_label":null,"_status_group":"unknown","_states":["Kaduna"]},"geometry":{"type":"LineString","coordinates":[[7.72615,11.11412],[7.72638,11.11475]]}},{"type":"Feature","properties":{"railway":"rail","_label":null,"_status_group":"unknown","_states":["Kaduna"]},"geometry":{"type":"LineString","coordinates":[[7.72619,11.11411],[7.72537,11.11286]]}},{"type":"Feature","properties":{"railway":"rail","_label":null,"_status_group":"unknown","_states":["Abia"]},"geometry":{"type":"LineString","coordinates":[[7.37138,5.12595],[7.36985,5.1218]]}},{"type":"Feature","properties":{"railway":"rail","gauge":1067.0,"_label":null,"_status_group":"unknown","_states":["Rivers"]},"geometry":{"type":"LineString","coordinates":[[6.99896,4.79737],[7.0156,4.81001]]}},{"type":"Feature","properties":{"railway":"rail","gauge":1067.0,"_label":null,"_status_group":"unknown","_states":["Rivers"]},"geometry":{"type":"LineString","coordinates":[[6.9987,4.797],[6.99896,4.79737]]}},{"type":"Feature","properties":{"railway":"rail","_label":null,"_status_group":"unknown","_states":["Rivers"]},"geometry":{"type":"LineString","coordinates":[[7.01542,4.76648],[7.01528,4.76691]]}},{"type":"Feature","properties":{"railway":"rail","_label":null,"_status_group":"unknown","_states":["Rivers"]},"geometry":{"type":"LineString","coordinates":[[7.01568,4.76519],[7.01551,4.76621]]}},{"type":"Feature","properties":{"railway":"rail","_label":null,"_status_group":"unknown","_states":["Rivers"]},"geometry":{"type":"LineString","coordinates":[[7.01576,4.76521],[7.01559,4.76602]]}},{"type":"Feature","properties":{"railway":"rail","_label":null,"_status_group":"unknown","_states":["Rivers"]},"geometry":{"type":"LineString","coordinates":[[7.01484,4.76899],[7.01523,4.76712]]}},{"type":"Feature","properties":{"railway":"rail","_label":null,"_status_group":"unknown","_states":["Rivers"]},"geometry":{"type":"LineString","coordinates":[[7.01401,4.77076],[7.01456,4.7696]]}},{"type":"Feature","properties":{"railway":"rail","_label":null,"_status_group":"unknown","_states":["Rivers"]},"geometry":{"type":"LineString","coordinates":[[7.01293,4.77196],[7.01421,4.77039]]}},{"type":"Feature","properties":{"railway":"rail","_label":null,"_status_group":"unknown","_states":["Rivers"]},"geometry":{"type":"LineString","coordinates":[[7.01452,4.76958],[7.01408,4.77055]]}},{"type":"Feature","properties":{"railway":"rail","_label":null,"_status_group":"unknown","_states":["Rivers"]},"geometry":{"type":"LineString","coordinates":[[7.00602,4.76002],[7.00834,4.76332]]}},{"type":"Feature","properties":{"railway":"rail","_label":null,"_status_group":"unknown","_states":["Rivers"]},"geometry":{"type":"LineString","coordinates":[[7.0121,4.77191],[7.00834,4.76332]]}},{"type":"Feature","properties":{"railway":"rail","_label":null,"_status_group":"unknown","_states":["Rivers"]},"geometry":{"type":"LineString","coordinates":[[7.00834,4.76332],[7.00827,4.76315]]}},{"type":"Feature","properties":{"railway":"rail","_label":null,"_status_group":"unknown","_states":["Rivers"]},"geometry":{"type":"LineString","coordinates":[[7.00814,4.76305],[7.00798,4.76276]]}},{"type":"Feature","properties":{"railway":"rail","_label":null,"_status_group":"unknown","_states":["Rivers"]},"geometry":{"type":"LineString","coordinates":[[7.00827,4.76315],[7.00645,4.76056]]}},{"type":"Feature","properties":{"railway":"rail","_label":null,"_status_group":"unknown","_states":["Rivers"]},"geometry":{"type":"LineString","coordinates":[[7.00827,4.76315],[7.00811,4.7627]]}},{"type":"Feature","properties":{"railway":"rail","_label":null,"_status_group":"unknown","_states":["Rivers"]},"geometry":{"type":"LineString","coordinates":[[7.00811,4.7627],[7.00639,4.76048]]}},{"type":"Feature","properties":{"railway":"rail","_label":null,"_status_group":"unknown","_states":["Rivers"]},"geometry":{"type":"LineString","coordinates":[[7.00798,4.76276],[7.00651,4.76064]]}},{"type":"Feature","properties":{"railway":"rail","_label":null,"_status_group":"unknown","_states":["Rivers"]},"geometry":{"type":"LineString","coordinates":[[7.00798,4.76276],[7.0062,4.76031]]}},{"type":"Feature","properties":{"railway":"rail","_label":null,"_status_group":"unknown","_states":["Rivers"]},"geometry":{"type":"LineString","coordinates":[[7.00811,4.7627],[7.00808,4.76256]]}},{"type":"Feature","properties":{"railway":"rail","_label":null,"_status_group":"unknown","_states":["Rivers"]},"geometry":{"type":"LineString","coordinates":[[7.00808,4.76256],[7.00667,4.76069]]}},{"type":"Feature","properties":{"railway":"rail","_label":null,"_status_group":"unknown","_states":["Rivers"]},"geometry":{"type":"LineString","coordinates":[[7.00808,4.76256],[7.00705,4.761]]}},{"type":"Feature","properties":{"railway":"rail","_label":null,"_status_group":"unknown","_states":["Rivers"]},"geometry":{"type":"LineString","coordinates":[[7.0086,4.76376],[7.00879,4.76435]]}},{"type":"Feature","properties":{"railway":"rail","_label":null,"_status_group":"unknown","_states":["Rivers"]},"geometry":{"type":"LineString","coordinates":[[7.00864,4.76388],[7.00868,4.76452]]}},{"type":"Feature","properties":{"railway":"rail","_label":null,"_status_group":"unknown","_states":["Rivers"]},"geometry":{"type":"LineString","coordinates":[[7.01494,4.76966],[7.01654,4.76541]]}},{"type":"Feature","properties":{"railway":"rail","gauge":1067.0,"_label":null,"_status_group":"unknown","_states":["Enugu"]},"geometry":{"type":"LineString","coordinates":[[7.4913,6.4393],[7.49625,6.44643]]}},{"type":"Feature","properties":{"railway":"rail","gauge":1067.0,"_label":null,"_status_group":"unknown","_states":["Enugu"]},"geometry":{"type":"LineString","coordinates":[[7.49605,6.44608],[7.49222,6.44053]]}},{"type":"Feature","properties":{"railway":"rail","gauge":1435.0,"_label":null,"_status_group":"unknown","_states":["Kaduna"]},"geometry":{"type":"LineString","coordinates":[[7.35243,10.54076],[7.3539,10.54547]]}},{"type":"Feature","properties":{"railway":"rail","gauge":1435.0,"_label":null,"_status_group":"unknown","_states":["Kaduna"]},"geometry":{"type":"LineString","coordinates":[[7.35337,10.5438],[7.35232,10.54798]]}},{"type":"Feature","properties":{"railway":"rail","gauge":1435.0,"_label":null,"_status_group":"unknown","_states":["Kaduna"]},"geometry":{"type":"LineString","coordinates":[[7.35344,10.54409],[7.35275,10.54819]]}},{"type":"Feature","properties":{"railway":"rail","gauge":1435.0,"_label":null,"_status_group":"unknown","_states":["Kaduna"]},"geometry":{"type":"LineString","coordinates":[[7.3539,10.54547],[7.35595,10.55209]]}},{"type":"Feature","properties":{"railway":"rail","_label":null,"_status_group":"unknown","_states":["Borno"]},"geometry":{"type":"LineString","coordinates":[[14.07191,11.95999],[14.07391,11.96088]]}},{"type":"Feature","properties":{"railway":"rail","gauge":1435.0,"_label":null,"_status_group":"unknown","_states":["Ogun"]},"geometry":{"type":"LineString","coordinates":[[3.39449,7.12753],[3.39009,7.12636]]}},{"type":"Feature","properties":{"railway":"rail","name":"Lagos–Ibadan SGR","gauge":1435.0,"_label":"Lagos–Ibadan SGR","_status_group":"unknown","_states":["Ogun"]},"geometry":{"type":"LineString","coordinates":[[3.51176,7.21713],[3.5838,7.26719],[3.68948,7.36705]]}},{"type":"Feature","properties":{"railway":"rail","name":"Lagos–Ibadan SGR","gauge":1435.0,"_label":"Lagos–Ibadan SGR","_status_group":"unknown","_states":["Ogun"]},"geometry":{"type":"LineString","coordinates":[[3.51031,7.21633],[3.51176,7.21713]]}},{"type":"Feature","properties":{"railway":"rail","name":"Lagos–Ibadan SGR","gauge":1435.0,"_label":"Lagos–Ibadan SGR","_status_group":"unknown","_states":["Ogun"]},"geometry":{"type":"LineString","coordinates":[[3.68948,7.36705],[3.69145,7.36909]]}},{"type":"Feature","properties":{"railway":"rail","name":"Lagos–Ibadan SGR","gauge":1435.0,"_label":"Lagos–Ibadan SGR","_status_group":"unknown","_states":["Ogun","Oyo"]},"geometry":{"type":"LineString","coordinates":[[3.69145,7.36909],[3.71462,7.39054]]}},{"type":"Feature","properties":{"railway":"rail","name":"Lagos–Ibadan SGR","gauge":1435.0,"_label":"Lagos–Ibadan SGR","_status_group":"unknown","_states":["Oyo"]},"geometry":{"type":"LineString","coordinates":[[3.71462,7.39054],[3.716,7.39146]]}},{"type":"Feature","properties":{"railway":"rail","name":"Lagos–Ibadan SGR","gauge":1435.0,"_label":"Lagos–Ibadan SGR","_status_group":"unknown","_states":["Oyo"]},"geometry":{"type":"LineString","coordinates":[[3.716,7.39146],[3.73022,7.39994]]}},{"type":"Feature","properties":{"railway":"rail","name":"Lagos–Ibadan SGR","gauge":1435.0,"_label":"Lagos–Ibadan SGR","_status_group":"unknown","_states":["Oyo"]},"geometry":{"type":"LineString","coordinates":[[3.73022,7.39994],[3.73115,7.40045]]}},{"type":"Feature","properties":{"railway":"rail","name":"Lagos–Ibadan SGR","gauge":1435.0,"_label":"Lagos–Ibadan SGR","_status_group":"unknown","_states":["Oyo"]},"geometry":{"type":"LineString","coordinates":[[3.73115,7.40042],[3.75533,7.41378]]}},{"type":"Feature","properties":{"railway":"rail","gauge":1435.0,"_label":null,"_status_group":"unknown","_states":["Oyo"]},"geometry":{"type":"LineString","coordinates":[[3.73989,7.40488],[3.74412,7.4075]]}},{"type":"Feature","properties":{"railway":"rail","name":"Lagos–Ibadan SGR","gauge":1435.0,"_label":"Lagos–Ibadan SGR","_status_group":"unknown","_states":["Oyo"]},"geometry":{"type":"LineString","coordinates":[[3.75533,7.41378],[3.75625,7.4143]]}},{"type":"Feature","properties":{"railway":"rail","name":"Lagos–Ibadan SGR","gauge":1435.0,"_label":"Lagos–Ibadan SGR","_status_group":"unknown","_states":["Oyo"]},"geometry":{"type":"LineString","coordinates":[[3.7831,7.43947],[3.84948,7.51566]]}},{"type":"Feature","properties":{"railway":"rail","name":"Lagos–Ibadan SGR","gauge":1435.0,"_label":"Lagos–Ibadan SGR","_status_group":"unknown","_states":["Oyo"]},"geometry":{"type":"LineString","coordinates":[[3.84945,7.51567],[3.85112,7.51833]]}},{"type":"Feature","properties":{"railway":"rail","name":"Lagos–Ibadan SGR","gauge":1435.0,"_label":"Lagos–Ibadan SGR","_status_group":"unknown","_states":["Oyo"]},"geometry":{"type":"LineString","coordinates":[[3.85112,7.51833],[3.87895,7.54703]]}},{"type":"Feature","properties":{"railway":"rail","name":"Lagos–Ibadan SGR","gauge":1435.0,"_label":"Lagos–Ibadan SGR","_status_group":"unknown","_states":["Oyo"]},"geometry":{"type":"LineString","coordinates":[[3.87895,7.54703],[3.88148,7.54889]]}},{"type":"Feature","properties":{"railway":"rail","name":"Lagos–Ibadan SGR","gauge":1435.0,"_label":"Lagos–Ibadan SGR","_status_group":"unknown","_states":["Oyo"]},"geometry":{"type":"LineString","coordinates":[[3.88148,7.54889],[3.88932,7.55451]]}},{"type":"Feature","properties":{"railway":"rail","name":"Lagos–Ibadan SGR","gauge":1435.0,"_label":"Lagos–Ibadan SGR","_status_group":"unknown","_states":["Oyo"]},"geometry":{"type":"LineString","coordinates":[[3.88932,7.55451],[3.8895,7.55464]]}},{"type":"Feature","properties":{"railway":"rail","name":"Lagos–Ibadan SGR","gauge":1435.0,"_label":"Lagos–Ibadan SGR","_status_group":"unknown","_states":["Oyo"]},"geometry":{"type":"LineString","coordinates":[[3.8895,7.55464],[3.9045,7.56543]]}},{"type":"Feature","properties":{"railway":"rail","gauge":1435.0,"_label":null,"_status_group":"unknown","_states":["Delta"]},"geometry":{"type":"LineString","coordinates":[[6.2202,6.1473],[6.22149,6.14879]]}},{"type":"Feature","properties":{"railway":"rail","gauge":1435.0,"_label":null,"_status_group":"unknown","_states":["Delta"]},"geometry":{"type":"LineString","coordinates":[[6.2198,6.1469],[6.22015,6.14734]]}},{"type":"Feature","properties":{"railway":"rail","gauge":1435.0,"_label":null,"_status_group":"unknown","_states":["Delta"]},"geometry":{"type":"LineString","coordinates":[[6.22015,6.14734],[6.22074,6.14798]]}},{"type":"Feature","properties":{"railway":"rail","gauge":1435.0,"_label":null,"_status_group":"unknown","_states":["Delta"]},"geometry":{"type":"LineString","coordinates":[[6.21984,6.14687],[6.2202,6.1473]]}},{"type":"Feature","properties":{"railway":"rail","gauge":1435.0,"_label":null,"_status_group":"unknown","_states":["Delta"]},"geometry":{"type":"LineString","coordinates":[[6.22008,6.1474],[6.22279,6.15078]]}},{"type":"Feature","properties":{"railway":"rail","gauge":1435.0,"_label":null,"_status_group":"unknown","_states":["Delta"]},"geometry":{"type":"LineString","coordinates":[[6.21976,6.14694],[6.22012,6.14737]]}},{"type":"Feature","properties":{"railway":"rail","gauge":1435.0,"_label":null,"_status_group":"unknown","_states":["Delta"]},"geometry":{"type":"LineString","coordinates":[[6.22082,6.1482],[6.22118,6.14849]]}},{"type":"Feature","properties":{"railway":"rail","gauge":1435.0,"_label":null,"_status_group":"unknown","_states":["Delta"]},"geometry":{"type":"LineString","coordinates":[[6.22012,6.14737],[6.2205,6.14783]]}},{"type":"Feature","properties":{"railway":"rail","gauge":1435.0,"_label":null,"_status_group":"unknown","_states":["Delta"]},"geometry":{"type":"LineString","coordinates":[[6.21971,6.14697],[6.22008,6.1474]]}},{"type":"Feature","properties":{"railway":"rail","gauge":1435.0,"_label":null,"_status_group":"unknown","_states":["Delta"]},"geometry":{"type":"LineString","coordinates":[[6.22033,6.14719],[6.22252,6.15004]]}},{"type":"Feature","properties":{"railway":"rail","gauge":1435.0,"_label":null,"_status_group":"unknown","_states":["Delta"]},"geometry":{"type":"LineString","coordinates":[[6.21988,6.14683],[6.22024,6.14727]]}},{"type":"Feature","properties":{"railway":"rail","gauge":1435.0,"_label":null,"_status_group":"unknown","_states":["Delta"]},"geometry":{"type":"LineString","coordinates":[[6.22024,6.14727],[6.22065,6.1477]]}},{"type":"Feature","properties":{"railway":"rail","gauge":1435.0,"_label":null,"_status_group":"unknown","_states":["Delta"]},"geometry":{"type":"LineString","coordinates":[[6.21992,6.1468],[6.22028,6.14724]]}},{"type":"Feature","properties":{"railway":"rail","gauge":1435.0,"_label":null,"_status_group":"unknown","_states":["Delta"]},"geometry":{"type":"LineString","coordinates":[[6.22028,6.14724],[6.22125,6.14847]]}},{"type":"Feature","properties":{"railway":"rail","gauge":1435.0,"_label":null,"_status_group":"unknown","_states":["Delta"]},"geometry":{"type":"LineString","coordinates":[[6.22001,6.14672],[6.22037,6.14716]]}},{"type":"Feature","properties":{"railway":"rail","gauge":1435.0,"_label":null,"_status_group":"unknown","_states":["Delta"]},"geometry":{"type":"LineString","coordinates":[[6.22037,6.14716],[6.22082,6.14779]]}},{"type":"Feature","properties":{"railway":"rail","gauge":1435.0,"_label":null,"_status_group":"unknown","_states":["Delta"]},"geometry":{"type":"LineString","coordinates":[[6.21997,6.14676],[6.22033,6.14719]]}},{"type":"Feature","properties":{"railway":"rail","gauge":1435.0,"_label":null,"_status_group":"unknown","_states":["Delta"]},"geometry":{"type":"LineString","coordinates":[[6.21902,6.14603],[6.22082,6.1482]]}},{"type":"Feature","properties":{"railway":"rail","gauge":1435.0,"_label":null,"_status_group":"unknown","_states":["Delta"]},"geometry":{"type":"LineString","coordinates":[[6.2195,6.14633],[6.21988,6.14683]]}},{"type":"Feature","properties":{"railway":"rail","gauge":1435.0,"_label":null,"_status_group":"unknown","_states":["Delta"]},"geometry":{"type":"LineString","coordinates":[[6.21958,6.14628],[6.22001,6.14672]]}},{"type":"Feature","properties":{"railway":"rail","gauge":1435.0,"_label":null,"_status_group":"unknown","_states":["Delta"]},"geometry":{"type":"LineString","coordinates":[[6.21895,6.14566],[6.21992,6.1468]]}},{"type":"Feature","properties":{"railway":"rail","gauge":1435.0,"_label":null,"_status_group":"unknown","_states":["Delta"]},"geometry":{"type":"LineString","coordinates":[[6.21855,6.14527],[6.21984,6.14687]]}},{"type":"Feature","properties":{"railway":"rail","gauge":1435.0,"_label":null,"_status_group":"unknown","_states":["Delta"]},"geometry":{"type":"LineString","coordinates":[[6.21943,6.14639],[6.2198,6.1469]]}},{"type":"Feature","properties":{"railway":"rail","gauge":1435.0,"_label":null,"_status_group":"unknown","_states":["Delta"]},"geometry":{"type":"LineString","coordinates":[[6.21884,6.1457],[6.21976,6.14694]]}},{"type":"Feature","properties":{"railway":"rail","gauge":1435.0,"_label":null,"_status_group":"unknown","_states":["Delta"]},"geometry":{"type":"LineString","coordinates":[[6.21934,6.14644],[6.21971,6.14697]]}},{"type":"Feature","properties":{"railway":"rail","gauge":1435.0,"_label":null,"_status_group":"unknown","_states":["Delta"]},"geometry":{"type":"LineString","coordinates":[[6.21829,6.14496],[6.21997,6.14676]]}},{"type":"Feature","properties":{"railway":"rail","gauge":1435.0,"_label":null,"_status_group":"unknown","_states":["Delta"]},"geometry":{"type":"LineString","coordinates":[[6.21825,6.14498],[6.22007,6.14803]]}},{"type":"Feature","properties":{"railway":"rail","gauge":1435.0,"_label":null,"_status_group":"unknown","_states":["Delta"]},"geometry":{"type":"LineString","coordinates":[[6.21931,6.14877],[6.21943,6.14924]]}},{"type":"Feature","properties":{"railway":"rail","gauge":1435.0,"_label":null,"_status_group":"unknown","_states":["Delta"]},"geometry":{"type":"LineString","coordinates":[[6.21899,6.14755],[6.21926,6.14879]]}},{"type":"Feature","properties":{"railway":"rail","gauge":1435.0,"_label":null,"_status_group":"unknown","_states":["Delta"]},"geometry":{"type":"LineString","coordinates":[[6.21926,6.14879],[6.21938,6.14925]]}},{"type":"Feature","properties":{"railway":"rail","gauge":1435.0,"_label":null,"_status_group":"unknown","_states":["Delta"]},"geometry":{"type":"LineString","coordinates":[[6.2192,6.14835],[6.21931,6.14877]]}},{"type":"Feature","properties":{"railway":"rail","gauge":1435.0,"_label":null,"_status_group":"unknown","_states":["Delta"]},"geometry":{"type":"LineString","coordinates":[[6.21936,6.14876],[6.21948,6.14923]]}},{"type":"Feature","properties":{"railway":"rail","gauge":1435.0,"_label":null,"_status_group":"unknown","_states":["Delta"]},"geometry":{"type":"LineString","coordinates":[[6.21949,6.14699],[6.22025,6.14788]]}},{"type":"Feature","properties":{"railway":"rail","gauge":1435.0,"_label":null,"_status_group":"unknown","_states":["Delta"]},"geometry":{"type":"LineString","coordinates":[[6.21917,6.14649],[6.2202,6.14792]]}},{"type":"Feature","properties":{"railway":"rail","gauge":1435.0,"_label":null,"_status_group":"unknown","_states":["Delta"]},"geometry":{"type":"LineString","coordinates":[[6.21951,6.14717],[6.22016,6.14796]]}},{"type":"Feature","properties":{"railway":"rail","gauge":1435.0,"_label":null,"_status_group":"unknown","_states":["Delta"]},"geometry":{"type":"LineString","coordinates":[[6.21965,6.14746],[6.22011,6.148]]}},{"type":"Feature","properties":{"railway":"rail","gauge":1435.0,"_label":null,"_status_group":"unknown","_states":["Delta"]},"geometry":{"type":"LineString","coordinates":[[6.21974,6.14764],[6.22003,6.14806]]}},{"type":"Feature","properties":{"railway":"rail","gauge":1435.0,"_label":null,"_status_group":"unknown","_states":["Delta"]},"geometry":{"type":"LineString","coordinates":[[6.22003,6.14806],[6.22037,6.14845]]}},{"type":"Feature","properties":{"railway":"rail","gauge":1435.0,"_label":null,"_status_group":"unknown","_states":["Delta"]},"geometry":{"type":"LineString","coordinates":[[6.22007,6.14803],[6.22041,6.14842]]}},{"type":"Feature","properties":{"railway":"rail","gauge":1435.0,"_label":null,"_status_group":"unknown","_states":["Delta"]},"geometry":{"type":"LineString","coordinates":[[6.22011,6.148],[6.22045,6.14839]]}},{"type":"Feature","properties":{"railway":"rail","gauge":1435.0,"_label":null,"_status_group":"unknown","_states":["Delta"]},"geometry":{"type":"LineString","coordinates":[[6.22016,6.14796],[6.22049,6.14835]]}},{"type":"Feature","properties":{"railway":"rail","gauge":1435.0,"_label":null,"_status_group":"unknown","_states":["Delta"]},"geometry":{"type":"LineString","coordinates":[[6.2202,6.14792],[6.22054,6.14831]]}},{"type":"Feature","properties":{"railway":"rail","gauge":1435.0,"_label":null,"_status_group":"unknown","_states":["Delta"]},"geometry":{"type":"LineString","coordinates":[[6.22025,6.14788],[6.22058,6.14828]]}},{"type":"Feature","properties":{"railway":"rail","gauge":1435.0,"_label":null,"_status_group":"unknown","_states":["Delta"]},"geometry":{"type":"LineString","coordinates":[[6.21867,6.14625],[6.21936,6.14876]]}},{"type":"Feature","properties":{"railway":"rail","gauge":1435.0,"_label":null,"_status_group":"unknown","_states":["Delta"]},"geometry":{"type":"LineString","coordinates":[[6.21864,6.147],[6.21858,6.14844]]}},{"type":"Feature","properties":{"railway":"rail","gauge":1435.0,"_label":null,"_status_group":"unknown","_states":["Delta"]},"geometry":{"type":"LineString","coordinates":[[6.21808,6.14473],[6.22025,6.14653]]}},{"type":"Feature","properties":{"railway":"rail","gauge":1435.0,"_label":null,"_status_group":"unknown","_states":["Delta"]},"geometry":{"type":"LineString","coordinates":[[6.22025,6.14653],[6.22061,6.14696]]}},{"type":"Feature","properties":{"railway":"rail","_label":null,"_status_group":"unknown","_states":["Abuja Federal Capital Territory"]},"geometry":{"type":"LineString","coordinates":[[7.35404,9.04252],[7.34863,9.04419]]}},{"type":"Feature","properties":{"railway":"rail","_label":null,"_status_group":"unknown","_states":["Abuja Federal Capital Territory"]},"geometry":{"type":"LineString","coordinates":[[7.33495,9.055],[7.3303,9.05324]]}},{"type":"Feature","properties":{"railway":"rail","_label":null,"_status_group":"unknown","_states":["Abuja Federal Capital Territory"]},"geometry":{"type":"LineString","coordinates":[[7.32966,9.05348],[7.33471,9.0542]]}},{"type":"Feature","properties":{"railway":"rail","_label":null,"_status_group":"unknown","_states":["Abuja Federal Capital Territory"]},"geometry":{"type":"LineString","coordinates":[[7.33474,9.05079],[7.32713,9.05484]]}},{"type":"Feature","properties":{"railway":"rail","gauge":1067.0,"_label":null,"_status_group":"unknown","_states":["Lagos"]},"geometry":{"type":"LineString","coordinates":[[3.32297,6.62712],[3.32557,6.62145]]}},{"type":"Feature","properties":{"railway":"rail","name":"Lagos–Ibadan SGR","gauge":1435.0,"_label":"Lagos–Ibadan SGR","_status_group":"unknown","_states":["Lagos"]},"geometry":{"type":"LineString","coordinates":[[3.323,6.6272],[3.32544,6.62135]]}},{"type":"Feature","properties":{"railway":"rail","name":"Lagos–Ibadan SGR","gauge":1435.0,"_label":"Lagos–Ibadan SGR","_status_group":"unknown","_states":["Lagos"]},"geometry":{"type":"LineString","coordinates":[[3.3254,6.62133],[3.32298,6.62719]]}},{"type":"Feature","properties":{"railway":"rail","gauge":1435.0,"_label":null,"_status_group":"unknown","_states":["Lagos"]},"geometry":{"type":"LineString","coordinates":[[3.3242,6.6244],[3.324,6.62475]]}},{"type":"Feature","properties":{"railway":"rail","gauge":1435.0,"_label":null,"_status_group":"unknown","_states":["Lagos"]},"geometry":{"type":"LineString","coordinates":[[3.32548,6.62139],[3.32443,6.62386]]}},{"type":"Feature","properties":{"railway":"rail","gauge":1067.0,"_label":null,"_status_group":"unknown","_states":["Lagos"]},"geometry":{"type":"LineString","coordinates":[[3.32557,6.62145],[3.32685,6.61828]]}},{"type":"Feature","properties":{"railway":"rail","gauge":1435.0,"_label":null,"_status_group":"unknown","_states":["Lagos"]},"geometry":{"type":"LineString","coordinates":[[3.32535,6.62132],[3.3266,6.61822]]}},{"type":"Feature","properties":{"railway":"rail","name":"Lagos–Ibadan SGR","gauge":1435.0,"_label":"Lagos–Ibadan SGR","_status_group":"unknown","_states":["Lagos"]},"geometry":{"type":"LineString","coordinates":[[3.32665,6.61823],[3.3254,6.62133]]}},{"type":"Feature","properties":{"railway":"rail","name":"Lagos–Ibadan SGR","gauge":1435.0,"_label":"Lagos–Ibadan SGR","_status_group":"unknown","_states":["Lagos"]},"geometry":{"type":"LineString","coordinates":[[3.32544,6.62135],[3.32668,6.61825]]}},{"type":"Feature","properties":{"railway":"rail","gauge":1435.0,"_label":null,"_status_group":"unknown","_states":["Lagos"]},"geometry":{"type":"LineString","coordinates":[[3.32672,6.61827],[3.32548,6.62139]]}},{"type":"Feature","properties":{"railway":"rail","gauge":1435.0,"_label":null,"_status_group":"unknown","_states":["Lagos"]},"geometry":{"type":"LineString","coordinates":[[3.32437,6.62385],[3.32535,6.62132]]}},{"type":"Feature","properties":{"railway":"rail","gauge":1435.0,"_label":null,"_status_group":"unknown","_states":["Lagos"]},"geometry":{"type":"LineString","coordinates":[[3.32781,6.61546],[3.32672,6.61827]]}},{"type":"Feature","properties":{"railway":"rail","name":"Lagos–Ibadan SGR","gauge":1435.0,"_label":"Lagos–Ibadan SGR","_status_group":"unknown","_states":["Lagos"]},"geometry":{"type":"LineString","coordinates":[[3.33105,6.60745],[3.32665,6.61823]]}},{"type":"Feature","properties":{"railway":"rail","gauge":1435.0,"_label":null,"_status_group":"unknown","_states":["Lagos"]},"geometry":{"type":"LineString","coordinates":[[3.32798,6.61515],[3.32771,6.61584]]}},{"type":"Feature","properties":{"railway":"rail","gauge":1435.0,"_label":null,"_status_group":"unknown","_states":["Lagos"]},"geometry":{"type":"LineString","coordinates":[[3.32775,6.61546],[3.3266,6.61822]]}},{"type":"Feature","properties":{"railway":"rail","gauge":1435.0,"_label":null,"_status_group":"unknown","_states":["Lagos"]},"geometry":{"type":"LineString","coordinates":[[3.32817,6.61443],[3.32803,6.6149]]}},{"type":"Feature","properties":{"railway":"rail","gauge":1067.0,"_label":null,"_status_group":"unknown","_states":["Lagos"]},"geometry":{"type":"LineString","coordinates":[[3.32685,6.61828],[3.33116,6.60746]]}},{"type":"Feature","properties":{"railway":"rail","name":"Lagos–Ibadan SGR","gauge":1435.0,"_label":"Lagos–Ibadan SGR","_status_group":"unknown","_states":["Lagos"]},"geometry":{"type":"LineString","coordinates":[[3.32668,6.61825],[3.3311,6.60745]]}},{"type":"Feature","properties":{"railway":"rail","name":"Lagos–Ibadan SGR","gauge":1435.0,"_label":"Lagos–Ibadan SGR","_status_group":"unknown","_states":["Lagos"]},"geometry":{"type":"LineString","coordinates":[[3.36631,6.52038],[3.33105,6.60745]]}},{"type":"Feature","properties":{"railway":"rail","name":"Lagos–Ibadan SGR","gauge":1435.0,"_label":"Lagos–Ibadan SGR","_status_group":"unknown","_states":["Lagos"]},"geometry":{"type":"LineString","coordinates":[[3.3311,6.60745],[3.37345,6.50231]]}},{"type":"Feature","properties":{"railway":"rail","gauge":1067.0,"_label":null,"_status_group":"unknown","_states":["Ogun","Lagos"]},"geometry":{"type":"LineString","coordinates":[[3.30594,6.68269],[3.32224,6.65644],[3.32297,6.62712]]}},{"type":"Feature","properties":{"railway":"rail","name":"Lagos–Ibadan SGR","gauge":1435.0,"_label":"Lagos–Ibadan SGR","_status_group":"unknown","_states":["Ogun"]},"geometry":{"type":"LineString","coordinates":[[3.23908,6.79145],[3.2991,6.69342]]}},{"type":"Feature","properties":{"railway":"rail","name":"Lagos–Ibadan SGR","gauge":1435.0,"_label":"Lagos–Ibadan SGR","_status_group":"unknown","_states":["Ogun"]},"geometry":{"type":"LineString","coordinates":[[3.23987,6.79],[3.2365,6.79632]]}},{"type":"Feature","properties":{"railway":"rail","name":"Lagos–Ibadan SGR","gauge":1435.0,"_label":"Lagos–Ibadan SGR","_status_group":"unknown","_states":["Ogun"]},"geometry":{"type":"LineString","coordinates":[[3.23655,6.79635],[3.23908,6.79145]]}},{"type":"Feature","properties":{"railway":"rail","name":"Lagos–Ibadan SGR","gauge":1435.0,"_label":"Lagos–Ibadan SGR","_status_group":"unknown","_states":["Ogun"]},"geometry":{"type":"LineString","coordinates":[[3.23404,6.80425],[3.23271,6.80918]]}},{"type":"Feature","properties":{"railway":"rail","name":"Lagos–Ibadan SGR","gauge":1435.0,"_label":"Lagos–Ibadan SGR","_status_group":"unknown","_states":["Ogun"]},"geometry":{"type":"LineString","coordinates":[[3.22971,6.81929],[3.22915,6.82122]]}},{"type":"Feature","properties":{"railway":"rail","name":"Lagos–Ibadan SGR","gauge":1435.0,"_label":"Lagos–Ibadan SGR","_status_group":"unknown","_states":["Ogun"]},"geometry":{"type":"LineString","coordinates":[[3.22976,6.81964],[3.22998,6.81885]]}},{"type":"Feature","properties":{"railway":"rail","name":"Lagos–Ibadan SGR","gauge":1435.0,"_label":"Lagos–Ibadan SGR","_status_group":"unknown","_states":["Ogun"]},"geometry":{"type":"LineString","coordinates":[[3.2326,6.80953],[3.2296,6.81968]]}},{"type":"Feature","properties":{"railway":"rail","name":"Lagos–Ibadan SGR","gauge":1435.0,"_label":"Lagos–Ibadan SGR","_status_group":"unknown","_states":["Ogun"]},"geometry":{"type":"LineString","coordinates":[[3.22912,6.82163],[3.22907,6.82196]]}},{"type":"Feature","properties":{"railway":"rail","name":"Lagos–Ibadan SGR","gauge":1435.0,"_label":"Lagos–Ibadan SGR","_status_group":"unknown","_states":["Ogun"]},"geometry":{"type":"LineString","coordinates":[[3.22944,6.82023],[3.22941,6.82064]]}},{"type":"Feature","properties":{"railway":"rail","name":"Lagos–Ibadan SGR","gauge":1435.0,"_label":"Lagos–Ibadan SGR","_status_group":"unknown","_states":["Ogun"]},"geometry":{"type":"LineString","coordinates":[[3.22968,6.81984],[3.22954,6.82017]]}},{"type":"Feature","properties":{"railway":"rail","name":"Lagos–Ibadan SGR","gauge":1435.0,"_label":"Lagos–Ibadan SGR","_status_group":"unknown","_states":["Ogun"]},"geometry":{"type":"LineString","coordinates":[[3.22984,6.81929],[3.23254,6.81014]]}},{"type":"Feature","properties":{"railway":"rail","name":"Lagos–Ibadan SGR","gauge":1435.0,"_label":"Lagos–Ibadan SGR","_status_group":"unknown","_states":["Ogun"]},"geometry":{"type":"LineString","coordinates":[[3.23232,6.81044],[3.22988,6.81869]]}},{"type":"Feature","properties":{"railway":"rail","name":"Lagos–Ibadan SGR","gauge":1435.0,"_label":"Lagos–Ibadan SGR","_status_group":"unknown","_states":["Ogun"]},"geometry":{"type":"LineString","coordinates":[[3.23242,6.81058],[3.23256,6.81011]]}},{"type":"Feature","properties":{"railway":"rail","name":"Lagos–Ibadan SGR","gauge":1435.0,"_label":"Lagos–Ibadan SGR","_status_group":"unknown","_states":["Ogun"]},"geometry":{"type":"LineString","coordinates":[[3.23279,6.80916],[3.23269,6.80964]]}},{"type":"Feature","properties":{"railway":"rail","name":"Lagos–Ibadan SGR","gauge":1435.0,"_label":"Lagos–Ibadan SGR","_status_group":"unknown","_states":["Ogun"]},"geometry":{"type":"LineString","coordinates":[[3.23311,6.80784],[3.2331,6.80811]]}},{"type":"Feature","properties":{"railway":"rail","name":"Lagos–Ibadan SGR","gauge":1435.0,"_label":"Lagos–Ibadan SGR","_status_group":"unknown","_states":["Ogun"]},"geometry":{"type":"LineString","coordinates":[[3.23336,6.80743],[3.2332,6.80778]]}},{"type":"Feature","properties":{"railway":"rail","name":"Lagos–Ibadan SGR","gauge":1435.0,"_label":"Lagos–Ibadan SGR","_status_group":"unknown","_states":["Ogun"]},"geometry":{"type":"LineString","coordinates":[[3.23292,6.80873],[3.22967,6.8197]]}},{"type":"Feature","properties":{"railway":"rail","name":"Lagos–Ibadan SGR","gauge":1435.0,"_label":"Lagos–Ibadan SGR","_status_group":"unknown","_states":["Ogun"]},"geometry":{"type":"LineString","coordinates":[[3.22899,6.82226],[3.23655,6.79635]]}},{"type":"Feature","properties":{"railway":"rail","name":"Lagos–Ibadan SGR","gauge":1435.0,"_label":"Lagos–Ibadan SGR","_status_group":"unknown","_states":["Ogun"]},"geometry":{"type":"LineString","coordinates":[[3.2365,6.79632],[3.22894,6.82226]]}},{"type":"Feature","properties":{"railway":"rail","gauge":1067.0,"_label":null,"_status_group":"unknown","_states":["Ogun"]},"geometry":{"type":"LineString","coordinates":[[3.2624,6.74665],[3.26368,6.74444]]}},{"type":"Feature","properties":{"railway":"rail","name":"Lagos–Ibadan SGR","gauge":1435.0,"_label":"Lagos–Ibadan SGR","_status_group":"unknown","_states":["Ogun"]},"geometry":{"type":"LineString","coordinates":[[3.29967,6.69233],[3.29941,6.69265]]}},{"type":"Feature","properties":{"railway":"rail","name":"Lagos–Ibadan SGR","gauge":1435.0,"_label":"Lagos–Ibadan SGR","_status_group":"unknown","_states":["Ogun"]},"geometry":{"type":"LineString","coordinates":[[3.30002,6.69179],[3.30311,6.6871]]}},{"type":"Feature","properties":{"railway":"rail","name":"Lagos–Ibadan SGR","gauge":1435.0,"_label":"Lagos–Ibadan SGR","_status_group":"unknown","_states":["Ogun"]},"geometry":{"type":"LineString","coordinates":[[3.29999,6.69177],[3.303,6.68703]]}},{"type":"Feature","properties":{"railway":"rail","name":"Lagos–Ibadan SGR","gauge":1435.0,"_label":"Lagos–Ibadan SGR","_status_group":"unknown","_states":["Ogun"]},"geometry":{"type":"LineString","coordinates":[[3.30554,6.68329],[3.30529,6.68372]]}},{"type":"Feature","properties":{"railway":"rail","name":"Lagos–Ibadan SGR","gauge":1435.0,"_label":"Lagos–Ibadan SGR","_status_group":"unknown","_states":["Ogun"]},"geometry":{"type":"LineString","coordinates":[[3.30571,6.683],[3.30607,6.68249]]}},{"type":"Feature","properties":{"railway":"rail","name":"Lagos–Ibadan SGR","gauge":1435.0,"_label":"Lagos–Ibadan SGR","_status_group":"unknown","_states":["Ogun"]},"geometry":{"type":"LineString","coordinates":[[3.22265,6.85523],[3.22558,6.83514]]}},{"type":"Feature","properties":{"railway":"rail","name":"Lagos–Ibadan SGR","gauge":1435.0,"_label":"Lagos–Ibadan SGR","_status_group":"unknown","_states":["Ogun"]},"geometry":{"type":"LineString","coordinates":[[3.22553,6.83514],[3.22265,6.85523]]}},{"type":"Feature","properties":{"railway":"rail","name":"Lagos–Ibadan SGR","gauge":1435.0,"_label":"Lagos–Ibadan SGR","_status_group":"unknown","_states":["Ogun"]},"geometry":{"type":"LineString","coordinates":[[3.22893,6.82236],[3.22899,6.82226]]}},{"type":"Feature","properties":{"railway":"rail","name":"Lagos–Ibadan SGR","gauge":1435.0,"_label":"Lagos–Ibadan SGR","_status_group":"unknown","_states":["Ogun"]},"geometry":{"type":"LineString","coordinates":[[3.22894,6.82226],[3.22888,6.82235]]}},{"type":"Feature","properties":{"railway":"rail","name":"Lagos–Ibadan SGR","gauge":1435.0,"_label":"Lagos–Ibadan SGR","_status_group":"unknown","_states":["Ogun"]},"geometry":{"type":"LineString","coordinates":[[3.22558,6.83514],[3.22893,6.82236]]}},{"type":"Feature","properties":{"railway":"rail","name":"Lagos–Ibadan SGR","gauge":1435.0,"_label":"Lagos–Ibadan SGR","_status_group":"unknown","_states":["Ogun"]},"geometry":{"type":"LineString","coordinates":[[3.22888,6.82235],[3.22553,6.83514]]}},{"type":"Feature","properties":{"railway":"rail","_label":null,"_status_group":"unknown","_states":["Oyo"]},"geometry":{"type":"LineString","coordinates":[[3.7508,7.41137],[3.75153,7.41177]]}},{"type":"Feature","properties":{"railway":"rail","_label":null,"_status_group":"unknown","_states":["Oyo"]},"geometry":{"type":"LineString","coordinates":[[3.75126,7.41156],[3.74355,7.40729]]}},{"type":"Feature","properties":{"railway":"rail","_label":null,"_status_group":"unknown","_states":["Oyo"]},"geometry":{"type":"LineString","coordinates":[[3.74357,7.40726],[3.75183,7.41184]]}},{"type":"Feature","properties":{"railway":"rail","name":"Lagos–Ibadan SGR","gauge":1435.0,"_label":"Lagos–Ibadan SGR","_status_group":"unknown","_states":["Oyo"]},"geometry":{"type":"LineString","coordinates":[[3.73115,7.40045],[3.75531,7.41381]]}},{"type":"Feature","properties":{"railway":"rail","name":"Lagos–Ibadan SGR","gauge":1435.0,"_label":"Lagos–Ibadan SGR","_status_group":"unknown","_states":["Oyo"]},"geometry":{"type":"LineString","coordinates":[[3.75531,7.41381],[3.75624,7.41433]]}},{"type":"Feature","properties":{"railway":"rail","name":"Lagos–Ibadan SGR","gauge":1435.0,"_label":"Lagos–Ibadan SGR","_status_group":"unknown","_states":["Oyo"]},"geometry":{"type":"LineString","coordinates":[[3.78308,7.4395],[3.84945,7.51567]]}},{"type":"Feature","properties":{"railway":"rail","_label":null,"_status_group":"unknown","_states":["Oyo"]},"geometry":{"type":"LineString","coordinates":[[3.88948,7.55467],[3.89158,7.55612]]}},{"type":"Feature","properties":{"railway":"rail","_label":null,"_status_group":"unknown","_states":["Oyo"]},"geometry":{"type":"LineString","coordinates":[[3.88931,7.55455],[3.88948,7.55467]]}},{"type":"Feature","properties":{"railway":"rail","_label":null,"_status_group":"unknown","_states":["Oyo"]},"geometry":{"type":"LineString","coordinates":[[3.88299,7.5503],[3.88931,7.55455]]}},{"type":"Feature","properties":{"railway":"rail","name":"Lagos–Ibadan SGR","gauge":1435.0,"_label":"Lagos–Ibadan SGR","_status_group":"unknown","_states":["Oyo"]},"geometry":{"type":"LineString","coordinates":[[3.85115,7.51831],[3.84948,7.51566]]}},{"type":"Feature","properties":{"railway":"rail","name":"Lagos–Ibadan SGR","gauge":1435.0,"_label":"Lagos–Ibadan SGR","_status_group":"unknown","_states":["Oyo"]},"geometry":{"type":"LineString","coordinates":[[3.88151,7.54885],[3.88575,7.55187]]}},{"type":"Feature","properties":{"railway":"rail","name":"Lagos–Ibadan SGR","gauge":1435.0,"_label":"Lagos–Ibadan SGR","_status_group":"unknown","_states":["Oyo"]},"geometry":{"type":"LineString","coordinates":[[3.85115,7.51831],[3.87898,7.54701]]}},{"type":"Feature","properties":{"railway":"rail","name":"Lagos–Ibadan SGR","gauge":1435.0,"_label":"Lagos–Ibadan SGR","_status_group":"unknown","_states":["Oyo"]},"geometry":{"type":"LineString","coordinates":[[3.87898,7.54701],[3.88151,7.54885]]}},{"type":"Feature","properties":{"railway":"rail","name":"Lagos–Ibadan SGR","gauge":1435.0,"_label":"Lagos–Ibadan SGR","_status_group":"unknown","_states":["Oyo"]},"geometry":{"type":"LineString","coordinates":[[3.88934,7.55448],[3.88575,7.55187]]}},{"type":"Feature","properties":{"railway":"rail","name":"Lagos–Ibadan SGR","gauge":1435.0,"_label":"Lagos–Ibadan SGR","_status_group":"unknown","_states":["Oyo"]},"geometry":{"type":"LineString","coordinates":[[3.8895,7.55458],[3.90006,7.56225]]}},{"type":"Feature","properties":{"railway":"rail","name":"Lagos–Ibadan SGR","gauge":1435.0,"_label":"Lagos–Ibadan SGR","_status_group":"unknown","_states":["Oyo"]},"geometry":{"type":"LineString","coordinates":[[3.88934,7.55448],[3.8895,7.55458]]}},{"type":"Feature","properties":{"railway":"rail","_label":null,"_status_group":"unknown","_states":["Oyo"]},"geometry":{"type":"LineString","coordinates":[[3.89203,7.55678],[3.89557,7.55978]]}},{"type":"Feature","properties":{"railway":"rail","_label":null,"_status_group":"unknown","_states":["Oyo"]},"geometry":{"type":"LineString","coordinates":[[3.88958,7.55475],[3.8959,7.56084]]}},{"type":"Feature","properties":{"railway":"rail","gauge":1067.0,"_label":null,"_status_group":"unknown","_states":["Lagos"]},"geometry":{"type":"LineString","coordinates":[[3.37407,6.5015],[3.38134,6.47362]]}},{"type":"Feature","properties":{"railway":"rail","gauge":1067.0,"_label":null,"_status_group":"unknown","_states":["Lagos"]},"geometry":{"type":"LineString","coordinates":[[3.37373,6.50235],[3.37376,6.50225]]}},{"type":"Feature","properties":{"railway":"rail","gauge":1067.0,"_label":null,"_status_group":"unknown","_states":["Lagos"]},"geometry":{"type":"LineString","coordinates":[[3.37376,6.50225],[3.37404,6.50158]]}},{"type":"Feature","properties":{"railway":"rail","gauge":1067.0,"_label":null,"_status_group":"unknown","_states":["Lagos"]},"geometry":{"type":"LineString","coordinates":[[3.37404,6.50158],[3.37407,6.5015]]}},{"type":"Feature","properties":{"railway":"rail","name":"Lagos–Ibadan SGR","gauge":1435.0,"_label":"Lagos–Ibadan SGR","_status_group":"unknown","_states":["Lagos"]},"geometry":{"type":"LineString","coordinates":[[3.37397,6.50104],[3.37579,6.49664]]}},{"type":"Feature","properties":{"railway":"rail","name":"Lagos–Ibadan SGR","gauge":1435.0,"_label":"Lagos–Ibadan SGR","_status_group":"unknown","_states":["Lagos"]},"geometry":{"type":"LineString","coordinates":[[3.37579,6.49664],[3.37393,6.50102]]}},{"type":"Feature","properties":{"railway":"rail","name":"Lagos–Ibadan SGR","gauge":1435.0,"_label":"Lagos–Ibadan SGR","_status_group":"unknown","_states":["Lagos"]},"geometry":{"type":"LineString","coordinates":[[3.37393,6.50102],[3.37342,6.5023]]}},{"type":"Feature","properties":{"railway":"rail","name":"Lagos–Ibadan SGR","gauge":1435.0,"_label":"Lagos–Ibadan SGR","_status_group":"unknown","_states":["Lagos"]},"geometry":{"type":"LineString","coordinates":[[3.37345,6.50231],[3.37397,6.50104]]}},{"type":"Feature","properties":{"railway":"rail","gauge":1435.0,"_label":null,"_status_group":"unknown","_states":["Ogun"]},"geometry":{"type":"LineString","coordinates":[[3.39428,7.12746],[3.40305,7.13038]]}},{"type":"Feature","properties":{"railway":"rail","gauge":1435.0,"_label":null,"_status_group":"unknown","_states":["Ogun"]},"geometry":{"type":"LineString","coordinates":[[3.39496,7.12775],[3.3938,7.12739]]}},{"type":"Feature","properties":{"railway":"rail","gauge":1435.0,"_label":null,"_status_group":"unknown","_states":["Ogun"]},"geometry":{"type":"LineString","coordinates":[[3.40386,7.13065],[3.39449,7.12753]]}},{"type":"Feature","properties":{"railway":"rail","name":"Lagos–Ibadan SGR","gauge":1435.0,"_label":"Lagos–Ibadan SGR","_status_group":"unknown","_states":["Ogun"]},"geometry":{"type":"LineString","coordinates":[[3.28655,7.01778],[3.29319,7.03356]]}},{"type":"Feature","properties":{"railway":"rail","name":"Lagos–Ibadan SGR","gauge":1435.0,"_label":"Lagos–Ibadan SGR","_status_group":"unknown","_states":["Ogun"]},"geometry":{"type":"LineString","coordinates":[[3.28561,7.0156],[3.28655,7.01778]]}},{"type":"Feature","properties":{"railway":"rail","name":"Lagos–Ibadan SGR","gauge":1435.0,"_label":"Lagos–Ibadan SGR","_status_group":"unknown","_states":["Ogun"]},"geometry":{"type":"LineString","coordinates":[[3.27295,6.98602],[3.28561,7.0156]]}},{"type":"Feature","properties":{"railway":"rail","name":"Lagos–Ibadan SGR","gauge":1435.0,"_label":"Lagos–Ibadan SGR","_status_group":"unknown","_states":["Ogun"]},"geometry":{"type":"LineString","coordinates":[[3.27144,6.98266],[3.27295,6.98602]]}},{"type":"Feature","properties":{"railway":"rail","name":"Lagos–Ibadan SGR","gauge":1435.0,"_label":"Lagos–Ibadan SGR","_status_group":"unknown","_states":["Ogun"]},"geometry":{"type":"LineString","coordinates":[[3.25394,6.94823],[3.27144,6.98266]]}},{"type":"Feature","properties":{"railway":"rail","name":"Lagos–Ibadan SGR","gauge":1435.0,"_label":"Lagos–Ibadan SGR","_status_group":"unknown","_states":["Ogun"]},"geometry":{"type":"LineString","coordinates":[[3.25227,6.9445],[3.25389,6.94803]]}},{"type":"Feature","properties":{"railway":"rail","gauge":1067.0,"_label":null,"_status_group":"unknown","_states":["Ogun"]},"geometry":{"type":"LineString","coordinates":[[3.22286,6.87123],[3.21265,6.89595]]}},{"type":"Feature","properties":{"railway":"rail","gauge":1067.0,"_label":null,"_status_group":"unknown","_states":["Ogun"]},"geometry":{"type":"LineString","coordinates":[[3.22329,6.87051],[3.22286,6.87123]]}},{"type":"Feature","properties":{"railway":"rail","_label":null,"_status_group":"unknown","_states":["Ogun"]},"geometry":{"type":"LineString","coordinates":[[3.23459,6.79962],[3.23439,6.80067]]}},{"type":"Feature","properties":{"railway":"rail","name":"Lagos–Ibadan SGR","gauge":1435.0,"_label":"Lagos–Ibadan SGR","_status_group":"unknown","_states":["Ogun","Lagos"]},"geometry":{"type":"LineString","coordinates":[[3.32298,6.62719],[3.32225,6.65653],[3.3049,6.68417]]}},{"type":"Feature","properties":{"railway":"rail","name":"Lagos–Ibadan SGR","gauge":1435.0,"_label":"Lagos–Ibadan SGR","_status_group":"unknown","_states":["Ogun","Lagos"]},"geometry":{"type":"LineString","coordinates":[[3.30496,6.68425],[3.32228,6.65653],[3.323,6.6272]]}},{"type":"Feature","properties":{"railway":"rail","gauge":1435.0,"_label":null,"_status_group":"unknown","_states":["Lagos"]},"geometry":{"type":"LineString","coordinates":[[3.37147,6.50726],[3.37157,6.50685]]}},{"type":"Feature","properties":{"railway":"rail","gauge":1435.0,"_label":null,"_status_group":"unknown","_states":["Lagos"]},"geometry":{"type":"LineString","coordinates":[[3.37163,6.50687],[3.37139,6.5073]]}},{"type":"Feature","properties":{"railway":"rail","gauge":1435.0,"_label":null,"_status_group":"unknown","_states":["Delta","Edo"]},"geometry":{"type":"LineString","coordinates":[[6.08825,5.79529],[6.14057,5.907]]}},{"type":"Feature","properties":{"railway":"rail","gauge":1435.0,"_label":null,"_status_group":"unknown","_states":["Delta","Edo"]},"geometry":{"type":"LineString","coordinates":[[6.08803,5.79487],[6.08825,5.79529]]}},{"type":"Feature","properties":{"railway":"rail","name":"Lagos–Ibadan SGR","gauge":1435.0,"_label":"Lagos–Ibadan SGR","_status_group":"unknown","_states":["Ogun"]},"geometry":{"type":"LineString","coordinates":[[3.22305,6.86793],[3.22303,6.86817]]}},{"type":"Feature","properties":{"railway":"rail","name":"Lagos–Ibadan SGR","gauge":1435.0,"_label":"Lagos–Ibadan SGR","_status_group":"unknown","_states":["Ogun"]},"geometry":{"type":"LineString","coordinates":[[3.22265,6.85523],[3.22305,6.86793]]}},{"type":"Feature","properties":{"railway":"rail","gauge":1435.0,"_label":null,"_status_group":"unknown","_states":["Delta"]},"geometry":{"type":"LineString","coordinates":[[5.87154,5.56435],[5.87213,5.56549]]}},{"type":"Feature","properties":{"railway":"rail","gauge":1435.0,"_label":null,"_status_group":"unknown","_states":["Delta"]},"geometry":{"type":"LineString","coordinates":[[5.87136,5.56399],[5.87154,5.56435]]}},{"type":"Feature","properties":{"railway":"rail","gauge":1067.0,"_label":null,"_status_group":"unknown","_states":["Oyo","Osun"]},"geometry":{"type":"LineString","coordinates":[[3.99852,7.43156],[4.05374,7.45182],[4.08618,7.45393],[4.14992,7.48096]]}},{"type":"Feature","properties":{"railway":"rail","gauge":1067.0,"_label":null,"_status_group":"unknown","_states":["Oyo"]},"geometry":{"type":"LineString","coordinates":[[3.99381,7.43097],[3.9939,7.43101]]}},{"type":"Feature","properties":{"railway":"rail","gauge":1067.0,"_label":null,"_status_group":"unknown","_states":["Oyo"]},"geometry":{"type":"LineString","coordinates":[[3.9939,7.43101],[3.99849,7.43158]]}},{"type":"Feature","properties":{"railway":"rail","name":"Cumming Tunnel","operator":"Public","gauge":1067.0,"_label":"Cumming Tunnel","_status_group":"unknown","_states":["Oyo"]},"geometry":{"type":"LineString","coordinates":[[3.99849,7.43158],[3.99852,7.43156]]}},{"type":"Feature","properties":{"railway":"rail","gauge":1067.0,"_label":null,"_status_group":"unknown","_states":["Kwara"]},"geometry":{"type":"LineString","coordinates":[[4.58003,8.57293],[4.5772,8.5805],[4.59346,8.60529],[4.58699,8.6162]]}},{"type":"Feature","properties":{"railway":"rail","gauge":1067.0,"_label":null,"_status_group":"unknown","_states":["Kwara"]},"geometry":{"type":"LineString","coordinates":[[4.58012,8.57261],[4.58003,8.57293]]}},{"type":"Feature","properties":{"railway":"rail","gauge":1067.0,"_label":null,"_status_group":"unknown","_states":["Kwara"]},"geometry":{"type":"LineString","coordinates":[[4.56135,8.47351],[4.56144,8.47406]]}},{"type":"Feature","properties":{"railway":"rail","gauge":1067.0,"_label":null,"_status_group":"unknown","_states":["Kwara"]},"geometry":{"type":"LineString","coordinates":[[4.5909,8.40895],[4.58834,8.43825],[4.5633,8.46077],[4.56135,8.47351]]}},{"type":"Feature","properties":{"railway":"rail","gauge":1067.0,"_label":null,"_status_group":"unknown","_states":["Bauchi"]},"geometry":{"type":"LineString","coordinates":[[9.80844,10.10839],[9.80489,10.11093]]}},{"type":"Feature","properties":{"railway":"rail","gauge":1067.0,"_label":null,"_status_group":"unknown","_states":["Bauchi"]},"geometry":{"type":"LineString","coordinates":[[9.8085,10.10835],[9.80844,10.10839]]}},{"type":"Feature","properties":{"railway":"rail","name":"Lagos–Ibadan SGR","gauge":1435.0,"_label":"Lagos–Ibadan SGR","_status_group":"unknown","_states":["Oyo"]},"geometry":{"type":"LineString","coordinates":[[3.89125,7.55583],[3.90188,7.56355]]}},{"type":"Feature","properties":{"railway":"rail","name":"Lagos–Ibadan SGR","gauge":1435.0,"_label":"Lagos–Ibadan SGR","_status_group":"unknown","_states":["Oyo"]},"geometry":{"type":"LineString","coordinates":[[3.89297,7.55692],[3.89983,7.56206]]}},{"type":"Feature","properties":{"railway":"rail","name":"Lagos–Ibadan SGR","gauge":1435.0,"_label":"Lagos–Ibadan SGR","_status_group":"unknown","_states":["Oyo"]},"geometry":{"type":"LineString","coordinates":[[3.90054,7.56265],[3.89197,7.5564]]}},{"type":"Feature","properties":{"railway":"rail","name":"Lagos–Ibadan SGR","gauge":1435.0,"_label":"Lagos–Ibadan SGR","_status_group":"unknown","_states":["Oyo"]},"geometry":{"type":"LineString","coordinates":[[3.89235,7.55653],[3.89297,7.55692]]}},{"type":"Feature","properties":{"railway":"rail","name":"Lagos–Ibadan SGR","gauge":1435.0,"_label":"Lagos–Ibadan SGR","_status_group":"unknown","_states":["Oyo"]},"geometry":{"type":"LineString","coordinates":[[3.89201,7.55624],[3.89297,7.55692]]}},{"type":"Feature","properties":{"railway":"rail","name":"Lagos–Ibadan SGR","gauge":1435.0,"_label":"Lagos–Ibadan SGR","_status_group":"unknown","_states":["Oyo"]},"geometry":{"type":"LineString","coordinates":[[3.89211,7.55651],[3.89988,7.56226]]}},{"type":"Feature","properties":{"railway":"rail","name":"Lagos–Ibadan SGR","gauge":1435.0,"_label":"Lagos–Ibadan SGR","_status_group":"unknown","_states":["Oyo"]},"geometry":{"type":"LineString","coordinates":[[3.90101,7.56299],[3.90077,7.56276]]}},{"type":"Feature","properties":{"railway":"rail","name":"Lagos–Ibadan SGR","gauge":1435.0,"_label":"Lagos–Ibadan SGR","_status_group":"unknown","_states":["Oyo"]},"geometry":{"type":"LineString","coordinates":[[3.90153,7.56335],[3.90895,7.56882]]}},{"type":"Feature","properties":{"railway":"rail","name":"Lagos–Ibadan SGR","gauge":1435.0,"_label":"Lagos–Ibadan SGR","_status_group":"unknown","_states":["Oyo"]},"geometry":{"type":"LineString","coordinates":[[3.90891,7.56886],[3.90449,7.56565]]}},{"type":"Feature","properties":{"railway":"rail","name":"Lagos–Ibadan SGR","gauge":1435.0,"_label":"Lagos–Ibadan SGR","_status_group":"unknown","_states":["Oyo"]},"geometry":{"type":"LineString","coordinates":[[3.90419,7.56546],[3.90888,7.56891]]}},{"type":"Feature","properties":{"railway":"rail","name":"Lagos–Ibadan SGR","gauge":1435.0,"_label":"Lagos–Ibadan SGR","_status_group":"unknown","_states":["Oyo"]},"geometry":{"type":"LineString","coordinates":[[3.90486,7.56613],[3.90429,7.56556]]}},{"type":"Feature","properties":{"railway":"rail","name":"Lagos–Ibadan SGR","gauge":1435.0,"_label":"Lagos–Ibadan SGR","_status_group":"unknown","_states":["Oyo"]},"geometry":{"type":"LineString","coordinates":[[3.90587,7.56708],[3.90361,7.56501]]}},{"type":"Feature","properties":{"railway":"rail","name":"Lagos–Ibadan SGR","gauge":1435.0,"_label":"Lagos–Ibadan SGR","_status_group":"unknown","_states":["Oyo"]},"geometry":{"type":"LineString","coordinates":[[3.9056,7.56683],[3.90466,7.56616]]}},{"type":"Feature","properties":{"railway":"rail","name":"Lagos–Ibadan SGR","gauge":1435.0,"_label":"Lagos–Ibadan SGR","_status_group":"unknown","_states":["Oyo"]},"geometry":{"type":"LineString","coordinates":[[3.90585,7.56714],[3.90498,7.56643]]}},{"type":"Feature","properties":{"railway":"rail","name":"Lagos–Ibadan SGR","gauge":1435.0,"_label":"Lagos–Ibadan SGR","_status_group":"unknown","_states":["Oyo"]},"geometry":{"type":"LineString","coordinates":[[3.89016,7.55515],[3.8905,7.55532]]}},{"type":"Feature","properties":{"railway":"rail","gauge":1435.0,"_label":null,"_status_group":"unknown","_states":["Oyo"]},"geometry":{"type":"LineString","coordinates":[[3.74271,7.40666],[3.74341,7.40707]]}},{"type":"Feature","properties":{"railway":"rail","gauge":1435.0,"_label":null,"_status_group":"unknown","_states":["Oyo"]},"geometry":{"type":"LineString","coordinates":[[3.74147,7.4058],[3.74062,7.4052]]}},{"type":"Feature","properties":{"railway":"rail","name":"Lagos–Ibadan SGR","gauge":1435.0,"_label":"Lagos–Ibadan SGR","_status_group":"unknown","_states":["Oyo"]},"geometry":{"type":"LineString","coordinates":[[3.71601,7.39143],[3.73023,7.39989]]}},{"type":"Feature","properties":{"railway":"rail","name":"Lagos–Ibadan SGR","gauge":1435.0,"_label":"Lagos–Ibadan SGR","_status_group":"unknown","_states":["Oyo"]},"geometry":{"type":"LineString","coordinates":[[3.73023,7.39989],[3.73115,7.40042]]}},{"type":"Feature","properties":{"railway":"rail","name":"Lagos–Ibadan SGR","gauge":1435.0,"_label":"Lagos–Ibadan SGR","_status_group":"unknown","_states":["Ogun","Oyo"]},"geometry":{"type":"LineString","coordinates":[[3.69149,7.36906],[3.71463,7.3905]]}},{"type":"Feature","properties":{"railway":"rail","name":"Lagos–Ibadan SGR","gauge":1435.0,"_label":"Lagos–Ibadan SGR","_status_group":"unknown","_states":["Oyo"]},"geometry":{"type":"LineString","coordinates":[[3.71463,7.3905],[3.71601,7.39143]]}},{"type":"Feature","properties":{"railway":"rail","gauge":1435.0,"_label":null,"_status_group":"unknown","_states":["Kogi"]},"geometry":{"type":"LineString","coordinates":[[6.32644,7.62247],[6.32278,7.62164]]}},{"type":"Feature","properties":{"railway":"rail","gauge":1435.0,"_label":null,"_status_group":"unknown","_states":["Kogi"]},"geometry":{"type":"LineString","coordinates":[[6.32278,7.6216],[6.32538,7.62227]]}},{"type":"Feature","properties":{"railway":"rail","gauge":1435.0,"_label":null,"_status_group":"unknown","_states":["Kogi"]},"geometry":{"type":"LineString","coordinates":[[6.3228,7.62152],[6.32601,7.62234]]}},{"type":"Feature","properties":{"railway":"rail","gauge":1435.0,"_label":null,"_status_group":"unknown","_states":["Kogi"]},"geometry":{"type":"LineString","coordinates":[[6.3228,7.62148],[6.32577,7.62223]]}},{"type":"Feature","properties":{"railway":"rail","gauge":1435.0,"_label":null,"_status_group":"unknown","_states":["Kogi"]},"geometry":{"type":"LineString","coordinates":[[6.32275,7.62137],[6.32532,7.62203]]}},{"type":"Feature","properties":{"railway":"rail","gauge":1435.0,"_label":null,"_status_group":"unknown","_states":["Kogi"]},"geometry":{"type":"LineString","coordinates":[[6.32438,7.62167],[6.32516,7.62199]]}},{"type":"Feature","properties":{"railway":"rail","gauge":1435.0,"_label":null,"_status_group":"unknown","_states":["Kogi"]},"geometry":{"type":"LineString","coordinates":[[6.32499,7.62192],[6.32398,7.62164]]}},{"type":"Feature","properties":{"railway":"rail","gauge":1435.0,"_label":null,"_status_group":"unknown","_states":["Kogi"]},"geometry":{"type":"LineString","coordinates":[[6.42276,7.58179],[6.38293,7.59487],[6.35441,7.6154]]}},{"type":"Feature","properties":{"railway":"rail","gauge":1435.0,"_label":null,"_status_group":"unknown","_states":["Kogi"]},"geometry":{"type":"LineString","coordinates":[[6.42344,7.58167],[6.42276,7.58179]]}},{"type":"Feature","properties":{"railway":"rail","gauge":1435.0,"_label":null,"_status_group":"unknown","_states":["Kogi"]},"geometry":{"type":"LineString","coordinates":[[6.68193,7.45167],[6.65757,7.43506]]}},{"type":"Feature","properties":{"railway":"rail","gauge":1435.0,"_label":null,"_status_group":"unknown","_states":["Kogi"]},"geometry":{"type":"LineString","coordinates":[[6.68206,7.45175],[6.68193,7.45167]]}},{"type":"Feature","properties":{"railway":"rail","gauge":1435.0,"_label":null,"_status_group":"unknown","_states":["Kogi"]},"geometry":{"type":"LineString","coordinates":[[6.69685,7.47521],[6.68206,7.45175]]}},{"type":"Feature","properties":{"railway":"rail","gauge":1435.0,"_label":null,"_status_group":"unknown","_states":["Kogi"]},"geometry":{"type":"LineString","coordinates":[[6.697,7.47564],[6.69685,7.47521]]}},{"type":"Feature","properties":{"railway":"rail","gauge":1435.0,"_label":null,"_status_group":"unknown","_states":["Kogi"]},"geometry":{"type":"LineString","coordinates":[[6.69776,7.47783],[6.697,7.47564]]}},{"type":"Feature","properties":{"railway":"rail","name":"Lagos–Ibadan SGR","gauge":1435.0,"_label":"Lagos–Ibadan SGR","_status_group":"unknown","_states":["Ogun"]},"geometry":{"type":"LineString","coordinates":[[3.23245,6.8099],[3.22971,6.81896]]}},{"type":"Feature","properties":{"railway":"rail","name":"Lagos–Ibadan SGR","gauge":1435.0,"_label":"Lagos–Ibadan SGR","_status_group":"unknown","_states":["Ogun"]},"geometry":{"type":"LineString","coordinates":[[3.22964,6.8194],[3.23232,6.81015]]}},{"type":"Feature","properties":{"railway":"rail","gauge":1067.0,"_label":null,"_status_group":"unknown","_states":["Lagos"]},"geometry":{"type":"LineString","coordinates":[[3.37515,6.49894],[3.37643,6.49566]]}},{"type":"Feature","properties":{"railway":"rail","gauge":1067.0,"_label":null,"_status_group":"unknown","_states":["Lagos"]},"geometry":{"type":"LineString","coordinates":[[3.37621,6.49631],[3.37692,6.49462]]}},{"type":"Feature","properties":{"railway":"rail","gauge":1067.0,"_label":null,"_status_group":"unknown","_states":["Lagos"]},"geometry":{"type":"LineString","coordinates":[[3.3771,6.49423],[3.3776,6.49315]]}},{"type":"Feature","properties":{"railway":"rail","gauge":1067.0,"_label":null,"_status_group":"unknown","_states":["Lagos"]},"geometry":{"type":"LineString","coordinates":[[3.37592,6.49609],[3.37638,6.49506]]}},{"type":"Feature","properties":{"railway":"rail","name":"Lagos–Ibadan SGR","gauge":1435.0,"_label":"Lagos–Ibadan SGR","_status_group":"unknown","_states":["Lagos"]},"geometry":{"type":"LineString","coordinates":[[3.3753,6.49782],[3.37191,6.50618]]}},{"type":"Feature","properties":{"railway":"rail","name":"Lagos–Ibadan SGR","gauge":1435.0,"_label":"Lagos–Ibadan SGR","_status_group":"unknown","_states":["Lagos"]},"geometry":{"type":"LineString","coordinates":[[3.37213,6.50581],[3.37512,6.4984]]}},{"type":"Feature","properties":{"railway":"rail","name":"Lagos–Ibadan SGR","gauge":1435.0,"_label":"Lagos–Ibadan SGR","_status_group":"unknown","_states":["Lagos"]},"geometry":{"type":"LineString","coordinates":[[3.37522,6.49792],[3.37182,6.50625]]}},{"type":"Feature","properties":{"railway":"rail","name":"Lagos–Ibadan SGR","gauge":1435.0,"_label":"Lagos–Ibadan SGR","_status_group":"unknown","_states":["Lagos"]},"geometry":{"type":"LineString","coordinates":[[3.37201,6.50572],[3.37497,6.4984]]}},{"type":"Feature","properties":{"railway":"rail","gauge":1435.0,"_label":null,"_status_group":"unknown","_states":["Lagos"]},"geometry":{"type":"LineString","coordinates":[[3.37215,6.50524],[3.37543,6.49744]]}},{"type":"Feature","properties":{"railway":"rail","gauge":1435.0,"_label":null,"_status_group":"unknown","_states":["Lagos"]},"geometry":{"type":"LineString","coordinates":[[3.37297,6.48866],[3.37579,6.49664]]}},{"type":"Feature","properties":{"railway":"rail","name":"Lagos–Ibadan SGR","gauge":1435.0,"_label":"Lagos–Ibadan SGR","_status_group":"unknown","_states":["Lagos"]},"geometry":{"type":"LineString","coordinates":[[3.37561,6.49698],[3.37585,6.49636]]}},{"type":"Feature","properties":{"railway":"rail","gauge":1067.0,"_label":null,"_status_group":"unknown","_states":["Lagos"]},"geometry":{"type":"LineString","coordinates":[[3.37648,6.49504],[3.37501,6.49922]]}},{"type":"Feature","properties":{"railway":"rail","gauge":1435.0,"_label":null,"_status_group":"unknown","_states":["Lagos"]},"geometry":{"type":"LineString","coordinates":[[3.36654,6.48137],[3.37287,6.48852]]}},{"type":"Feature","properties":{"railway":"rail","gauge":1435.0,"_label":null,"_status_group":"unknown","_states":["Lagos"]},"geometry":{"type":"LineString","coordinates":[[3.37287,6.48852],[3.37297,6.48866]]}},{"type":"Feature","properties":{"railway":"rail","gauge":1067.0,"_label":null,"_status_group":"unknown","_states":["Lagos"]},"geometry":{"type":"LineString","coordinates":[[3.36813,6.48311],[3.36656,6.48133]]}},{"type":"Feature","properties":{"railway":"rail","gauge":1067.0,"_label":null,"_status_group":"unknown","_states":["Lagos"]},"geometry":{"type":"LineString","coordinates":[[3.36656,6.48133],[3.3664,6.48116]]}},{"type":"Feature","properties":{"railway":"rail","gauge":1435.0,"_label":null,"_status_group":"unknown","_states":["Lagos"]},"geometry":{"type":"LineString","coordinates":[[3.39337,6.43845],[3.37209,6.44831],[3.36173,6.46343],[3.36638,6.48121]]}},{"type":"Feature","properties":{"railway":"rail","gauge":1435.0,"_label":null,"_status_group":"unknown","_states":["Lagos"]},"geometry":{"type":"LineString","coordinates":[[3.36638,6.48121],[3.36654,6.48137]]}},{"type":"Feature","properties":{"railway":"rail","gauge":1067.0,"_label":null,"_status_group":"unknown","_states":["Lagos"]},"geometry":{"type":"LineString","coordinates":[[3.3675,6.45615],[3.37458,6.44734]]}},{"type":"Feature","properties":{"railway":"rail","gauge":1067.0,"_label":null,"_status_group":"unknown","_states":["Lagos"]},"geometry":{"type":"LineString","coordinates":[[3.3675,6.45615],[3.37061,6.45061]]}},{"type":"Feature","properties":{"railway":"rail","gauge":1067.0,"_label":null,"_status_group":"unknown","_states":["Lagos"]},"geometry":{"type":"LineString","coordinates":[[3.36469,6.46238],[3.3675,6.45615]]}},{"type":"Feature","properties":{"railway":"rail","gauge":1067.0,"_label":null,"_status_group":"unknown","_states":["Lagos"]},"geometry":{"type":"LineString","coordinates":[[3.36746,6.45631],[3.37035,6.45109]]}},{"type":"Feature","properties":{"railway":"rail","gauge":1435.0,"_label":null,"_status_group":"unknown","_states":["Lagos"]},"geometry":{"type":"LineString","coordinates":[[3.37121,6.44932],[3.36744,6.45591]]}},{"type":"Feature","properties":{"railway":"rail","gauge":1435.0,"_label":null,"_status_group":"unknown","_states":["Lagos"]},"geometry":{"type":"LineString","coordinates":[[3.36781,6.45477],[3.37069,6.45001]]}},{"type":"Feature","properties":{"railway":"rail","gauge":1435.0,"_label":null,"_status_group":"unknown","_states":["Lagos"]},"geometry":{"type":"LineString","coordinates":[[3.37043,6.45011],[3.3677,6.45508]]}},{"type":"Feature","properties":{"railway":"rail","gauge":1435.0,"_label":null,"_status_group":"unknown","_states":["Lagos"]},"geometry":{"type":"LineString","coordinates":[[3.36776,6.45479],[3.37015,6.45058]]}},{"type":"Feature","properties":{"railway":"rail","gauge":1435.0,"_label":null,"_status_group":"unknown","_states":["Lagos"]},"geometry":{"type":"LineString","coordinates":[[3.37433,6.44724],[3.36776,6.45516]]}},{"type":"Feature","properties":{"railway":"rail","gauge":1435.0,"_label":null,"_status_group":"unknown","_states":["Lagos"]},"geometry":{"type":"LineString","coordinates":[[3.36765,6.45548],[3.37473,6.44714]]}},{"type":"Feature","properties":{"railway":"rail","gauge":1435.0,"_label":null,"_status_group":"unknown","_states":["Lagos"]},"geometry":{"type":"LineString","coordinates":[[3.37079,6.45014],[3.36784,6.45509]]}},{"type":"Feature","properties":{"railway":"rail","gauge":1435.0,"_label":null,"_status_group":"unknown","_states":["Lagos"]},"geometry":{"type":"LineString","coordinates":[[3.36718,6.4565],[3.36665,6.45752]]}},{"type":"Feature","properties":{"railway":"rail","gauge":1435.0,"_label":null,"_status_group":"unknown","_states":["Lagos"]},"geometry":{"type":"LineString","coordinates":[[3.36677,6.45724],[3.36663,6.45744]]}},{"type":"Feature","properties":{"railway":"rail","gauge":1435.0,"_label":null,"_status_group":"unknown","_states":["Lagos"]},"geometry":{"type":"LineString","coordinates":[[3.36656,6.4576],[3.36688,6.45689]]}},{"type":"Feature","properties":{"railway":"rail","gauge":1435.0,"_label":null,"_status_group":"unknown","_states":["Lagos"]},"geometry":{"type":"LineString","coordinates":[[3.36676,6.45716],[3.36685,6.45689]]}},{"type":"Feature","properties":{"railway":"rail","gauge":1435.0,"_label":null,"_status_group":"unknown","_states":["Abuja Federal Capital Territory"]},"geometry":{"type":"LineString","coordinates":[[7.33698,9.04968],[7.34564,9.04548]]}},{"type":"Feature","properties":{"railway":"rail","gauge":1435.0,"_label":null,"_status_group":"unknown","_states":["Abuja Federal Capital Territory"]},"geometry":{"type":"LineString","coordinates":[[7.34899,9.04406],[7.35236,9.04291]]}},{"type":"Feature","properties":{"railway":"rail","gauge":1435.0,"_label":null,"_status_group":"unknown","_states":["Abuja Federal Capital Territory"]},"geometry":{"type":"LineString","coordinates":[[7.35238,9.04308],[7.34943,9.04407]]}},{"type":"Feature","properties":{"railway":"rail","_label":null,"_status_group":"unknown","_states":["Abuja Federal Capital Territory"]},"geometry":{"type":"LineString","coordinates":[[7.34758,9.04454],[7.35465,9.04235]]}},{"type":"Feature","properties":{"railway":"rail","gauge":1067.0,"_label":null,"_status_group":"unknown","_states":["Rivers"]},"geometry":{"type":"LineString","coordinates":[[7.04055,4.83297],[7.06006,4.84054]]}},{"type":"Feature","properties":{"railway":"rail","gauge":1067.0,"_label":null,"_status_group":"unknown","_states":["Rivers"]},"geometry":{"type":"LineString","coordinates":[[7.06006,4.84054],[7.06022,4.84056]]}},{"type":"Feature","properties":{"railway":"rail","gauge":1435.0,"_label":null,"_status_group":"unknown","_states":["Kogi","Edo"]},"geometry":{"type":"LineString","coordinates":[[6.64558,7.2129],[6.64913,7.23542],[6.62169,7.26931],[6.61792,7.29515]]}},{"type":"Feature","properties":{"railway":"rail","gauge":1435.0,"_label":null,"_status_group":"unknown","_states":["Kogi"]},"geometry":{"type":"LineString","coordinates":[[6.61792,7.29515],[6.61786,7.29527]]}},{"type":"Feature","properties":{"railway":"rail","_label":null,"_status_group":"unknown","_states":["Edo"]},"geometry":{"type":"LineString","coordinates":[[6.62216,7.26842],[6.6205,7.27521]]}},{"type":"Feature","properties":{"railway":"rail","_label":null,"_status_group":"unknown","_states":["Edo"]},"geometry":{"type":"LineString","coordinates":[[6.6248,7.26414],[6.63181,7.2569]]}},{"type":"Feature","properties":{"railway":"rail","gauge":1435.0,"_label":null,"_status_group":"unknown","_states":["Edo"]},"geometry":{"type":"LineString","coordinates":[[6.64667,7.20373],[6.64655,7.20451]]}},{"type":"Feature","properties":{"railway":"rail","gauge":1435.0,"_label":null,"_status_group":"unknown","_states":["Edo"]},"geometry":{"type":"LineString","coordinates":[[6.66372,7.18559],[6.64667,7.20373]]}},{"type":"Feature","properties":{"railway":"rail","gauge":1435.0,"_label":null,"_status_group":"unknown","_states":["Edo"]},"geometry":{"type":"LineString","coordinates":[[6.64557,7.21259],[6.64558,7.2129]]}},{"type":"Feature","properties":{"railway":"rail","gauge":1435.0,"_label":null,"_status_group":"unknown","_states":["Edo"]},"geometry":{"type":"LineString","coordinates":[[6.64655,7.20451],[6.64557,7.21259]]}},{"type":"Feature","properties":{"railway":"rail","name":"Rail line","gauge":1067.0,"_label":"Rail line","_status_group":"unknown","_states":["Abia"]},"geometry":{"type":"LineString","coordinates":[[7.17207,4.88237],[7.3677,5.11656],[7.37226,5.13035],[7.3591,5.14237]]}},{"type":"Feature","properties":{"railway":"rail","name":"Rail line","gauge":1067.0,"_label":"Rail line","_status_group":"unknown","_states":["Abia"]},"geometry":{"type":"LineString","coordinates":[[7.3591,5.14237],[7.35937,5.14285]]}},{"type":"Feature","properties":{"railway":"rail","name":"Eastern Rail Line","gauge":1067.0,"_label":"Eastern Rail Line","_status_group":"unknown","_states":["Enugu"]},"geometry":{"type":"LineString","coordinates":[[7.54353,6.35951],[7.54636,6.33332],[7.53847,6.32027],[7.57022,6.29576],[7.58754,6.23777],[7.573,6.17236]]}},{"type":"Feature","properties":{"railway":"rail","name":"Eastern Rail Line","_label":"Eastern Rail Line","_status_group":"unknown","_states":["Enugu"]},"geometry":{"type":"LineString","coordinates":[[7.54376,6.35995],[7.54353,6.35951]]}},{"type":"Feature","properties":{"railway":"rail","name":"Linking Line","gauge":1067.0,"_label":"Linking Line","_status_group":"unknown","_states":["Kaduna"]},"geometry":{"type":"LineString","coordinates":[[7.47613,10.41458],[7.49422,10.39329]]}},{"type":"Feature","properties":{"railway":"rail","gauge":1067.0,"_label":null,"_status_group":"unknown","_states":["Kaduna"]},"geometry":{"type":"LineString","coordinates":[[7.47602,10.41473],[7.47613,10.41458]]}},{"type":"Feature","properties":{"railway":"rail","name":"Western Line","gauge":1067.0,"_label":"Western Line","_status_group":"unknown","_states":["Kano"]},"geometry":{"type":"LineString","coordinates":[[8.53942,11.9995],[8.54032,12.00082]]}},{"type":"Feature","properties":{"railway":"rail","gauge":1435.0,"_label":null,"_status_group":"unknown","_states":["Kogi"]},"geometry":{"type":"LineString","coordinates":[[6.69255,7.51419],[6.69266,7.51516]]}},{"type":"Feature","properties":{"railway":"rail","gauge":1435.0,"_label":null,"_status_group":"unknown","_states":["Kogi"]},"geometry":{"type":"LineString","coordinates":[[6.6927,7.51284],[6.69255,7.51419]]}},{"type":"Feature","properties":{"railway":"rail","gauge":1435.0,"_label":null,"_status_group":"unknown","_states":["Kogi"]},"geometry":{"type":"LineString","coordinates":[[6.69259,7.51517],[6.69246,7.5142]]}},{"type":"Feature","properties":{"railway":"rail","gauge":1435.0,"_label":null,"_status_group":"unknown","_states":["Kogi"]},"geometry":{"type":"LineString","coordinates":[[6.69293,7.51634],[6.69259,7.51517]]}},{"type":"Feature","properties":{"railway":"rail","name":"Lagos–Ibadan SGR","gauge":1435.0,"_label":"Lagos–Ibadan SGR","_status_group":"unknown","_states":["Ogun"]},"geometry":{"type":"LineString","coordinates":[[3.68952,7.36701],[3.69149,7.36906]]}},{"type":"Feature","properties":{"railway":"rail","name":"Lagos–Ibadan SGR","gauge":1435.0,"_label":"Lagos–Ibadan SGR","_status_group":"unknown","_states":["Ogun"]},"geometry":{"type":"LineString","coordinates":[[3.66513,7.34745],[3.68952,7.36701]]}},{"type":"Feature","properties":{"railway":"rail","gauge":1435.0,"_label":null,"_status_group":"unknown","_states":["Abuja Federal Capital Territory"]},"geometry":{"type":"LineString","coordinates":[[7.35128,9.04272],[7.34515,9.04571]]}},{"type":"Feature","properties":{"railway":"rail","_label":null,"_status_group":"unknown","_states":["Abuja Federal Capital Territory"]},"geometry":{"type":"LineString","coordinates":[[7.32868,9.16635],[7.32072,9.16083]]}},{"type":"Feature","properties":{"railway":"rail","_label":null,"_status_group":"unknown","_states":["Abuja Federal Capital Territory"]},"geometry":{"type":"LineString","coordinates":[[7.32047,9.16067],[7.32829,9.16608]]}},{"type":"Feature","properties":{"railway":"rail","_label":null,"_status_group":"unknown","_states":["Kaduna"]},"geometry":{"type":"LineString","coordinates":[[7.45213,9.56694],[7.4563,9.57556]]}},{"type":"Feature","properties":{"railway":"rail","_label":null,"_status_group":"unknown","_states":["Kaduna"]},"geometry":{"type":"LineString","coordinates":[[7.45192,9.56651],[7.45611,9.57516]]}},{"type":"Feature","properties":{"railway":"rail","_label":null,"_status_group":"unknown","_states":["Kaduna"]},"geometry":{"type":"LineString","coordinates":[[7.41364,9.82586],[7.41384,9.81691]]}},{"type":"Feature","properties":{"railway":"rail","_label":null,"_status_group":"unknown","_states":["Kaduna"]},"geometry":{"type":"LineString","coordinates":[[7.37442,10.05277],[7.37766,10.04453]]}},{"type":"Feature","properties":{"railway":"rail","_label":null,"_status_group":"unknown","_states":["Kaduna"]},"geometry":{"type":"LineString","coordinates":[[7.34765,10.28902],[7.34744,10.27999]]}},{"type":"Feature","properties":{"railway":"rail","_label":null,"_status_group":"unknown","_states":["Kaduna"]},"geometry":{"type":"LineString","coordinates":[[7.35347,10.54393],[7.35326,10.54344]]}},{"type":"Feature","properties":{"railway":"rail","_label":null,"_status_group":"unknown","_states":["Kaduna"]},"geometry":{"type":"LineString","coordinates":[[7.3539,10.54547],[7.35377,10.54491]]}},{"type":"Feature","properties":{"railway":"rail","_label":null,"_status_group":"unknown","_states":["Kaduna"]},"geometry":{"type":"LineString","coordinates":[[7.41703,10.49458],[7.41697,10.49443]]}},{"type":"Feature","properties":{"railway":"rail","_label":null,"_status_group":"unknown","_states":["Kaduna"]},"geometry":{"type":"LineString","coordinates":[[7.41559,10.48902],[7.41704,10.49445]]}},{"type":"Feature","properties":{"railway":"rail","_label":null,"_status_group":"unknown","_states":["Kaduna"]},"geometry":{"type":"LineString","coordinates":[[7.41684,10.49327],[7.41594,10.49043]]}},{"type":"Feature","properties":{"railway":"rail","_label":null,"_status_group":"unknown","_states":["Kaduna"]},"geometry":{"type":"LineString","coordinates":[[7.41717,10.4948],[7.41552,10.48894]]}},{"type":"Feature","properties":{"railway":"rail","_label":null,"_status_group":"unknown","_states":["Kaduna"]},"geometry":{"type":"LineString","coordinates":[[7.41458,10.48527],[7.41547,10.48956]]}},{"type":"Feature","properties":{"railway":"rail","_label":null,"_status_group":"unknown","_states":["Kaduna"]},"geometry":{"type":"LineString","coordinates":[[7.4119,10.48206],[7.41048,10.48195]]}},{"type":"Feature","properties":{"railway":"rail","_label":null,"_status_group":"unknown","_states":["Kaduna"]},"geometry":{"type":"LineString","coordinates":[[7.4155,10.48981],[7.41677,10.49405]]}},{"type":"Feature","properties":{"railway":"rail","_label":null,"_status_group":"unknown","_states":["Kaduna"]},"geometry":{"type":"LineString","coordinates":[[7.41669,10.49388],[7.41553,10.49018]]}},{"type":"Feature","properties":{"railway":"rail","_label":null,"_status_group":"unknown","_states":["Kaduna"]},"geometry":{"type":"LineString","coordinates":[[7.41555,10.49039],[7.41684,10.49419]]}},{"type":"Feature","properties":{"railway":"rail","_label":null,"_status_group":"unknown","_states":["Kaduna"]},"geometry":{"type":"LineString","coordinates":[[7.41649,10.49359],[7.41557,10.4906]]}},{"type":"Feature","properties":{"railway":"rail","_label":null,"_status_group":"unknown","_states":["Kaduna"]},"geometry":{"type":"LineString","coordinates":[[7.4156,10.49085],[7.41654,10.49373]]}},{"type":"Feature","properties":{"railway":"rail","_label":null,"_status_group":"unknown","_states":["Kaduna"]},"geometry":{"type":"LineString","coordinates":[[7.41639,10.49348],[7.41617,10.49308]]}},{"type":"Feature","properties":{"railway":"rail","_label":null,"_status_group":"unknown","_states":["Kaduna"]},"geometry":{"type":"LineString","coordinates":[[7.41631,10.49328],[7.41562,10.49109]]}},{"type":"Feature","properties":{"railway":"rail","_label":null,"_status_group":"unknown","_states":["Kaduna"]},"geometry":{"type":"LineString","coordinates":[[7.41617,10.49308],[7.41725,10.49556]]}},{"type":"Feature","properties":{"railway":"rail","_label":null,"_status_group":"unknown","_states":["Kaduna"]},"geometry":{"type":"LineString","coordinates":[[7.41723,10.49584],[7.4166,10.49398]]}},{"type":"Feature","properties":{"railway":"rail","_label":null,"_status_group":"unknown","_states":["Kaduna"]},"geometry":{"type":"LineString","coordinates":[[7.41745,10.49702],[7.41676,10.49504]]}},{"type":"Feature","properties":{"railway":"rail","_label":null,"_status_group":"unknown","_states":["Kaduna"]},"geometry":{"type":"LineString","coordinates":[[7.41658,10.49431],[7.41626,10.49333]]}},{"type":"Feature","properties":{"railway":"rail","_label":null,"_status_group":"unknown","_states":["Kaduna"]},"geometry":{"type":"LineString","coordinates":[[7.41635,10.49351],[7.41662,10.4943]]}},{"type":"Feature","properties":{"railway":"rail","_label":null,"_status_group":"unknown","_states":["Kaduna"]},"geometry":{"type":"LineString","coordinates":[[7.41564,10.48664],[7.41666,10.48372]]}},{"type":"Feature","properties":{"railway":"rail","_label":null,"_status_group":"unknown","_states":["Kaduna"]},"geometry":{"type":"LineString","coordinates":[[7.4167,10.48373],[7.41589,10.48564]]}},{"type":"Feature","properties":{"railway":"rail","_label":null,"_status_group":"unknown","_states":["Kaduna"]},"geometry":{"type":"LineString","coordinates":[[7.4889,10.40212],[7.48912,10.40197]]}},{"type":"Feature","properties":{"railway":"rail","_label":null,"_status_group":"unknown","_states":["Kaduna"]},"geometry":{"type":"LineString","coordinates":[[7.48939,10.40312],[7.49122,10.40148]]}},{"type":"Feature","properties":{"railway":"rail","_label":null,"_status_group":"unknown","_states":["Kaduna"]},"geometry":{"type":"LineString","coordinates":[[7.22784,10.25685],[7.22464,10.25474]]}},{"type":"Feature","properties":{"railway":"rail","_label":null,"_status_group":"unknown","_states":["Kaduna"]},"geometry":{"type":"LineString","coordinates":[[7.22476,10.25511],[7.2275,10.25692]]}},{"type":"Feature","properties":{"railway":"rail","gauge":1435.0,"_label":null,"_status_group":"unknown","_states":["Lagos"]},"geometry":{"type":"LineString","coordinates":[[3.37955,6.4877],[3.38141,6.48341]]}},{"type":"Feature","properties":{"railway":"rail","gauge":1435.0,"_label":null,"_status_group":"unknown","_states":["Lagos"]},"geometry":{"type":"LineString","coordinates":[[3.38151,6.48344],[3.3796,6.48772]]}},{"type":"Feature","properties":{"railway":"rail","_label":null,"_status_group":"unknown","_states":["Ogun"]},"geometry":{"type":"LineString","coordinates":[[3.23531,6.79548],[3.23404,6.80425]]}},{"type":"Feature","properties":{"railway":"rail","_label":null,"_status_group":"unknown","_states":["Ogun"]},"geometry":{"type":"LineString","coordinates":[[3.23588,6.79393],[3.23534,6.79586]]}},{"type":"Feature","properties":{"railway":"rail","_label":null,"_status_group":"unknown","_states":["Ogun"]},"geometry":{"type":"LineString","coordinates":[[3.23552,6.79505],[3.23528,6.79584]]}},{"type":"Feature","properties":{"railway":"rail","_label":null,"_status_group":"unknown","_states":["Ogun"]},"geometry":{"type":"LineString","coordinates":[[3.23558,6.79485],[3.23395,6.79949]]}},{"type":"Feature","properties":{"railway":"rail","_label":null,"_status_group":"unknown","_states":["Ogun"]},"geometry":{"type":"LineString","coordinates":[[3.23463,6.80079],[3.23446,6.80181]]}},{"type":"Feature","properties":{"railway":"rail","_label":null,"_status_group":"unknown","_states":["Ogun"]},"geometry":{"type":"LineString","coordinates":[[3.23582,6.79727],[3.23441,6.80215]]}},{"type":"Feature","properties":{"railway":"rail","_label":null,"_status_group":"unknown","_states":["Ogun"]},"geometry":{"type":"LineString","coordinates":[[3.23552,6.79819],[3.23427,6.80303]]}},{"type":"Feature","properties":{"railway":"rail","_label":null,"_status_group":"unknown","_states":["Ogun"]},"geometry":{"type":"LineString","coordinates":[[3.23563,6.79784],[3.23423,6.80328]]}},{"type":"Feature","properties":{"railway":"rail","_label":null,"_status_group":"unknown","_states":["Ogun"]},"geometry":{"type":"LineString","coordinates":[[3.2357,6.79799],[3.23447,6.80217]]}},{"type":"Feature","properties":{"railway":"rail","_label":null,"_status_group":"unknown","_states":["Ogun"]},"geometry":{"type":"LineString","coordinates":[[3.23558,6.79837],[3.23544,6.79879]]}},{"type":"Feature","properties":{"railway":"rail","_label":null,"_status_group":"unknown","_states":["Ogun"]},"geometry":{"type":"LineString","coordinates":[[3.23441,6.79971],[3.23435,6.80253]]}},{"type":"Feature","properties":{"railway":"rail","_label":null,"_status_group":"unknown","_states":["Ogun"]},"geometry":{"type":"LineString","coordinates":[[3.23422,6.79925],[3.23419,6.80059]]}},{"type":"Feature","properties":{"railway":"rail","_label":null,"_status_group":"unknown","_states":["Ogun"]},"geometry":{"type":"LineString","coordinates":[[3.23427,6.79976],[3.2343,6.801]]}},{"type":"Feature","properties":{"railway":"rail","_label":null,"_status_group":"unknown","_states":["Ogun"]},"geometry":{"type":"LineString","coordinates":[[3.2345,6.79962],[3.23436,6.80149]]}},{"type":"Feature","properties":{"railway":"rail","_label":null,"_status_group":"unknown","_states":["Ogun"]},"geometry":{"type":"LineString","coordinates":[[3.23456,6.79962],[3.23437,6.80114]]}},{"type":"Feature","properties":{"railway":"rail","name":"Lagos–Ibadan SGR","gauge":1435.0,"_label":"Lagos–Ibadan SGR","_status_group":"unknown","_states":["Ogun"]},"geometry":{"type":"LineString","coordinates":[[3.30311,6.6871],[3.30496,6.68425]]}},{"type":"Feature","properties":{"railway":"rail","name":"Lagos–Ibadan SGR","gauge":1435.0,"_label":"Lagos–Ibadan SGR","_status_group":"unknown","_states":["Ogun"]},"geometry":{"type":"LineString","coordinates":[[3.303,6.68703],[3.3049,6.68417]]}},{"type":"Feature","properties":{"railway":"rail","name":"Lagos–Ibadan SGR","gauge":1435.0,"_label":"Lagos–Ibadan SGR","_status_group":"unknown","_states":["Ogun"]},"geometry":{"type":"LineString","coordinates":[[3.30002,6.69179],[3.30496,6.68425]]}},{"type":"Feature","properties":{"railway":"rail","name":"Lagos–Ibadan SGR","gauge":1435.0,"_label":"Lagos–Ibadan SGR","_status_group":"unknown","_states":["Ogun"]},"geometry":{"type":"LineString","coordinates":[[3.3049,6.68417],[3.29999,6.69177]]}},{"type":"Feature","properties":{"railway":"rail","name":"Lagos–Ibadan SGR","gauge":1435.0,"_label":"Lagos–Ibadan SGR","_status_group":"unknown","_states":["Ogun"]},"geometry":{"type":"LineString","coordinates":[[3.2991,6.69342],[3.30002,6.69179]]}},{"type":"Feature","properties":{"railway":"rail","name":"Lagos–Ibadan SGR","gauge":1435.0,"_label":"Lagos–Ibadan SGR","_status_group":"unknown","_states":["Ogun"]},"geometry":{"type":"LineString","coordinates":[[3.29999,6.69177],[3.29941,6.69265]]}},{"type":"Feature","properties":{"railway":"rail","_label":null,"_status_group":"unknown","_states":["Lagos"]},"geometry":{"type":"LineString","coordinates":[[3.38235,6.47005],[3.38131,6.47344]]}},{"type":"Feature","properties":{"railway":"rail","_label":null,"_status_group":"unknown","_states":["Lagos"]},"geometry":{"type":"LineString","coordinates":[[3.38254,6.47047],[3.38189,6.47193]]}},{"type":"Feature","properties":{"railway":"rail","_label":null,"_status_group":"unknown","_states":["Lagos"]},"geometry":{"type":"LineString","coordinates":[[3.38252,6.47012],[3.38152,6.47248]]}},{"type":"Feature","properties":{"railway":"rail","_label":null,"_status_group":"unknown","_states":["Lagos"]},"geometry":{"type":"LineString","coordinates":[[3.38146,6.47405],[3.38136,6.47533]]}},{"type":"Feature","properties":{"railway":"rail","_label":null,"_status_group":"unknown","_states":["Lagos"]},"geometry":{"type":"LineString","coordinates":[[3.38133,6.47472],[3.38133,6.47335]]}},{"type":"Feature","properties":{"railway":"rail","_label":null,"_status_group":"unknown","_states":["Lagos"]},"geometry":{"type":"LineString","coordinates":[[3.38162,6.47399],[3.38133,6.47485]]}},{"type":"Feature","properties":{"railway":"rail","_label":null,"_status_group":"unknown","_states":["Lagos"]},"geometry":{"type":"LineString","coordinates":[[3.3796,6.48772],[3.3794,6.48865]]}},{"type":"Feature","properties":{"railway":"rail","_label":null,"_status_group":"unknown","_states":["Lagos"]},"geometry":{"type":"LineString","coordinates":[[3.37955,6.4877],[3.37954,6.48795]]}},{"type":"Feature","properties":{"railway":"rail","_label":null,"_status_group":"unknown","_states":["Lagos"]},"geometry":{"type":"LineString","coordinates":[[3.38193,6.48249],[3.38225,6.48202]]}},{"type":"Feature","properties":{"railway":"rail","_label":null,"_status_group":"unknown","_states":["Lagos"]},"geometry":{"type":"LineString","coordinates":[[3.38188,6.48247],[3.38254,6.48161]]}},{"type":"Feature","properties":{"railway":"rail","_label":null,"_status_group":"unknown","_states":["Lagos"]},"geometry":{"type":"LineString","coordinates":[[3.38263,6.48146],[3.38094,6.48515]]}},{"type":"Feature","properties":{"railway":"rail","_label":null,"_status_group":"unknown","_states":["Lagos"]},"geometry":{"type":"LineString","coordinates":[[3.38189,6.47193],[3.38159,6.47241]]}},{"type":"Feature","properties":{"railway":"rail","_label":null,"_status_group":"unknown","_states":["Lagos"]},"geometry":{"type":"LineString","coordinates":[[3.38233,6.47004],[3.38148,6.47218]]}},{"type":"Feature","properties":{"railway":"rail","_label":null,"_status_group":"unknown","_states":["Lagos"]},"geometry":{"type":"LineString","coordinates":[[3.38152,6.47248],[3.38145,6.47267]]}},{"type":"Feature","properties":{"railway":"rail","_label":null,"_status_group":"unknown","_states":["Lagos"]},"geometry":{"type":"LineString","coordinates":[[3.38145,6.47501],[3.38076,6.48553]]}},{"type":"Feature","properties":{"railway":"rail","_label":null,"_status_group":"unknown","_states":["Lagos"]},"geometry":{"type":"LineString","coordinates":[[3.37953,6.48775],[3.37687,6.49414]]}},{"type":"Feature","properties":{"railway":"rail","_label":null,"_status_group":"unknown","_states":["Lagos"]},"geometry":{"type":"LineString","coordinates":[[3.37687,6.49414],[3.37664,6.49463]]}},{"type":"Feature","properties":{"railway":"rail","_label":null,"_status_group":"unknown","_states":["Lagos"]},"geometry":{"type":"LineString","coordinates":[[3.36746,6.45631],[3.3672,6.45678]]}},{"type":"Feature","properties":{"railway":"rail","_label":null,"_status_group":"unknown","_states":["Lagos"]},"geometry":{"type":"LineString","coordinates":[[3.37127,6.44949],[3.37131,6.44931]]}},{"type":"Feature","properties":{"railway":"rail","_label":null,"_status_group":"unknown","_states":["Lagos"]},"geometry":{"type":"LineString","coordinates":[[3.37123,6.44944],[3.37136,6.44936]]}},{"type":"Feature","properties":{"railway":"rail","_label":null,"_status_group":"unknown","_states":["Rivers"]},"geometry":{"type":"LineString","coordinates":[[7.01456,4.7696],[7.01484,4.76899]]}},{"type":"Feature","properties":{"railway":"rail","name":"Lagos–Ibadan SGR","gauge":1435.0,"_label":"Lagos–Ibadan SGR","_status_group":"unknown","_states":["Oyo"]},"geometry":{"type":"LineString","coordinates":[[3.78287,7.43927],[3.78308,7.4395]]}},{"type":"Feature","properties":{"railway":"rail","name":"Lagos–Ibadan SGR","gauge":1435.0,"_label":"Lagos–Ibadan SGR","_status_group":"unknown","_states":["Oyo"]},"geometry":{"type":"LineString","coordinates":[[3.75624,7.41433],[3.78287,7.43927]]}},{"type":"Feature","properties":{"railway":"rail","name":"Lagos–Ibadan SGR","gauge":1435.0,"_label":"Lagos–Ibadan SGR","_status_group":"unknown","_states":["Oyo"]},"geometry":{"type":"LineString","coordinates":[[3.78292,7.43928],[3.7831,7.43947]]}},{"type":"Feature","properties":{"railway":"rail","name":"Lagos–Ibadan SGR","gauge":1435.0,"_label":"Lagos–Ibadan SGR","_status_group":"unknown","_states":["Oyo"]},"geometry":{"type":"LineString","coordinates":[[3.75625,7.4143],[3.78292,7.43928]]}},{"type":"Feature","properties":{"railway":"rail","name":"Eastern Rail Line","gauge":1067.0,"_label":"Eastern Rail Line","_status_group":"unknown","_states":["Benue"]},"geometry":{"type":"LineString","coordinates":[[8.56609,7.90347],[8.56601,7.90368]]}},{"type":"Feature","properties":{"railway":"rail","name":"Eastern Rail Line","gauge":1067.0,"_label":"Eastern Rail Line","_status_group":"unknown","_states":["Benue"]},"geometry":{"type":"LineString","coordinates":[[8.54324,7.74454],[8.52278,7.75814],[8.53245,7.78146],[8.52808,7.7928],[8.54969,7.8185],[8.56819,7.87084],[8.56609,7.90347]]}},{"type":"Feature","properties":{"railway":"rail","gauge":1435.0,"_label":null,"_status_group":"unknown","_states":["Lagos"]},"geometry":{"type":"LineString","coordinates":[[3.38193,6.48249],[3.38151,6.48344]]}},{"type":"Feature","properties":{"railway":"rail","gauge":1435.0,"_label":null,"_status_group":"unknown","_states":["Lagos"]},"geometry":{"type":"LineString","coordinates":[[3.38141,6.48341],[3.38188,6.48247]]}},{"type":"Feature","properties":{"railway":"rail","_label":null,"_status_group":"unknown","_states":["Kaduna"]},"geometry":{"type":"LineString","coordinates":[[7.47556,10.65568],[7.46718,10.61764],[7.45053,10.59685],[7.44231,10.56696]]}},{"type":"Feature","properties":{"railway":"rail","_label":null,"_status_group":"unknown","_states":["Kaduna"]},"geometry":{"type":"LineString","coordinates":[[7.44231,10.56696],[7.44426,10.55095],[7.42659,10.54231]]}},{"type":"Feature","properties":{"railway":"rail","gauge":1067.0,"_label":null,"_status_group":"unknown","_states":["Niger"]},"geometry":{"type":"LineString","coordinates":[[5.89183,9.65052],[5.90243,9.65595]]}},{"type":"Feature","properties":{"railway":"rail","gauge":1067.0,"_label":null,"_status_group":"unknown","_states":["Niger"]},"geometry":{"type":"LineString","coordinates":[[5.90243,9.65595],[5.90272,9.65612]]}},{"type":"Feature","properties":{"railway":"rail","gauge":1067.0,"_label":null,"_status_group":"unknown","_states":["Kaduna"]},"geometry":{"type":"LineString","coordinates":[[7.42178,10.49984],[7.42082,10.49949]]}},{"type":"Feature","properties":{"railway":"rail","gauge":1067.0,"_label":null,"_status_group":"unknown","_states":["Kaduna"]},"geometry":{"type":"LineString","coordinates":[[7.42184,10.49985],[7.42178,10.49984]]}},{"type":"Feature","properties":{"railway":"rail","gauge":1067.0,"_label":null,"_status_group":"unknown","_states":["Ogun"]},"geometry":{"type":"LineString","coordinates":[[3.28957,6.70761],[3.30566,6.68311]]}},{"type":"Feature","properties":{"railway":"rail","_label":null,"_status_group":"unknown","_states":["Benue"]},"geometry":{"type":"LineString","coordinates":[[9.70032,7.23815],[9.70046,7.23815],[9.70047,7.23801],[9.70031,7.238],[9.70032,7.23815]]}},{"type":"Feature","properties":{"railway":"rail","name":"Eastern Rail Line","gauge":1067.0,"_label":"Eastern Rail Line","_status_group":"unknown","_states":["Enugu"]},"geometry":{"type":"LineString","coordinates":[[7.53191,6.4013],[7.55067,6.38175],[7.54376,6.35995]]}},{"type":"Feature","properties":{"railway":"rail","name":"Eastern Rail Line","gauge":1067.0,"_label":"Eastern Rail Line","_status_group":"unknown","_states":["Enugu"]},"geometry":{"type":"LineString","coordinates":[[7.50749,6.4102],[7.50752,6.41016]]}},{"type":"Feature","properties":{"railway":"rail","name":"Eastern Rail Line","gauge":1067.0,"_label":"Eastern Rail Line","_status_group":"unknown","_states":["Enugu"]},"geometry":{"type":"LineString","coordinates":[[7.50752,6.41016],[7.51389,6.41095]]}},{"type":"Feature","properties":{"railway":"rail","name":"Eastern Rail Line","gauge":1067.0,"_label":"Eastern Rail Line","_status_group":"unknown","_states":["Enugu"]},"geometry":{"type":"LineString","coordinates":[[7.51389,6.41095],[7.514,6.41096]]}},{"type":"Feature","properties":{"railway":"rail","name":"Eastern Rail Line","gauge":1067.0,"_label":"Eastern Rail Line","_status_group":"unknown","_states":["Enugu"]},"geometry":{"type":"LineString","coordinates":[[7.514,6.41096],[7.53157,6.4014]]}},{"type":"Feature","properties":{"railway":"rail","name":"Eastern Rail Line","gauge":1067.0,"_label":"Eastern Rail Line","_status_group":"unknown","_states":["Enugu"]},"geometry":{"type":"LineString","coordinates":[[7.53157,6.4014],[7.53191,6.4013]]}},{"type":"Feature","properties":{"railway":"rail","name":"Eastern Rail Line","gauge":1067.0,"_label":"Eastern Rail Line","_status_group":"unknown","_states":["Enugu"]},"geometry":{"type":"LineString","coordinates":[[7.49086,6.43389],[7.50749,6.4102]]}},{"type":"Feature","properties":{"railway":"rail","name":"Eastern Rail Line","gauge":1067.0,"_label":"Eastern Rail Line","_status_group":"unknown","_states":["Enugu"]},"geometry":{"type":"LineString","coordinates":[[7.49078,6.43392],[7.49086,6.43389]]}},{"type":"Feature","properties":{"railway":"rail","name":"Eastern Rail Line","gauge":1067.0,"_label":"Eastern Rail Line","_status_group":"unknown","_states":["Enugu"]},"geometry":{"type":"LineString","coordinates":[[7.4988,6.45382],[7.49078,6.43392]]}},{"type":"Feature","properties":{"railway":"rail","name":"Eastern Rail Line","gauge":1067.0,"_label":"Eastern Rail Line","_status_group":"unknown","_states":["Enugu"]},"geometry":{"type":"LineString","coordinates":[[7.49884,6.45389],[7.4988,6.45382]]}},{"type":"Feature","properties":{"railway":"rail","gauge":1067.0,"_label":null,"_status_group":"unknown","_states":["Lagos"]},"geometry":{"type":"LineString","coordinates":[[3.36275,6.46629],[3.36469,6.46238]]}},{"type":"Feature","properties":{"railway":"rail","gauge":1067.0,"_label":null,"_status_group":"unknown","_states":["Lagos"]},"geometry":{"type":"LineString","coordinates":[[3.36274,6.46636],[3.36275,6.46629]]}},{"type":"Feature","properties":{"railway":"rail","gauge":1067.0,"_label":null,"_status_group":"unknown","_states":["Osun"]},"geometry":{"type":"LineString","coordinates":[[4.54511,7.77593],[4.53999,7.77324]]}},{"type":"Feature","properties":{"railway":"rail","gauge":1067.0,"_label":null,"_status_group":"unknown","_states":["Osun"]},"geometry":{"type":"LineString","coordinates":[[4.54515,7.776],[4.54511,7.77593]]}},{"type":"Feature","properties":{"railway":"rail","gauge":1067.0,"_label":null,"_status_group":"unknown","_states":["Osun"]},"geometry":{"type":"LineString","coordinates":[[4.54519,7.77607],[4.54515,7.776]]}},{"type":"Feature","properties":{"railway":"rail","gauge":1067.0,"_label":null,"_status_group":"unknown","_states":["Osun"]},"geometry":{"type":"LineString","coordinates":[[4.54523,7.77614],[4.54519,7.77607]]}},{"type":"Feature","properties":{"railway":"rail","gauge":1067.0,"_label":null,"_status_group":"unknown","_states":["Osun"]},"geometry":{"type":"LineString","coordinates":[[4.54525,7.77617],[4.54523,7.77614]]}},{"type":"Feature","properties":{"railway":"rail","gauge":1067.0,"_label":null,"_status_group":"unknown","_states":["Osun"]},"geometry":{"type":"LineString","coordinates":[[4.54529,7.77623],[4.54525,7.77617]]}},{"type":"Feature","properties":{"railway":"rail","gauge":1067.0,"_label":null,"_status_group":"unknown","_states":["Osun"]},"geometry":{"type":"LineString","coordinates":[[4.54532,7.77628],[4.54529,7.77623]]}},{"type":"Feature","properties":{"railway":"rail","name":"Eastern Rail Line","gauge":1067.0,"_label":"Eastern Rail Line","_status_group":"unknown","_states":["Benue"]},"geometry":{"type":"LineString","coordinates":[[8.08542,7.10465],[8.08637,7.10706]]}},{"type":"Feature","properties":{"railway":"rail","name":"Eastern Rail Line","gauge":1067.0,"_label":"Eastern Rail Line","_status_group":"unknown","_states":["Benue"]},"geometry":{"type":"LineString","coordinates":[[8.02607,6.94428],[8.04253,6.97159],[8.03799,7.00975],[8.05642,7.04624],[8.04346,7.07091],[8.04818,7.08771],[8.05576,7.09693],[8.08542,7.10465]]}},{"type":"Feature","properties":{"railway":"rail","name":"Lagos–Ibadan SGR","gauge":1435.0,"_label":"Lagos–Ibadan SGR","_status_group":"unknown","_states":["Lagos"]},"geometry":{"type":"LineString","coordinates":[[3.37342,6.5023],[3.36631,6.52038]]}},{"type":"Feature","properties":{"railway":"rail","gauge":1067.0,"_label":null,"_status_group":"unknown","_states":["Niger"]},"geometry":{"type":"LineString","coordinates":[[6.52594,9.61263],[6.52583,9.61275]]}},{"type":"Feature","properties":{"railway":"rail","gauge":1067.0,"_label":null,"_status_group":"unknown","_states":["Niger"]},"geometry":{"type":"LineString","coordinates":[[6.52583,9.61275],[6.52327,9.61358]]}},{"type":"Feature","properties":{"railway":"rail","gauge":1435.0,"_label":null,"_status_group":"unknown","_states":["Kaduna"]},"geometry":{"type":"LineString","coordinates":[[7.96659,11.3382],[7.95482,11.32201]]}},{"type":"Feature","properties":{"railway":"rail","gauge":1435.0,"_label":null,"_status_group":"unknown","_states":["Kaduna"]},"geometry":{"type":"LineString","coordinates":[[7.95634,11.32282],[7.95908,11.32787]]}},{"type":"Feature","properties":{"railway":"rail","gauge":1435.0,"_label":null,"_status_group":"unknown","_states":["Kaduna"]},"geometry":{"type":"LineString","coordinates":[[7.95959,11.32866],[7.95662,11.32266]]}},{"type":"Feature","properties":{"railway":"rail","gauge":1435.0,"_label":null,"_status_group":"unknown","_states":["Kaduna"]},"geometry":{"type":"LineString","coordinates":[[7.95997,11.33017],[7.95482,11.31924]]}},{"type":"Feature","properties":{"railway":"rail","gauge":1435.0,"_label":null,"_status_group":"unknown","_states":["Kaduna"]},"geometry":{"type":"LineString","coordinates":[[7.96029,11.33075],[7.95707,11.32505]]}},{"type":"Feature","properties":{"railway":"rail","gauge":1435.0,"_label":null,"_status_group":"unknown","_states":["Kaduna"]},"geometry":{"type":"LineString","coordinates":[[7.9587,11.32876],[7.95484,11.32193]]}},{"type":"Feature","properties":{"railway":"rail","gauge":1435.0,"_label":null,"_status_group":"unknown","_states":["Kaduna"]},"geometry":{"type":"LineString","coordinates":[[7.95731,11.32473],[7.95986,11.32999]]}},{"type":"Feature","properties":{"railway":"rail","gauge":1435.0,"_label":null,"_status_group":"unknown","_states":["Kaduna"]},"geometry":{"type":"LineString","coordinates":[[7.95633,11.32293],[7.95709,11.32436]]}},{"type":"Feature","properties":{"railway":"rail","gauge":1435.0,"_label":null,"_status_group":"unknown","_states":["Kaduna"]},"geometry":{"type":"LineString","coordinates":[[7.95709,11.32436],[7.95731,11.32473]]}}]}
