{"type":"FeatureCollection","name":"settlements","atlas_release":{"version":"0.7.0","date":"2026-07-25","title":"Oil Spill Intelligence and Open Atlas Contributions"},"metadata":{"description":"Major settlement clusters, retaining the 40 highest-population source records per state for a responsive web map.","source":"World Bank Nigeria Distributed Renewable Energy Atlas","source_date":"2025-06-12","source_checked":"2026-07-24","license":"CC BY 4.0","quality":"B","quality_note":"Web subset of a 154,319-cluster processed inventory. Population and access fields are modelled screening estimates.","path":"data/processed/08_context/major_settlements_nigeria.csv","key":"settlements","label":"Major Settlements","category":"context","category_label":"People & Access","record_count":1480,"download_url":"https://raw.githubusercontent.com/Diamonds10/nigeria-infrastructure-atlas/main/data/processed/08_context/major_settlements_nigeria.csv","refresh":{"cadence":"annual_or_source_release","last_checked":"2026-07-24","next_review_due":"2027-07-25","review_status":"current"}},"features":[{"type":"Feature","properties":{"geohash":"s0vjpmj76c","settlement_name":"Aba","state":"Abia","lga":"Aba North","population":1233663,"state_population_rank":1,"num_buildings":261853,"nightlight_signal":"nightlight_detected","distance_to_existing_transmission_lines":0.0,"distance_to_existing_hv_transmission_lines":0.0,"distance_to_gridlight_targets":0.0,"main_road_access":true,"dist_main_road_km":0.0,"has_education_facility":true,"has_health_facility":true,"_label":"Aba","_status_group":"unknown","_year":2025,"_year_label":"Source release year","_states":["Abia"]},"geometry":{"type":"Point","coordinates":[7.35719,5.12569]}},{"type":"Feature","properties":{"geohash":"s0vr66v541","settlement_name":"Location #45","state":"Abia","lga":"Umuahia North","population":552362,"state_population_rank":2,"num_buildings":113397,"nightlight_signal":"nightlight_detected","distance_to_existing_transmission_lines":0.0,"distance_to_existing_hv_transmission_lines":0.0,"distance_to_gridlight_targets":0.0,"main_road_access":true,"dist_main_road_km":0.0,"has_education_facility":true,"has_health_facility":true,"_label":"Location #45","_status_group":"unknown","_year":2025,"_year_label":"Source release year","_states":["Abia"]},"geometry":{"type":"Point","coordinates":[7.48864,5.50879]}},{"type":"Feature","properties":{"geohash":"s0vnr7w01g","settlement_name":"Ura Nta Umuarandu","state":"Abia","lga":"Isiala-Ngwa South","population":120214,"state_population_rank":3,"num_buildings":26615,"nightlight_signal":"nightlight_detected","distance_to_existing_transmission_lines":0.0,"distance_to_existing_hv_transmission_lines":0.0,"distance_to_gridlight_targets":0.0,"main_road_access":true,"dist_main_road_km":0.0,"has_education_facility":true,"has_health_facility":true,"_label":"Ura Nta Umuarandu","_status_group":"unknown","_year":2025,"_year_label":"Source release year","_states":["Abia"]},"geometry":{"type":"Point","coordinates":[7.35817,5.33663]}},{"type":"Feature","properties":{"geohash":"s1j3bpysc9","settlement_name":"Ngodo","state":"Abia","lga":"Umu-Nneochi","population":66043,"state_population_rank":4,"num_buildings":13695,"nightlight_signal":"nightlight_detected","distance_to_existing_transmission_lines":0.0,"distance_to_existing_hv_transmission_lines":4.89,"distance_to_gridlight_targets":0.0,"main_road_access":true,"dist_main_road_km":0.0,"has_education_facility":true,"has_health_facility":true,"_label":"Ngodo","_status_group":"unknown","_year":2025,"_year_label":"Source release year","_states":["Abia"]},"geometry":{"type":"Point","coordinates":[7.39181,5.97602]}},{"type":"Feature","properties":{"geohash":"s1j8447h7b","settlement_name":"Ohafia","state":"Abia","lga":"Ohafia","population":63682,"state_population_rank":5,"num_buildings":13111,"nightlight_signal":"nightlight_detected","distance_to_existing_transmission_lines":0.0,"distance_to_existing_hv_transmission_lines":34.84,"distance_to_gridlight_targets":0.0,"main_road_access":true,"dist_main_road_km":0.0,"has_education_facility":true,"has_health_facility":true,"_label":"Ohafia","_status_group":"unknown","_year":2025,"_year_label":"Source release year","_states":["Abia"]},"geometry":{"type":"Point","coordinates":[7.82656,5.63809]}},{"type":"Feature","properties":{"geohash":"s1j82n25k2","settlement_name":"Abiriba","state":"Abia","lga":"Ohafia","population":54954,"state_population_rank":6,"num_buildings":11298,"nightlight_signal":"nightlight_detected","distance_to_existing_transmission_lines":0.0,"distance_to_existing_hv_transmission_lines":24.37,"distance_to_gridlight_targets":0.0,"main_road_access":true,"dist_main_road_km":0.0,"has_education_facility":true,"has_health_facility":true,"_label":"Abiriba","_status_group":"unknown","_year":2025,"_year_label":"Source release year","_states":["Abia"]},"geometry":{"type":"Point","coordinates":[7.73456,5.70384]}},{"type":"Feature","properties":{"geohash":"s0vqbnf1b1","settlement_name":"Ama Apu","state":"Abia","lga":"Isiala-Ngwa South","population":54860,"state_population_rank":7,"num_buildings":11375,"nightlight_signal":"nightlight_detected","distance_to_existing_transmission_lines":0.0,"distance_to_existing_hv_transmission_lines":0.0,"distance_to_gridlight_targets":0.0,"main_road_access":true,"dist_main_road_km":0.0,"has_education_facility":true,"has_health_facility":true,"_label":"Ama Apu","_status_group":"unknown","_year":2025,"_year_label":"Source release year","_states":["Abia"]},"geometry":{"type":"Point","coordinates":[7.38557,5.44266]}},{"type":"Feature","properties":{"geohash":"s0vwetqzh9","settlement_name":"Arochukwu","state":"Abia","lga":"Arochukwu","population":46656,"state_population_rank":8,"num_buildings":9647,"nightlight_signal":"nightlight_detected","distance_to_existing_transmission_lines":0.0,"distance_to_existing_hv_transmission_lines":19.75,"distance_to_gridlight_targets":0.0,"main_road_access":true,"dist_main_road_km":0.0,"has_education_facility":true,"has_health_facility":true,"_label":"Arochukwu","_status_group":"unknown","_year":2025,"_year_label":"Source release year","_states":["Abia"]},"geometry":{"type":"Point","coordinates":[7.89765,5.39138]}},{"type":"Feature","properties":{"geohash":"s0vmbe1svt","settlement_name":"Umu Enge","state":"Abia","lga":"Isiala-Ngwa North","population":31952,"state_population_rank":9,"num_buildings":7107,"nightlight_signal":"nightlight_detected","distance_to_existing_transmission_lines":0.0,"distance_to_existing_hv_transmission_lines":6.35,"distance_to_gridlight_targets":0.0,"main_road_access":true,"dist_main_road_km":0.0,"has_education_facility":true,"has_health_facility":true,"_label":"Umu Enge","_status_group":"unknown","_year":2025,"_year_label":"Source release year","_states":["Abia"]},"geometry":{"type":"Point","coordinates":[7.40709,5.24682]}},{"type":"Feature","properties":{"geohash":"s0vrf57w6b","settlement_name":"Umuahia","state":"Abia","lga":"Umuahia North","population":28409,"state_population_rank":10,"num_buildings":6428,"nightlight_signal":"nightlight_detected","distance_to_existing_transmission_lines":0.0,"distance_to_existing_hv_transmission_lines":0.0,"distance_to_gridlight_targets":0.0,"main_road_access":true,"dist_main_road_km":0.0,"has_education_facility":true,"has_health_facility":true,"_label":"Umuahia","_status_group":"unknown","_year":2025,"_year_label":"Source release year","_states":["Abia"]},"geometry":{"type":"Point","coordinates":[7.47563,5.59998]}},{"type":"Feature","properties":{"geohash":"s1j2qp5czu","settlement_name":"Location #652","state":"Abia","lga":"Bende","population":26434,"state_population_rank":11,"num_buildings":5458,"nightlight_signal":"nightlight_detected","distance_to_existing_transmission_lines":0.0,"distance_to_existing_hv_transmission_lines":15.57,"distance_to_gridlight_targets":0.0,"main_road_access":true,"dist_main_road_km":0.0,"has_education_facility":true,"has_health_facility":true,"_label":"Location #652","_status_group":"unknown","_year":2025,"_year_label":"Source release year","_states":["Abia"]},"geometry":{"type":"Point","coordinates":[7.65197,5.70772]}},{"type":"Feature","properties":{"geohash":"s0vxdk6c7t","settlement_name":"Ohafia","state":"Abia","lga":"Ohafia","population":24183,"state_population_rank":12,"num_buildings":5273,"nightlight_signal":"nightlight_detected","distance_to_existing_transmission_lines":0.0,"distance_to_existing_hv_transmission_lines":33.93,"distance_to_gridlight_targets":0.0,"main_road_access":true,"dist_main_road_km":0.0,"has_education_facility":true,"has_health_facility":true,"_label":"Ohafia","_status_group":"unknown","_year":2025,"_year_label":"Source release year","_states":["Abia"]},"geometry":{"type":"Point","coordinates":[7.83719,5.5607]}},{"type":"Feature","properties":{"geohash":"s0vrup8x9v","settlement_name":"Akoli Imenyi","state":"Abia","lga":"Bende","population":21600,"state_population_rank":13,"num_buildings":4578,"nightlight_signal":"nightlight_detected","distance_to_existing_transmission_lines":0.0,"distance_to_existing_hv_transmission_lines":5.85,"distance_to_gridlight_targets":0.0,"main_road_access":true,"dist_main_road_km":0.0,"has_education_facility":true,"has_health_facility":true,"_label":"Akoli Imenyi","_status_group":"unknown","_year":2025,"_year_label":"Source release year","_states":["Abia"]},"geometry":{"type":"Point","coordinates":[7.55936,5.62357]}},{"type":"Feature","properties":{"geohash":"s0vhj7bb1y","settlement_name":"Obehie","state":"Abia","lga":"Ukwa West","population":20826,"state_population_rank":14,"num_buildings":4369,"nightlight_signal":"nightlight_detected","distance_to_existing_transmission_lines":0.0,"distance_to_existing_hv_transmission_lines":0.0,"distance_to_gridlight_targets":0.0,"main_road_access":true,"dist_main_road_km":0.0,"has_education_facility":true,"has_health_facility":true,"_label":"Obehie","_status_group":"unknown","_year":2025,"_year_label":"Source release year","_states":["Abia"]},"geometry":{"type":"Point","coordinates":[7.26307,4.94251]}},{"type":"Feature","properties":{"geohash":"s1j2e7hq83","settlement_name":"Location #856","state":"Abia","lga":"Isiukwuato","population":20451,"state_population_rank":15,"num_buildings":4373,"nightlight_signal":"nightlight_detected","distance_to_existing_transmission_lines":0.0,"distance_to_existing_hv_transmission_lines":0.77,"distance_to_gridlight_targets":0.0,"main_road_access":true,"dist_main_road_km":0.0,"has_education_facility":true,"has_health_facility":true,"_label":"Location #856","_status_group":"unknown","_year":2025,"_year_label":"Source release year","_states":["Abia"]},"geometry":{"type":"Point","coordinates":[7.53149,5.7305]}},{"type":"Feature","properties":{"geohash":"s1j39p3d9d","settlement_name":"Location #916","state":"Abia","lga":"Umu-Nneochi","population":19481,"state_population_rank":16,"num_buildings":4135,"nightlight_signal":"nightlight_detected","distance_to_existing_transmission_lines":0.0,"distance_to_existing_hv_transmission_lines":0.42,"distance_to_gridlight_targets":0.0,"main_road_access":true,"dist_main_road_km":0.0,"has_education_facility":true,"has_health_facility":true,"_label":"Location #916","_status_group":"unknown","_year":2025,"_year_label":"Source release year","_states":["Abia"]},"geometry":{"type":"Point","coordinates":[7.42889,5.92894]}},{"type":"Feature","properties":{"geohash":"s0vxfxxwpy","settlement_name":"Ohafia","state":"Abia","lga":"Ohafia","population":18634,"state_population_rank":17,"num_buildings":3892,"nightlight_signal":"nightlight_detected","distance_to_existing_transmission_lines":0.0,"distance_to_existing_hv_transmission_lines":38.78,"distance_to_gridlight_targets":0.0,"main_road_access":true,"dist_main_road_km":0.0,"has_education_facility":true,"has_health_facility":true,"_label":"Ohafia","_status_group":"unknown","_year":2025,"_year_label":"Source release year","_states":["Abia"]},"geometry":{"type":"Point","coordinates":[7.85487,5.62332]}},{"type":"Feature","properties":{"geohash":"s1j2sgq09z","settlement_name":"Alayi","state":"Abia","lga":"Bende","population":17405,"state_population_rank":18,"num_buildings":3604,"nightlight_signal":"nightlight_detected","distance_to_existing_transmission_lines":0.0,"distance_to_existing_hv_transmission_lines":9.76,"distance_to_gridlight_targets":0.0,"main_road_access":true,"dist_main_road_km":0.0,"has_education_facility":true,"has_health_facility":true,"_label":"Alayi","_status_group":"unknown","_year":2025,"_year_label":"Source release year","_states":["Abia"]},"geometry":{"type":"Point","coordinates":[7.59988,5.73087]}},{"type":"Feature","properties":{"geohash":"s0vq9k9zbs","settlement_name":"Mbawsi","state":"Abia","lga":"Isiala-Ngwa South","population":16926,"state_population_rank":19,"num_buildings":3641,"nightlight_signal":"nightlight_detected","distance_to_existing_transmission_lines":0.0,"distance_to_existing_hv_transmission_lines":3.24,"distance_to_gridlight_targets":0.0,"main_road_access":true,"dist_main_road_km":0.0,"has_education_facility":true,"has_health_facility":true,"_label":"Mbawsi","_status_group":"unknown","_year":2025,"_year_label":"Source release year","_states":["Abia"]},"geometry":{"type":"Point","coordinates":[7.44018,5.3874]}},{"type":"Feature","properties":{"geohash":"s0vh78xssj","settlement_name":"Location #1026","state":"Abia","lga":"Ukwa West","population":16809,"state_population_rank":20,"num_buildings":3710,"nightlight_signal":"nightlight_detected","distance_to_existing_transmission_lines":6.06,"distance_to_existing_hv_transmission_lines":6.33,"distance_to_gridlight_targets":0.0,"main_road_access":true,"dist_main_road_km":0.0,"has_education_facility":true,"has_health_facility":true,"_label":"Location #1026","_status_group":"unknown","_year":2025,"_year_label":"Source release year","_states":["Rivers"]},"geometry":{"type":"Point","coordinates":[7.19553,4.96937]}},{"type":"Feature","properties":{"geohash":"s1j31kfngq","settlement_name":"Uturu","state":"Abia","lga":"Isiukwuato","population":15375,"state_population_rank":21,"num_buildings":3230,"nightlight_signal":"no_nightlight_detected","distance_to_existing_transmission_lines":0.0,"distance_to_existing_hv_transmission_lines":1.77,"distance_to_gridlight_targets":0.353,"main_road_access":true,"dist_main_road_km":0.0,"has_education_facility":true,"has_health_facility":true,"_label":"Uturu","_status_group":"unknown","_year":2025,"_year_label":"Source release year","_states":["Abia"]},"geometry":{"type":"Point","coordinates":[7.44063,5.82807]}},{"type":"Feature","properties":{"geohash":"s0vwguwqmm","settlement_name":"Amakofia","state":"Abia","lga":"Arochukwu","population":15363,"state_population_rank":22,"num_buildings":3237,"nightlight_signal":"nightlight_detected","distance_to_existing_transmission_lines":0.0,"distance_to_existing_hv_transmission_lines":24.83,"distance_to_gridlight_targets":0.0,"main_road_access":true,"dist_main_road_km":0.0,"has_education_facility":true,"has_health_facility":true,"_label":"Amakofia","_status_group":"unknown","_year":2025,"_year_label":"Source release year","_states":["Abia"]},"geometry":{"type":"Point","coordinates":[7.90798,5.43109]}},{"type":"Feature","properties":{"geohash":"s0v5z6phyr","settlement_name":"Akwete","state":"Abia","lga":"Ukwa East","population":15348,"state_population_rank":23,"num_buildings":3214,"nightlight_signal":"nightlight_detected","distance_to_existing_transmission_lines":1.08,"distance_to_existing_hv_transmission_lines":1.43,"distance_to_gridlight_targets":0.0,"main_road_access":true,"dist_main_road_km":0.0,"has_education_facility":true,"has_health_facility":true,"_label":"Akwete","_status_group":"unknown","_year":2025,"_year_label":"Source release year","_states":["Abia"]},"geometry":{"type":"Point","coordinates":[7.35974,4.88977]}},{"type":"Feature","properties":{"geohash":"s1j2ecx9nw","settlement_name":"Location #1240","state":"Abia","lga":"Isiukwuato","population":14966,"state_population_rank":24,"num_buildings":3134,"nightlight_signal":"nightlight_detected","distance_to_existing_transmission_lines":0.0,"distance_to_existing_hv_transmission_lines":5.28,"distance_to_gridlight_targets":0.0,"main_road_access":true,"dist_main_road_km":0.0,"has_education_facility":true,"has_health_facility":true,"_label":"Location #1240","_status_group":"unknown","_year":2025,"_year_label":"Source release year","_states":["Abia"]},"geometry":{"type":"Point","coordinates":[7.55819,5.72134]}},{"type":"Feature","properties":{"geohash":"s1j621n978","settlement_name":"Location #1370","state":"Abia","lga":"Umu-Nneochi","population":14109,"state_population_rank":25,"num_buildings":2868,"nightlight_signal":"no_nightlight_detected","distance_to_existing_transmission_lines":3.43,"distance_to_existing_hv_transmission_lines":9.42,"distance_to_gridlight_targets":2.771,"main_road_access":true,"dist_main_road_km":0.0,"has_education_facility":true,"has_health_facility":true,"_label":"Location #1370","_status_group":"unknown","_year":2025,"_year_label":"Source release year","_states":["Enugu"]},"geometry":{"type":"Point","coordinates":[7.3919,6.02622]}},{"type":"Feature","properties":{"geohash":"s1j4pmz3g2","settlement_name":"Enugu Umunze","state":"Abia","lga":"Umu-Nneochi","population":13441,"state_population_rank":26,"num_buildings":2853,"nightlight_signal":"no_nightlight_detected","distance_to_existing_transmission_lines":2.54,"distance_to_existing_hv_transmission_lines":11.39,"distance_to_gridlight_targets":3.109,"main_road_access":true,"dist_main_road_km":0.0,"has_education_facility":true,"has_health_facility":true,"_label":"Enugu Umunze","_status_group":"unknown","_year":2025,"_year_label":"Source release year","_states":["Abia"]},"geometry":{"type":"Point","coordinates":[7.35995,6.00845]}},{"type":"Feature","properties":{"geohash":"s0vqdqsqm1","settlement_name":"Location #1327","state":"Abia","lga":"Isiala-Ngwa South","population":13320,"state_population_rank":27,"num_buildings":2940,"nightlight_signal":"nightlight_detected","distance_to_existing_transmission_lines":0.0,"distance_to_existing_hv_transmission_lines":3.64,"distance_to_gridlight_targets":0.0,"main_road_access":true,"dist_main_road_km":0.0,"has_education_facility":true,"has_health_facility":true,"_label":"Location #1327","_status_group":"unknown","_year":2025,"_year_label":"Source release year","_states":["Abia"]},"geometry":{"type":"Point","coordinates":[7.48774,5.39811]}},{"type":"Feature","properties":{"geohash":"s0v5yrd7s9","settlement_name":"Location #1361","state":"Abia","lga":"Ukwa West","population":13206,"state_population_rank":28,"num_buildings":2884,"nightlight_signal":"no_nightlight_detected","distance_to_existing_transmission_lines":0.0,"distance_to_existing_hv_transmission_lines":0.51,"distance_to_gridlight_targets":0.123,"main_road_access":true,"dist_main_road_km":0.0,"has_education_facility":true,"has_health_facility":true,"_label":"Location #1361","_status_group":"unknown","_year":2025,"_year_label":"Source release year","_states":["Abia"]},"geometry":{"type":"Point","coordinates":[7.3092,4.91974]}},{"type":"Feature","properties":{"geohash":"s0v5gw33xp","settlement_name":"Uzaku","state":"Abia","lga":"Ukwa West","population":13147,"state_population_rank":29,"num_buildings":2893,"nightlight_signal":"no_nightlight_detected","distance_to_existing_transmission_lines":4.17,"distance_to_existing_hv_transmission_lines":5.55,"distance_to_gridlight_targets":3.131,"main_road_access":true,"dist_main_road_km":0.0,"has_education_facility":true,"has_health_facility":true,"_label":"Uzaku","_status_group":"unknown","_year":2025,"_year_label":"Source release year","_states":["Abia"]},"geometry":{"type":"Point","coordinates":[7.18708,4.91256]}},{"type":"Feature","properties":{"geohash":"s0v5unzhg6","settlement_name":"Location #1284","state":"Abia","lga":"Ukwa West","population":12924,"state_population_rank":30,"num_buildings":3039,"nightlight_signal":"no_nightlight_detected","distance_to_existing_transmission_lines":0.96,"distance_to_existing_hv_transmission_lines":2.46,"distance_to_gridlight_targets":0.407,"main_road_access":true,"dist_main_road_km":0.0,"has_education_facility":true,"has_health_facility":true,"_label":"Location #1284","_status_group":"unknown","_year":2025,"_year_label":"Source release year","_states":["Abia"]},"geometry":{"type":"Point","coordinates":[7.21679,4.91584]}},{"type":"Feature","properties":{"geohash":"s0vm4jnjnc","settlement_name":"Location #1294","state":"Abia","lga":"Obi Ngwa","population":12831,"state_population_rank":31,"num_buildings":3017,"nightlight_signal":"nightlight_detected","distance_to_existing_transmission_lines":0.0,"distance_to_existing_hv_transmission_lines":0.0,"distance_to_gridlight_targets":0.0,"main_road_access":true,"dist_main_road_km":0.0,"has_education_facility":true,"has_health_facility":true,"_label":"Location #1294","_status_group":"unknown","_year":2025,"_year_label":"Source release year","_states":["Abia"]},"geometry":{"type":"Point","coordinates":[7.47924,5.12599]}},{"type":"Feature","properties":{"geohash":"s1j2wqy681","settlement_name":"Location #1549","state":"Abia","lga":"Bende","population":12151,"state_population_rank":32,"num_buildings":2549,"nightlight_signal":"nightlight_detected","distance_to_existing_transmission_lines":0.0,"distance_to_existing_hv_transmission_lines":17.34,"distance_to_gridlight_targets":0.0,"main_road_access":true,"dist_main_road_km":0.0,"has_education_facility":true,"has_health_facility":true,"_label":"Location #1549","_status_group":"unknown","_year":2025,"_year_label":"Source release year","_states":["Abia"]},"geometry":{"type":"Point","coordinates":[7.66606,5.75041]}},{"type":"Feature","properties":{"geohash":"s0vq40xddd","settlement_name":"Location #1458","state":"Abia","lga":"Isiala-Ngwa North","population":11985,"state_population_rank":33,"num_buildings":2699,"nightlight_signal":"nightlight_detected","distance_to_existing_transmission_lines":0.0,"distance_to_existing_hv_transmission_lines":12.33,"distance_to_gridlight_targets":0.0,"main_road_access":true,"dist_main_road_km":0.0,"has_education_facility":true,"has_health_facility":true,"_label":"Location #1458","_status_group":"unknown","_year":2025,"_year_label":"Source release year","_states":["Abia"]},"geometry":{"type":"Point","coordinates":[7.48112,5.27663]}},{"type":"Feature","properties":{"geohash":"s1j2tvec6v","settlement_name":"Location #1493","state":"Abia","lga":"Bende","population":11874,"state_population_rank":34,"num_buildings":2641,"nightlight_signal":"nightlight_detected","distance_to_existing_transmission_lines":0.0,"distance_to_existing_hv_transmission_lines":14.69,"distance_to_gridlight_targets":0.0,"main_road_access":true,"dist_main_road_km":0.0,"has_education_facility":true,"has_health_facility":true,"_label":"Location #1493","_status_group":"unknown","_year":2025,"_year_label":"Source release year","_states":["Abia"]},"geometry":{"type":"Point","coordinates":[7.64077,5.74334]}},{"type":"Feature","properties":{"geohash":"s1j8behv4p","settlement_name":"Ndagbo Nkporo","state":"Abia","lga":"Ohafia","population":11590,"state_population_rank":35,"num_buildings":2482,"nightlight_signal":"no_nightlight_detected","distance_to_existing_transmission_lines":0.0,"distance_to_existing_hv_transmission_lines":28.19,"distance_to_gridlight_targets":3.92,"main_road_access":true,"dist_main_road_km":0.0,"has_education_facility":true,"has_health_facility":true,"_label":"Ndagbo Nkporo","_status_group":"unknown","_year":2025,"_year_label":"Source release year","_states":["Abia"]},"geometry":{"type":"Point","coordinates":[7.76296,5.77421]}},{"type":"Feature","properties":{"geohash":"s1j1yn63de","settlement_name":"Location #1777","state":"Abia","lga":"Umu-Nneochi","population":10829,"state_population_rank":36,"num_buildings":2275,"nightlight_signal":"no_nightlight_detected","distance_to_existing_transmission_lines":3.06,"distance_to_existing_hv_transmission_lines":14.74,"distance_to_gridlight_targets":3.596,"main_road_access":false,"dist_main_road_km":3.77,"has_education_facility":true,"has_health_facility":true,"_label":"Location #1777","_status_group":"unknown","_year":2025,"_year_label":"Source release year","_states":["Abia"]},"geometry":{"type":"Point","coordinates":[7.29812,5.96723]}},{"type":"Feature","properties":{"geohash":"s1j31pem13","settlement_name":"Uturu","state":"Abia","lga":"Isiukwuato","population":10533,"state_population_rank":37,"num_buildings":2135,"nightlight_signal":"nightlight_detected","distance_to_existing_transmission_lines":0.0,"distance_to_existing_hv_transmission_lines":2.42,"distance_to_gridlight_targets":0.0,"main_road_access":false,"dist_main_road_km":0.8,"has_education_facility":true,"has_health_facility":true,"_label":"Uturu","_status_group":"unknown","_year":2025,"_year_label":"Source release year","_states":["Abia"]},"geometry":{"type":"Point","coordinates":[7.43128,5.84284]}},{"type":"Feature","properties":{"geohash":"s0vk9pp67e","settlement_name":"Agburu Uke","state":"Abia","lga":"Obi Ngwa","population":10402,"state_population_rank":38,"num_buildings":2446,"nightlight_signal":"nightlight_detected","distance_to_existing_transmission_lines":0.0,"distance_to_existing_hv_transmission_lines":2.42,"distance_to_gridlight_targets":0.0,"main_road_access":true,"dist_main_road_km":0.0,"has_education_facility":true,"has_health_facility":true,"_label":"Agburu Uke","_status_group":"unknown","_year":2025,"_year_label":"Source release year","_states":["Abia"]},"geometry":{"type":"Point","coordinates":[7.43687,5.04862]}},{"type":"Feature","properties":{"geohash":"s0vq8s6n55","settlement_name":"Location #1642","state":"Abia","lga":"Isiala-Ngwa South","population":10398,"state_population_rank":39,"num_buildings":2445,"nightlight_signal":"no_nightlight_detected","distance_to_existing_transmission_lines":0.0,"distance_to_existing_hv_transmission_lines":0.37,"distance_to_gridlight_targets":1.042,"main_road_access":true,"dist_main_road_km":0.0,"has_education_facility":true,"has_health_facility":true,"_label":"Location #1642","_status_group":"unknown","_year":2025,"_year_label":"Source release year","_states":["Abia"]},"geometry":{"type":"Point","coordinates":[7.40767,5.38572]}},{"type":"Feature","properties":{"geohash":"s0vm9f5d07","settlement_name":"Location #1643","state":"Abia","lga":"Obi Ngwa","population":10394,"state_population_rank":40,"num_buildings":2444,"nightlight_signal":"nightlight_detected","distance_to_existing_transmission_lines":0.0,"distance_to_existing_hv_transmission_lines":6.82,"distance_to_gridlight_targets":0.0,"main_road_access":true,"dist_main_road_km":0.0,"has_education_facility":true,"has_health_facility":true,"_label":"Location #1643","_status_group":"unknown","_year":2025,"_year_label":"Source release year","_states":["Abia"]},"geometry":{"type":"Point","coordinates":[7.46454,5.1969]}},{"type":"Feature","properties":{"geohash":"s1t76tfk9f","settlement_name":"Abuja","state":"Abuja Federal Capital Territory","lga":"Abuja Municipal","population":3576670,"state_population_rank":1,"num_buildings":744894,"nightlight_signal":"nightlight_detected","distance_to_existing_transmission_lines":0.0,"distance_to_existing_hv_transmission_lines":0.0,"distance_to_gridlight_targets":0.0,"main_road_access":true,"dist_main_road_km":0.0,"has_education_facility":true,"has_health_facility":true,"_label":"Abuja","_status_group":"unknown","_year":2025,"_year_label":"Source release year","_states":["Abuja Federal Capital Territory"]},"geometry":{"type":"Point","coordinates":[7.49585,9.04116]}},{"type":"Feature","properties":{"geohash":"s1t4c59r76","settlement_name":"Gwagwalada","state":"Abuja Federal Capital Territory","lga":"Gwagwalada","population":236986,"state_population_rank":2,"num_buildings":48861,"nightlight_signal":"nightlight_detected","distance_to_existing_transmission_lines":0.0,"distance_to_existing_hv_transmission_lines":0.0,"distance_to_gridlight_targets":0.0,"main_road_access":true,"dist_main_road_km":0.0,"has_education_facility":true,"has_health_facility":true,"_label":"Gwagwalada","_status_group":"unknown","_year":2025,"_year_label":"Source release year","_states":["Abuja Federal Capital Territory"]},"geometry":{"type":"Point","coordinates":[7.07706,8.94138]}},{"type":"Feature","properties":{"geohash":"s1t5pk0r9e","settlement_name":"Location #85","state":"Abuja Federal Capital Territory","lga":"Abuja Municipal","population":211198,"state_population_rank":3,"num_buildings":45499,"nightlight_signal":"nightlight_detected","distance_to_existing_transmission_lines":0.0,"distance_to_existing_hv_transmission_lines":0.0,"distance_to_gridlight_targets":0.0,"main_road_access":true,"dist_main_road_km":0.0,"has_education_facility":true,"has_health_facility":true,"_label":"Location #85","_status_group":"unknown","_year":2025,"_year_label":"Source release year","_states":["Abuja Federal Capital Territory"]},"geometry":{"type":"Point","coordinates":[7.35027,8.98812]}},{"type":"Feature","properties":{"geohash":"s1tk8h8sb0","settlement_name":"Location #93","state":"Abuja Federal Capital Territory","lga":"Bwari","population":181779,"state_population_rank":4,"num_buildings":38134,"nightlight_signal":"nightlight_detected","distance_to_existing_transmission_lines":0.0,"distance_to_existing_hv_transmission_lines":6.37,"distance_to_gridlight_targets":0.0,"main_road_access":true,"dist_main_road_km":0.0,"has_education_facility":true,"has_health_facility":true,"_label":"Location #93","_status_group":"unknown","_year":2025,"_year_label":"Source release year","_states":["Abuja Federal Capital Territory"]},"geometry":{"type":"Point","coordinates":[7.3835,9.25405]}},{"type":"Feature","properties":{"geohash":"s1t4ztdxt1","settlement_name":"Location #95","state":"Abuja Federal Capital Territory","lga":"Abuja Municipal","population":171854,"state_population_rank":5,"num_buildings":37302,"nightlight_signal":"nightlight_detected","distance_to_existing_transmission_lines":0.0,"distance_to_existing_hv_transmission_lines":0.0,"distance_to_gridlight_targets":0.0,"main_road_access":true,"dist_main_road_km":0.0,"has_education_facility":true,"has_health_facility":true,"_label":"Location #95","_status_group":"unknown","_year":2025,"_year_label":"Source release year","_states":["Abuja Federal Capital Territory"]},"geometry":{"type":"Point","coordinates":[7.36449,8.95241]}},{"type":"Feature","properties":{"geohash":"s1t4s8cz45","settlement_name":"Location #104","state":"Abuja Federal Capital Territory","lga":"Kuje","population":152680,"state_population_rank":6,"num_buildings":33545,"nightlight_signal":"nightlight_detected","distance_to_existing_transmission_lines":0.0,"distance_to_existing_hv_transmission_lines":1.23,"distance_to_gridlight_targets":0.0,"main_road_access":true,"dist_main_road_km":0.0,"has_education_facility":true,"has_health_facility":true,"_label":"Location #104","_status_group":"unknown","_year":2025,"_year_label":"Source release year","_states":["Abuja Federal Capital Territory"]},"geometry":{"type":"Point","coordinates":[7.2315,8.8823]}},{"type":"Feature","properties":{"geohash":"s1t7fx5t8e","settlement_name":"Mape","state":"Abuja Federal Capital Territory","lga":"Abuja Municipal","population":147751,"state_population_rank":7,"num_buildings":31315,"nightlight_signal":"nightlight_detected","distance_to_existing_transmission_lines":0.0,"distance_to_existing_hv_transmission_lines":0.22,"distance_to_gridlight_targets":0.0,"main_road_access":false,"dist_main_road_km":0.85,"has_education_facility":true,"has_health_facility":true,"_label":"Mape","_status_group":"unknown","_year":2025,"_year_label":"Source release year","_states":["Abuja Federal Capital Territory"]},"geometry":{"type":"Point","coordinates":[7.49751,9.13609]}},{"type":"Feature","properties":{"geohash":"s1t40nh27w","settlement_name":"Location #316","state":"Abuja Federal Capital Territory","lga":"Kwali","population":48507,"state_population_rank":8,"num_buildings":10117,"nightlight_signal":"nightlight_detected","distance_to_existing_transmission_lines":0.0,"distance_to_existing_hv_transmission_lines":0.0,"distance_to_gridlight_targets":0.0,"main_road_access":true,"dist_main_road_km":0.0,"has_education_facility":true,"has_health_facility":true,"_label":"Location #316","_status_group":"unknown","_year":2025,"_year_label":"Source release year","_states":["Abuja Federal Capital Territory"]},"geometry":{"type":"Point","coordinates":[7.03724,8.8221]}},{"type":"Feature","properties":{"geohash":"s1t72f353k","settlement_name":"Karmajiji","state":"Abuja Federal Capital Territory","lga":"Abuja Municipal","population":44979,"state_population_rank":9,"num_buildings":9690,"nightlight_signal":"nightlight_detected","distance_to_existing_transmission_lines":0.0,"distance_to_existing_hv_transmission_lines":0.0,"distance_to_gridlight_targets":0.0,"main_road_access":true,"dist_main_road_km":0.0,"has_education_facility":true,"has_health_facility":true,"_label":"Karmajiji","_status_group":"unknown","_year":2025,"_year_label":"Source release year","_states":["Abuja Federal Capital Territory"]},"geometry":{"type":"Point","coordinates":[7.4172,9.02173]}},{"type":"Feature","properties":{"geohash":"s1t5e9r5zd","settlement_name":"Location #352","state":"Abuja Federal Capital Territory","lga":"Gwagwalada","population":44628,"state_population_rank":10,"num_buildings":9543,"nightlight_signal":"nightlight_detected","distance_to_existing_transmission_lines":0.0,"distance_to_existing_hv_transmission_lines":1.71,"distance_to_gridlight_targets":0.0,"main_road_access":true,"dist_main_road_km":0.0,"has_education_facility":true,"has_health_facility":true,"_label":"Location #352","_status_group":"unknown","_year":2025,"_year_label":"Source release year","_states":["Abuja Federal Capital Territory"]},"geometry":{"type":"Point","coordinates":[7.195,9.06026]}},{"type":"Feature","properties":{"geohash":"s1sbnneyym","settlement_name":"Toto","state":"Abuja Federal Capital Territory","lga":"Abaji","population":40756,"state_population_rank":11,"num_buildings":8261,"nightlight_signal":"nightlight_detected","distance_to_existing_transmission_lines":0.0,"distance_to_existing_hv_transmission_lines":1.41,"distance_to_gridlight_targets":0.0,"main_road_access":true,"dist_main_road_km":0.0,"has_education_facility":true,"has_health_facility":true,"_label":"Toto","_status_group":"unknown","_year":2025,"_year_label":"Source release year","_states":["Abuja Federal Capital Territory"]},"geometry":{"type":"Point","coordinates":[6.94878,8.47439]}},{"type":"Feature","properties":{"geohash":"s1t6hqq83y","settlement_name":"Location #396","state":"Abuja Federal Capital Territory","lga":"Abuja Municipal","population":39394,"state_population_rank":12,"num_buildings":8655,"nightlight_signal":"nightlight_detected","distance_to_existing_transmission_lines":0.0,"distance_to_existing_hv_transmission_lines":13.78,"distance_to_gridlight_targets":0.0,"main_road_access":true,"dist_main_road_km":0.0,"has_education_facility":true,"has_health_facility":true,"_label":"Location #396","_status_group":"unknown","_year":2025,"_year_label":"Source release year","_states":["Abuja Federal Capital Territory"]},"geometry":{"type":"Point","coordinates":[7.57859,8.82347]}},{"type":"Feature","properties":{"geohash":"s1t5j0xwmg","settlement_name":"Location #514","state":"Abuja Federal Capital Territory","lga":"Abuja Municipal","population":31350,"state_population_rank":13,"num_buildings":6674,"nightlight_signal":"nightlight_detected","distance_to_existing_transmission_lines":0.0,"distance_to_existing_hv_transmission_lines":0.0,"distance_to_gridlight_targets":0.0,"main_road_access":true,"dist_main_road_km":0.0,"has_education_facility":true,"has_health_facility":true,"_label":"Location #514","_status_group":"unknown","_year":2025,"_year_label":"Source release year","_states":["Abuja Federal Capital Territory"]},"geometry":{"type":"Point","coordinates":[7.26153,8.96868]}},{"type":"Feature","properties":{"geohash":"s1t6f3164x","settlement_name":"Location #550","state":"Abuja Federal Capital Territory","lga":"Abuja Municipal","population":29172,"state_population_rank":14,"num_buildings":6294,"nightlight_signal":"nightlight_detected","distance_to_existing_transmission_lines":0.0,"distance_to_existing_hv_transmission_lines":5.95,"distance_to_gridlight_targets":0.0,"main_road_access":true,"dist_main_road_km":0.0,"has_education_facility":true,"has_health_facility":true,"_label":"Location #550","_status_group":"unknown","_year":2025,"_year_label":"Source release year","_states":["Abuja Federal Capital Territory"]},"geometry":{"type":"Point","coordinates":[7.48352,8.92678]}},{"type":"Feature","properties":{"geohash":"s1t49jc1fm","settlement_name":"Location #612","state":"Abuja Federal Capital Territory","lga":"Kwali","population":27798,"state_population_rank":15,"num_buildings":5781,"nightlight_signal":"nightlight_detected","distance_to_existing_transmission_lines":0.0,"distance_to_existing_hv_transmission_lines":3.19,"distance_to_gridlight_targets":0.0,"main_road_access":true,"dist_main_road_km":0.0,"has_education_facility":true,"has_health_facility":true,"_label":"Location #612","_status_group":"unknown","_year":2025,"_year_label":"Source release year","_states":["Abuja Federal Capital Territory"]},"geometry":{"type":"Point","coordinates":[7.07667,8.90887]}},{"type":"Feature","properties":{"geohash":"s1t4fr8ns4","settlement_name":"Location #598","state":"Abuja Federal Capital Territory","lga":"Gwagwalada","population":27641,"state_population_rank":16,"num_buildings":5928,"nightlight_signal":"nightlight_detected","distance_to_existing_transmission_lines":0.0,"distance_to_existing_hv_transmission_lines":0.67,"distance_to_gridlight_targets":0.0,"main_road_access":true,"dist_main_road_km":0.0,"has_education_facility":true,"has_health_facility":true,"_label":"Location #598","_status_group":"unknown","_year":2025,"_year_label":"Source release year","_states":["Abuja Federal Capital Territory"]},"geometry":{"type":"Point","coordinates":[7.1303,8.96322]}},{"type":"Feature","properties":{"geohash":"s1t54tzfs7","settlement_name":"Pasere","state":"Abuja Federal Capital Territory","lga":"Gwagwalada","population":27579,"state_population_rank":17,"num_buildings":6041,"nightlight_signal":"nightlight_detected","distance_to_existing_transmission_lines":0.0,"distance_to_existing_hv_transmission_lines":3.92,"distance_to_gridlight_targets":0.0,"main_road_access":true,"dist_main_road_km":0.0,"has_education_facility":true,"has_health_facility":true,"_label":"Pasere","_status_group":"unknown","_year":2025,"_year_label":"Source release year","_states":["Abuja Federal Capital Territory"]},"geometry":{"type":"Point","coordinates":[7.15194,8.99688]}},{"type":"Feature","properties":{"geohash":"s1t4jqmufh","settlement_name":"Location #636","state":"Abuja Federal Capital Territory","lga":"Kuje","population":27385,"state_population_rank":18,"num_buildings":5606,"nightlight_signal":"nightlight_detected","distance_to_existing_transmission_lines":0.0,"distance_to_existing_hv_transmission_lines":10.38,"distance_to_gridlight_targets":0.0,"main_road_access":false,"dist_main_road_km":5.46,"has_education_facility":true,"has_health_facility":true,"_label":"Location #636","_status_group":"unknown","_year":2025,"_year_label":"Source release year","_states":["Abuja Federal Capital Territory"]},"geometry":{"type":"Point","coordinates":[7.26995,8.82423]}},{"type":"Feature","properties":{"geohash":"s1t5m9jx5g","settlement_name":"Location #625","state":"Abuja Federal Capital Territory","lga":"Abuja Municipal","population":27292,"state_population_rank":19,"num_buildings":5717,"nightlight_signal":"nightlight_detected","distance_to_existing_transmission_lines":0.0,"distance_to_existing_hv_transmission_lines":0.0,"distance_to_gridlight_targets":0.0,"main_road_access":true,"dist_main_road_km":0.0,"has_education_facility":true,"has_health_facility":true,"_label":"Location #625","_status_group":"unknown","_year":2025,"_year_label":"Source release year","_states":["Abuja Federal Capital Territory"]},"geometry":{"type":"Point","coordinates":[7.28067,9.0155]}},{"type":"Feature","properties":{"geohash":"s1t5h53xbf","settlement_name":"Idon Kasa","state":"Abuja Federal Capital Territory","lga":"Abuja Municipal","population":25754,"state_population_rank":20,"num_buildings":5394,"nightlight_signal":"nightlight_detected","distance_to_existing_transmission_lines":0.0,"distance_to_existing_hv_transmission_lines":3.83,"distance_to_gridlight_targets":0.0,"main_road_access":true,"dist_main_road_km":0.0,"has_education_facility":true,"has_health_facility":true,"_label":"Idon Kasa","_status_group":"unknown","_year":2025,"_year_label":"Source release year","_states":["Abuja Federal Capital Territory"]},"geometry":{"type":"Point","coordinates":[7.20913,8.98404]}},{"type":"Feature","properties":{"geohash":"s1t70np1vm","settlement_name":"Abuja","state":"Abuja Federal Capital Territory","lga":"Abuja Municipal","population":24929,"state_population_rank":21,"num_buildings":5245,"nightlight_signal":"nightlight_detected","distance_to_existing_transmission_lines":0.0,"distance_to_existing_hv_transmission_lines":0.02,"distance_to_gridlight_targets":0.0,"main_road_access":true,"dist_main_road_km":0.09,"has_education_facility":true,"has_health_facility":true,"_label":"Abuja","_status_group":"unknown","_year":2025,"_year_label":"Source release year","_states":["Abuja Federal Capital Territory"]},"geometry":{"type":"Point","coordinates":[7.39266,8.99813]}},{"type":"Feature","properties":{"geohash":"s1t4vvyup3","settlement_name":"Location #747","state":"Abuja Federal Capital Territory","lga":"Abuja Municipal","population":22691,"state_population_rank":22,"num_buildings":4881,"nightlight_signal":"nightlight_detected","distance_to_existing_transmission_lines":0.0,"distance_to_existing_hv_transmission_lines":0.02,"distance_to_gridlight_targets":0.0,"main_road_access":true,"dist_main_road_km":0.05,"has_education_facility":true,"has_health_facility":true,"_label":"Location #747","_status_group":"unknown","_year":2025,"_year_label":"Source release year","_states":["Abuja Federal Capital Territory"]},"geometry":{"type":"Point","coordinates":[7.29352,8.95318]}},{"type":"Feature","properties":{"geohash":"s1t57m2e2d","settlement_name":"Location #677","state":"Abuja Federal Capital Territory","lga":"Gwagwalada","population":22463,"state_population_rank":23,"num_buildings":5282,"nightlight_signal":"nightlight_detected","distance_to_existing_transmission_lines":0.0,"distance_to_existing_hv_transmission_lines":1.05,"distance_to_gridlight_targets":0.0,"main_road_access":true,"dist_main_road_km":0.0,"has_education_facility":true,"has_health_facility":true,"_label":"Location #677","_status_group":"unknown","_year":2025,"_year_label":"Source release year","_states":["Abuja Federal Capital Territory"]},"geometry":{"type":"Point","coordinates":[7.17479,9.0382]}},{"type":"Feature","properties":{"geohash":"s1t4dp4xgp","settlement_name":"Location #767","state":"Abuja Federal Capital Territory","lga":"Kuje","population":22087,"state_population_rank":24,"num_buildings":4744,"nightlight_signal":"nightlight_detected","distance_to_existing_transmission_lines":0.0,"distance_to_existing_hv_transmission_lines":1.94,"distance_to_gridlight_targets":0.0,"main_road_access":true,"dist_main_road_km":0.0,"has_education_facility":true,"has_health_facility":true,"_label":"Location #767","_status_group":"unknown","_year":2025,"_year_label":"Source release year","_states":["Abuja Federal Capital Territory"]},"geometry":{"type":"Point","coordinates":[7.12271,8.91678]}},{"type":"Feature","properties":{"geohash":"s1thzksy8r","settlement_name":"Location #1031","state":"Abuja Federal Capital Territory","lga":"Bwari","population":17466,"state_population_rank":25,"num_buildings":3691,"nightlight_signal":"nightlight_detected","distance_to_existing_transmission_lines":0.0,"distance_to_existing_hv_transmission_lines":13.64,"distance_to_gridlight_targets":0.0,"main_road_access":false,"dist_main_road_km":1.75,"has_education_facility":true,"has_health_facility":true,"_label":"Location #1031","_status_group":"unknown","_year":2025,"_year_label":"Source release year","_states":["Abuja Federal Capital Territory"]},"geometry":{"type":"Point","coordinates":[7.35639,9.29833]}},{"type":"Feature","properties":{"geohash":"s1t4v41t5r","settlement_name":"Location #1040","state":"Abuja Federal Capital Territory","lga":"Abuja Municipal","population":16601,"state_population_rank":26,"num_buildings":3664,"nightlight_signal":"nightlight_detected","distance_to_existing_transmission_lines":0.0,"distance_to_existing_hv_transmission_lines":0.0,"distance_to_gridlight_targets":0.0,"main_road_access":true,"dist_main_road_km":0.0,"has_education_facility":true,"has_health_facility":false,"_label":"Location #1040","_status_group":"unknown","_year":2025,"_year_label":"Source release year","_states":["Abuja Federal Capital Territory"]},"geometry":{"type":"Point","coordinates":[7.25318,8.93278]}},{"type":"Feature","properties":{"geohash":"s1t75m9r1v","settlement_name":"Abuja","state":"Abuja Federal Capital Territory","lga":"Abuja Municipal","population":14944,"state_population_rank":27,"num_buildings":3514,"nightlight_signal":"no_nightlight_detected","distance_to_existing_transmission_lines":0.0,"distance_to_existing_hv_transmission_lines":0.0,"distance_to_gridlight_targets":0.378,"main_road_access":false,"dist_main_road_km":3.06,"has_education_facility":true,"has_health_facility":true,"_label":"Abuja","_status_group":"unknown","_year":2025,"_year_label":"Source release year","_states":["Abuja Federal Capital Territory"]},"geometry":{"type":"Point","coordinates":[7.52743,8.99629]}},{"type":"Feature","properties":{"geohash":"s1sgx1z40v","settlement_name":"Location #1314","state":"Abuja Federal Capital Territory","lga":"Gwagwalada","population":14080,"state_population_rank":28,"num_buildings":2971,"nightlight_signal":"nightlight_detected","distance_to_existing_transmission_lines":0.0,"distance_to_existing_hv_transmission_lines":10.41,"distance_to_gridlight_targets":0.0,"main_road_access":true,"dist_main_road_km":0.0,"has_education_facility":true,"has_health_facility":true,"_label":"Location #1314","_status_group":"unknown","_year":2025,"_year_label":"Source release year","_states":["Abuja Federal Capital Territory"]},"geometry":{"type":"Point","coordinates":[6.99695,9.06272]}},{"type":"Feature","properties":{"geohash":"s1sgpy7sg2","settlement_name":"Location #1408","state":"Abuja Federal Capital Territory","lga":"Gwagwalada","population":13551,"state_population_rank":29,"num_buildings":2798,"nightlight_signal":"nightlight_detected","distance_to_existing_transmission_lines":0.0,"distance_to_existing_hv_transmission_lines":2.84,"distance_to_gridlight_targets":0.0,"main_road_access":true,"dist_main_road_km":0.0,"has_education_facility":true,"has_health_facility":true,"_label":"Location #1408","_status_group":"unknown","_year":2025,"_year_label":"Source release year","_states":["Abuja Federal Capital Territory"]},"geometry":{"type":"Point","coordinates":[7.02522,8.99999]}},{"type":"Feature","properties":{"geohash":"s1t4vj9wkh","settlement_name":"Location #1395","state":"Abuja Federal Capital Territory","lga":"Abuja Municipal","population":13026,"state_population_rank":30,"num_buildings":2819,"nightlight_signal":"nightlight_detected","distance_to_existing_transmission_lines":0.23,"distance_to_existing_hv_transmission_lines":0.1,"distance_to_gridlight_targets":0.0,"main_road_access":true,"dist_main_road_km":0.01,"has_education_facility":true,"has_health_facility":false,"_label":"Location #1395","_status_group":"unknown","_year":2025,"_year_label":"Source release year","_states":["Abuja Federal Capital Territory"]},"geometry":{"type":"Point","coordinates":[7.25322,8.95221]}},{"type":"Feature","properties":{"geohash":"s1tkbp989b","settlement_name":"Location #1389","state":"Abuja Federal Capital Territory","lga":"Bwari","population":12969,"state_population_rank":31,"num_buildings":2832,"nightlight_signal":"nightlight_detected","distance_to_existing_transmission_lines":0.0,"distance_to_existing_hv_transmission_lines":15.15,"distance_to_gridlight_targets":0.0,"main_road_access":true,"dist_main_road_km":0.0,"has_education_facility":true,"has_health_facility":true,"_label":"Location #1389","_status_group":"unknown","_year":2025,"_year_label":"Source release year","_states":["Abuja Federal Capital Territory"]},"geometry":{"type":"Point","coordinates":[7.38496,9.31375]}},{"type":"Feature","properties":{"geohash":"s1sbvm6s17","settlement_name":"Wako","state":"Abuja Federal Capital Territory","lga":"Kwali","population":11093,"state_population_rank":32,"num_buildings":2258,"nightlight_signal":"nightlight_detected","distance_to_existing_transmission_lines":0.0,"distance_to_existing_hv_transmission_lines":0.0,"distance_to_gridlight_targets":0.0,"main_road_access":true,"dist_main_road_km":0.0,"has_education_facility":true,"has_health_facility":false,"_label":"Wako","_status_group":"unknown","_year":2025,"_year_label":"Source release year","_states":["Abuja Federal Capital Territory"]},"geometry":{"type":"Point","coordinates":[6.9139,8.59888]}},{"type":"Feature","properties":{"geohash":"s1t4msrkvz","settlement_name":"Location #1594","state":"Abuja Federal Capital Territory","lga":"Kuje","population":10568,"state_population_rank":33,"num_buildings":2485,"nightlight_signal":"nightlight_detected","distance_to_existing_transmission_lines":0.0,"distance_to_existing_hv_transmission_lines":6.68,"distance_to_gridlight_targets":0.0,"main_road_access":false,"dist_main_road_km":4.37,"has_education_facility":true,"has_health_facility":true,"_label":"Location #1594","_status_group":"unknown","_year":2025,"_year_label":"Source release year","_states":["Abuja Federal Capital Territory"]},"geometry":{"type":"Point","coordinates":[7.28316,8.85721]}},{"type":"Feature","properties":{"geohash":"s1sczjeupw","settlement_name":"Reda","state":"Abuja Federal Capital Territory","lga":"Kwali","population":10410,"state_population_rank":34,"num_buildings":2168,"nightlight_signal":"nightlight_detected","distance_to_existing_transmission_lines":0.0,"distance_to_existing_hv_transmission_lines":0.0,"distance_to_gridlight_targets":0.0,"main_road_access":true,"dist_main_road_km":0.0,"has_education_facility":true,"has_health_facility":true,"_label":"Reda","_status_group":"unknown","_year":2025,"_year_label":"Source release year","_states":["Abuja Federal Capital Territory"]},"geometry":{"type":"Point","coordinates":[6.99278,8.77605]}},{"type":"Feature","properties":{"geohash":"s1t6b307gh","settlement_name":"Location #1844","state":"Abuja Federal Capital Territory","lga":"Abuja Municipal","population":9373,"state_population_rank":35,"num_buildings":2204,"nightlight_signal":"no_nightlight_detected","distance_to_existing_transmission_lines":0.0,"distance_to_existing_hv_transmission_lines":4.89,"distance_to_gridlight_targets":1.494,"main_road_access":false,"dist_main_road_km":4.61,"has_education_facility":true,"has_health_facility":true,"_label":"Location #1844","_status_group":"unknown","_year":2025,"_year_label":"Source release year","_states":["Abuja Federal Capital Territory"]},"geometry":{"type":"Point","coordinates":[7.39428,8.92706]}},{"type":"Feature","properties":{"geohash":"s1t6d26nqm","settlement_name":"Location #1854","state":"Abuja Federal Capital Territory","lga":"Abuja Municipal","population":9314,"state_population_rank":36,"num_buildings":2190,"nightlight_signal":"nightlight_detected","distance_to_existing_transmission_lines":3.65,"distance_to_existing_hv_transmission_lines":11.12,"distance_to_gridlight_targets":0.0,"main_road_access":true,"dist_main_road_km":0.0,"has_education_facility":true,"has_health_facility":true,"_label":"Location #1854","_status_group":"unknown","_year":2025,"_year_label":"Source release year","_states":["Abuja Federal Capital Territory"]},"geometry":{"type":"Point","coordinates":[7.48471,8.87943]}},{"type":"Feature","properties":{"geohash":"s1t0816xb1","settlement_name":"Location #2197","state":"Abuja Federal Capital Territory","lga":"Kuje","population":8997,"state_population_rank":37,"num_buildings":1871,"nightlight_signal":"no_nightlight_detected","distance_to_existing_transmission_lines":0.0,"distance_to_existing_hv_transmission_lines":12.05,"distance_to_gridlight_targets":7.129,"main_road_access":true,"dist_main_road_km":0.0,"has_education_facility":true,"has_health_facility":true,"_label":"Location #2197","_status_group":"unknown","_year":2025,"_year_label":"Source release year","_states":["Abuja Federal Capital Territory"]},"geometry":{"type":"Point","coordinates":[7.03468,8.5336]}},{"type":"Feature","properties":{"geohash":"s1scm96hqs","settlement_name":"Location #2246","state":"Abuja Federal Capital Territory","lga":"Kwali","population":8972,"state_population_rank":38,"num_buildings":1842,"nightlight_signal":"nightlight_detected","distance_to_existing_transmission_lines":0.0,"distance_to_existing_hv_transmission_lines":0.0,"distance_to_gridlight_targets":0.0,"main_road_access":true,"dist_main_road_km":0.0,"has_education_facility":true,"has_health_facility":true,"_label":"Location #2246","_status_group":"unknown","_year":2025,"_year_label":"Source release year","_states":["Abuja Federal Capital Territory"]},"geometry":{"type":"Point","coordinates":[6.92442,8.66485]}},{"type":"Feature","properties":{"geohash":"s1t5ymk1hk","settlement_name":"Kagini","state":"Abuja Federal Capital Territory","lga":"Abuja Municipal","population":8961,"state_population_rank":39,"num_buildings":2107,"nightlight_signal":"no_nightlight_detected","distance_to_existing_transmission_lines":0.42,"distance_to_existing_hv_transmission_lines":1.91,"distance_to_gridlight_targets":0.249,"main_road_access":false,"dist_main_road_km":0.74,"has_education_facility":true,"has_health_facility":false,"_label":"Kagini","_status_group":"unknown","_year":2025,"_year_label":"Source release year","_states":["Abuja Federal Capital Territory"]},"geometry":{"type":"Point","coordinates":[7.31159,9.12571]}},{"type":"Feature","properties":{"geohash":"s1t4uwbzrb","settlement_name":"Location #1961","state":"Abuja Federal Capital Territory","lga":"Abuja Municipal","population":8859,"state_population_rank":40,"num_buildings":2083,"nightlight_signal":"nightlight_detected","distance_to_existing_transmission_lines":0.0,"distance_to_existing_hv_transmission_lines":1.1,"distance_to_gridlight_targets":0.0,"main_road_access":true,"dist_main_road_km":0.02,"has_education_facility":false,"has_health_facility":false,"_label":"Location #1961","_status_group":"unknown","_year":2025,"_year_label":"Source release year","_states":["Abuja Federal Capital Territory"]},"geometry":{"type":"Point","coordinates":[7.23037,8.95922]}},{"type":"Feature","properties":{"geohash":"s38ue509hv","settlement_name":"Palade","state":"Adamawa","lga":"Yola North","population":940599,"state_population_rank":1,"num_buildings":195047,"nightlight_signal":"nightlight_detected","distance_to_existing_transmission_lines":0.0,"distance_to_existing_hv_transmission_lines":0.0,"distance_to_gridlight_targets":0.0,"main_road_access":true,"dist_main_road_km":0.0,"has_education_facility":true,"has_health_facility":true,"_label":"Palade","_status_group":"unknown","_year":2025,"_year_label":"Source release year","_states":["Adamawa"]},"geometry":{"type":"Point","coordinates":[12.43741,9.24519]}},{"type":"Feature","properties":{"geohash":"s3c6mvhh66","settlement_name":"Mubi","state":"Adamawa","lga":"Mubi North","population":433743,"state_population_rank":2,"num_buildings":89943,"nightlight_signal":"nightlight_detected","distance_to_existing_transmission_lines":0.0,"distance_to_existing_hv_transmission_lines":106.71,"distance_to_gridlight_targets":0.0,"main_road_access":true,"dist_main_road_km":0.0,"has_education_facility":true,"has_health_facility":true,"_label":"Mubi","_status_group":"unknown","_year":2025,"_year_label":"Source release year","_states":["Adamawa"]},"geometry":{"type":"Point","coordinates":[13.26609,10.26747]}},{"type":"Feature","properties":{"geohash":"s3c1cfjuk9","settlement_name":"Gombi Fulani","state":"Adamawa","lga":"Gombi","population":156779,"state_population_rank":3,"num_buildings":32794,"nightlight_signal":"nightlight_detected","distance_to_existing_transmission_lines":0.0,"distance_to_existing_hv_transmission_lines":76.47,"distance_to_gridlight_targets":0.0,"main_road_access":true,"dist_main_road_km":0.0,"has_education_facility":true,"has_health_facility":true,"_label":"Gombi Fulani","_status_group":"unknown","_year":2025,"_year_label":"Source release year","_states":["Adamawa"]},"geometry":{"type":"Point","coordinates":[12.74125,10.16309]}},{"type":"Feature","properties":{"geohash":"s388439msd","settlement_name":"Sangasumi","state":"Adamawa","lga":"Ganye","population":153233,"state_population_rank":4,"num_buildings":31913,"nightlight_signal":"nightlight_detected","distance_to_existing_transmission_lines":0.0,"distance_to_existing_hv_transmission_lines":56.45,"distance_to_gridlight_targets":0.0,"main_road_access":true,"dist_main_road_km":0.0,"has_education_facility":true,"has_health_facility":true,"_label":"Sangasumi","_status_group":"unknown","_year":2025,"_year_label":"Source release year","_states":["Adamawa"]},"geometry":{"type":"Point","coordinates":[12.05391,8.4467]}},{"type":"Feature","properties":{"geohash":"s38tcbzs08","settlement_name":"Numan","state":"Adamawa","lga":"Numan","population":122483,"state_population_rank":5,"num_buildings":25181,"nightlight_signal":"nightlight_detected","distance_to_existing_transmission_lines":0.0,"distance_to_existing_hv_transmission_lines":0.0,"distance_to_gridlight_targets":0.0,"main_road_access":true,"dist_main_road_km":0.0,"has_education_facility":true,"has_health_facility":true,"_label":"Numan","_status_group":"unknown","_year":2025,"_year_label":"Source release year","_states":["Adamawa"]},"geometry":{"type":"Point","coordinates":[12.04035,9.45305]}},{"type":"Feature","properties":{"geohash":"s38ugyy36n","settlement_name":"Jimeta","state":"Adamawa","lga":"Girei","population":111703,"state_population_rank":6,"num_buildings":24246,"nightlight_signal":"nightlight_detected","distance_to_existing_transmission_lines":0.0,"distance_to_existing_hv_transmission_lines":6.96,"distance_to_gridlight_targets":0.0,"main_road_access":true,"dist_main_road_km":0.0,"has_education_facility":true,"has_health_facility":true,"_label":"Jimeta","_status_group":"unknown","_year":2025,"_year_label":"Source release year","_states":["Adamawa"]},"geometry":{"type":"Point","coordinates":[12.47815,9.30979]}},{"type":"Feature","properties":{"geohash":"s38ed8147e","settlement_name":"Location #185","state":"Adamawa","lga":"Mayo-Belwa","population":86555,"state_population_rank":7,"num_buildings":18291,"nightlight_signal":"nightlight_detected","distance_to_existing_transmission_lines":0.0,"distance_to_existing_hv_transmission_lines":0.0,"distance_to_gridlight_targets":0.0,"main_road_access":true,"dist_main_road_km":0.0,"has_education_facility":true,"has_health_facility":true,"_label":"Location #185","_status_group":"unknown","_year":2025,"_year_label":"Source release year","_states":["Adamawa"]},"geometry":{"type":"Point","coordinates":[12.06451,9.05314]}},{"type":"Feature","properties":{"geohash":"s3cs2tt6n3","settlement_name":"Michika","state":"Adamawa","lga":"Michika","population":83077,"state_population_rank":8,"num_buildings":17791,"nightlight_signal":"nightlight_detected","distance_to_existing_transmission_lines":32.85,"distance_to_existing_hv_transmission_lines":88.15,"distance_to_gridlight_targets":0.0,"main_road_access":true,"dist_main_road_km":0.0,"has_education_facility":true,"has_health_facility":true,"_label":"Michika","_status_group":"unknown","_year":2025,"_year_label":"Source release year","_states":["Adamawa"]},"geometry":{"type":"Point","coordinates":[13.38883,10.62138]}},{"type":"Feature","properties":{"geohash":"s38zzhn3gq","settlement_name":"Location #217","state":"Adamawa","lga":"Song","population":70414,"state_population_rank":9,"num_buildings":14990,"nightlight_signal":"nightlight_detected","distance_to_existing_transmission_lines":0.0,"distance_to_existing_hv_transmission_lines":63.15,"distance_to_gridlight_targets":0.0,"main_road_access":true,"dist_main_road_km":0.0,"has_education_facility":true,"has_health_facility":true,"_label":"Location #217","_status_group":"unknown","_year":2025,"_year_label":"Source release year","_states":["Adamawa"]},"geometry":{"type":"Point","coordinates":[12.62104,9.82211]}},{"type":"Feature","properties":{"geohash":"s389u9uuv7","settlement_name":"Jada","state":"Adamawa","lga":"Jada","population":68090,"state_population_rank":10,"num_buildings":14389,"nightlight_signal":"nightlight_detected","distance_to_existing_transmission_lines":0.0,"distance_to_existing_hv_transmission_lines":28.39,"distance_to_gridlight_targets":0.0,"main_road_access":true,"dist_main_road_km":0.0,"has_education_facility":true,"has_health_facility":true,"_label":"Jada","_status_group":"unknown","_year":2025,"_year_label":"Source release year","_states":["Adamawa"]},"geometry":{"type":"Point","coordinates":[12.15763,8.75556]}},{"type":"Feature","properties":{"geohash":"s3c4nnkzbc","settlement_name":"Dilpurtu","state":"Adamawa","lga":"Hong","population":62489,"state_population_rank":11,"num_buildings":13185,"nightlight_signal":"nightlight_detected","distance_to_existing_transmission_lines":0.0,"distance_to_existing_hv_transmission_lines":90.79,"distance_to_gridlight_targets":0.0,"main_road_access":true,"dist_main_road_km":0.0,"has_education_facility":true,"has_health_facility":true,"_label":"Dilpurtu","_status_group":"unknown","_year":2025,"_year_label":"Source release year","_states":["Adamawa"]},"geometry":{"type":"Point","coordinates":[12.92649,10.23099]}},{"type":"Feature","properties":{"geohash":"s3ctvyqgh8","settlement_name":"Visik","state":"Adamawa","lga":"Madagali","population":51814,"state_population_rank":12,"num_buildings":10729,"nightlight_signal":"no_nightlight_detected","distance_to_existing_transmission_lines":18.19,"distance_to_existing_hv_transmission_lines":93.57,"distance_to_gridlight_targets":16.997,"main_road_access":true,"dist_main_road_km":0.0,"has_education_facility":true,"has_health_facility":true,"_label":"Visik","_status_group":"unknown","_year":2025,"_year_label":"Source release year","_states":["Adamawa"]},"geometry":{"type":"Point","coordinates":[13.62153,10.88934]}},{"type":"Feature","properties":{"geohash":"s38sy5zudg","settlement_name":"Location #315","state":"Adamawa","lga":"Yola South","population":46826,"state_population_rank":13,"num_buildings":10118,"nightlight_signal":"nightlight_detected","distance_to_existing_transmission_lines":0.0,"distance_to_existing_hv_transmission_lines":0.0,"distance_to_gridlight_targets":0.0,"main_road_access":true,"dist_main_road_km":0.0,"has_education_facility":true,"has_health_facility":true,"_label":"Location #315","_status_group":"unknown","_year":2025,"_year_label":"Source release year","_states":["Adamawa"]},"geometry":{"type":"Point","coordinates":[12.22756,9.29385]}},{"type":"Feature","properties":{"geohash":"s38vm88nkb","settlement_name":"Girei","state":"Adamawa","lga":"Girei","population":42108,"state_population_rank":14,"num_buildings":8795,"nightlight_signal":"nightlight_detected","distance_to_existing_transmission_lines":0.0,"distance_to_existing_hv_transmission_lines":17.44,"distance_to_gridlight_targets":0.0,"main_road_access":true,"dist_main_road_km":0.0,"has_education_facility":true,"has_health_facility":true,"_label":"Girei","_status_group":"unknown","_year":2025,"_year_label":"Source release year","_states":["Adamawa"]},"geometry":{"type":"Point","coordinates":[12.5466,9.36417]}},{"type":"Feature","properties":{"geohash":"s38vhtnrs1","settlement_name":"Jimeta","state":"Adamawa","lga":"Girei","population":41453,"state_population_rank":15,"num_buildings":8760,"nightlight_signal":"nightlight_detected","distance_to_existing_transmission_lines":0.0,"distance_to_existing_hv_transmission_lines":13.08,"distance_to_gridlight_targets":0.0,"main_road_access":true,"dist_main_road_km":0.0,"has_education_facility":true,"has_health_facility":true,"_label":"Jimeta","_status_group":"unknown","_year":2025,"_year_label":"Source release year","_states":["Adamawa"]},"geometry":{"type":"Point","coordinates":[12.51121,9.34517]}},{"type":"Feature","properties":{"geohash":"s395v541m0","settlement_name":"Gurin","state":"Adamawa","lga":"Fufore","population":40509,"state_population_rank":16,"num_buildings":8364,"nightlight_signal":"nightlight_detected","distance_to_existing_transmission_lines":0.0,"distance_to_existing_hv_transmission_lines":54.44,"distance_to_gridlight_targets":0.0,"main_road_access":true,"dist_main_road_km":0.0,"has_education_facility":true,"has_health_facility":true,"_label":"Gurin","_status_group":"unknown","_year":2025,"_year_label":"Source release year","_states":["Adamawa"]},"geometry":{"type":"Point","coordinates":[12.87895,9.11338]}},{"type":"Feature","properties":{"geohash":"s38uryqqsm","settlement_name":"Fufore","state":"Adamawa","lga":"Fufore","population":38494,"state_population_rank":17,"num_buildings":8219,"nightlight_signal":"nightlight_detected","distance_to_existing_transmission_lines":0.0,"distance_to_existing_hv_transmission_lines":27.3,"distance_to_gridlight_targets":0.0,"main_road_access":true,"dist_main_road_km":0.0,"has_education_facility":true,"has_health_facility":true,"_label":"Fufore","_status_group":"unknown","_year":2025,"_year_label":"Source release year","_states":["Adamawa"]},"geometry":{"type":"Point","coordinates":[12.65404,9.22005]}},{"type":"Feature","properties":{"geohash":"s32w4n7fg8","settlement_name":"Toungo","state":"Adamawa","lga":"Toungo","population":38378,"state_population_rank":18,"num_buildings":8122,"nightlight_signal":"nightlight_detected","distance_to_existing_transmission_lines":0.0,"distance_to_existing_hv_transmission_lines":92.68,"distance_to_gridlight_targets":0.0,"main_road_access":true,"dist_main_road_km":0.0,"has_education_facility":true,"has_health_facility":true,"_label":"Toungo","_status_group":"unknown","_year":2025,"_year_label":"Source release year","_states":["Adamawa"]},"geometry":{"type":"Point","coordinates":[12.04632,8.12074]}},{"type":"Feature","properties":{"geohash":"s3c75trkkx","settlement_name":"Pighem","state":"Adamawa","lga":"Hong","population":32703,"state_population_rank":19,"num_buildings":7077,"nightlight_signal":"nightlight_detected","distance_to_existing_transmission_lines":6.14,"distance_to_existing_hv_transmission_lines":91.32,"distance_to_gridlight_targets":0.0,"main_road_access":true,"dist_main_road_km":0.0,"has_education_facility":true,"has_health_facility":true,"_label":"Pighem","_status_group":"unknown","_year":2025,"_year_label":"Source release year","_states":["Adamawa"]},"geometry":{"type":"Point","coordinates":[13.17178,10.40071]}},{"type":"Feature","properties":{"geohash":"s3c37bpe50","settlement_name":"Maiha","state":"Adamawa","lga":"Maiha","population":31844,"state_population_rank":20,"num_buildings":6661,"nightlight_signal":"nightlight_detected","distance_to_existing_transmission_lines":0.0,"distance_to_existing_hv_transmission_lines":122.19,"distance_to_gridlight_targets":0.0,"main_road_access":true,"dist_main_road_km":0.0,"has_education_facility":true,"has_health_facility":true,"_label":"Maiha","_status_group":"unknown","_year":2025,"_year_label":"Source release year","_states":["Adamawa"]},"geometry":{"type":"Point","coordinates":[13.18304,10.06399]}},{"type":"Feature","properties":{"geohash":"s38quuyprd","settlement_name":"Lafia","state":"Adamawa","lga":"Lamurde","population":31357,"state_population_rank":21,"num_buildings":6921,"nightlight_signal":"nightlight_detected","distance_to_existing_transmission_lines":0.0,"distance_to_existing_hv_transmission_lines":0.0,"distance_to_gridlight_targets":0.0,"main_road_access":true,"dist_main_road_km":0.0,"has_education_facility":true,"has_health_facility":true,"_label":"Lafia","_status_group":"unknown","_year":2025,"_year_label":"Source release year","_states":["Adamawa"]},"geometry":{"type":"Point","coordinates":[11.81887,9.65137]}},{"type":"Feature","properties":{"geohash":"s38q646mue","settlement_name":"Tignon","state":"Adamawa","lga":"Lamurde","population":30843,"state_population_rank":22,"num_buildings":6359,"nightlight_signal":"nightlight_detected","distance_to_existing_transmission_lines":7.33,"distance_to_existing_hv_transmission_lines":17.29,"distance_to_gridlight_targets":0.0,"main_road_access":true,"dist_main_road_km":0.0,"has_education_facility":true,"has_health_facility":true,"_label":"Tignon","_status_group":"unknown","_year":2025,"_year_label":"Source release year","_states":["Adamawa"]},"geometry":{"type":"Point","coordinates":[11.69274,9.5495]}},{"type":"Feature","properties":{"geohash":"s3b2ref7he","settlement_name":"Guyuk","state":"Adamawa","lga":"Guyuk","population":30755,"state_population_rank":23,"num_buildings":6716,"nightlight_signal":"nightlight_detected","distance_to_existing_transmission_lines":0.0,"distance_to_existing_hv_transmission_lines":25.1,"distance_to_gridlight_targets":0.0,"main_road_access":true,"dist_main_road_km":0.14,"has_education_facility":true,"has_health_facility":true,"_label":"Guyuk","_status_group":"unknown","_year":2025,"_year_label":"Source release year","_states":["Adamawa"]},"geometry":{"type":"Point","coordinates":[11.93444,9.90883]}},{"type":"Feature","properties":{"geohash":"s3b832u73r","settlement_name":"Shellem","state":"Adamawa","lga":"Shelleng","population":27787,"state_population_rank":24,"num_buildings":5787,"nightlight_signal":"nightlight_detected","distance_to_existing_transmission_lines":0.0,"distance_to_existing_hv_transmission_lines":32.03,"distance_to_gridlight_targets":0.0,"main_road_access":false,"dist_main_road_km":4.92,"has_education_facility":true,"has_health_facility":true,"_label":"Shellem","_status_group":"unknown","_year":2025,"_year_label":"Source release year","_states":["Adamawa"]},"geometry":{"type":"Point","coordinates":[12.01395,9.89241]}},{"type":"Feature","properties":{"geohash":"s38w1mym4e","settlement_name":"Numan","state":"Adamawa","lga":"Numan","population":26443,"state_population_rank":25,"num_buildings":5731,"nightlight_signal":"nightlight_detected","distance_to_existing_transmission_lines":0.0,"distance_to_existing_hv_transmission_lines":0.0,"distance_to_gridlight_targets":0.0,"main_road_access":true,"dist_main_road_km":0.0,"has_education_facility":true,"has_health_facility":true,"_label":"Numan","_status_group":"unknown","_year":2025,"_year_label":"Source release year","_states":["Adamawa"]},"geometry":{"type":"Point","coordinates":[12.01675,9.52465]}},{"type":"Feature","properties":{"geohash":"s39nmz24c1","settlement_name":"Malabu","state":"Adamawa","lga":"Fufore","population":24752,"state_population_rank":26,"num_buildings":5003,"nightlight_signal":"nightlight_detected","distance_to_existing_transmission_lines":12.65,"distance_to_existing_hv_transmission_lines":64.58,"distance_to_gridlight_targets":0.0,"main_road_access":false,"dist_main_road_km":15.98,"has_education_facility":true,"has_health_facility":true,"_label":"Malabu","_status_group":"unknown","_year":2025,"_year_label":"Source release year","_states":["Adamawa"]},"geometry":{"type":"Point","coordinates":[12.90898,9.57644]}},{"type":"Feature","properties":{"geohash":"s3ct6px32z","settlement_name":"Gulak","state":"Adamawa","lga":"Madagali","population":24329,"state_population_rank":27,"num_buildings":5257,"nightlight_signal":"nightlight_detected","distance_to_existing_transmission_lines":33.83,"distance_to_existing_hv_transmission_lines":82.02,"distance_to_gridlight_targets":0.0,"main_road_access":true,"dist_main_road_km":0.0,"has_education_facility":true,"has_health_facility":true,"_label":"Gulak","_status_group":"unknown","_year":2025,"_year_label":"Source release year","_states":["Adamawa"]},"geometry":{"type":"Point","coordinates":[13.45726,10.80805]}},{"type":"Feature","properties":{"geohash":"s3c6emrjhv","settlement_name":"Marraraba","state":"Adamawa","lga":"Hong","population":22530,"state_population_rank":28,"num_buildings":4935,"nightlight_signal":"nightlight_detected","distance_to_existing_transmission_lines":0.0,"distance_to_existing_hv_transmission_lines":98.62,"distance_to_gridlight_targets":0.0,"main_road_access":true,"dist_main_road_km":0.0,"has_education_facility":true,"has_health_facility":true,"_label":"Marraraba","_status_group":"unknown","_year":2025,"_year_label":"Source release year","_states":["Adamawa"]},"geometry":{"type":"Point","coordinates":[13.16046,10.31293]}},{"type":"Feature","properties":{"geohash":"s3bgjzp63u","settlement_name":"Gunjuku","state":"Adamawa","lga":"Gombi","population":22309,"state_population_rank":29,"num_buildings":4593,"nightlight_signal":"nightlight_detected","distance_to_existing_transmission_lines":0.0,"distance_to_existing_hv_transmission_lines":47.29,"distance_to_gridlight_targets":0.0,"main_road_access":false,"dist_main_road_km":1.78,"has_education_facility":true,"has_health_facility":true,"_label":"Gunjuku","_status_group":"unknown","_year":2025,"_year_label":"Source release year","_states":["Adamawa"]},"geometry":{"type":"Point","coordinates":[12.56741,10.40996]}},{"type":"Feature","properties":{"geohash":"s39n6u52uu","settlement_name":"Malabu","state":"Adamawa","lga":"Fufore","population":21212,"state_population_rank":30,"num_buildings":4489,"nightlight_signal":"nightlight_detected","distance_to_existing_transmission_lines":0.0,"distance_to_existing_hv_transmission_lines":51.85,"distance_to_gridlight_targets":0.0,"main_road_access":false,"dist_main_road_km":22.05,"has_education_facility":true,"has_health_facility":true,"_label":"Malabu","_status_group":"unknown","_year":2025,"_year_label":"Source release year","_states":["Adamawa"]},"geometry":{"type":"Point","coordinates":[12.78177,9.55826]}},{"type":"Feature","properties":{"geohash":"s3c6265wjr","settlement_name":"Location #948","state":"Adamawa","lga":"Hong","population":19152,"state_population_rank":31,"num_buildings":4012,"nightlight_signal":"nightlight_detected","distance_to_existing_transmission_lines":0.0,"distance_to_existing_hv_transmission_lines":96.22,"distance_to_gridlight_targets":0.0,"main_road_access":true,"dist_main_road_km":0.0,"has_education_facility":true,"has_health_facility":true,"_label":"Location #948","_status_group":"unknown","_year":2025,"_year_label":"Source release year","_states":["Adamawa"]},"geometry":{"type":"Point","coordinates":[13.02383,10.25131]}},{"type":"Feature","properties":{"geohash":"s3ckp5g09h","settlement_name":"Bassa;Bazza","state":"Adamawa","lga":"Michika","population":17701,"state_population_rank":32,"num_buildings":3785,"nightlight_signal":"no_nightlight_detected","distance_to_existing_transmission_lines":27.39,"distance_to_existing_hv_transmission_lines":87.79,"distance_to_gridlight_targets":7.977,"main_road_access":true,"dist_main_road_km":0.0,"has_education_facility":true,"has_health_facility":true,"_label":"Bassa;Bazza","_status_group":"unknown","_year":2025,"_year_label":"Source release year","_states":["Adamawa"]},"geometry":{"type":"Point","coordinates":[13.3196,10.56758]}},{"type":"Feature","properties":{"geohash":"s38zdjtjxq","settlement_name":"Location #1043","state":"Adamawa","lga":"Song","population":17301,"state_population_rank":33,"num_buildings":3656,"nightlight_signal":"nightlight_detected","distance_to_existing_transmission_lines":0.0,"distance_to_existing_hv_transmission_lines":48.14,"distance_to_gridlight_targets":0.0,"main_road_access":false,"dist_main_road_km":18.04,"has_education_facility":true,"has_health_facility":true,"_label":"Location #1043","_status_group":"unknown","_year":2025,"_year_label":"Source release year","_states":["Adamawa"]},"geometry":{"type":"Point","coordinates":[12.39976,9.78705]}},{"type":"Feature","properties":{"geohash":"s38bc8hx19","settlement_name":"Location #1075","state":"Adamawa","lga":"Jada","population":17211,"state_population_rank":34,"num_buildings":3574,"nightlight_signal":"nightlight_detected","distance_to_existing_transmission_lines":0.0,"distance_to_existing_hv_transmission_lines":58.73,"distance_to_gridlight_targets":0.0,"main_road_access":true,"dist_main_road_km":0.0,"has_education_facility":true,"has_health_facility":true,"_label":"Location #1075","_status_group":"unknown","_year":2025,"_year_label":"Source release year","_states":["Adamawa"]},"geometry":{"type":"Point","coordinates":[12.37685,8.57055]}},{"type":"Feature","properties":{"geohash":"s3cdbq0bx1","settlement_name":"Muji","state":"Adamawa","lga":"Mubi North","population":16709,"state_population_rank":35,"num_buildings":3480,"nightlight_signal":"no_nightlight_detected","distance_to_existing_transmission_lines":11.03,"distance_to_existing_hv_transmission_lines":109.02,"distance_to_gridlight_targets":10.448,"main_road_access":false,"dist_main_road_km":3.6,"has_education_facility":true,"has_health_facility":true,"_label":"Muji","_status_group":"unknown","_year":2025,"_year_label":"Source release year","_states":["Adamawa"]},"geometry":{"type":"Point","coordinates":[13.3717,10.3602]}},{"type":"Feature","properties":{"geohash":"s38yn1y2kn","settlement_name":"Location #1206","state":"Adamawa","lga":"Girei","population":15610,"state_population_rank":36,"num_buildings":3223,"nightlight_signal":"nightlight_detected","distance_to_existing_transmission_lines":0.0,"distance_to_existing_hv_transmission_lines":31.5,"distance_to_gridlight_targets":0.0,"main_road_access":true,"dist_main_road_km":0.0,"has_education_facility":true,"has_health_facility":true,"_label":"Location #1206","_status_group":"unknown","_year":2025,"_year_label":"Source release year","_states":["Adamawa"]},"geometry":{"type":"Point","coordinates":[12.57711,9.50188]}},{"type":"Feature","properties":{"geohash":"s38qqms7s5","settlement_name":"Giwano","state":"Adamawa","lga":"Lamurde","population":15036,"state_population_rank":37,"num_buildings":3136,"nightlight_signal":"nightlight_detected","distance_to_existing_transmission_lines":0.0,"distance_to_existing_hv_transmission_lines":0.97,"distance_to_gridlight_targets":0.0,"main_road_access":false,"dist_main_road_km":1.04,"has_education_facility":true,"has_health_facility":true,"_label":"Giwano","_status_group":"unknown","_year":2025,"_year_label":"Source release year","_states":["Adamawa"]},"geometry":{"type":"Point","coordinates":[11.88223,9.56696]}},{"type":"Feature","properties":{"geohash":"s3c1wnvvyk","settlement_name":"Location #1245","state":"Adamawa","lga":"Hong","population":14824,"state_population_rank":38,"num_buildings":3128,"nightlight_signal":"nightlight_detected","distance_to_existing_transmission_lines":0.0,"distance_to_existing_hv_transmission_lines":96.58,"distance_to_gridlight_targets":0.0,"main_road_access":false,"dist_main_road_km":3.52,"has_education_facility":true,"has_health_facility":true,"_label":"Location #1245","_status_group":"unknown","_year":2025,"_year_label":"Source release year","_states":["Adamawa"]},"geometry":{"type":"Point","coordinates":[12.92809,10.14551]}},{"type":"Feature","properties":{"geohash":"s38syejw3z","settlement_name":"Location #1151","state":"Adamawa","lga":"Yola South","population":14488,"state_population_rank":39,"num_buildings":3352,"nightlight_signal":"nightlight_detected","distance_to_existing_transmission_lines":0.0,"distance_to_existing_hv_transmission_lines":0.0,"distance_to_gridlight_targets":0.0,"main_road_access":true,"dist_main_road_km":0.0,"has_education_facility":true,"has_health_facility":true,"_label":"Location #1151","_status_group":"unknown","_year":2025,"_year_label":"Source release year","_states":["Adamawa"]},"geometry":{"type":"Point","coordinates":[12.2464,9.29005]}},{"type":"Feature","properties":{"geohash":"s39584h739","settlement_name":"Mbamga","state":"Adamawa","lga":"Fufore","population":14155,"state_population_rank":40,"num_buildings":2931,"nightlight_signal":"nightlight_detected","distance_to_existing_transmission_lines":0.0,"distance_to_existing_hv_transmission_lines":36.91,"distance_to_gridlight_targets":0.0,"main_road_access":true,"dist_main_road_km":0.0,"has_education_facility":true,"has_health_facility":true,"_label":"Mbamga","_status_group":"unknown","_year":2025,"_year_label":"Source release year","_states":["Adamawa"]},"geometry":{"type":"Point","coordinates":[12.66216,9.06429]}},{"type":"Feature","properties":{"geohash":"s0vse8n31v","settlement_name":"Uyo","state":"Akwa Ibom","lga":"Uyo","population":1173068,"state_population_rank":1,"num_buildings":243253,"nightlight_signal":"nightlight_detected","distance_to_existing_transmission_lines":0.0,"distance_to_existing_hv_transmission_lines":6.32,"distance_to_gridlight_targets":0.0,"main_road_access":true,"dist_main_road_km":0.0,"has_education_facility":true,"has_health_facility":true,"_label":"Uyo","_status_group":"unknown","_year":2025,"_year_label":"Source release year","_states":["Akwa Ibom"]},"geometry":{"type":"Point","coordinates":[7.89684,5.00997]}},{"type":"Feature","properties":{"geohash":"s0vmrf8679","settlement_name":"Ikot Ekpene","state":"Akwa Ibom","lga":"Ikot Ekpene","population":334727,"state_population_rank":2,"num_buildings":69112,"nightlight_signal":"nightlight_detected","distance_to_existing_transmission_lines":0.0,"distance_to_existing_hv_transmission_lines":0.0,"distance_to_gridlight_targets":0.0,"main_road_access":true,"dist_main_road_km":0.0,"has_education_facility":true,"has_health_facility":true,"_label":"Ikot Ekpene","_status_group":"unknown","_year":2025,"_year_label":"Source release year","_states":["Akwa Ibom"]},"geometry":{"type":"Point","coordinates":[7.72389,5.15573]}},{"type":"Feature","properties":{"geohash":"s0vdmp4gz2","settlement_name":"Eket","state":"Akwa Ibom","lga":"Eket","population":174997,"state_population_rank":3,"num_buildings":36236,"nightlight_signal":"nightlight_detected","distance_to_existing_transmission_lines":0.0,"distance_to_existing_hv_transmission_lines":0.0,"distance_to_gridlight_targets":0.0,"main_road_access":true,"dist_main_road_km":0.0,"has_education_facility":true,"has_health_facility":true,"_label":"Eket","_status_group":"unknown","_year":2025,"_year_label":"Source release year","_states":["Akwa Ibom"]},"geometry":{"type":"Point","coordinates":[7.9582,4.65335]}},{"type":"Feature","properties":{"geohash":"s0vg73520z","settlement_name":"Oron","state":"Akwa Ibom","lga":"Oron","population":111150,"state_population_rank":4,"num_buildings":22785,"nightlight_signal":"nightlight_detected","distance_to_existing_transmission_lines":0.0,"distance_to_existing_hv_transmission_lines":23.07,"distance_to_gridlight_targets":0.0,"main_road_access":true,"dist_main_road_km":0.0,"has_education_facility":true,"has_health_facility":true,"_label":"Oron","_status_group":"unknown","_year":2025,"_year_label":"Source release year","_states":["Akwa Ibom"]},"geometry":{"type":"Point","coordinates":[8.23326,4.79557]}},{"type":"Feature","properties":{"geohash":"s0vevptn6g","settlement_name":"Nung Udoe","state":"Akwa Ibom","lga":"Ibesikpo Asutan","population":53274,"state_population_rank":5,"num_buildings":11546,"nightlight_signal":"nightlight_detected","distance_to_existing_transmission_lines":0.0,"distance_to_existing_hv_transmission_lines":24.76,"distance_to_gridlight_targets":0.0,"main_road_access":true,"dist_main_road_km":0.0,"has_education_facility":true,"has_health_facility":true,"_label":"Nung Udoe","_status_group":"unknown","_year":2025,"_year_label":"Source release year","_states":["Akwa Ibom"]},"geometry":{"type":"Point","coordinates":[7.96109,4.92022]}},{"type":"Feature","properties":{"geohash":"s0vkwfree3","settlement_name":"Location #274","state":"Akwa Ibom","lga":"Abak","population":53079,"state_population_rank":6,"num_buildings":11452,"nightlight_signal":"nightlight_detected","distance_to_existing_transmission_lines":0.0,"distance_to_existing_hv_transmission_lines":5.29,"distance_to_gridlight_targets":0.0,"main_road_access":true,"dist_main_road_km":0.0,"has_education_facility":true,"has_health_facility":true,"_label":"Location #274","_status_group":"unknown","_year":2025,"_year_label":"Source release year","_states":["Akwa Ibom"]},"geometry":{"type":"Point","coordinates":[7.68988,5.02273]}},{"type":"Feature","properties":{"geohash":"s0vef9bnsj","settlement_name":"Etinan","state":"Akwa Ibom","lga":"Etinan","population":52438,"state_population_rank":7,"num_buildings":10689,"nightlight_signal":"nightlight_detected","distance_to_existing_transmission_lines":0.0,"distance_to_existing_hv_transmission_lines":19.43,"distance_to_gridlight_targets":0.0,"main_road_access":true,"dist_main_road_km":0.0,"has_education_facility":true,"has_health_facility":true,"_label":"Etinan","_status_group":"unknown","_year":2025,"_year_label":"Source release year","_states":["Akwa Ibom"]},"geometry":{"type":"Point","coordinates":[7.84441,4.88869]}},{"type":"Feature","properties":{"geohash":"s0vmmk537t","settlement_name":"Location #312","state":"Akwa Ibom","lga":"Essien Udim","population":46067,"state_population_rank":8,"num_buildings":10199,"nightlight_signal":"no_nightlight_detected","distance_to_existing_transmission_lines":0.0,"distance_to_existing_hv_transmission_lines":0.0,"distance_to_gridlight_targets":1.584,"main_road_access":true,"dist_main_road_km":0.0,"has_education_facility":true,"has_health_facility":true,"_label":"Location #312","_status_group":"unknown","_year":2025,"_year_label":"Source release year","_states":["Akwa Ibom"]},"geometry":{"type":"Point","coordinates":[7.61815,5.16382]}},{"type":"Feature","properties":{"geohash":"s0vqp8xugj","settlement_name":"Ibiaku Ntok Okpo","state":"Akwa Ibom","lga":"Ikono","population":37053,"state_population_rank":9,"num_buildings":7830,"nightlight_signal":"nightlight_detected","distance_to_existing_transmission_lines":0.0,"distance_to_existing_hv_transmission_lines":4.46,"distance_to_gridlight_targets":0.0,"main_road_access":true,"dist_main_road_km":0.0,"has_education_facility":true,"has_health_facility":true,"_label":"Ibiaku Ntok Okpo","_status_group":"unknown","_year":2025,"_year_label":"Source release year","_states":["Akwa Ibom"]},"geometry":{"type":"Point","coordinates":[7.72318,5.27703]}},{"type":"Feature","properties":{"geohash":"s0vdj2wb7b","settlement_name":"Upenekang","state":"Akwa Ibom","lga":"Ibeno","population":28284,"state_population_rank":10,"num_buildings":6048,"nightlight_signal":"nightlight_detected","distance_to_existing_transmission_lines":1.16,"distance_to_existing_hv_transmission_lines":9.0,"distance_to_gridlight_targets":0.0,"main_road_access":true,"dist_main_road_km":0.0,"has_education_facility":true,"has_health_facility":true,"_label":"Upenekang","_status_group":"unknown","_year":2025,"_year_label":"Source release year","_states":["Akwa Ibom"]},"geometry":{"type":"Point","coordinates":[7.97452,4.57311]}},{"type":"Feature","properties":{"geohash":"s0v9y59x73","settlement_name":"Kwa Ibo","state":"Akwa Ibom","lga":"Ibeno","population":26271,"state_population_rank":11,"num_buildings":5310,"nightlight_signal":"nightlight_detected","distance_to_existing_transmission_lines":0.0,"distance_to_existing_hv_transmission_lines":13.19,"distance_to_gridlight_targets":0.0,"main_road_access":true,"dist_main_road_km":0.0,"has_education_facility":true,"has_health_facility":true,"_label":"Kwa Ibo","_status_group":"unknown","_year":2025,"_year_label":"Source release year","_states":["Akwa Ibom"]},"geometry":{"type":"Point","coordinates":[8.00025,4.54684]}},{"type":"Feature","properties":{"geohash":"s0vds5djr7","settlement_name":"Location #701","state":"Akwa Ibom","lga":"Eket","population":25097,"state_population_rank":12,"num_buildings":5167,"nightlight_signal":"nightlight_detected","distance_to_existing_transmission_lines":0.0,"distance_to_existing_hv_transmission_lines":1.13,"distance_to_gridlight_targets":0.0,"main_road_access":true,"dist_main_road_km":0.0,"has_education_facility":true,"has_health_facility":true,"_label":"Location #701","_status_group":"unknown","_year":2025,"_year_label":"Source release year","_states":["Akwa Ibom"]},"geometry":{"type":"Point","coordinates":[7.91322,4.67835]}},{"type":"Feature","properties":{"geohash":"s0vsnb564p","settlement_name":"Ituk Mbang","state":"Akwa Ibom","lga":"Uruan","population":24231,"state_population_rank":13,"num_buildings":5061,"nightlight_signal":"nightlight_detected","distance_to_existing_transmission_lines":0.0,"distance_to_existing_hv_transmission_lines":25.17,"distance_to_gridlight_targets":0.0,"main_road_access":true,"dist_main_road_km":0.0,"has_education_facility":true,"has_health_facility":true,"_label":"Ituk Mbang","_status_group":"unknown","_year":2025,"_year_label":"Source release year","_states":["Akwa Ibom"]},"geometry":{"type":"Point","coordinates":[8.03556,4.92226]}},{"type":"Feature","properties":{"geohash":"s0v6h027rc","settlement_name":"Ikot Aba","state":"Akwa Ibom","lga":"Ikot Abasi","population":23588,"state_population_rank":14,"num_buildings":4815,"nightlight_signal":"nightlight_detected","distance_to_existing_transmission_lines":0.0,"distance_to_existing_hv_transmission_lines":0.4,"distance_to_gridlight_targets":0.0,"main_road_access":false,"dist_main_road_km":4.05,"has_education_facility":true,"has_health_facility":true,"_label":"Ikot Aba","_status_group":"unknown","_year":2025,"_year_label":"Source release year","_states":["Akwa Ibom"]},"geometry":{"type":"Point","coordinates":[7.55927,4.57225]}},{"type":"Feature","properties":{"geohash":"s0v7sngyu8","settlement_name":"Ikot Akpa Nkuk","state":"Akwa Ibom","lga":"Ukanafun","population":23181,"state_population_rank":15,"num_buildings":4913,"nightlight_signal":"no_nightlight_detected","distance_to_existing_transmission_lines":8.25,"distance_to_existing_hv_transmission_lines":11.23,"distance_to_gridlight_targets":8.253,"main_road_access":true,"dist_main_road_km":0.0,"has_education_facility":true,"has_health_facility":true,"_label":"Ikot Akpa Nkuk","_status_group":"unknown","_year":2025,"_year_label":"Source release year","_states":["Akwa Ibom"]},"geometry":{"type":"Point","coordinates":[7.56394,4.87222]}},{"type":"Feature","properties":{"geohash":"s0vg8fyvjr","settlement_name":"Okopedi","state":"Akwa Ibom","lga":"Okobo","population":20865,"state_population_rank":16,"num_buildings":4247,"nightlight_signal":"no_nightlight_detected","distance_to_existing_transmission_lines":0.0,"distance_to_existing_hv_transmission_lines":26.81,"distance_to_gridlight_targets":1.721,"main_road_access":true,"dist_main_road_km":0.0,"has_education_facility":true,"has_health_facility":true,"_label":"Okopedi","_status_group":"unknown","_year":2025,"_year_label":"Source release year","_states":["Akwa Ibom"]},"geometry":{"type":"Point","coordinates":[8.1284,4.84999]}},{"type":"Feature","properties":{"geohash":"s0vdx2jghy","settlement_name":"Uquo","state":"Akwa Ibom","lga":"Esit - Eket","population":20494,"state_population_rank":17,"num_buildings":4350,"nightlight_signal":"no_nightlight_detected","distance_to_existing_transmission_lines":0.0,"distance_to_existing_hv_transmission_lines":12.82,"distance_to_gridlight_targets":4.741,"main_road_access":true,"dist_main_road_km":0.0,"has_education_facility":true,"has_health_facility":true,"_label":"Uquo","_status_group":"unknown","_year":2025,"_year_label":"Source release year","_states":["Akwa Ibom"]},"geometry":{"type":"Point","coordinates":[8.06109,4.65876]}},{"type":"Feature","properties":{"geohash":"s0vfmn8042","settlement_name":"Enwang","state":"Akwa Ibom","lga":"Mbo","population":19950,"state_population_rank":18,"num_buildings":4179,"nightlight_signal":"nightlight_detected","distance_to_existing_transmission_lines":0.0,"distance_to_existing_hv_transmission_lines":39.07,"distance_to_gridlight_targets":0.0,"main_road_access":false,"dist_main_road_km":4.78,"has_education_facility":true,"has_health_facility":true,"_label":"Enwang","_status_group":"unknown","_year":2025,"_year_label":"Source release year","_states":["Akwa Ibom"]},"geometry":{"type":"Point","coordinates":[8.30577,4.64996]}},{"type":"Feature","properties":{"geohash":"s0vke3qt2s","settlement_name":"Urua Inyang","state":"Akwa Ibom","lga":"Ika","population":19727,"state_population_rank":19,"num_buildings":4073,"nightlight_signal":"no_nightlight_detected","distance_to_existing_transmission_lines":0.0,"distance_to_existing_hv_transmission_lines":0.0,"distance_to_gridlight_targets":3.36,"main_road_access":true,"dist_main_road_km":0.0,"has_education_facility":true,"has_health_facility":true,"_label":"Urua Inyang","_status_group":"unknown","_year":2025,"_year_label":"Source release year","_states":["Akwa Ibom"]},"geometry":{"type":"Point","coordinates":[7.53459,5.01755]}},{"type":"Feature","properties":{"geohash":"s0ve8e3dnn","settlement_name":"Location #1005","state":"Akwa Ibom","lga":"Oruk Anam","population":17247,"state_population_rank":20,"num_buildings":3801,"nightlight_signal":"nightlight_detected","distance_to_existing_transmission_lines":0.0,"distance_to_existing_hv_transmission_lines":20.76,"distance_to_gridlight_targets":0.0,"main_road_access":true,"dist_main_road_km":0.0,"has_education_facility":true,"has_health_facility":true,"_label":"Location #1005","_status_group":"unknown","_year":2025,"_year_label":"Source release year","_states":["Akwa Ibom"]},"geometry":{"type":"Point","coordinates":[7.75867,4.85222]}},{"type":"Feature","properties":{"geohash":"s0v6nq21d2","settlement_name":"Location #1259","state":"Akwa Ibom","lga":"Ikot Abasi","population":14550,"state_population_rank":21,"num_buildings":3102,"nightlight_signal":"nightlight_detected","distance_to_existing_transmission_lines":0.0,"distance_to_existing_hv_transmission_lines":0.0,"distance_to_gridlight_targets":0.0,"main_road_access":true,"dist_main_road_km":0.0,"has_education_facility":true,"has_health_facility":true,"_label":"Location #1259","_status_group":"unknown","_year":2025,"_year_label":"Source release year","_states":["Akwa Ibom"]},"geometry":{"type":"Point","coordinates":[7.65757,4.60491]}},{"type":"Feature","properties":{"geohash":"s0vd6bye7m","settlement_name":"Abat","state":"Akwa Ibom","lga":"Onna","population":14197,"state_population_rank":22,"num_buildings":2894,"nightlight_signal":"no_nightlight_detected","distance_to_existing_transmission_lines":0.0,"distance_to_existing_hv_transmission_lines":0.64,"distance_to_gridlight_targets":1.648,"main_road_access":true,"dist_main_road_km":0.0,"has_education_facility":true,"has_health_facility":true,"_label":"Abat","_status_group":"unknown","_year":2025,"_year_label":"Source release year","_states":["Akwa Ibom"]},"geometry":{"type":"Point","coordinates":[7.8643,4.61896]}},{"type":"Feature","properties":{"geohash":"s0vmv89249","settlement_name":"Nto Edino","state":"Akwa Ibom","lga":"Obot Akara","population":13923,"state_population_rank":23,"num_buildings":3121,"nightlight_signal":"no_nightlight_detected","distance_to_existing_transmission_lines":0.0,"distance_to_existing_hv_transmission_lines":2.23,"distance_to_gridlight_targets":2.982,"main_road_access":false,"dist_main_road_km":1.97,"has_education_facility":true,"has_health_facility":true,"_label":"Nto Edino","_status_group":"unknown","_year":2025,"_year_label":"Source release year","_states":["Akwa Ibom"]},"geometry":{"type":"Point","coordinates":[7.62634,5.23224]}},{"type":"Feature","properties":{"geohash":"s0vk7v362t","settlement_name":"Otoro","state":"Akwa Ibom","lga":"Ika","population":13430,"state_population_rank":24,"num_buildings":2769,"nightlight_signal":"no_nightlight_detected","distance_to_existing_transmission_lines":0.0,"distance_to_existing_hv_transmission_lines":0.03,"distance_to_gridlight_targets":6.026,"main_road_access":true,"dist_main_road_km":0.3,"has_education_facility":true,"has_health_facility":true,"_label":"Otoro","_status_group":"unknown","_year":2025,"_year_label":"Source release year","_states":["Akwa Ibom"]},"geometry":{"type":"Point","coordinates":[7.54935,4.99508]}},{"type":"Feature","properties":{"geohash":"s0vd2d1n4d","settlement_name":"Location #1461","state":"Akwa Ibom","lga":"Mkpat Enin","population":13155,"state_population_rank":25,"num_buildings":2693,"nightlight_signal":"nightlight_detected","distance_to_existing_transmission_lines":0.0,"distance_to_existing_hv_transmission_lines":0.01,"distance_to_gridlight_targets":0.0,"main_road_access":true,"dist_main_road_km":0.0,"has_education_facility":true,"has_health_facility":true,"_label":"Location #1461","_status_group":"unknown","_year":2025,"_year_label":"Source release year","_states":["Akwa Ibom"]},"geometry":{"type":"Point","coordinates":[7.75784,4.62629]}},{"type":"Feature","properties":{"geohash":"s0vdbmt45r","settlement_name":"Nkpat Enin","state":"Akwa Ibom","lga":"Mkpat Enin","population":12974,"state_population_rank":26,"num_buildings":2656,"nightlight_signal":"no_nightlight_detected","distance_to_existing_transmission_lines":0.0,"distance_to_existing_hv_transmission_lines":9.14,"distance_to_gridlight_targets":8.262,"main_road_access":false,"dist_main_road_km":2.36,"has_education_facility":true,"has_health_facility":true,"_label":"Nkpat Enin","_status_group":"unknown","_year":2025,"_year_label":"Source release year","_states":["Akwa Ibom"]},"geometry":{"type":"Point","coordinates":[7.75237,4.73274]}},{"type":"Feature","properties":{"geohash":"s0vte99ur2","settlement_name":"Oko Ita","state":"Akwa Ibom","lga":"Ibiono Ibom","population":12858,"state_population_rank":27,"num_buildings":2635,"nightlight_signal":"nightlight_detected","distance_to_existing_transmission_lines":0.0,"distance_to_existing_hv_transmission_lines":0.0,"distance_to_gridlight_targets":0.0,"main_road_access":true,"dist_main_road_km":0.0,"has_education_facility":true,"has_health_facility":true,"_label":"Oko Ita","_status_group":"unknown","_year":2025,"_year_label":"Source release year","_states":["Akwa Ibom"]},"geometry":{"type":"Point","coordinates":[7.8909,5.19452]}},{"type":"Feature","properties":{"geohash":"s0vqj66puu","settlement_name":"Abia Okpo Ikotukana","state":"Akwa Ibom","lga":"Obot Akara","population":12820,"state_population_rank":28,"num_buildings":2617,"nightlight_signal":"no_nightlight_detected","distance_to_existing_transmission_lines":0.0,"distance_to_existing_hv_transmission_lines":0.0,"distance_to_gridlight_targets":6.518,"main_road_access":true,"dist_main_road_km":0.0,"has_education_facility":true,"has_health_facility":true,"_label":"Abia Okpo Ikotukana","_status_group":"unknown","_year":2025,"_year_label":"Source release year","_states":["Akwa Ibom"]},"geometry":{"type":"Point","coordinates":[7.61648,5.28715]}},{"type":"Feature","properties":{"geohash":"s0vt3s1x6m","settlement_name":"Location #1393","state":"Akwa Ibom","lga":"Ikono","population":12554,"state_population_rank":29,"num_buildings":2823,"nightlight_signal":"no_nightlight_detected","distance_to_existing_transmission_lines":0.0,"distance_to_existing_hv_transmission_lines":0.0,"distance_to_gridlight_targets":2.868,"main_road_access":true,"dist_main_road_km":0.0,"has_education_facility":true,"has_health_facility":true,"_label":"Location #1393","_status_group":"unknown","_year":2025,"_year_label":"Source release year","_states":["Akwa Ibom"]},"geometry":{"type":"Point","coordinates":[7.80246,5.16485]}},{"type":"Feature","properties":{"geohash":"s0vsqg850e","settlement_name":"Location #1615","state":"Akwa Ibom","lga":"Uruan","population":11764,"state_population_rank":30,"num_buildings":2468,"nightlight_signal":"no_nightlight_detected","distance_to_existing_transmission_lines":0.0,"distance_to_existing_hv_transmission_lines":19.11,"distance_to_gridlight_targets":2.114,"main_road_access":false,"dist_main_road_km":2.58,"has_education_facility":true,"has_health_facility":true,"_label":"Location #1615","_status_group":"unknown","_year":2025,"_year_label":"Source release year","_states":["Akwa Ibom"]},"geometry":{"type":"Point","coordinates":[8.03103,4.98558]}},{"type":"Feature","properties":{"geohash":"s0ve7km3fs","settlement_name":"Location #1836","state":"Akwa Ibom","lga":"Nsit Ibom","population":10903,"state_population_rank":31,"num_buildings":2210,"nightlight_signal":"no_nightlight_detected","distance_to_existing_transmission_lines":0.0,"distance_to_existing_hv_transmission_lines":16.75,"distance_to_gridlight_targets":0.945,"main_road_access":true,"dist_main_road_km":0.0,"has_education_facility":true,"has_health_facility":true,"_label":"Location #1836","_status_group":"unknown","_year":2025,"_year_label":"Source release year","_states":["Akwa Ibom"]},"geometry":{"type":"Point","coordinates":[7.88452,4.81371]}},{"type":"Feature","properties":{"geohash":"s0vkhx39dj","settlement_name":"Location #1727","state":"Akwa Ibom","lga":"Etim Ekpo","population":10573,"state_population_rank":32,"num_buildings":2323,"nightlight_signal":"no_nightlight_detected","distance_to_existing_transmission_lines":0.0,"distance_to_existing_hv_transmission_lines":5.25,"distance_to_gridlight_targets":7.003,"main_road_access":true,"dist_main_road_km":0.0,"has_education_facility":true,"has_health_facility":true,"_label":"Location #1727","_status_group":"unknown","_year":2025,"_year_label":"Source release year","_states":["Akwa Ibom"]},"geometry":{"type":"Point","coordinates":[7.58272,4.96199]}},{"type":"Feature","properties":{"geohash":"s0vmhj90f9","settlement_name":"Ikot Umo Esien","state":"Akwa Ibom","lga":"Essien Udim","population":10305,"state_population_rank":33,"num_buildings":2328,"nightlight_signal":"no_nightlight_detected","distance_to_existing_transmission_lines":0.06,"distance_to_existing_hv_transmission_lines":0.0,"distance_to_gridlight_targets":1.447,"main_road_access":true,"dist_main_road_km":0.0,"has_education_facility":true,"has_health_facility":true,"_label":"Ikot Umo Esien","_status_group":"unknown","_year":2025,"_year_label":"Source release year","_states":["Akwa Ibom"]},"geometry":{"type":"Point","coordinates":[7.56008,5.128]}},{"type":"Feature","properties":{"geohash":"s0vd662j68","settlement_name":"Ikot Nkan","state":"Akwa Ibom","lga":"Onna","population":10209,"state_population_rank":34,"num_buildings":2087,"nightlight_signal":"nightlight_detected","distance_to_existing_transmission_lines":0.0,"distance_to_existing_hv_transmission_lines":0.09,"distance_to_gridlight_targets":0.0,"main_road_access":true,"dist_main_road_km":0.0,"has_education_facility":true,"has_health_facility":true,"_label":"Ikot Nkan","_status_group":"unknown","_year":2025,"_year_label":"Source release year","_states":["Akwa Ibom"]},"geometry":{"type":"Point","coordinates":[7.83337,4.62752]}},{"type":"Feature","properties":{"geohash":"s0vkuzsnkb","settlement_name":"Okon","state":"Akwa Ibom","lga":"Essien Udim","population":10117,"state_population_rank":35,"num_buildings":2101,"nightlight_signal":"no_nightlight_detected","distance_to_existing_transmission_lines":2.74,"distance_to_existing_hv_transmission_lines":2.53,"distance_to_gridlight_targets":6.254,"main_road_access":true,"dist_main_road_km":0.0,"has_education_facility":true,"has_health_facility":true,"_label":"Okon","_status_group":"unknown","_year":2025,"_year_label":"Source release year","_states":["Akwa Ibom"]},"geometry":{"type":"Point","coordinates":[7.59726,5.09599]}},{"type":"Feature","properties":{"geohash":"s0vtjjjcm1","settlement_name":"Location #1827","state":"Akwa Ibom","lga":"Itu","population":9928,"state_population_rank":36,"num_buildings":2222,"nightlight_signal":"nightlight_detected","distance_to_existing_transmission_lines":0.0,"distance_to_existing_hv_transmission_lines":7.06,"distance_to_gridlight_targets":0.0,"main_road_access":true,"dist_main_road_km":0.0,"has_education_facility":true,"has_health_facility":true,"_label":"Location #1827","_status_group":"unknown","_year":2025,"_year_label":"Source release year","_states":["Akwa Ibom"]},"geometry":{"type":"Point","coordinates":[7.96222,5.12534]}},{"type":"Feature","properties":{"geohash":"s0vf7z4n83","settlement_name":"Enwang","state":"Akwa Ibom","lga":"Mbo","population":9710,"state_population_rank":37,"num_buildings":2052,"nightlight_signal":"no_nightlight_detected","distance_to_existing_transmission_lines":3.56,"distance_to_existing_hv_transmission_lines":35.69,"distance_to_gridlight_targets":1.358,"main_road_access":true,"dist_main_road_km":0.0,"has_education_facility":true,"has_health_facility":true,"_label":"Enwang","_status_group":"unknown","_year":2025,"_year_label":"Source release year","_states":["Akwa Ibom"]},"geometry":{"type":"Point","coordinates":[8.2535,4.65383]}},{"type":"Feature","properties":{"geohash":"s0vqr5xbng","settlement_name":"Odoro Ikpe","state":"Akwa Ibom","lga":"Ini","population":9566,"state_population_rank":38,"num_buildings":2089,"nightlight_signal":"no_nightlight_detected","distance_to_existing_transmission_lines":0.0,"distance_to_existing_hv_transmission_lines":7.47,"distance_to_gridlight_targets":7.033,"main_road_access":true,"dist_main_road_km":0.0,"has_education_facility":true,"has_health_facility":true,"_label":"Odoro Ikpe","_status_group":"unknown","_year":2025,"_year_label":"Source release year","_states":["Akwa Ibom"]},"geometry":{"type":"Point","coordinates":[7.70137,5.33662]}},{"type":"Feature","properties":{"geohash":"s0vezkkuqu","settlement_name":"Location #2123","state":"Akwa Ibom","lga":"Uruan","population":9342,"state_population_rank":39,"num_buildings":1940,"nightlight_signal":"nightlight_detected","distance_to_existing_transmission_lines":0.0,"distance_to_existing_hv_transmission_lines":28.59,"distance_to_gridlight_targets":0.0,"main_road_access":true,"dist_main_road_km":0.0,"has_education_facility":true,"has_health_facility":true,"_label":"Location #2123","_status_group":"unknown","_year":2025,"_year_label":"Source release year","_states":["Akwa Ibom"]},"geometry":{"type":"Point","coordinates":[8.0598,4.90203]}},{"type":"Feature","properties":{"geohash":"s0vmnmbpjb","settlement_name":"Afaha Ikot Ebak","state":"Akwa Ibom","lga":"Essien Udim","population":9338,"state_population_rank":40,"num_buildings":1942,"nightlight_signal":"no_nightlight_detected","distance_to_existing_transmission_lines":0.05,"distance_to_existing_hv_transmission_lines":0.13,"distance_to_gridlight_targets":2.068,"main_road_access":true,"dist_main_road_km":0.0,"has_education_facility":true,"has_health_facility":true,"_label":"Afaha Ikot Ebak","_status_group":"unknown","_year":2025,"_year_label":"Source release year","_states":["Akwa Ibom"]},"geometry":{"type":"Point","coordinates":[7.65772,5.13045]}},{"type":"Feature","properties":{"geohash":"s1hfp39gqn","settlement_name":"Nnewi","state":"Anambra","lga":"Nnewi South","population":2549063,"state_population_rank":1,"num_buildings":522564,"nightlight_signal":"nightlight_detected","distance_to_existing_transmission_lines":0.0,"distance_to_existing_hv_transmission_lines":0.0,"distance_to_gridlight_targets":0.0,"main_road_access":true,"dist_main_road_km":0.0,"has_education_facility":true,"has_health_facility":true,"_label":"Nnewi","_status_group":"unknown","_year":2025,"_year_label":"Source release year","_states":["Anambra"]},"geometry":{"type":"Point","coordinates":[7.00096,5.98539]}},{"type":"Feature","properties":{"geohash":"s1hgj77mth","settlement_name":"Onitsha","state":"Anambra","lga":"Dunukofia","population":1967223,"state_population_rank":2,"num_buildings":401570,"nightlight_signal":"nightlight_detected","distance_to_existing_transmission_lines":0.0,"distance_to_existing_hv_transmission_lines":0.0,"distance_to_gridlight_targets":0.0,"main_road_access":true,"dist_main_road_km":0.0,"has_education_facility":true,"has_health_facility":true,"_label":"Onitsha","_status_group":"unknown","_year":2025,"_year_label":"Source release year","_states":["Anambra"]},"geometry":{"type":"Point","coordinates":[6.91509,6.17116]}},{"type":"Feature","properties":{"geohash":"s1j4h8hfsd","settlement_name":"Enugu Umunze","state":"Anambra","lga":"Orumba South","population":101145,"state_population_rank":3,"num_buildings":21126,"nightlight_signal":"nightlight_detected","distance_to_existing_transmission_lines":0.0,"distance_to_existing_hv_transmission_lines":16.9,"distance_to_gridlight_targets":0.0,"main_road_access":true,"dist_main_road_km":0.0,"has_education_facility":true,"has_health_facility":true,"_label":"Enugu Umunze","_status_group":"unknown","_year":2025,"_year_label":"Source release year","_states":["Anambra"]},"geometry":{"type":"Point","coordinates":[7.23572,5.97701]}},{"type":"Feature","properties":{"geohash":"s1huh34sdu","settlement_name":"Otuocha","state":"Anambra","lga":"Anambra East","population":73958,"state_population_rank":4,"num_buildings":15675,"nightlight_signal":"nightlight_detected","distance_to_existing_transmission_lines":0.0,"distance_to_existing_hv_transmission_lines":15.19,"distance_to_gridlight_targets":0.0,"main_road_access":true,"dist_main_road_km":0.0,"has_education_facility":true,"has_health_facility":true,"_label":"Otuocha","_status_group":"unknown","_year":2025,"_year_label":"Source release year","_states":["Anambra"]},"geometry":{"type":"Point","coordinates":[6.87002,6.33441]}},{"type":"Feature","properties":{"geohash":"s1j58mvpmd","settlement_name":"Mgbakwu","state":"Anambra","lga":"Awka North","population":49414,"state_population_rank":5,"num_buildings":10535,"nightlight_signal":"nightlight_detected","distance_to_existing_transmission_lines":0.0,"distance_to_existing_hv_transmission_lines":2.43,"distance_to_gridlight_targets":0.0,"main_road_access":true,"dist_main_road_km":0.0,"has_education_facility":true,"has_health_facility":true,"_label":"Mgbakwu","_status_group":"unknown","_year":2025,"_year_label":"Source release year","_states":["Anambra"]},"geometry":{"type":"Point","coordinates":[7.04934,6.27308]}},{"type":"Feature","properties":{"geohash":"s1j49rvkj4","settlement_name":"Ogbunu","state":"Anambra","lga":"Orumba North","population":35007,"state_population_rank":6,"num_buildings":7553,"nightlight_signal":"nightlight_detected","distance_to_existing_transmission_lines":0.0,"distance_to_existing_hv_transmission_lines":11.09,"distance_to_gridlight_targets":0.0,"main_road_access":true,"dist_main_road_km":0.0,"has_education_facility":true,"has_health_facility":true,"_label":"Ogbunu","_status_group":"unknown","_year":2025,"_year_label":"Source release year","_states":["Anambra"]},"geometry":{"type":"Point","coordinates":[7.09361,6.10772]}},{"type":"Feature","properties":{"geohash":"s1hgm4x9mk","settlement_name":"Umudioka","state":"Anambra","lga":"Oyi","population":30310,"state_population_rank":7,"num_buildings":6462,"nightlight_signal":"no_nightlight_detected","distance_to_existing_transmission_lines":0.0,"distance_to_existing_hv_transmission_lines":1.89,"distance_to_gridlight_targets":0.541,"main_road_access":true,"dist_main_road_km":0.0,"has_education_facility":true,"has_health_facility":true,"_label":"Umudioka","_status_group":"unknown","_year":2025,"_year_label":"Source release year","_states":["Anambra"]},"geometry":{"type":"Point","coordinates":[6.90994,6.21026]}},{"type":"Feature","properties":{"geohash":"s1hfzvuvw4","settlement_name":"Agukwu Nri","state":"Anambra","lga":"Anaocha","population":29894,"state_population_rank":8,"num_buildings":6253,"nightlight_signal":"nightlight_detected","distance_to_existing_transmission_lines":0.0,"distance_to_existing_hv_transmission_lines":5.61,"distance_to_gridlight_targets":0.0,"main_road_access":true,"dist_main_road_km":0.0,"has_education_facility":true,"has_health_facility":true,"_label":"Agukwu Nri","_status_group":"unknown","_year":2025,"_year_label":"Source release year","_states":["Anambra"]},"geometry":{"type":"Point","coordinates":[7.02705,6.14094]}},{"type":"Feature","properties":{"geohash":"s1j47z3dfr","settlement_name":"Ajalli","state":"Anambra","lga":"Orumba North","population":29824,"state_population_rank":9,"num_buildings":6791,"nightlight_signal":"nightlight_detected","distance_to_existing_transmission_lines":0.0,"distance_to_existing_hv_transmission_lines":17.73,"distance_to_gridlight_targets":0.0,"main_road_access":true,"dist_main_road_km":0.0,"has_education_facility":true,"has_health_facility":true,"_label":"Ajalli","_status_group":"unknown","_year":2025,"_year_label":"Source release year","_states":["Anambra"]},"geometry":{"type":"Point","coordinates":[7.19821,6.06084]}},{"type":"Feature","properties":{"geohash":"s1hvn2czc4","settlement_name":"Location #582","state":"Anambra","lga":"Ayamelum","population":29361,"state_population_rank":10,"num_buildings":6045,"nightlight_signal":"nightlight_detected","distance_to_existing_transmission_lines":0.0,"distance_to_existing_hv_transmission_lines":31.35,"distance_to_gridlight_targets":0.0,"main_road_access":true,"dist_main_road_km":0.0,"has_education_facility":true,"has_health_facility":true,"_label":"Location #582","_status_group":"unknown","_year":2025,"_year_label":"Source release year","_states":["Anambra"]},"geometry":{"type":"Point","coordinates":[6.95679,6.50937]}},{"type":"Feature","properties":{"geohash":"s1huncpztz","settlement_name":"Achalla","state":"Anambra","lga":"Awka North","population":22600,"state_population_rank":11,"num_buildings":4847,"nightlight_signal":"nightlight_detected","distance_to_existing_transmission_lines":0.0,"distance_to_existing_hv_transmission_lines":12.35,"distance_to_gridlight_targets":0.0,"main_road_access":true,"dist_main_road_km":0.0,"has_education_facility":true,"has_health_facility":true,"_label":"Achalla","_status_group":"unknown","_year":2025,"_year_label":"Source release year","_states":["Anambra"]},"geometry":{"type":"Point","coordinates":[6.98721,6.33495]}},{"type":"Feature","properties":{"geohash":"s1hgrkrwyd","settlement_name":"Location #824","state":"Anambra","lga":"Njikoka","population":19638,"state_population_rank":12,"num_buildings":4500,"nightlight_signal":"nightlight_detected","distance_to_existing_transmission_lines":0.0,"distance_to_existing_hv_transmission_lines":0.34,"distance_to_gridlight_targets":0.0,"main_road_access":true,"dist_main_road_km":0.0,"has_education_facility":true,"has_health_facility":true,"_label":"Location #824","_status_group":"unknown","_year":2025,"_year_label":"Source release year","_states":["Anambra"]},"geometry":{"type":"Point","coordinates":[7.00887,6.22081]}},{"type":"Feature","properties":{"geohash":"s1jh433q77","settlement_name":"Location #1252","state":"Anambra","lga":"Awka North","population":15065,"state_population_rank":13,"num_buildings":3115,"nightlight_signal":"nightlight_detected","distance_to_existing_transmission_lines":0.0,"distance_to_existing_hv_transmission_lines":7.6,"distance_to_gridlight_targets":0.0,"main_road_access":true,"dist_main_road_km":0.0,"has_education_facility":true,"has_health_facility":true,"_label":"Location #1252","_status_group":"unknown","_year":2025,"_year_label":"Source release year","_states":["Anambra"]},"geometry":{"type":"Point","coordinates":[7.13199,6.33608]}},{"type":"Feature","properties":{"geohash":"s1j4su0bh0","settlement_name":"Location #1305","state":"Anambra","lga":"Orumba North","population":14393,"state_population_rank":14,"num_buildings":2989,"nightlight_signal":"nightlight_detected","distance_to_existing_transmission_lines":0.0,"distance_to_existing_hv_transmission_lines":17.92,"distance_to_gridlight_targets":0.0,"main_road_access":false,"dist_main_road_km":3.46,"has_education_facility":true,"has_health_facility":true,"_label":"Location #1305","_status_group":"unknown","_year":2025,"_year_label":"Source release year","_states":["Anambra"]},"geometry":{"type":"Point","coordinates":[7.2412,6.08643]}},{"type":"Feature","properties":{"geohash":"s1j4cx935y","settlement_name":"Umuawulu","state":"Anambra","lga":"Awka South","population":14077,"state_population_rank":15,"num_buildings":2890,"nightlight_signal":"nightlight_detected","distance_to_existing_transmission_lines":0.0,"distance_to_existing_hv_transmission_lines":7.35,"distance_to_gridlight_targets":0.0,"main_road_access":true,"dist_main_road_km":0.0,"has_education_facility":true,"has_health_facility":true,"_label":"Umuawulu","_status_group":"unknown","_year":2025,"_year_label":"Source release year","_states":["Anambra"]},"geometry":{"type":"Point","coordinates":[7.09905,6.1498]}},{"type":"Feature","properties":{"geohash":"s1hge5uv57","settlement_name":"Nsugpe","state":"Anambra","lga":"Anambra East","population":13431,"state_population_rank":16,"num_buildings":2924,"nightlight_signal":"nightlight_detected","distance_to_existing_transmission_lines":0.0,"distance_to_existing_hv_transmission_lines":11.32,"distance_to_gridlight_targets":0.0,"main_road_access":true,"dist_main_road_km":0.0,"has_education_facility":true,"has_health_facility":true,"_label":"Nsugpe","_status_group":"unknown","_year":2025,"_year_label":"Source release year","_states":["Anambra"]},"geometry":{"type":"Point","coordinates":[6.81819,6.26171]}},{"type":"Feature","properties":{"geohash":"s1j4ch0ch1","settlement_name":"Mgbaukwu","state":"Anambra","lga":"Awka South","population":13008,"state_population_rank":17,"num_buildings":2713,"nightlight_signal":"nightlight_detected","distance_to_existing_transmission_lines":0.0,"distance_to_existing_hv_transmission_lines":9.35,"distance_to_gridlight_targets":0.0,"main_road_access":true,"dist_main_road_km":0.0,"has_education_facility":true,"has_health_facility":true,"_label":"Mgbaukwu","_status_group":"unknown","_year":2025,"_year_label":"Source release year","_states":["Anambra"]},"geometry":{"type":"Point","coordinates":[7.07641,6.13055]}},{"type":"Feature","properties":{"geohash":"s1hgufzcsu","settlement_name":"Location #1407","state":"Anambra","lga":"Anambra East","population":12442,"state_population_rank":18,"num_buildings":2802,"nightlight_signal":"no_nightlight_detected","distance_to_existing_transmission_lines":0.0,"distance_to_existing_hv_transmission_lines":11.12,"distance_to_gridlight_targets":0.175,"main_road_access":true,"dist_main_road_km":0.0,"has_education_facility":true,"has_health_facility":true,"_label":"Location #1407","_status_group":"unknown","_year":2025,"_year_label":"Source release year","_states":["Anambra"]},"geometry":{"type":"Point","coordinates":[6.89928,6.29957]}},{"type":"Feature","properties":{"geohash":"s1hujb11gg","settlement_name":"Location #1515","state":"Anambra","lga":"Anambra East","population":11083,"state_population_rank":19,"num_buildings":2606,"nightlight_signal":"nightlight_detected","distance_to_existing_transmission_lines":0.0,"distance_to_existing_hv_transmission_lines":12.43,"distance_to_gridlight_targets":0.0,"main_road_access":true,"dist_main_road_km":0.0,"has_education_facility":true,"has_health_facility":true,"_label":"Location #1515","_status_group":"unknown","_year":2025,"_year_label":"Source release year","_states":["Anambra"]},"geometry":{"type":"Point","coordinates":[6.93392,6.32844]}},{"type":"Feature","properties":{"geohash":"s1hvw4k3p8","settlement_name":"Umueje","state":"Anambra","lga":"Ayamelum","population":10534,"state_population_rank":20,"num_buildings":2175,"nightlight_signal":"nightlight_detected","distance_to_existing_transmission_lines":0.0,"distance_to_existing_hv_transmission_lines":43.26,"distance_to_gridlight_targets":0.0,"main_road_access":true,"dist_main_road_km":0.0,"has_education_facility":true,"has_health_facility":true,"_label":"Umueje","_status_group":"unknown","_year":2025,"_year_label":"Source release year","_states":["Anambra"]},"geometry":{"type":"Point","coordinates":[6.94952,6.60433]}},{"type":"Feature","properties":{"geohash":"s1hf1w4sd4","settlement_name":"Atani","state":"Anambra","lga":"Ogbaru","population":10469,"state_population_rank":21,"num_buildings":2125,"nightlight_signal":"nightlight_detected","distance_to_existing_transmission_lines":0.0,"distance_to_existing_hv_transmission_lines":5.17,"distance_to_gridlight_targets":0.0,"main_road_access":true,"dist_main_road_km":0.0,"has_education_facility":true,"has_health_facility":true,"_label":"Atani","_status_group":"unknown","_year":2025,"_year_label":"Source release year","_states":["Anambra"]},"geometry":{"type":"Point","coordinates":[6.74913,6.01031]}},{"type":"Feature","properties":{"geohash":"s1j4q896yt","settlement_name":"Owere-Ezukala","state":"Anambra","lga":"Orumba South","population":10180,"state_population_rank":22,"num_buildings":2084,"nightlight_signal":"nightlight_detected","distance_to_existing_transmission_lines":0.0,"distance_to_existing_hv_transmission_lines":16.32,"distance_to_gridlight_targets":0.0,"main_road_access":true,"dist_main_road_km":0.0,"has_education_facility":true,"has_health_facility":true,"_label":"Owere-Ezukala","_status_group":"unknown","_year":2025,"_year_label":"Source release year","_states":["Anambra"]},"geometry":{"type":"Point","coordinates":[7.3189,6.02376]}},{"type":"Feature","properties":{"geohash":"s1hud8454w","settlement_name":"Nmiata","state":"Anambra","lga":"Anambra West","population":10083,"state_population_rank":23,"num_buildings":2038,"nightlight_signal":"no_nightlight_detected","distance_to_existing_transmission_lines":0.0,"distance_to_existing_hv_transmission_lines":27.1,"distance_to_gridlight_targets":6.68,"main_road_access":false,"dist_main_road_km":8.43,"has_education_facility":true,"has_health_facility":true,"_label":"Nmiata","_status_group":"unknown","_year":2025,"_year_label":"Source release year","_states":["Anambra"]},"geometry":{"type":"Point","coordinates":[6.79241,6.41656]}},{"type":"Feature","properties":{"geohash":"s1hvpkkx9t","settlement_name":"Umabu","state":"Anambra","lga":"Ayamelum","population":9918,"state_population_rank":24,"num_buildings":2332,"nightlight_signal":"nightlight_detected","distance_to_existing_transmission_lines":0.0,"distance_to_existing_hv_transmission_lines":33.19,"distance_to_gridlight_targets":0.0,"main_road_access":false,"dist_main_road_km":3.44,"has_education_facility":true,"has_health_facility":true,"_label":"Umabu","_status_group":"unknown","_year":2025,"_year_label":"Source release year","_states":["Anambra"]},"geometry":{"type":"Point","coordinates":[7.00454,6.52857]}},{"type":"Feature","properties":{"geohash":"s1huvdn2ry","settlement_name":"Location #1988","state":"Anambra","lga":"Ayamelum","population":9691,"state_population_rank":25,"num_buildings":2060,"nightlight_signal":"nightlight_detected","distance_to_existing_transmission_lines":0.0,"distance_to_existing_hv_transmission_lines":28.14,"distance_to_gridlight_targets":0.0,"main_road_access":true,"dist_main_road_km":0.0,"has_education_facility":true,"has_health_facility":true,"_label":"Location #1988","_status_group":"unknown","_year":2025,"_year_label":"Source release year","_states":["Anambra"]},"geometry":{"type":"Point","coordinates":[6.93031,6.47103]}},{"type":"Feature","properties":{"geohash":"s1j1fvz3zu","settlement_name":"Location #2127","state":"Anambra","lga":"Orumba South","population":9313,"state_population_rank":26,"num_buildings":1934,"nightlight_signal":"no_nightlight_detected","distance_to_existing_transmission_lines":0.0,"distance_to_existing_hv_transmission_lines":25.96,"distance_to_gridlight_targets":1.276,"main_road_access":false,"dist_main_road_km":0.74,"has_education_facility":true,"has_health_facility":true,"_label":"Location #2127","_status_group":"unknown","_year":2025,"_year_label":"Source release year","_states":["Anambra"]},"geometry":{"type":"Point","coordinates":[7.16239,5.96453]}},{"type":"Feature","properties":{"geohash":"s1j4jybetz","settlement_name":"Location #2167","state":"Anambra","lga":"Orumba South","population":9018,"state_population_rank":27,"num_buildings":1903,"nightlight_signal":"nightlight_detected","distance_to_existing_transmission_lines":0.0,"distance_to_existing_hv_transmission_lines":19.11,"distance_to_gridlight_targets":0.0,"main_road_access":true,"dist_main_road_km":0.0,"has_education_facility":true,"has_health_facility":true,"_label":"Location #2167","_status_group":"unknown","_year":2025,"_year_label":"Source release year","_states":["Anambra"]},"geometry":{"type":"Point","coordinates":[7.28488,6.01428]}},{"type":"Feature","properties":{"geohash":"s1huq490jw","settlement_name":"Igbamam","state":"Anambra","lga":"Anambra East","population":8663,"state_population_rank":28,"num_buildings":2037,"nightlight_signal":"nightlight_detected","distance_to_existing_transmission_lines":0.0,"distance_to_existing_hv_transmission_lines":18.71,"distance_to_gridlight_targets":0.0,"main_road_access":false,"dist_main_road_km":2.26,"has_education_facility":true,"has_health_facility":true,"_label":"Igbamam","_status_group":"unknown","_year":2025,"_year_label":"Source release year","_states":["Anambra"]},"geometry":{"type":"Point","coordinates":[6.94497,6.38584]}},{"type":"Feature","properties":{"geohash":"s1hvkgzfhf","settlement_name":"Location #2790","state":"Anambra","lga":"Anambra West","population":7453,"state_population_rank":29,"num_buildings":1528,"nightlight_signal":"no_nightlight_detected","distance_to_existing_transmission_lines":0.0,"distance_to_existing_hv_transmission_lines":39.99,"distance_to_gridlight_targets":5.011,"main_road_access":false,"dist_main_road_km":5.28,"has_education_facility":true,"has_health_facility":true,"_label":"Location #2790","_status_group":"unknown","_year":2025,"_year_label":"Source release year","_states":["Anambra"]},"geometry":{"type":"Point","coordinates":[6.89928,6.56881]}},{"type":"Feature","properties":{"geohash":"s1hcsutsfm","settlement_name":"Location #2704","state":"Anambra","lga":"Nnewi South","population":7211,"state_population_rank":30,"num_buildings":1570,"nightlight_signal":"no_nightlight_detected","distance_to_existing_transmission_lines":0.0,"distance_to_existing_hv_transmission_lines":3.6,"distance_to_gridlight_targets":1.456,"main_road_access":false,"dist_main_road_km":1.85,"has_education_facility":true,"has_health_facility":true,"_label":"Location #2704","_status_group":"unknown","_year":2025,"_year_label":"Source release year","_states":["Anambra"]},"geometry":{"type":"Point","coordinates":[6.89608,5.91424]}},{"type":"Feature","properties":{"geohash":"s1hujkmq67","settlement_name":"Isinyi-Nando","state":"Anambra","lga":"Anambra East","population":6987,"state_population_rank":31,"num_buildings":1643,"nightlight_signal":"nightlight_detected","distance_to_existing_transmission_lines":0.0,"distance_to_existing_hv_transmission_lines":15.93,"distance_to_gridlight_targets":0.0,"main_road_access":true,"dist_main_road_km":0.01,"has_education_facility":true,"has_health_facility":true,"_label":"Isinyi-Nando","_status_group":"unknown","_year":2025,"_year_label":"Source release year","_states":["Anambra"]},"geometry":{"type":"Point","coordinates":[6.91771,6.35256]}},{"type":"Feature","properties":{"geohash":"s1hctk58cx","settlement_name":"Ukpor","state":"Anambra","lga":"Nnewi South","population":6547,"state_population_rank":32,"num_buildings":1522,"nightlight_signal":"no_nightlight_detected","distance_to_existing_transmission_lines":0.0,"distance_to_existing_hv_transmission_lines":5.01,"distance_to_gridlight_targets":1.093,"main_road_access":false,"dist_main_road_km":0.63,"has_education_facility":true,"has_health_facility":true,"_label":"Ukpor","_status_group":"unknown","_year":2025,"_year_label":"Source release year","_states":["Anambra"]},"geometry":{"type":"Point","coordinates":[6.91528,5.91082]}},{"type":"Feature","properties":{"geohash":"s1j44wtv8x","settlement_name":"Ajalli","state":"Anambra","lga":"Orumba North","population":6340,"state_population_rank":33,"num_buildings":1332,"nightlight_signal":"no_nightlight_detected","distance_to_existing_transmission_lines":0.0,"distance_to_existing_hv_transmission_lines":23.39,"distance_to_gridlight_targets":2.701,"main_road_access":true,"dist_main_road_km":0.0,"has_education_facility":true,"has_health_facility":true,"_label":"Ajalli","_status_group":"unknown","_year":2025,"_year_label":"Source release year","_states":["Anambra"]},"geometry":{"type":"Point","coordinates":[7.14903,6.01326]}},{"type":"Feature","properties":{"geohash":"s1j51vney5","settlement_name":"Awka","state":"Anambra","lga":"Awka South","population":6069,"state_population_rank":34,"num_buildings":1427,"nightlight_signal":"nightlight_detected","distance_to_existing_transmission_lines":0.0,"distance_to_existing_hv_transmission_lines":5.02,"distance_to_gridlight_targets":0.0,"main_road_access":false,"dist_main_road_km":2.22,"has_education_facility":true,"has_health_facility":true,"_label":"Awka","_status_group":"unknown","_year":2025,"_year_label":"Source release year","_states":["Anambra"]},"geometry":{"type":"Point","coordinates":[7.11734,6.18047]}},{"type":"Feature","properties":{"geohash":"s1hc8y6gvy","settlement_name":"Ogbakuma","state":"Anambra","lga":"Ogbaru","population":6022,"state_population_rank":35,"num_buildings":1282,"nightlight_signal":"nightlight_detected","distance_to_existing_transmission_lines":0.0,"distance_to_existing_hv_transmission_lines":7.43,"distance_to_gridlight_targets":0.0,"main_road_access":true,"dist_main_road_km":0.0,"has_education_facility":true,"has_health_facility":true,"_label":"Ogbakuma","_status_group":"unknown","_year":2025,"_year_label":"Source release year","_states":["Anambra"]},"geometry":{"type":"Point","coordinates":[6.71667,5.92368]}},{"type":"Feature","properties":{"geohash":"s1hgy49msg","settlement_name":"Abube-Nando","state":"Anambra","lga":"Anambra East","population":5897,"state_population_rank":36,"num_buildings":1230,"nightlight_signal":"nightlight_detected","distance_to_existing_transmission_lines":0.0,"distance_to_existing_hv_transmission_lines":9.29,"distance_to_gridlight_targets":0.0,"main_road_access":false,"dist_main_road_km":0.6,"has_education_facility":true,"has_health_facility":true,"_label":"Abube-Nando","_status_group":"unknown","_year":2025,"_year_label":"Source release year","_states":["Anambra"]},"geometry":{"type":"Point","coordinates":[6.94528,6.29887]}},{"type":"Feature","properties":{"geohash":"s1hf13e8p8","settlement_name":"Akili-Ozizor","state":"Anambra","lga":"Ogbaru","population":5813,"state_population_rank":37,"num_buildings":1175,"nightlight_signal":"nightlight_detected","distance_to_existing_transmission_lines":0.0,"distance_to_existing_hv_transmission_lines":7.27,"distance_to_gridlight_targets":0.0,"main_road_access":true,"dist_main_road_km":0.0,"has_education_facility":true,"has_health_facility":true,"_label":"Akili-Ozizor","_status_group":"unknown","_year":2025,"_year_label":"Source release year","_states":["Anambra"]},"geometry":{"type":"Point","coordinates":[6.73975,5.9848]}},{"type":"Feature","properties":{"geohash":"s1hgcgk53u","settlement_name":"Location #3899","state":"Anambra","lga":"Anambra West","population":5588,"state_population_rank":38,"num_buildings":1152,"nightlight_signal":"no_nightlight_detected","distance_to_existing_transmission_lines":0.0,"distance_to_existing_hv_transmission_lines":14.0,"distance_to_gridlight_targets":2.045,"main_road_access":false,"dist_main_road_km":6.2,"has_education_facility":true,"has_health_facility":true,"_label":"Location #3899","_status_group":"unknown","_year":2025,"_year_label":"Source release year","_states":["Anambra"]},"geometry":{"type":"Point","coordinates":[6.76217,6.30262]}},{"type":"Feature","properties":{"geohash":"s1hcw01u46","settlement_name":"Location #3463","state":"Anambra","lga":"Ihiala","population":5448,"state_population_rank":39,"num_buildings":1281,"nightlight_signal":"no_nightlight_detected","distance_to_existing_transmission_lines":0.82,"distance_to_existing_hv_transmission_lines":7.92,"distance_to_gridlight_targets":2.48,"main_road_access":false,"dist_main_road_km":0.86,"has_education_facility":true,"has_health_facility":true,"_label":"Location #3463","_status_group":"unknown","_year":2025,"_year_label":"Source release year","_states":["Anambra"]},"geometry":{"type":"Point","coordinates":[6.94586,5.88937]}},{"type":"Feature","properties":{"geohash":"s1j4bympr5","settlement_name":"Mgbaukwu","state":"Anambra","lga":"Awka South","population":5337,"state_population_rank":40,"num_buildings":1249,"nightlight_signal":"nightlight_detected","distance_to_existing_transmission_lines":0.0,"distance_to_existing_hv_transmission_lines":7.8,"distance_to_gridlight_targets":0.0,"main_road_access":true,"dist_main_road_km":0.0,"has_education_facility":true,"has_health_facility":true,"_label":"Mgbaukwu","_status_group":"unknown","_year":2025,"_year_label":"Source release year","_states":["Anambra"]},"geometry":{"type":"Point","coordinates":[7.07139,6.144]}},{"type":"Feature","properties":{"geohash":"s1yfxszu7v","settlement_name":"Bauchi","state":"Bauchi","lga":"Bauchi","population":976128,"state_population_rank":1,"num_buildings":201833,"nightlight_signal":"nightlight_detected","distance_to_existing_transmission_lines":0.0,"distance_to_existing_hv_transmission_lines":0.0,"distance_to_gridlight_targets":0.0,"main_road_access":true,"dist_main_road_km":0.0,"has_education_facility":true,"has_health_facility":true,"_label":"Bauchi","_status_group":"unknown","_year":2025,"_year_label":"Source release year","_states":["Bauchi"]},"geometry":{"type":"Point","coordinates":[9.83259,10.31006]}},{"type":"Feature","properties":{"geohash":"s4p4rudnbq","settlement_name":"Bakin Kasuwa","state":"Bauchi","lga":"Katagum","population":275685,"state_population_rank":2,"num_buildings":57003,"nightlight_signal":"nightlight_detected","distance_to_existing_transmission_lines":0.0,"distance_to_existing_hv_transmission_lines":0.0,"distance_to_gridlight_targets":0.0,"main_road_access":true,"dist_main_road_km":0.0,"has_education_facility":true,"has_health_facility":true,"_label":"Bakin Kasuwa","_status_group":"unknown","_year":2025,"_year_label":"Source release year","_states":["Bauchi"]},"geometry":{"type":"Point","coordinates":[10.18708,11.67142]}},{"type":"Feature","properties":{"geohash":"s4p2q5hp05","settlement_name":"kukadi B","state":"Bauchi","lga":"Misau","population":88770,"state_population_rank":3,"num_buildings":18461,"nightlight_signal":"nightlight_detected","distance_to_existing_transmission_lines":0.0,"distance_to_existing_hv_transmission_lines":50.77,"distance_to_gridlight_targets":0.0,"main_road_access":true,"dist_main_road_km":0.0,"has_education_facility":true,"has_health_facility":true,"_label":"kukadi B","_status_group":"unknown","_year":2025,"_year_label":"Source release year","_states":["Bauchi"]},"geometry":{"type":"Point","coordinates":[10.46448,11.31165]}},{"type":"Feature","properties":{"geohash":"s1yz1b9dex","settlement_name":"Ningi East","state":"Bauchi","lga":"Ningi","population":72748,"state_population_rank":4,"num_buildings":14999,"nightlight_signal":"nightlight_detected","distance_to_existing_transmission_lines":0.0,"distance_to_existing_hv_transmission_lines":70.2,"distance_to_gridlight_targets":0.0,"main_road_access":true,"dist_main_road_km":0.0,"has_education_facility":true,"has_health_facility":true,"_label":"Ningi East","_status_group":"unknown","_year":2025,"_year_label":"Source release year","_states":["Bauchi"]},"geometry":{"type":"Point","coordinates":[9.5713,11.07744]}},{"type":"Feature","properties":{"geohash":"s1zqsfmb5p","settlement_name":"Darazo East","state":"Bauchi","lga":"Darazo","population":69785,"state_population_rank":5,"num_buildings":14165,"nightlight_signal":"nightlight_detected","distance_to_existing_transmission_lines":0.0,"distance_to_existing_hv_transmission_lines":77.44,"distance_to_gridlight_targets":0.0,"main_road_access":true,"dist_main_road_km":0.0,"has_education_facility":true,"has_health_facility":true,"_label":"Darazo East","_status_group":"unknown","_year":2025,"_year_label":"Source release year","_states":["Bauchi"]},"geometry":{"type":"Point","coordinates":[10.41208,10.99873]}},{"type":"Feature","properties":{"geohash":"s1z67j5u28","settlement_name":"Alkaleri West","state":"Bauchi","lga":"Alkaleri","population":51945,"state_population_rank":6,"num_buildings":11042,"nightlight_signal":"nightlight_detected","distance_to_existing_transmission_lines":0.0,"distance_to_existing_hv_transmission_lines":0.0,"distance_to_gridlight_targets":0.0,"main_road_access":true,"dist_main_road_km":0.0,"has_education_facility":true,"has_health_facility":true,"_label":"Alkaleri West","_status_group":"unknown","_year":2025,"_year_label":"Source release year","_states":["Bauchi"]},"geometry":{"type":"Point","coordinates":[10.33232,10.26746]}},{"type":"Feature","properties":{"geohash":"s4p43ukv5y","settlement_name":"Jama'are D","state":"Bauchi","lga":"Jama'are","population":46622,"state_population_rank":7,"num_buildings":9640,"nightlight_signal":"nightlight_detected","distance_to_existing_transmission_lines":0.0,"distance_to_existing_hv_transmission_lines":0.0,"distance_to_gridlight_targets":0.0,"main_road_access":true,"dist_main_road_km":0.0,"has_education_facility":true,"has_health_facility":true,"_label":"Jama'are D","_status_group":"unknown","_year":2025,"_year_label":"Source release year","_states":["Bauchi"]},"geometry":{"type":"Point","coordinates":[9.92735,11.66975]}},{"type":"Feature","properties":{"geohash":"s1zm63u0dz","settlement_name":"Ganjuwa B","state":"Bauchi","lga":"Ganjuwa","population":43612,"state_population_rank":8,"num_buildings":8928,"nightlight_signal":"nightlight_detected","distance_to_existing_transmission_lines":0.0,"distance_to_existing_hv_transmission_lines":55.25,"distance_to_gridlight_targets":0.0,"main_road_access":true,"dist_main_road_km":0.0,"has_education_facility":true,"has_health_facility":true,"_label":"Ganjuwa B","_status_group":"unknown","_year":2025,"_year_label":"Source release year","_states":["Bauchi"]},"geometry":{"type":"Point","coordinates":[10.29981,10.77634]}},{"type":"Feature","properties":{"geohash":"s1y3hs1kcf","settlement_name":"Tilde","state":"Bauchi","lga":"Toro","population":42285,"state_population_rank":9,"num_buildings":8949,"nightlight_signal":"nightlight_detected","distance_to_existing_transmission_lines":0.0,"distance_to_existing_hv_transmission_lines":0.0,"distance_to_gridlight_targets":0.0,"main_road_access":true,"dist_main_road_km":0.0,"has_education_facility":true,"has_health_facility":true,"_label":"Tilde","_status_group":"unknown","_year":2025,"_year_label":"Source release year","_states":["Bauchi"]},"geometry":{"type":"Point","coordinates":[8.98861,10.04233]}},{"type":"Feature","properties":{"geohash":"s1ybbtmbg6","settlement_name":"Bundot","state":"Bauchi","lga":"Dass","population":41818,"state_population_rank":10,"num_buildings":8982,"nightlight_signal":"nightlight_detected","distance_to_existing_transmission_lines":0.0,"distance_to_existing_hv_transmission_lines":20.43,"distance_to_gridlight_targets":0.0,"main_road_access":true,"dist_main_road_km":0.0,"has_education_facility":true,"has_health_facility":true,"_label":"Bundot","_status_group":"unknown","_year":2025,"_year_label":"Source release year","_states":["Bauchi"]},"geometry":{"type":"Point","coordinates":[9.5222,10.00457]}},{"type":"Feature","properties":{"geohash":"s4p2b1e0rx","settlement_name":"Giade A","state":"Bauchi","lga":"Giade","population":41106,"state_population_rank":11,"num_buildings":8391,"nightlight_signal":"nightlight_detected","distance_to_existing_transmission_lines":0.0,"distance_to_existing_hv_transmission_lines":31.04,"distance_to_gridlight_targets":0.0,"main_road_access":true,"dist_main_road_km":0.0,"has_education_facility":true,"has_health_facility":true,"_label":"Giade A","_status_group":"unknown","_year":2025,"_year_label":"Source release year","_states":["Bauchi"]},"geometry":{"type":"Point","coordinates":[10.19976,11.39016]}},{"type":"Feature","properties":{"geohash":"s1y3r9mg3b","settlement_name":"Toro","state":"Bauchi","lga":"Toro","population":40079,"state_population_rank":12,"num_buildings":8420,"nightlight_signal":"nightlight_detected","distance_to_existing_transmission_lines":0.0,"distance_to_existing_hv_transmission_lines":0.0,"distance_to_gridlight_targets":0.0,"main_road_access":true,"dist_main_road_km":0.0,"has_education_facility":true,"has_health_facility":true,"_label":"Toro","_status_group":"unknown","_year":2025,"_year_label":"Source release year","_states":["Bauchi"]},"geometry":{"type":"Point","coordinates":[9.12662,10.0709]}},{"type":"Feature","properties":{"geohash":"s4pd7wn28r","settlement_name":"Dambam A","state":"Bauchi","lga":"Damban","population":39178,"state_population_rank":13,"num_buildings":7930,"nightlight_signal":"nightlight_detected","distance_to_existing_transmission_lines":0.0,"distance_to_existing_hv_transmission_lines":38.29,"distance_to_gridlight_targets":0.0,"main_road_access":true,"dist_main_road_km":0.0,"has_education_facility":true,"has_health_facility":true,"_label":"Dambam A","_status_group":"unknown","_year":2025,"_year_label":"Source release year","_states":["Bauchi"]},"geometry":{"type":"Point","coordinates":[10.70928,11.67859]}},{"type":"Feature","properties":{"geohash":"s4pmpbbj76","settlement_name":"Gamawa North","state":"Bauchi","lga":"Gamawa","population":38695,"state_population_rank":14,"num_buildings":8024,"nightlight_signal":"nightlight_detected","distance_to_existing_transmission_lines":0.0,"distance_to_existing_hv_transmission_lines":62.94,"distance_to_gridlight_targets":0.0,"main_road_access":true,"dist_main_road_km":0.0,"has_education_facility":true,"has_health_facility":true,"_label":"Gamawa North","_status_group":"unknown","_year":2025,"_year_label":"Source release year","_states":["Bauchi"]},"geometry":{"type":"Point","coordinates":[10.53603,12.13394]}},{"type":"Feature","properties":{"geohash":"s1wz9305tt","settlement_name":"Wai B","state":"Bauchi","lga":"Tafawa-Balewa","population":37797,"state_population_rank":15,"num_buildings":7672,"nightlight_signal":"nightlight_detected","distance_to_existing_transmission_lines":0.0,"distance_to_existing_hv_transmission_lines":46.38,"distance_to_gridlight_targets":0.0,"main_road_access":true,"dist_main_road_km":0.0,"has_education_facility":true,"has_health_facility":true,"_label":"Wai B","_status_group":"unknown","_year":2025,"_year_label":"Source release year","_states":["Bauchi"]},"geometry":{"type":"Point","coordinates":[9.54736,9.76198]}},{"type":"Feature","properties":{"geohash":"s1yvzxmxvg","settlement_name":"Miya B","state":"Bauchi","lga":"Ganjuwa","population":37659,"state_population_rank":16,"num_buildings":8017,"nightlight_signal":"nightlight_detected","distance_to_existing_transmission_lines":0.0,"distance_to_existing_hv_transmission_lines":65.52,"distance_to_gridlight_targets":0.0,"main_road_access":true,"dist_main_road_km":0.0,"has_education_facility":true,"has_health_facility":true,"_label":"Miya B","_status_group":"unknown","_year":2025,"_year_label":"Source release year","_states":["Bauchi"]},"geometry":{"type":"Point","coordinates":[9.82958,10.89567]}},{"type":"Feature","properties":{"geohash":"s4p2yncm41","settlement_name":"Hardawa","state":"Bauchi","lga":"Misau","population":32079,"state_population_rank":17,"num_buildings":6963,"nightlight_signal":"nightlight_detected","distance_to_existing_transmission_lines":0.0,"distance_to_existing_hv_transmission_lines":42.32,"distance_to_gridlight_targets":0.0,"main_road_access":true,"dist_main_road_km":0.0,"has_education_facility":true,"has_health_facility":true,"_label":"Hardawa","_status_group":"unknown","_year":2025,"_year_label":"Source release year","_states":["Bauchi"]},"geometry":{"type":"Point","coordinates":[10.46079,11.41978]}},{"type":"Feature","properties":{"geohash":"s1yztfsm42","settlement_name":"Katanga","state":"Bauchi","lga":"Warji","population":27156,"state_population_rank":18,"num_buildings":5520,"nightlight_signal":"nightlight_detected","distance_to_existing_transmission_lines":0.0,"distance_to_existing_hv_transmission_lines":56.46,"distance_to_gridlight_targets":0.0,"main_road_access":false,"dist_main_road_km":14.39,"has_education_facility":true,"has_health_facility":true,"_label":"Katanga","_status_group":"unknown","_year":2025,"_year_label":"Source release year","_states":["Bauchi"]},"geometry":{"type":"Point","coordinates":[9.75081,11.1767]}},{"type":"Feature","properties":{"geohash":"s4p3t0gum3","settlement_name":"Chinade","state":"Bauchi","lga":"Katagum","population":27138,"state_population_rank":19,"num_buildings":5829,"nightlight_signal":"nightlight_detected","distance_to_existing_transmission_lines":0.0,"distance_to_existing_hv_transmission_lines":32.4,"distance_to_gridlight_targets":0.0,"main_road_access":true,"dist_main_road_km":0.0,"has_education_facility":true,"has_health_facility":true,"_label":"Chinade","_status_group":"unknown","_year":2025,"_year_label":"Source release year","_states":["Bauchi"]},"geometry":{"type":"Point","coordinates":[10.42042,11.51853]}},{"type":"Feature","properties":{"geohash":"s1yuy1btnq","settlement_name":"Kafin Madaki A","state":"Bauchi","lga":"Ganjuwa","population":25599,"state_population_rank":20,"num_buildings":5233,"nightlight_signal":"nightlight_detected","distance_to_existing_transmission_lines":0.0,"distance_to_existing_hv_transmission_lines":44.68,"distance_to_gridlight_targets":0.0,"main_road_access":true,"dist_main_road_km":0.0,"has_education_facility":true,"has_health_facility":true,"_label":"Kafin Madaki A","_status_group":"unknown","_year":2025,"_year_label":"Source release year","_states":["Bauchi"]},"geometry":{"type":"Point","coordinates":[9.75682,10.68922]}},{"type":"Feature","properties":{"geohash":"s1ybyqym3d","settlement_name":"Bauchi","state":"Bauchi","lga":"Bauchi","population":23829,"state_population_rank":21,"num_buildings":5179,"nightlight_signal":"nightlight_detected","distance_to_existing_transmission_lines":14.39,"distance_to_existing_hv_transmission_lines":26.56,"distance_to_gridlight_targets":0.0,"main_road_access":true,"dist_main_road_km":0.0,"has_education_facility":true,"has_health_facility":true,"_label":"Bauchi","_status_group":"unknown","_year":2025,"_year_label":"Source release year","_states":["Bauchi"]},"geometry":{"type":"Point","coordinates":[9.7755,10.01358]}},{"type":"Feature","properties":{"geohash":"s1z64p8hh6","settlement_name":"Gwaram A","state":"Bauchi","lga":"Alkaleri","population":22163,"state_population_rank":22,"num_buildings":4537,"nightlight_signal":"nightlight_detected","distance_to_existing_transmission_lines":0.0,"distance_to_existing_hv_transmission_lines":0.68,"distance_to_gridlight_targets":0.0,"main_road_access":false,"dist_main_road_km":2.05,"has_education_facility":true,"has_health_facility":true,"_label":"Gwaram A","_status_group":"unknown","_year":2025,"_year_label":"Source release year","_states":["Bauchi"]},"geometry":{"type":"Point","coordinates":[10.28339,10.23721]}},{"type":"Feature","properties":{"geohash":"s1y3nrjstp","settlement_name":"Toro","state":"Bauchi","lga":"Toro","population":21872,"state_population_rank":23,"num_buildings":4670,"nightlight_signal":"nightlight_detected","distance_to_existing_transmission_lines":0.0,"distance_to_existing_hv_transmission_lines":0.22,"distance_to_gridlight_targets":0.0,"main_road_access":true,"dist_main_road_km":0.0,"has_education_facility":true,"has_health_facility":true,"_label":"Toro","_status_group":"unknown","_year":2025,"_year_label":"Source release year","_states":["Bauchi"]},"geometry":{"type":"Point","coordinates":[9.07149,10.0588]}},{"type":"Feature","properties":{"geohash":"s1y6m4kzc6","settlement_name":"Wonu North","state":"Bauchi","lga":"Toro","population":21652,"state_population_rank":24,"num_buildings":4630,"nightlight_signal":"nightlight_detected","distance_to_existing_transmission_lines":0.0,"distance_to_existing_hv_transmission_lines":22.52,"distance_to_gridlight_targets":0.0,"main_road_access":true,"dist_main_road_km":0.0,"has_education_facility":true,"has_health_facility":true,"_label":"Wonu North","_status_group":"unknown","_year":2025,"_year_label":"Source release year","_states":["Bauchi"]},"geometry":{"type":"Point","coordinates":[9.01537,10.25296]}},{"type":"Feature","properties":{"geohash":"s1zeh05yym","settlement_name":"Bara","state":"Bauchi","lga":"Kirfi","population":21527,"state_population_rank":25,"num_buildings":4464,"nightlight_signal":"nightlight_detected","distance_to_existing_transmission_lines":0.0,"distance_to_existing_hv_transmission_lines":2.99,"distance_to_gridlight_targets":0.0,"main_road_access":true,"dist_main_road_km":0.0,"has_education_facility":true,"has_health_facility":true,"_label":"Bara","_status_group":"unknown","_year":2025,"_year_label":"Source release year","_states":["Bauchi"]},"geometry":{"type":"Point","coordinates":[10.72808,10.37228]}},{"type":"Feature","properties":{"geohash":"s4p0gu5pqy","settlement_name":"Yana","state":"Bauchi","lga":"Shira","population":20793,"state_population_rank":26,"num_buildings":4287,"nightlight_signal":"nightlight_detected","distance_to_existing_transmission_lines":0.0,"distance_to_existing_hv_transmission_lines":26.25,"distance_to_gridlight_targets":0.0,"main_road_access":true,"dist_main_road_km":0.0,"has_education_facility":true,"has_health_facility":true,"_label":"Yana","_status_group":"unknown","_year":2025,"_year_label":"Source release year","_states":["Bauchi"]},"geometry":{"type":"Point","coordinates":[10.01296,11.40509]}},{"type":"Feature","properties":{"geohash":"s4p9jbup7q","settlement_name":"Lanzai East","state":"Bauchi","lga":"Darazo","population":20790,"state_population_rank":27,"num_buildings":4387,"nightlight_signal":"nightlight_detected","distance_to_existing_transmission_lines":0.0,"distance_to_existing_hv_transmission_lines":39.19,"distance_to_gridlight_targets":0.0,"main_road_access":true,"dist_main_road_km":0.0,"has_education_facility":true,"has_health_facility":true,"_label":"Lanzai East","_status_group":"unknown","_year":2025,"_year_label":"Source release year","_states":["Bauchi"]},"geometry":{"type":"Point","coordinates":[10.8052,11.43118]}},{"type":"Feature","properties":{"geohash":"s1z42md476","settlement_name":"Bauchi","state":"Bauchi","lga":"Bauchi","population":20365,"state_population_rank":28,"num_buildings":4291,"nightlight_signal":"nightlight_detected","distance_to_existing_transmission_lines":0.0,"distance_to_existing_hv_transmission_lines":0.94,"distance_to_gridlight_targets":0.0,"main_road_access":false,"dist_main_road_km":3.63,"has_education_facility":true,"has_health_facility":true,"_label":"Bauchi","_status_group":"unknown","_year":2025,"_year_label":"Source release year","_states":["Bauchi"]},"geometry":{"type":"Point","coordinates":[9.85762,10.26987]}},{"type":"Feature","properties":{"geohash":"s1yzfks9ye","settlement_name":"Nasaru B","state":"Bauchi","lga":"Ningi","population":20237,"state_population_rank":29,"num_buildings":4264,"nightlight_signal":"nightlight_detected","distance_to_existing_transmission_lines":0.0,"distance_to_existing_hv_transmission_lines":57.15,"distance_to_gridlight_targets":0.0,"main_road_access":true,"dist_main_road_km":0.0,"has_education_facility":true,"has_health_facility":true,"_label":"Nasaru B","_status_group":"unknown","_year":2025,"_year_label":"Source release year","_states":["Bauchi"]},"geometry":{"type":"Point","coordinates":[9.59753,11.23109]}},{"type":"Feature","properties":{"geohash":"s4pmgkxcwj","settlement_name":"Katagum","state":"Bauchi","lga":"Zaki","population":20187,"state_population_rank":30,"num_buildings":4336,"nightlight_signal":"nightlight_detected","distance_to_existing_transmission_lines":0.0,"distance_to_existing_hv_transmission_lines":39.76,"distance_to_gridlight_targets":0.0,"main_road_access":true,"dist_main_road_km":0.0,"has_education_facility":true,"has_health_facility":true,"_label":"Katagum","_status_group":"unknown","_year":2025,"_year_label":"Source release year","_states":["Bauchi"]},"geometry":{"type":"Point","coordinates":[10.34904,12.28575]}},{"type":"Feature","properties":{"geohash":"s4p8dfuk1v","settlement_name":"Sade East","state":"Bauchi","lga":"Darazo","population":19846,"state_population_rank":31,"num_buildings":4017,"nightlight_signal":"nightlight_detected","distance_to_existing_transmission_lines":0.0,"distance_to_existing_hv_transmission_lines":55.65,"distance_to_gridlight_targets":0.0,"main_road_access":true,"dist_main_road_km":0.0,"has_education_facility":true,"has_health_facility":true,"_label":"Sade East","_status_group":"unknown","_year":2025,"_year_label":"Source release year","_states":["Bauchi"]},"geometry":{"type":"Point","coordinates":[10.67364,11.35371]}},{"type":"Feature","properties":{"geohash":"s4p56wrxuj","settlement_name":"Itas","state":"Bauchi","lga":"Itas/Gadau","population":19144,"state_population_rank":32,"num_buildings":3919,"nightlight_signal":"nightlight_detected","distance_to_existing_transmission_lines":0.0,"distance_to_existing_hv_transmission_lines":18.73,"distance_to_gridlight_targets":0.0,"main_road_access":false,"dist_main_road_km":12.3,"has_education_facility":true,"has_health_facility":true,"_label":"Itas","_status_group":"unknown","_year":2025,"_year_label":"Source release year","_states":["Bauchi"]},"geometry":{"type":"Point","coordinates":[9.96409,11.85698]}},{"type":"Feature","properties":{"geohash":"s4pw5661wq","settlement_name":"Gololo North","state":"Bauchi","lga":"Gamawa","population":19069,"state_population_rank":33,"num_buildings":4139,"nightlight_signal":"nightlight_detected","distance_to_existing_transmission_lines":9.97,"distance_to_existing_hv_transmission_lines":73.84,"distance_to_gridlight_targets":0.0,"main_road_access":true,"dist_main_road_km":0.0,"has_education_facility":true,"has_health_facility":true,"_label":"Gololo North","_status_group":"unknown","_year":2025,"_year_label":"Source release year","_states":["Bauchi"]},"geometry":{"type":"Point","coordinates":[10.69272,12.31734]}},{"type":"Feature","properties":{"geohash":"s1yy4qq6bj","settlement_name":"Jangu","state":"Bauchi","lga":"Ningi","population":18897,"state_population_rank":34,"num_buildings":4337,"nightlight_signal":"nightlight_detected","distance_to_existing_transmission_lines":0.0,"distance_to_existing_hv_transmission_lines":75.75,"distance_to_gridlight_targets":0.0,"main_road_access":true,"dist_main_road_km":0.0,"has_education_facility":true,"has_health_facility":true,"_label":"Jangu","_status_group":"unknown","_year":2025,"_year_label":"Source release year","_states":["Bauchi"]},"geometry":{"type":"Point","coordinates":[9.59965,10.93327]}},{"type":"Feature","properties":{"geohash":"s4p91z9vxx","settlement_name":"Akuyam","state":"Bauchi","lga":"Misau","population":18799,"state_population_rank":35,"num_buildings":4162,"nightlight_signal":"nightlight_detected","distance_to_existing_transmission_lines":0.0,"distance_to_existing_hv_transmission_lines":53.74,"distance_to_gridlight_targets":0.0,"main_road_access":true,"dist_main_road_km":0.0,"has_education_facility":true,"has_health_facility":true,"_label":"Akuyam","_status_group":"unknown","_year":2025,"_year_label":"Source release year","_states":["Bauchi"]},"geometry":{"type":"Point","coordinates":[10.62651,11.46797]}},{"type":"Feature","properties":{"geohash":"s1xxzyxse9","settlement_name":"Futuk East","state":"Bauchi","lga":"Alkaleri","population":18783,"state_population_rank":36,"num_buildings":3845,"nightlight_signal":"nightlight_detected","distance_to_existing_transmission_lines":0.0,"distance_to_existing_hv_transmission_lines":35.55,"distance_to_gridlight_targets":0.0,"main_road_access":true,"dist_main_road_km":0.0,"has_education_facility":true,"has_health_facility":true,"_label":"Futuk East","_status_group":"unknown","_year":2025,"_year_label":"Source release year","_states":["Bauchi"]},"geometry":{"type":"Point","coordinates":[10.8979,9.83629]}},{"type":"Feature","properties":{"geohash":"s4pdx4v5t3","settlement_name":"Dagauda","state":"Bauchi","lga":"Damban","population":18741,"state_population_rank":37,"num_buildings":3943,"nightlight_signal":"nightlight_detected","distance_to_existing_transmission_lines":0.0,"distance_to_existing_hv_transmission_lines":22.01,"distance_to_gridlight_targets":0.0,"main_road_access":true,"dist_main_road_km":0.0,"has_education_facility":true,"has_health_facility":true,"_label":"Dagauda","_status_group":"unknown","_year":2025,"_year_label":"Source release year","_states":["Bauchi"]},"geometry":{"type":"Point","coordinates":[10.86159,11.70517]}},{"type":"Feature","properties":{"geohash":"s1yqdt3c4d","settlement_name":"Burra","state":"Bauchi","lga":"Ningi","population":18341,"state_population_rank":38,"num_buildings":3859,"nightlight_signal":"nightlight_detected","distance_to_existing_transmission_lines":0.0,"distance_to_existing_hv_transmission_lines":72.26,"distance_to_gridlight_targets":0.0,"main_road_access":false,"dist_main_road_km":4.4,"has_education_facility":true,"has_health_facility":true,"_label":"Burra","_status_group":"unknown","_year":2025,"_year_label":"Source release year","_states":["Bauchi"]},"geometry":{"type":"Point","coordinates":[8.90144,11.01535]}},{"type":"Feature","properties":{"geohash":"s1yy3ych37","settlement_name":"Ari","state":"Bauchi","lga":"Ningi","population":17679,"state_population_rank":39,"num_buildings":4157,"nightlight_signal":"nightlight_detected","distance_to_existing_transmission_lines":0.0,"distance_to_existing_hv_transmission_lines":81.53,"distance_to_gridlight_targets":0.0,"main_road_access":true,"dist_main_road_km":0.0,"has_education_facility":true,"has_health_facility":true,"_label":"Ari","_status_group":"unknown","_year":2025,"_year_label":"Source release year","_states":["Bauchi"]},"geometry":{"type":"Point","coordinates":[9.57053,10.98021]}},{"type":"Feature","properties":{"geohash":"s4p0drzegq","settlement_name":"Faggo A","state":"Bauchi","lga":"Shira","population":17360,"state_population_rank":40,"num_buildings":4082,"nightlight_signal":"nightlight_detected","distance_to_existing_transmission_lines":4.06,"distance_to_existing_hv_transmission_lines":28.95,"distance_to_gridlight_targets":0.0,"main_road_access":false,"dist_main_road_km":4.06,"has_education_facility":true,"has_health_facility":false,"_label":"Faggo A","_status_group":"unknown","_year":2025,"_year_label":"Source release year","_states":["Bauchi"]},"geometry":{"type":"Point","coordinates":[9.95307,11.38114]}},{"type":"Feature","properties":{"geohash":"s0us05esu4","settlement_name":"Yenegoa","state":"Bayelsa","lga":"Yenegoa","population":446909,"state_population_rank":1,"num_buildings":92407,"nightlight_signal":"nightlight_detected","distance_to_existing_transmission_lines":0.0,"distance_to_existing_hv_transmission_lines":2.42,"distance_to_gridlight_targets":0.0,"main_road_access":true,"dist_main_road_km":0.0,"has_education_facility":true,"has_health_facility":true,"_label":"Yenegoa","_status_group":"unknown","_year":2025,"_year_label":"Source release year","_states":["Bayelsa"]},"geometry":{"type":"Point","coordinates":[6.33311,4.94193]}},{"type":"Feature","properties":{"geohash":"s0uk6cnj60","settlement_name":"Amassoma","state":"Bayelsa","lga":"Southern Ijaw","population":25039,"state_population_rank":2,"num_buildings":5061,"nightlight_signal":"nightlight_detected","distance_to_existing_transmission_lines":0.0,"distance_to_existing_hv_transmission_lines":18.57,"distance_to_gridlight_targets":0.0,"main_road_access":false,"dist_main_road_km":16.45,"has_education_facility":true,"has_health_facility":true,"_label":"Amassoma","_status_group":"unknown","_year":2025,"_year_label":"Source release year","_states":["Bayelsa"]},"geometry":{"type":"Point","coordinates":[6.10574,4.97222]}},{"type":"Feature","properties":{"geohash":"s0us8n4tcy","settlement_name":"Yenegoa","state":"Bayelsa","lga":"Yenegoa","population":22585,"state_population_rank":3,"num_buildings":5039,"nightlight_signal":"nightlight_detected","distance_to_existing_transmission_lines":0.0,"distance_to_existing_hv_transmission_lines":0.0,"distance_to_gridlight_targets":0.0,"main_road_access":false,"dist_main_road_km":3.68,"has_education_facility":true,"has_health_facility":true,"_label":"Yenegoa","_status_group":"unknown","_year":2025,"_year_label":"Source release year","_states":["Bayelsa"]},"geometry":{"type":"Point","coordinates":[6.33164,5.04375]}},{"type":"Feature","properties":{"geohash":"s0u9c9x1tp","settlement_name":"Nembe","state":"Bayelsa","lga":"Nembe","population":21628,"state_population_rank":4,"num_buildings":4524,"nightlight_signal":"nightlight_detected","distance_to_existing_transmission_lines":0.0,"distance_to_existing_hv_transmission_lines":49.96,"distance_to_gridlight_targets":0.0,"main_road_access":false,"dist_main_road_km":39.04,"has_education_facility":true,"has_health_facility":true,"_label":"Nembe","_status_group":"unknown","_year":2025,"_year_label":"Source release year","_states":["Bayelsa"]},"geometry":{"type":"Point","coordinates":[6.40388,4.53491]}},{"type":"Feature","properties":{"geohash":"s0u7yq1g9f","settlement_name":"Yenegoa","state":"Bayelsa","lga":"Yenegoa","population":19460,"state_population_rank":5,"num_buildings":4362,"nightlight_signal":"nightlight_detected","distance_to_existing_transmission_lines":0.0,"distance_to_existing_hv_transmission_lines":8.6,"distance_to_gridlight_targets":0.0,"main_road_access":false,"dist_main_road_km":1.32,"has_education_facility":true,"has_health_facility":true,"_label":"Yenegoa","_status_group":"unknown","_year":2025,"_year_label":"Source release year","_states":["Bayelsa"]},"geometry":{"type":"Point","coordinates":[6.2537,4.9115]}},{"type":"Feature","properties":{"geohash":"s0u2w1k13s","settlement_name":"Brass","state":"Bayelsa","lga":"Brass","population":18885,"state_population_rank":6,"num_buildings":3828,"nightlight_signal":"nightlight_detected","distance_to_existing_transmission_lines":27.69,"distance_to_existing_hv_transmission_lines":73.4,"distance_to_gridlight_targets":0.0,"main_road_access":false,"dist_main_road_km":62.48,"has_education_facility":true,"has_health_facility":true,"_label":"Brass","_status_group":"unknown","_year":2025,"_year_label":"Source release year","_states":[]},"geometry":{"type":"Point","coordinates":[6.2458,4.31375]}},{"type":"Feature","properties":{"geohash":"s0umm48hgr","settlement_name":"Sagbama","state":"Bayelsa","lga":"Sagbama","population":15738,"state_population_rank":7,"num_buildings":3208,"nightlight_signal":"nightlight_detected","distance_to_existing_transmission_lines":0.0,"distance_to_existing_hv_transmission_lines":17.44,"distance_to_gridlight_targets":0.0,"main_road_access":false,"dist_main_road_km":2.15,"has_education_facility":true,"has_health_facility":true,"_label":"Sagbama","_status_group":"unknown","_year":2025,"_year_label":"Source release year","_states":["Bayelsa"]},"geometry":{"type":"Point","coordinates":[6.19643,5.15619]}},{"type":"Feature","properties":{"geohash":"s0u7r8w99b","settlement_name":"Otuoke","state":"Bayelsa","lga":"Ogbia","population":13576,"state_population_rank":8,"num_buildings":3067,"nightlight_signal":"nightlight_detected","distance_to_existing_transmission_lines":0.0,"distance_to_existing_hv_transmission_lines":19.79,"distance_to_gridlight_targets":0.0,"main_road_access":false,"dist_main_road_km":8.91,"has_education_facility":true,"has_health_facility":true,"_label":"Otuoke","_status_group":"unknown","_year":2025,"_year_label":"Source release year","_states":["Bayelsa"]},"geometry":{"type":"Point","coordinates":[6.31516,4.79305]}},{"type":"Feature","properties":{"geohash":"s0usf9c052","settlement_name":"Yenegoa","state":"Bayelsa","lga":"Yenegoa","population":12647,"state_population_rank":9,"num_buildings":2657,"nightlight_signal":"no_nightlight_detected","distance_to_existing_transmission_lines":0.0,"distance_to_existing_hv_transmission_lines":7.62,"distance_to_gridlight_targets":2.039,"main_road_access":true,"dist_main_road_km":0.0,"has_education_facility":true,"has_health_facility":true,"_label":"Yenegoa","_status_group":"unknown","_year":2025,"_year_label":"Source release year","_states":["Bayelsa"]},"geometry":{"type":"Point","coordinates":[6.43951,5.06333]}},{"type":"Feature","properties":{"geohash":"s0umrmdqcg","settlement_name":"Odi","state":"Bayelsa","lga":"Kolokuma/Opokuma","population":12108,"state_population_rank":10,"num_buildings":2529,"nightlight_signal":"nightlight_detected","distance_to_existing_transmission_lines":0.0,"distance_to_existing_hv_transmission_lines":12.39,"distance_to_gridlight_targets":0.0,"main_road_access":false,"dist_main_road_km":2.98,"has_education_facility":true,"has_health_facility":true,"_label":"Odi","_status_group":"unknown","_year":2025,"_year_label":"Source release year","_states":["Bayelsa"]},"geometry":{"type":"Point","coordinates":[6.29834,5.17299]}},{"type":"Feature","properties":{"geohash":"s0ump7hd2j","settlement_name":"Kaiama","state":"Bayelsa","lga":"Kolokuma/Opokuma","population":10617,"state_population_rank":11,"num_buildings":2149,"nightlight_signal":"nightlight_detected","distance_to_existing_transmission_lines":0.0,"distance_to_existing_hv_transmission_lines":6.86,"distance_to_gridlight_targets":0.0,"main_road_access":true,"dist_main_road_km":0.0,"has_education_facility":true,"has_health_facility":true,"_label":"Kaiama","_status_group":"unknown","_year":2025,"_year_label":"Source release year","_states":["Bayelsa"]},"geometry":{"type":"Point","coordinates":[6.30135,5.11455]}},{"type":"Feature","properties":{"geohash":"s0u2rpn0r9","settlement_name":"Okpoma","state":"Bayelsa","lga":"Brass","population":9163,"state_population_rank":12,"num_buildings":1860,"nightlight_signal":"nightlight_detected","distance_to_existing_transmission_lines":27.14,"distance_to_existing_hv_transmission_lines":75.31,"distance_to_gridlight_targets":0.0,"main_road_access":false,"dist_main_road_km":64.35,"has_education_facility":true,"has_health_facility":true,"_label":"Okpoma","_status_group":"unknown","_year":2025,"_year_label":"Source release year","_states":["Bayelsa"]},"geometry":{"type":"Point","coordinates":[6.29274,4.3012]}},{"type":"Feature","properties":{"geohash":"s0uhg88pqc","settlement_name":"Ekeremor","state":"Bayelsa","lga":"Ekeremor","population":9097,"state_population_rank":13,"num_buildings":1844,"nightlight_signal":"no_nightlight_detected","distance_to_existing_transmission_lines":0.0,"distance_to_existing_hv_transmission_lines":46.29,"distance_to_gridlight_targets":6.631,"main_road_access":false,"dist_main_road_km":12.41,"has_education_facility":true,"has_health_facility":true,"_label":"Ekeremor","_status_group":"unknown","_year":2025,"_year_label":"Source release year","_states":["Bayelsa"]},"geometry":{"type":"Point","coordinates":[5.7791,5.05771]}},{"type":"Feature","properties":{"geohash":"s0ukqtx6tt","settlement_name":"Yenegoa","state":"Bayelsa","lga":"Yenegoa","population":8809,"state_population_rank":14,"num_buildings":1878,"nightlight_signal":"no_nightlight_detected","distance_to_existing_transmission_lines":0.0,"distance_to_existing_hv_transmission_lines":0.88,"distance_to_gridlight_targets":1.216,"main_road_access":false,"dist_main_road_km":4.82,"has_education_facility":true,"has_health_facility":true,"_label":"Yenegoa","_status_group":"unknown","_year":2025,"_year_label":"Source release year","_states":["Bayelsa"]},"geometry":{"type":"Point","coordinates":[6.27241,4.99649]}},{"type":"Feature","properties":{"geohash":"s0ukwjsuwt","settlement_name":"Location #2258","state":"Bayelsa","lga":"Kolokuma/Opokuma","population":8493,"state_population_rank":15,"num_buildings":1827,"nightlight_signal":"nightlight_detected","distance_to_existing_transmission_lines":0.0,"distance_to_existing_hv_transmission_lines":5.01,"distance_to_gridlight_targets":0.0,"main_road_access":false,"dist_main_road_km":8.99,"has_education_facility":true,"has_health_facility":true,"_label":"Location #2258","_status_group":"unknown","_year":2025,"_year_label":"Source release year","_states":["Bayelsa"]},"geometry":{"type":"Point","coordinates":[6.24704,5.04078]}},{"type":"Feature","properties":{"geohash":"s0u6xtpqb1","settlement_name":"Ogbia","state":"Bayelsa","lga":"Ogbia","population":8473,"state_population_rank":16,"num_buildings":1757,"nightlight_signal":"no_nightlight_detected","distance_to_existing_transmission_lines":0.0,"distance_to_existing_hv_transmission_lines":32.32,"distance_to_gridlight_targets":4.766,"main_road_access":false,"dist_main_road_km":21.37,"has_education_facility":true,"has_health_facility":true,"_label":"Ogbia","_status_group":"unknown","_year":2025,"_year_label":"Source release year","_states":["Bayelsa"]},"geometry":{"type":"Point","coordinates":[6.31612,4.68684]}},{"type":"Feature","properties":{"geohash":"s0ue9h18j1","settlement_name":"Location #2403","state":"Bayelsa","lga":"Ogbia","population":8002,"state_population_rank":17,"num_buildings":1724,"nightlight_signal":"nightlight_detected","distance_to_existing_transmission_lines":0.0,"distance_to_existing_hv_transmission_lines":14.26,"distance_to_gridlight_targets":0.0,"main_road_access":false,"dist_main_road_km":4.62,"has_education_facility":true,"has_health_facility":true,"_label":"Location #2403","_status_group":"unknown","_year":2025,"_year_label":"Source release year","_states":["Bayelsa"]},"geometry":{"type":"Point","coordinates":[6.37435,4.85596]}},{"type":"Feature","properties":{"geohash":"s0uhveebvt","settlement_name":"Aleibri","state":"Bayelsa","lga":"Ekeremor","population":7669,"state_population_rank":18,"num_buildings":1550,"nightlight_signal":"nightlight_detected","distance_to_existing_transmission_lines":0.0,"distance_to_existing_hv_transmission_lines":45.64,"distance_to_gridlight_targets":0.0,"main_road_access":false,"dist_main_road_km":9.7,"has_education_facility":true,"has_health_facility":true,"_label":"Aleibri","_status_group":"unknown","_year":2025,"_year_label":"Source release year","_states":["Bayelsa"]},"geometry":{"type":"Point","coordinates":[5.87209,5.0731]}},{"type":"Feature","properties":{"geohash":"s0u29gvg61","settlement_name":"Akassa","state":"Bayelsa","lga":"Brass","population":7520,"state_population_rank":19,"num_buildings":1535,"nightlight_signal":"nightlight_detected","distance_to_existing_transmission_lines":42.46,"distance_to_existing_hv_transmission_lines":77.14,"distance_to_gridlight_targets":0.0,"main_road_access":false,"dist_main_road_km":67.33,"has_education_facility":true,"has_health_facility":true,"_label":"Akassa","_status_group":"unknown","_year":2025,"_year_label":"Source release year","_states":["Bayelsa"]},"geometry":{"type":"Point","coordinates":[6.06145,4.3278]}},{"type":"Feature","properties":{"geohash":"s0ue8kmt1q","settlement_name":"Location #2897","state":"Bayelsa","lga":"Ogbia","population":7013,"state_population_rank":20,"num_buildings":1482,"nightlight_signal":"nightlight_detected","distance_to_existing_transmission_lines":0.0,"distance_to_existing_hv_transmission_lines":13.71,"distance_to_gridlight_targets":0.0,"main_road_access":false,"dist_main_road_km":2.9,"has_education_facility":true,"has_health_facility":true,"_label":"Location #2897","_status_group":"unknown","_year":2025,"_year_label":"Source release year","_states":["Bayelsa"]},"geometry":{"type":"Point","coordinates":[6.34673,4.85823]}},{"type":"Feature","properties":{"geohash":"s0utuf1j7w","settlement_name":"Yenegoa","state":"Bayelsa","lga":"Yenegoa","population":7004,"state_population_rank":21,"num_buildings":1647,"nightlight_signal":"no_nightlight_detected","distance_to_existing_transmission_lines":5.72,"distance_to_existing_hv_transmission_lines":10.12,"distance_to_gridlight_targets":4.775,"main_road_access":false,"dist_main_road_km":10.41,"has_education_facility":true,"has_health_facility":true,"_label":"Yenegoa","_status_group":"unknown","_year":2025,"_year_label":"Source release year","_states":["Bayelsa"]},"geometry":{"type":"Point","coordinates":[6.53839,5.24141]}},{"type":"Feature","properties":{"geohash":"s0u2kzgt9r","settlement_name":"Egwema Pogu","state":"Bayelsa","lga":"Brass","population":5705,"state_population_rank":22,"num_buildings":1265,"nightlight_signal":"nightlight_detected","distance_to_existing_transmission_lines":33.27,"distance_to_existing_hv_transmission_lines":76.3,"distance_to_gridlight_targets":0.0,"main_road_access":false,"dist_main_road_km":65.51,"has_education_facility":true,"has_health_facility":true,"_label":"Egwema Pogu","_status_group":"unknown","_year":2025,"_year_label":"Source release year","_states":["Bayelsa"]},"geometry":{"type":"Point","coordinates":[6.19017,4.30625]}},{"type":"Feature","properties":{"geohash":"s0ue34f5vv","settlement_name":"Location #3815","state":"Bayelsa","lga":"Ogbia","population":5557,"state_population_rank":23,"num_buildings":1171,"nightlight_signal":"no_nightlight_detected","distance_to_existing_transmission_lines":0.0,"distance_to_existing_hv_transmission_lines":19.76,"distance_to_gridlight_targets":2.886,"main_road_access":false,"dist_main_road_km":9.17,"has_education_facility":true,"has_health_facility":true,"_label":"Location #3815","_status_group":"unknown","_year":2025,"_year_label":"Source release year","_states":["Bayelsa"]},"geometry":{"type":"Point","coordinates":[6.37507,4.80582]}},{"type":"Feature","properties":{"geohash":"s0uh26h8n0","settlement_name":"Akarino","state":"Bayelsa","lga":"Ekeremor","population":5329,"state_population_rank":24,"num_buildings":1105,"nightlight_signal":"no_nightlight_detected","distance_to_existing_transmission_lines":13.73,"distance_to_existing_hv_transmission_lines":57.22,"distance_to_gridlight_targets":4.605,"main_road_access":false,"dist_main_road_km":27.77,"has_education_facility":true,"has_health_facility":true,"_label":"Akarino","_status_group":"unknown","_year":2025,"_year_label":"Source release year","_states":["Bayelsa"]},"geometry":{"type":"Point","coordinates":[5.64243,4.97681]}},{"type":"Feature","properties":{"geohash":"s0u28jn2f6","settlement_name":"Sangana","state":"Bayelsa","lga":"Brass","population":5252,"state_population_rank":25,"num_buildings":1086,"nightlight_signal":"nightlight_detected","distance_to_existing_transmission_lines":49.09,"distance_to_existing_hv_transmission_lines":79.91,"distance_to_gridlight_targets":0.0,"main_road_access":false,"dist_main_road_km":70.78,"has_education_facility":true,"has_health_facility":true,"_label":"Sangana","_status_group":"unknown","_year":2025,"_year_label":"Source release year","_states":["Bayelsa"]},"geometry":{"type":"Point","coordinates":[5.98525,4.33425]}},{"type":"Feature","properties":{"geohash":"s0u7w8pmye","settlement_name":"Otuokpot","state":"Bayelsa","lga":"Ogbia","population":5206,"state_population_rank":26,"num_buildings":1135,"nightlight_signal":"nightlight_detected","distance_to_existing_transmission_lines":0.0,"distance_to_existing_hv_transmission_lines":16.48,"distance_to_gridlight_targets":0.0,"main_road_access":false,"dist_main_road_km":6.66,"has_education_facility":true,"has_health_facility":true,"_label":"Otuokpot","_status_group":"unknown","_year":2025,"_year_label":"Source release year","_states":["Bayelsa"]},"geometry":{"type":"Point","coordinates":[6.27245,4.83499]}},{"type":"Feature","properties":{"geohash":"s0ujpurdw0","settlement_name":"Location #4041","state":"Bayelsa","lga":"Sagbama","population":5143,"state_population_rank":27,"num_buildings":1118,"nightlight_signal":"no_nightlight_detected","distance_to_existing_transmission_lines":0.0,"distance_to_existing_hv_transmission_lines":36.39,"distance_to_gridlight_targets":4.34,"main_road_access":false,"dist_main_road_km":2.34,"has_education_facility":true,"has_health_facility":true,"_label":"Location #4041","_status_group":"unknown","_year":2025,"_year_label":"Source release year","_states":["Bayelsa"]},"geometry":{"type":"Point","coordinates":[5.97614,5.12143]}},{"type":"Feature","properties":{"geohash":"s0uhh2jkgd","settlement_name":"Egbemanagalabiri","state":"Bayelsa","lga":"Ekeremor","population":4790,"state_population_rank":28,"num_buildings":1038,"nightlight_signal":"nightlight_detected","distance_to_existing_transmission_lines":13.44,"distance_to_existing_hv_transmission_lines":52.22,"distance_to_gridlight_targets":0.0,"main_road_access":false,"dist_main_road_km":26.8,"has_education_facility":true,"has_health_facility":true,"_label":"Egbemanagalabiri","_status_group":"unknown","_year":2025,"_year_label":"Source release year","_states":["Bayelsa"]},"geometry":{"type":"Point","coordinates":[5.81913,4.9227]}},{"type":"Feature","properties":{"geohash":"s0uecx3vxf","settlement_name":"Oruma","state":"Bayelsa","lga":"Ogbia","population":4769,"state_population_rank":29,"num_buildings":1086,"nightlight_signal":"nightlight_detected","distance_to_existing_transmission_lines":0.0,"distance_to_existing_hv_transmission_lines":10.15,"distance_to_gridlight_targets":0.0,"main_road_access":false,"dist_main_road_km":4.77,"has_education_facility":true,"has_health_facility":true,"_label":"Oruma","_status_group":"unknown","_year":2025,"_year_label":"Source release year","_states":["Bayelsa"]},"geometry":{"type":"Point","coordinates":[6.39679,4.91871]}},{"type":"Feature","properties":{"geohash":"s0utc68146","settlement_name":"Odoni","state":"Bayelsa","lga":"Sagbama","population":4492,"state_population_rank":30,"num_buildings":908,"nightlight_signal":"nightlight_detected","distance_to_existing_transmission_lines":4.93,"distance_to_existing_hv_transmission_lines":20.57,"distance_to_gridlight_targets":0.0,"main_road_access":false,"dist_main_road_km":13.27,"has_education_facility":true,"has_health_facility":true,"_label":"Odoni","_status_group":"unknown","_year":2025,"_year_label":"Source release year","_states":["Bayelsa"]},"geometry":{"type":"Point","coordinates":[6.38316,5.24341]}},{"type":"Feature","properties":{"geohash":"s0guxmkmsu","settlement_name":"Ndoro (II)","state":"Bayelsa","lga":"Ekeremor","population":4470,"state_population_rank":31,"num_buildings":927,"nightlight_signal":"no_nightlight_detected","distance_to_existing_transmission_lines":14.93,"distance_to_existing_hv_transmission_lines":52.83,"distance_to_gridlight_targets":4.999,"main_road_access":false,"dist_main_road_km":26.28,"has_education_facility":true,"has_health_facility":true,"_label":"Ndoro (II)","_status_group":"unknown","_year":2025,"_year_label":"Source release year","_states":["Delta"]},"geometry":{"type":"Point","coordinates":[5.59809,5.03957]}},{"type":"Feature","properties":{"geohash":"s0uhv4jn9y","settlement_name":"Isampo","state":"Bayelsa","lga":"Ekeremor","population":4317,"state_population_rank":32,"num_buildings":983,"nightlight_signal":"nightlight_detected","distance_to_existing_transmission_lines":0.13,"distance_to_existing_hv_transmission_lines":46.29,"distance_to_gridlight_targets":0.0,"main_road_access":false,"dist_main_road_km":10.78,"has_education_facility":true,"has_health_facility":true,"_label":"Isampo","_status_group":"unknown","_year":2025,"_year_label":"Source release year","_states":["Bayelsa"]},"geometry":{"type":"Point","coordinates":[5.85168,5.06585]}},{"type":"Feature","properties":{"geohash":"s0gv4y0gzm","settlement_name":"Agge","state":"Bayelsa","lga":"Ekeremor","population":4194,"state_population_rank":33,"num_buildings":943,"nightlight_signal":"nightlight_detected","distance_to_existing_transmission_lines":0.41,"distance_to_existing_hv_transmission_lines":56.04,"distance_to_gridlight_targets":0.0,"main_road_access":false,"dist_main_road_km":42.8,"has_education_facility":true,"has_health_facility":true,"_label":"Agge","_status_group":"unknown","_year":2025,"_year_label":"Source release year","_states":[]},"geometry":{"type":"Point","coordinates":[5.39563,5.13129]}},{"type":"Feature","properties":{"geohash":"s0udg4tuj8","settlement_name":"Kugbo","state":"Bayelsa","lga":"Nembe","population":4092,"state_population_rank":34,"num_buildings":827,"nightlight_signal":"no_nightlight_detected","distance_to_existing_transmission_lines":8.09,"distance_to_existing_hv_transmission_lines":33.3,"distance_to_gridlight_targets":10.817,"main_road_access":false,"dist_main_road_km":23.36,"has_education_facility":true,"has_health_facility":true,"_label":"Kugbo","_status_group":"unknown","_year":2025,"_year_label":"Source release year","_states":["Bayelsa"]},"geometry":{"type":"Point","coordinates":[6.4681,4.71657]}},{"type":"Feature","properties":{"geohash":"s0ukcqxwpn","settlement_name":"Angalabri","state":"Bayelsa","lga":"Sagbama","population":3981,"state_population_rank":35,"num_buildings":936,"nightlight_signal":"nightlight_detected","distance_to_existing_transmission_lines":0.0,"distance_to_existing_hv_transmission_lines":28.83,"distance_to_gridlight_targets":0.0,"main_road_access":false,"dist_main_road_km":6.09,"has_education_facility":true,"has_health_facility":true,"_label":"Angalabri","_status_group":"unknown","_year":2025,"_year_label":"Source release year","_states":["Bayelsa"]},"geometry":{"type":"Point","coordinates":[6.0421,5.09048]}},{"type":"Feature","properties":{"geohash":"s0uh69zd4x","settlement_name":"Tomogbene","state":"Bayelsa","lga":"Ekeremor","population":3978,"state_population_rank":36,"num_buildings":916,"nightlight_signal":"no_nightlight_detected","distance_to_existing_transmission_lines":8.16,"distance_to_existing_hv_transmission_lines":56.44,"distance_to_gridlight_targets":2.643,"main_road_access":false,"dist_main_road_km":23.2,"has_education_facility":true,"has_health_facility":true,"_label":"Tomogbene","_status_group":"unknown","_year":2025,"_year_label":"Source release year","_states":["Bayelsa"]},"geometry":{"type":"Point","coordinates":[5.74527,4.97582]}},{"type":"Feature","properties":{"geohash":"s0u5ry85em","settlement_name":"Ogbeinbiri","state":"Bayelsa","lga":"Southern Ijaw","population":3759,"state_population_rank":37,"num_buildings":811,"nightlight_signal":"no_nightlight_detected","distance_to_existing_transmission_lines":20.17,"distance_to_existing_hv_transmission_lines":39.84,"distance_to_gridlight_targets":10.464,"main_road_access":false,"dist_main_road_km":34.54,"has_education_facility":true,"has_health_facility":true,"_label":"Ogbeinbiri","_status_group":"unknown","_year":2025,"_year_label":"Source release year","_states":["Bayelsa"]},"geometry":{"type":"Point","coordinates":[5.96572,4.82638]}},{"type":"Feature","properties":{"geohash":"s0um538j3s","settlement_name":"Arua","state":"Bayelsa","lga":"Sagbama","population":3756,"state_population_rank":38,"num_buildings":770,"nightlight_signal":"nightlight_detected","distance_to_existing_transmission_lines":0.0,"distance_to_existing_hv_transmission_lines":21.41,"distance_to_gridlight_targets":0.0,"main_road_access":false,"dist_main_road_km":10.5,"has_education_facility":true,"has_health_facility":true,"_label":"Arua","_status_group":"unknown","_year":2025,"_year_label":"Source release year","_states":["Bayelsa"]},"geometry":{"type":"Point","coordinates":[6.11946,5.10682]}},{"type":"Feature","properties":{"geohash":"s0uk7jx7hq","settlement_name":"Ogoubiri","state":"Bayelsa","lga":"Southern Ijaw","population":3719,"state_population_rank":39,"num_buildings":787,"nightlight_signal":"nightlight_detected","distance_to_existing_transmission_lines":0.0,"distance_to_existing_hv_transmission_lines":18.55,"distance_to_gridlight_targets":0.0,"main_road_access":false,"dist_main_road_km":17.53,"has_education_facility":true,"has_health_facility":true,"_label":"Ogoubiri","_status_group":"unknown","_year":2025,"_year_label":"Source release year","_states":["Bayelsa"]},"geometry":{"type":"Point","coordinates":[6.11855,4.99658]}},{"type":"Feature","properties":{"geohash":"s0u69ppkrk","settlement_name":"Olugbobiri","state":"Bayelsa","lga":"Southern Ijaw","population":3691,"state_population_rank":40,"num_buildings":746,"nightlight_signal":"nightlight_detected","distance_to_existing_transmission_lines":27.14,"distance_to_existing_hv_transmission_lines":43.02,"distance_to_gridlight_targets":0.0,"main_road_access":false,"dist_main_road_km":35.5,"has_education_facility":true,"has_health_facility":true,"_label":"Olugbobiri","_status_group":"unknown","_year":2025,"_year_label":"Source release year","_states":["Bayelsa"]},"geometry":{"type":"Point","coordinates":[6.03078,4.69741]}},{"type":"Feature","properties":{"geohash":"s1q5f387rq","settlement_name":"Markurdi","state":"Benue","lga":"Makurdi","population":723631,"state_population_rank":1,"num_buildings":151584,"nightlight_signal":"nightlight_detected","distance_to_existing_transmission_lines":0.0,"distance_to_existing_hv_transmission_lines":0.0,"distance_to_gridlight_targets":0.0,"main_road_access":true,"dist_main_road_km":0.0,"has_education_facility":true,"has_health_facility":true,"_label":"Markurdi","_status_group":"unknown","_year":2025,"_year_label":"Source release year","_states":["Benue"]},"geometry":{"type":"Point","coordinates":[8.53704,7.69926]}},{"type":"Feature","properties":{"geohash":"s1q3sy5723","settlement_name":"Location #46","state":"Benue","lga":"Gboko","population":482741,"state_population_rank":2,"num_buildings":101122,"nightlight_signal":"nightlight_detected","distance_to_existing_transmission_lines":0.0,"distance_to_existing_hv_transmission_lines":0.0,"distance_to_gridlight_targets":0.0,"main_road_access":true,"dist_main_road_km":0.0,"has_education_facility":true,"has_health_facility":true,"_label":"Location #46","_status_group":"unknown","_year":2025,"_year_label":"Source release year","_states":["Benue"]},"geometry":{"type":"Point","coordinates":[9.00228,7.32845]}},{"type":"Feature","properties":{"geohash":"s1mbcnfc7u","settlement_name":"Oturkpo","state":"Benue","lga":"Oturkpo","population":239465,"state_population_rank":3,"num_buildings":49872,"nightlight_signal":"nightlight_detected","distance_to_existing_transmission_lines":0.0,"distance_to_existing_hv_transmission_lines":0.0,"distance_to_gridlight_targets":0.0,"main_road_access":true,"dist_main_road_km":0.0,"has_education_facility":true,"has_health_facility":true,"_label":"Oturkpo","_status_group":"unknown","_year":2025,"_year_label":"Source release year","_states":["Benue"]},"geometry":{"type":"Point","coordinates":[8.13382,7.2004]}},{"type":"Feature","properties":{"geohash":"s1qfdwwfjj","settlement_name":"Zaki Biam","state":"Benue","lga":"Ukum","population":206150,"state_population_rank":4,"num_buildings":43950,"nightlight_signal":"nightlight_detected","distance_to_existing_transmission_lines":0.0,"distance_to_existing_hv_transmission_lines":13.84,"distance_to_gridlight_targets":0.0,"main_road_access":true,"dist_main_road_km":0.0,"has_education_facility":true,"has_health_facility":true,"_label":"Zaki Biam","_status_group":"unknown","_year":2025,"_year_label":"Source release year","_states":["Benue"]},"geometry":{"type":"Point","coordinates":[9.61154,7.50678]}},{"type":"Feature","properties":{"geohash":"s1qh4yg7ge","settlement_name":"Markurdi","state":"Benue","lga":"Makurdi","population":168044,"state_population_rank":5,"num_buildings":35880,"nightlight_signal":"nightlight_detected","distance_to_existing_transmission_lines":0.0,"distance_to_existing_hv_transmission_lines":0.3,"distance_to_gridlight_targets":0.0,"main_road_access":true,"dist_main_road_km":0.0,"has_education_facility":true,"has_health_facility":true,"_label":"Markurdi","_status_group":"unknown","_year":2025,"_year_label":"Source release year","_states":["Benue"]},"geometry":{"type":"Point","coordinates":[8.56297,7.77212]}},{"type":"Feature","properties":{"geohash":"s1q8g93k9w","settlement_name":"Katsina Ala","state":"Benue","lga":"Katsina-Ala","population":129703,"state_population_rank":6,"num_buildings":28238,"nightlight_signal":"nightlight_detected","distance_to_existing_transmission_lines":0.0,"distance_to_existing_hv_transmission_lines":26.74,"distance_to_gridlight_targets":0.0,"main_road_access":true,"dist_main_road_km":0.0,"has_education_facility":true,"has_health_facility":true,"_label":"Katsina Ala","_status_group":"unknown","_year":2025,"_year_label":"Source release year","_states":["Benue"]},"geometry":{"type":"Point","coordinates":[9.29622,7.17076]}},{"type":"Feature","properties":{"geohash":"s1nx4q61gx","settlement_name":"Location #151","state":"Benue","lga":"Kwande","population":100060,"state_population_rank":7,"num_buildings":21524,"nightlight_signal":"nightlight_detected","distance_to_existing_transmission_lines":0.0,"distance_to_existing_hv_transmission_lines":51.62,"distance_to_gridlight_targets":0.0,"main_road_access":true,"dist_main_road_km":0.0,"has_education_facility":true,"has_health_facility":true,"_label":"Location #151","_status_group":"unknown","_year":2025,"_year_label":"Source release year","_states":["Benue"]},"geometry":{"type":"Point","coordinates":[9.2424,6.89014]}},{"type":"Feature","properties":{"geohash":"s1nqwnpwyk","settlement_name":"Vandeikya Town","state":"Benue","lga":"Vandeikya","population":95045,"state_population_rank":8,"num_buildings":20914,"nightlight_signal":"nightlight_detected","distance_to_existing_transmission_lines":0.0,"distance_to_existing_hv_transmission_lines":51.7,"distance_to_gridlight_targets":0.0,"main_road_access":true,"dist_main_road_km":0.0,"has_education_facility":true,"has_health_facility":true,"_label":"Vandeikya Town","_status_group":"unknown","_year":2025,"_year_label":"Source release year","_states":["Benue"]},"geometry":{"type":"Point","coordinates":[9.06331,6.80172]}},{"type":"Feature","properties":{"geohash":"s1m2qhckgn","settlement_name":"Location #156","state":"Benue","lga":"Ogbadibo","population":93488,"state_population_rank":9,"num_buildings":21054,"nightlight_signal":"nightlight_detected","distance_to_existing_transmission_lines":0.0,"distance_to_existing_hv_transmission_lines":0.0,"distance_to_gridlight_targets":0.0,"main_road_access":true,"dist_main_road_km":0.0,"has_education_facility":true,"has_health_facility":true,"_label":"Location #156","_status_group":"unknown","_year":2025,"_year_label":"Source release year","_states":["Benue"]},"geometry":{"type":"Point","coordinates":[7.64834,7.10214]}},{"type":"Feature","properties":{"geohash":"s1q18bu6vy","settlement_name":"Aliade","state":"Benue","lga":"Gwer East","population":89024,"state_population_rank":10,"num_buildings":18703,"nightlight_signal":"nightlight_detected","distance_to_existing_transmission_lines":0.0,"distance_to_existing_hv_transmission_lines":0.0,"distance_to_gridlight_targets":0.0,"main_road_access":true,"dist_main_road_km":0.0,"has_education_facility":true,"has_health_facility":true,"_label":"Aliade","_status_group":"unknown","_year":2025,"_year_label":"Source release year","_states":["Benue"]},"geometry":{"type":"Point","coordinates":[8.47654,7.29955]}},{"type":"Feature","properties":{"geohash":"s1qdsybd5u","settlement_name":"Ugba","state":"Benue","lga":"Logo","population":80819,"state_population_rank":11,"num_buildings":16979,"nightlight_signal":"nightlight_detected","distance_to_existing_transmission_lines":0.0,"distance_to_existing_hv_transmission_lines":0.0,"distance_to_gridlight_targets":0.0,"main_road_access":true,"dist_main_road_km":0.0,"has_education_facility":true,"has_health_facility":true,"_label":"Ugba","_status_group":"unknown","_year":2025,"_year_label":"Source release year","_states":["Benue"]},"geometry":{"type":"Point","coordinates":[9.35022,7.50815]}},{"type":"Feature","properties":{"geohash":"s1mg4u8ze1","settlement_name":"Location #229","state":"Benue","lga":"Gwer West","population":68394,"state_population_rank":12,"num_buildings":14061,"nightlight_signal":"nightlight_detected","distance_to_existing_transmission_lines":0.0,"distance_to_existing_hv_transmission_lines":34.21,"distance_to_gridlight_targets":0.0,"main_road_access":true,"dist_main_road_km":0.0,"has_education_facility":true,"has_health_facility":true,"_label":"Location #229","_status_group":"unknown","_year":2025,"_year_label":"Source release year","_states":["Benue"]},"geometry":{"type":"Point","coordinates":[8.20795,7.58461]}},{"type":"Feature","properties":{"geohash":"s1jzpd7w03","settlement_name":"Oju","state":"Benue","lga":"Oju","population":60705,"state_population_rank":13,"num_buildings":12661,"nightlight_signal":"nightlight_detected","distance_to_existing_transmission_lines":0.0,"distance_to_existing_hv_transmission_lines":35.4,"distance_to_gridlight_targets":0.0,"main_road_access":true,"dist_main_road_km":0.0,"has_education_facility":true,"has_health_facility":true,"_label":"Oju","_status_group":"unknown","_year":2025,"_year_label":"Source release year","_states":["Benue"]},"geometry":{"type":"Point","coordinates":[8.42035,6.86887]}},{"type":"Feature","properties":{"geohash":"s1q741jz4p","settlement_name":"Location #252","state":"Benue","lga":"Tarka","population":58574,"state_population_rank":14,"num_buildings":12581,"nightlight_signal":"nightlight_detected","distance_to_existing_transmission_lines":0.0,"distance_to_existing_hv_transmission_lines":23.97,"distance_to_gridlight_targets":0.0,"main_road_access":true,"dist_main_road_km":0.0,"has_education_facility":true,"has_health_facility":true,"_label":"Location #252","_status_group":"unknown","_year":2025,"_year_label":"Source release year","_states":["Benue"]},"geometry":{"type":"Point","coordinates":[8.88495,7.56533]}},{"type":"Feature","properties":{"geohash":"s1qs6q9yes","settlement_name":"Location #287","state":"Benue","lga":"Logo","population":51868,"state_population_rank":15,"num_buildings":10818,"nightlight_signal":"nightlight_detected","distance_to_existing_transmission_lines":0.0,"distance_to_existing_hv_transmission_lines":32.49,"distance_to_gridlight_targets":0.0,"main_road_access":true,"dist_main_road_km":0.0,"has_education_facility":true,"has_health_facility":true,"_label":"Location #287","_status_group":"unknown","_year":2025,"_year_label":"Source release year","_states":[]},"geometry":{"type":"Point","coordinates":[9.24206,7.81517]}},{"type":"Feature","properties":{"geohash":"s1m89qr26v","settlement_name":"Ugbokolo","state":"Benue","lga":"Okpokwu","population":50696,"state_population_rank":16,"num_buildings":10378,"nightlight_signal":"nightlight_detected","distance_to_existing_transmission_lines":0.0,"distance_to_existing_hv_transmission_lines":0.0,"distance_to_gridlight_targets":0.0,"main_road_access":true,"dist_main_road_km":0.0,"has_education_facility":true,"has_health_facility":true,"_label":"Ugbokolo","_status_group":"unknown","_year":2025,"_year_label":"Source release year","_states":["Benue"]},"geometry":{"type":"Point","coordinates":[7.79938,7.15354]}},{"type":"Feature","properties":{"geohash":"s1qgt2r50m","settlement_name":"Wukari","state":"Benue","lga":"Ukum","population":50541,"state_population_rank":17,"num_buildings":10872,"nightlight_signal":"nightlight_detected","distance_to_existing_transmission_lines":0.0,"distance_to_existing_hv_transmission_lines":9.89,"distance_to_gridlight_targets":0.0,"main_road_access":true,"dist_main_road_km":0.0,"has_education_facility":true,"has_health_facility":true,"_label":"Wukari","_status_group":"unknown","_year":2025,"_year_label":"Source release year","_states":["Benue"]},"geometry":{"type":"Point","coordinates":[9.73253,7.6484]}},{"type":"Feature","properties":{"geohash":"s1q55dm6rq","settlement_name":"Nev","state":"Benue","lga":"Gwer East","population":47900,"state_population_rank":18,"num_buildings":10540,"nightlight_signal":"nightlight_detected","distance_to_existing_transmission_lines":0.0,"distance_to_existing_hv_transmission_lines":0.0,"distance_to_gridlight_targets":0.0,"main_road_access":true,"dist_main_road_km":0.0,"has_education_facility":true,"has_health_facility":true,"_label":"Nev","_status_group":"unknown","_year":2025,"_year_label":"Source release year","_states":["Benue"]},"geometry":{"type":"Point","coordinates":[8.59883,7.57137]}},{"type":"Feature","properties":{"geohash":"s1qj52pqh6","settlement_name":"Location #327","state":"Benue","lga":"Guma","population":46399,"state_population_rank":19,"num_buildings":9863,"nightlight_signal":"nightlight_detected","distance_to_existing_transmission_lines":0.0,"distance_to_existing_hv_transmission_lines":0.0,"distance_to_gridlight_targets":0.0,"main_road_access":true,"dist_main_road_km":0.0,"has_education_facility":true,"has_health_facility":true,"_label":"Location #327","_status_group":"unknown","_year":2025,"_year_label":"Source release year","_states":["Benue"]},"geometry":{"type":"Point","coordinates":[8.59047,7.9112]}},{"type":"Feature","properties":{"geohash":"s1nrv7uryt","settlement_name":"Location #326","state":"Benue","lga":"Vandeikya","population":45267,"state_population_rank":20,"num_buildings":9870,"nightlight_signal":"nightlight_detected","distance_to_existing_transmission_lines":0.0,"distance_to_existing_hv_transmission_lines":32.56,"distance_to_gridlight_targets":0.0,"main_road_access":true,"dist_main_road_km":0.0,"has_education_facility":true,"has_health_facility":true,"_label":"Location #326","_status_group":"unknown","_year":2025,"_year_label":"Source release year","_states":["Benue"]},"geometry":{"type":"Point","coordinates":[9.02589,7.00926]}},{"type":"Feature","properties":{"geohash":"s1nz0pue68","settlement_name":"Jato Aka","state":"Benue","lga":"Kwande","population":38323,"state_population_rank":21,"num_buildings":8407,"nightlight_signal":"nightlight_detected","distance_to_existing_transmission_lines":0.0,"distance_to_existing_hv_transmission_lines":27.09,"distance_to_gridlight_targets":0.0,"main_road_access":true,"dist_main_road_km":0.0,"has_education_facility":true,"has_health_facility":true,"_label":"Jato Aka","_status_group":"unknown","_year":2025,"_year_label":"Source release year","_states":["Benue"]},"geometry":{"type":"Point","coordinates":[9.49848,6.8986]}},{"type":"Feature","properties":{"geohash":"s1q0m0tfhz","settlement_name":"Tse-Agberagba","state":"Benue","lga":"Konshisha","population":36714,"state_population_rank":22,"num_buildings":7747,"nightlight_signal":"nightlight_detected","distance_to_existing_transmission_lines":0.0,"distance_to_existing_hv_transmission_lines":22.43,"distance_to_gridlight_targets":0.0,"main_road_access":true,"dist_main_road_km":0.0,"has_education_facility":true,"has_health_facility":true,"_label":"Tse-Agberagba","_status_group":"unknown","_year":2025,"_year_label":"Source release year","_states":["Benue"]},"geometry":{"type":"Point","coordinates":[8.66533,7.07833]}},{"type":"Feature","properties":{"geohash":"s1qunh2ftm","settlement_name":"Wukari","state":"Benue","lga":"Ukum","population":36190,"state_population_rank":23,"num_buildings":7927,"nightlight_signal":"no_nightlight_detected","distance_to_existing_transmission_lines":0.0,"distance_to_existing_hv_transmission_lines":2.16,"distance_to_gridlight_targets":7.278,"main_road_access":true,"dist_main_road_km":0.0,"has_education_facility":true,"has_health_facility":true,"_label":"Wukari","_status_group":"unknown","_year":2025,"_year_label":"Source release year","_states":["Taraba"]},"geometry":{"type":"Point","coordinates":[9.75712,7.75818]}},{"type":"Feature","properties":{"geohash":"s1qc57cgq3","settlement_name":"Location #466","state":"Benue","lga":"Katsina-Ala","population":34356,"state_population_rank":24,"num_buildings":7446,"nightlight_signal":"nightlight_detected","distance_to_existing_transmission_lines":0.0,"distance_to_existing_hv_transmission_lines":26.24,"distance_to_gridlight_targets":0.0,"main_road_access":true,"dist_main_road_km":0.0,"has_education_facility":true,"has_health_facility":true,"_label":"Location #466","_status_group":"unknown","_year":2025,"_year_label":"Source release year","_states":["Benue"]},"geometry":{"type":"Point","coordinates":[9.63768,7.2282]}},{"type":"Feature","properties":{"geohash":"s1m8196djc","settlement_name":"Location #499","state":"Benue","lga":"Okpokwu","population":32582,"state_population_rank":25,"num_buildings":6855,"nightlight_signal":"no_nightlight_detected","distance_to_existing_transmission_lines":0.0,"distance_to_existing_hv_transmission_lines":8.75,"distance_to_gridlight_targets":8.799,"main_road_access":true,"dist_main_road_km":0.0,"has_education_facility":true,"has_health_facility":true,"_label":"Location #499","_status_group":"unknown","_year":2025,"_year_label":"Source release year","_states":["Benue"]},"geometry":{"type":"Point","coordinates":[7.80398,7.03847]}},{"type":"Feature","properties":{"geohash":"s1qspgj80g","settlement_name":"Location #521","state":"Benue","lga":"Ukum","population":30458,"state_population_rank":26,"num_buildings":6601,"nightlight_signal":"no_nightlight_detected","distance_to_existing_transmission_lines":0.0,"distance_to_existing_hv_transmission_lines":10.95,"distance_to_gridlight_targets":18.026,"main_road_access":false,"dist_main_road_km":12.84,"has_education_facility":true,"has_health_facility":true,"_label":"Location #521","_status_group":"unknown","_year":2025,"_year_label":"Source release year","_states":["Benue"]},"geometry":{"type":"Point","coordinates":[9.48879,7.75087]}},{"type":"Feature","properties":{"geohash":"s1nr7480nn","settlement_name":"Kornya","state":"Benue","lga":"Konshisha","population":29427,"state_population_rank":27,"num_buildings":6525,"nightlight_signal":"nightlight_detected","distance_to_existing_transmission_lines":0.0,"distance_to_existing_hv_transmission_lines":43.25,"distance_to_gridlight_targets":0.0,"main_road_access":true,"dist_main_road_km":0.0,"has_education_facility":true,"has_health_facility":true,"_label":"Kornya","_status_group":"unknown","_year":2025,"_year_label":"Source release year","_states":["Benue"]},"geometry":{"type":"Point","coordinates":[8.92116,6.91318]}},{"type":"Feature","properties":{"geohash":"s1mee6h7c9","settlement_name":"Bopo","state":"Benue","lga":"Apa","population":28436,"state_population_rank":28,"num_buildings":5974,"nightlight_signal":"nightlight_detected","distance_to_existing_transmission_lines":0.0,"distance_to_existing_hv_transmission_lines":51.22,"distance_to_gridlight_targets":0.0,"main_road_access":true,"dist_main_road_km":0.0,"has_education_facility":true,"has_health_facility":true,"_label":"Bopo","_status_group":"unknown","_year":2025,"_year_label":"Source release year","_states":["Benue"]},"geometry":{"type":"Point","coordinates":[7.8831,7.65812]}},{"type":"Feature","properties":{"geohash":"s1quc75ufg","settlement_name":"Wukari","state":"Benue","lga":"Ukum","population":27651,"state_population_rank":29,"num_buildings":6020,"nightlight_signal":"no_nightlight_detected","distance_to_existing_transmission_lines":1.88,"distance_to_existing_hv_transmission_lines":18.66,"distance_to_gridlight_targets":20.735,"main_road_access":true,"dist_main_road_km":0.0,"has_education_facility":true,"has_health_facility":true,"_label":"Wukari","_status_group":"unknown","_year":2025,"_year_label":"Source release year","_states":["Taraba"]},"geometry":{"type":"Point","coordinates":[9.55239,7.88352]}},{"type":"Feature","properties":{"geohash":"s1mck135cr","settlement_name":"Rhena","state":"Benue","lga":"Gwer East","population":27219,"state_population_rank":30,"num_buildings":5752,"nightlight_signal":"nightlight_detected","distance_to_existing_transmission_lines":0.0,"distance_to_existing_hv_transmission_lines":0.0,"distance_to_gridlight_targets":0.0,"main_road_access":true,"dist_main_road_km":0.0,"has_education_facility":true,"has_health_facility":true,"_label":"Rhena","_status_group":"unknown","_year":2025,"_year_label":"Source release year","_states":["Benue"]},"geometry":{"type":"Point","coordinates":[8.26315,7.25853]}},{"type":"Feature","properties":{"geohash":"s1mdmsbwn6","settlement_name":"Oturkpo","state":"Benue","lga":"Oturkpo","population":26053,"state_population_rank":31,"num_buildings":5638,"nightlight_signal":"nightlight_detected","distance_to_existing_transmission_lines":0.0,"distance_to_existing_hv_transmission_lines":28.18,"distance_to_gridlight_targets":0.0,"main_road_access":true,"dist_main_road_km":0.0,"has_education_facility":true,"has_health_facility":true,"_label":"Oturkpo","_status_group":"unknown","_year":2025,"_year_label":"Source release year","_states":["Benue"]},"geometry":{"type":"Point","coordinates":[7.97703,7.4539]}},{"type":"Feature","properties":{"geohash":"s1m9cf0tfj","settlement_name":"Oturkpo","state":"Benue","lga":"Ohimini","population":25585,"state_population_rank":32,"num_buildings":5744,"nightlight_signal":"nightlight_detected","distance_to_existing_transmission_lines":6.16,"distance_to_existing_hv_transmission_lines":21.44,"distance_to_gridlight_targets":0.0,"main_road_access":true,"dist_main_road_km":0.0,"has_education_facility":true,"has_health_facility":true,"_label":"Oturkpo","_status_group":"unknown","_year":2025,"_year_label":"Source release year","_states":["Benue"]},"geometry":{"type":"Point","coordinates":[7.81206,7.35087]}},{"type":"Feature","properties":{"geohash":"s1qd3j52nz","settlement_name":"Gburuku","state":"Benue","lga":"Buruku","population":25449,"state_population_rank":33,"num_buildings":5370,"nightlight_signal":"nightlight_detected","distance_to_existing_transmission_lines":0.0,"distance_to_existing_hv_transmission_lines":2.07,"distance_to_gridlight_targets":0.0,"main_road_access":true,"dist_main_road_km":0.0,"has_education_facility":true,"has_health_facility":true,"_label":"Gburuku","_status_group":"unknown","_year":2025,"_year_label":"Source release year","_states":["Benue"]},"geometry":{"type":"Point","coordinates":[9.18933,7.45426]}},{"type":"Feature","properties":{"geohash":"s1q91qu8xu","settlement_name":"Location #693","state":"Benue","lga":"Buruku","population":23940,"state_population_rank":34,"num_buildings":5220,"nightlight_signal":"nightlight_detected","distance_to_existing_transmission_lines":0.0,"distance_to_existing_hv_transmission_lines":16.39,"distance_to_gridlight_targets":0.0,"main_road_access":true,"dist_main_road_km":0.0,"has_education_facility":true,"has_health_facility":true,"_label":"Location #693","_status_group":"unknown","_year":2025,"_year_label":"Source release year","_states":["Benue"]},"geometry":{"type":"Point","coordinates":[9.20208,7.24422]}},{"type":"Feature","properties":{"geohash":"s1q1xckjup","settlement_name":"Akpagher","state":"Benue","lga":"Gboko","population":23649,"state_population_rank":35,"num_buildings":4983,"nightlight_signal":"nightlight_detected","distance_to_existing_transmission_lines":0.0,"distance_to_existing_hv_transmission_lines":0.0,"distance_to_gridlight_targets":0.0,"main_road_access":true,"dist_main_road_km":0.0,"has_education_facility":true,"has_health_facility":true,"_label":"Akpagher","_status_group":"unknown","_year":2025,"_year_label":"Source release year","_states":["Benue"]},"geometry":{"type":"Point","coordinates":[8.78374,7.30281]}},{"type":"Feature","properties":{"geohash":"s1jzvqzv3s","settlement_name":"Location #775","state":"Benue","lga":"Obi","population":22934,"state_population_rank":36,"num_buildings":4695,"nightlight_signal":"nightlight_detected","distance_to_existing_transmission_lines":0.0,"distance_to_existing_hv_transmission_lines":22.84,"distance_to_gridlight_targets":0.0,"main_road_access":true,"dist_main_road_km":0.0,"has_education_facility":true,"has_health_facility":true,"_label":"Location #775","_status_group":"unknown","_year":2025,"_year_label":"Source release year","_states":["Benue"]},"geometry":{"type":"Point","coordinates":[8.32737,7.02531]}},{"type":"Feature","properties":{"geohash":"s1qk98degx","settlement_name":"Gbajimba","state":"Benue","lga":"Guma","population":21177,"state_population_rank":37,"num_buildings":4515,"nightlight_signal":"nightlight_detected","distance_to_existing_transmission_lines":0.0,"distance_to_existing_hv_transmission_lines":27.4,"distance_to_gridlight_targets":0.0,"main_road_access":true,"dist_main_road_km":0.0,"has_education_facility":true,"has_health_facility":true,"_label":"Gbajimba","_status_group":"unknown","_year":2025,"_year_label":"Source release year","_states":["Benue"]},"geometry":{"type":"Point","coordinates":[8.85857,7.8257]}},{"type":"Feature","properties":{"geohash":"s1q2t365dq","settlement_name":"Location #834","state":"Benue","lga":"Ushongo","population":20972,"state_population_rank":38,"num_buildings":4458,"nightlight_signal":"nightlight_detected","distance_to_existing_transmission_lines":0.0,"distance_to_existing_hv_transmission_lines":19.74,"distance_to_gridlight_targets":0.0,"main_road_access":true,"dist_main_road_km":0.0,"has_education_facility":true,"has_health_facility":true,"_label":"Location #834","_status_group":"unknown","_year":2025,"_year_label":"Source release year","_states":["Benue"]},"geometry":{"type":"Point","coordinates":[9.02262,7.12664]}},{"type":"Feature","properties":{"geohash":"s1nw05mp3v","settlement_name":"Vandeikya Town","state":"Benue","lga":"Vandeikya","population":20822,"state_population_rank":39,"num_buildings":4682,"nightlight_signal":"nightlight_detected","distance_to_existing_transmission_lines":0.0,"distance_to_existing_hv_transmission_lines":68.31,"distance_to_gridlight_targets":0.0,"main_road_access":true,"dist_main_road_km":0.0,"has_education_facility":true,"has_health_facility":true,"_label":"Vandeikya Town","_status_group":"unknown","_year":2025,"_year_label":"Source release year","_states":["Benue"]},"geometry":{"type":"Point","coordinates":[9.14757,6.69882]}},{"type":"Feature","properties":{"geohash":"s1qkpy96bk","settlement_name":"Location #865","state":"Benue","lga":"Logo","population":20634,"state_population_rank":40,"num_buildings":4354,"nightlight_signal":"nightlight_detected","distance_to_existing_transmission_lines":0.0,"distance_to_existing_hv_transmission_lines":36.06,"distance_to_gridlight_targets":0.0,"main_road_access":true,"dist_main_road_km":0.0,"has_education_facility":true,"has_health_facility":true,"_label":"Location #865","_status_group":"unknown","_year":2025,"_year_label":"Source release year","_states":["Benue"]},"geometry":{"type":"Point","coordinates":[9.13137,7.77058]}},{"type":"Feature","properties":{"geohash":"s617749ff3","settlement_name":"Maiduguri","state":"Borno","lga":"Maiduguri","population":2286164,"state_population_rank":1,"num_buildings":472708,"nightlight_signal":"nightlight_detected","distance_to_existing_transmission_lines":0.0,"distance_to_existing_hv_transmission_lines":0.0,"distance_to_gridlight_targets":0.0,"main_road_access":true,"dist_main_road_km":0.0,"has_education_facility":true,"has_health_facility":true,"_label":"Maiduguri","_status_group":"unknown","_year":2025,"_year_label":"Source release year","_states":["Borno"]},"geometry":{"type":"Point","coordinates":[13.14215,11.8355]}},{"type":"Feature","properties":{"geohash":"s3bsmk1cz2","settlement_name":"Biu","state":"Borno","lga":"Biu","population":205383,"state_population_rank":2,"num_buildings":42836,"nightlight_signal":"nightlight_detected","distance_to_existing_transmission_lines":0.0,"distance_to_existing_hv_transmission_lines":0.0,"distance_to_gridlight_targets":0.0,"main_road_access":true,"dist_main_road_km":0.0,"has_education_facility":true,"has_health_facility":true,"_label":"Biu","_status_group":"unknown","_year":2025,"_year_label":"Source release year","_states":["Borno"]},"geometry":{"type":"Point","coordinates":[12.18656,10.61309]}},{"type":"Feature","properties":{"geohash":"s638jg94us","settlement_name":"Kumalia","state":"Borno","lga":"Monguno","population":179069,"state_population_rank":3,"num_buildings":37026,"nightlight_signal":"nightlight_detected","distance_to_existing_transmission_lines":0.0,"distance_to_existing_hv_transmission_lines":102.69,"distance_to_gridlight_targets":0.0,"main_road_access":true,"dist_main_road_km":0.0,"has_education_facility":true,"has_health_facility":true,"_label":"Kumalia","_status_group":"unknown","_year":2025,"_year_label":"Source release year","_states":["Borno"]},"geometry":{"type":"Point","coordinates":[13.61363,12.67597]}},{"type":"Feature","properties":{"geohash":"s619x99r66","settlement_name":"Kasugula","state":"Borno","lga":"Bama","population":133236,"state_population_rank":4,"num_buildings":27549,"nightlight_signal":"nightlight_detected","distance_to_existing_transmission_lines":0.0,"distance_to_existing_hv_transmission_lines":67.38,"distance_to_gridlight_targets":0.0,"main_road_access":true,"dist_main_road_km":0.0,"has_education_facility":true,"has_health_facility":true,"_label":"Kasugula","_status_group":"unknown","_year":2025,"_year_label":"Source release year","_states":["Borno"]},"geometry":{"type":"Point","coordinates":[13.69078,11.52317]}},{"type":"Feature","properties":{"geohash":"s3c7s9xgxj","settlement_name":"Uba","state":"Borno","lga":"Askira/Uba","population":110263,"state_population_rank":5,"num_buildings":23404,"nightlight_signal":"nightlight_detected","distance_to_existing_transmission_lines":12.86,"distance_to_existing_hv_transmission_lines":86.52,"distance_to_gridlight_targets":0.0,"main_road_access":true,"dist_main_road_km":0.0,"has_education_facility":true,"has_health_facility":true,"_label":"Uba","_status_group":"unknown","_year":2025,"_year_label":"Source release year","_states":["Borno"]},"geometry":{"type":"Point","coordinates":[13.21652,10.46785]}},{"type":"Feature","properties":{"geohash":"s3cp6qssyf","settlement_name":"Damboa Central","state":"Borno","lga":"Damboa","population":105575,"state_population_rank":6,"num_buildings":21736,"nightlight_signal":"nightlight_detected","distance_to_existing_transmission_lines":0.0,"distance_to_existing_hv_transmission_lines":0.0,"distance_to_gridlight_targets":0.0,"main_road_access":true,"dist_main_road_km":0.0,"has_education_facility":true,"has_health_facility":true,"_label":"Damboa Central","_status_group":"unknown","_year":2025,"_year_label":"Source release year","_states":["Borno"]},"geometry":{"type":"Point","coordinates":[12.7616,11.1547]}},{"type":"Feature","properties":{"geohash":"s64n75zrfx","settlement_name":"Gamboru B","state":"Borno","lga":"Ngala","population":98572,"state_population_rank":7,"num_buildings":19980,"nightlight_signal":"nightlight_detected","distance_to_existing_transmission_lines":1.28,"distance_to_existing_hv_transmission_lines":127.27,"distance_to_gridlight_targets":0.0,"main_road_access":true,"dist_main_road_km":0.0,"has_education_facility":true,"has_health_facility":true,"_label":"Gamboru B","_status_group":"unknown","_year":2025,"_year_label":"Source release year","_states":["Borno"]},"geometry":{"type":"Point","coordinates":[14.20441,12.3706]}},{"type":"Feature","properties":{"geohash":"s3cxp9frw4","settlement_name":"Gwoza","state":"Borno","lga":"Gwoza","population":97678,"state_population_rank":8,"num_buildings":19743,"nightlight_signal":"nightlight_detected","distance_to_existing_transmission_lines":0.0,"distance_to_existing_hv_transmission_lines":88.55,"distance_to_gridlight_targets":0.0,"main_road_access":true,"dist_main_road_km":0.0,"has_education_facility":true,"has_health_facility":true,"_label":"Gwoza","_status_group":"unknown","_year":2025,"_year_label":"Source release year","_states":["Borno"]},"geometry":{"type":"Point","coordinates":[13.69232,11.08513]}},{"type":"Feature","properties":{"geohash":"s61ukxkqbk","settlement_name":"Dikwa","state":"Borno","lga":"Dikwa","population":87856,"state_population_rank":9,"num_buildings":17858,"nightlight_signal":"nightlight_detected","distance_to_existing_transmission_lines":0.0,"distance_to_existing_hv_transmission_lines":84.81,"distance_to_gridlight_targets":0.0,"main_road_access":true,"dist_main_road_km":0.0,"has_education_facility":true,"has_health_facility":true,"_label":"Dikwa","_status_group":"unknown","_year":2025,"_year_label":"Source release year","_states":["Borno"]},"geometry":{"type":"Point","coordinates":[13.91454,12.03808]}},{"type":"Feature","properties":{"geohash":"s3czcedfzg","settlement_name":"Gwoza","state":"Borno","lga":"Gwoza","population":72312,"state_population_rank":10,"num_buildings":14824,"nightlight_signal":"no_nightlight_detected","distance_to_existing_transmission_lines":0.0,"distance_to_existing_hv_transmission_lines":90.79,"distance_to_gridlight_targets":13.152,"main_road_access":true,"dist_main_road_km":0.0,"has_education_facility":true,"has_health_facility":true,"_label":"Gwoza","_status_group":"unknown","_year":2025,"_year_label":"Source release year","_states":["Borno"]},"geometry":{"type":"Point","coordinates":[13.78097,11.22577]}},{"type":"Feature","properties":{"geohash":"s62fs9xe3p","settlement_name":"Damasak","state":"Borno","lga":"Mobbar","population":51454,"state_population_rank":11,"num_buildings":11019,"nightlight_signal":"nightlight_detected","distance_to_existing_transmission_lines":64.96,"distance_to_existing_hv_transmission_lines":142.87,"distance_to_gridlight_targets":0.0,"main_road_access":true,"dist_main_road_km":0.0,"has_education_facility":true,"has_health_facility":true,"_label":"Damasak","_status_group":"unknown","_year":2025,"_year_label":"Source release year","_states":["Borno"]},"geometry":{"type":"Point","coordinates":[12.51279,13.10454]}},{"type":"Feature","properties":{"geohash":"s3chteqkns","settlement_name":"Hausari Zadawa","state":"Borno","lga":"Askira/Uba","population":50677,"state_population_rank":12,"num_buildings":10330,"nightlight_signal":"nightlight_detected","distance_to_existing_transmission_lines":41.11,"distance_to_existing_hv_transmission_lines":52.17,"distance_to_gridlight_targets":0.0,"main_road_access":true,"dist_main_road_km":0.0,"has_education_facility":true,"has_health_facility":true,"_label":"Hausari Zadawa","_status_group":"unknown","_year":2025,"_year_label":"Source release year","_states":["Borno"]},"geometry":{"type":"Point","coordinates":[12.90682,10.65333]}},{"type":"Feature","properties":{"geohash":"s6401bzhuj","settlement_name":"Banki","state":"Borno","lga":"Bama","population":45235,"state_population_rank":13,"num_buildings":9247,"nightlight_signal":"nightlight_detected","distance_to_existing_transmission_lines":38.05,"distance_to_existing_hv_transmission_lines":125.36,"distance_to_gridlight_targets":0.0,"main_road_access":true,"dist_main_road_km":0.0,"has_education_facility":true,"has_health_facility":true,"_label":"Banki","_status_group":"unknown","_year":2025,"_year_label":"Source release year","_states":["Borno"]},"geometry":{"type":"Point","coordinates":[14.14919,11.25497]}},{"type":"Feature","properties":{"geohash":"s3b7tryuw6","settlement_name":"Kwaya Kusar","state":"Borno","lga":"Kwaya Kusar","population":40673,"state_population_rank":14,"num_buildings":8483,"nightlight_signal":"nightlight_detected","distance_to_existing_transmission_lines":0.0,"distance_to_existing_hv_transmission_lines":0.0,"distance_to_gridlight_targets":0.0,"main_road_access":true,"dist_main_road_km":0.0,"has_education_facility":true,"has_health_facility":true,"_label":"Kwaya Kusar","_status_group":"unknown","_year":2025,"_year_label":"Source release year","_states":["Borno"]},"geometry":{"type":"Point","coordinates":[11.84182,10.50234]}},{"type":"Feature","properties":{"geohash":"s3bth3dvqg","settlement_name":"Biu","state":"Borno","lga":"Biu","population":39683,"state_population_rank":15,"num_buildings":8089,"nightlight_signal":"nightlight_detected","distance_to_existing_transmission_lines":0.0,"distance_to_existing_hv_transmission_lines":7.09,"distance_to_gridlight_targets":0.0,"main_road_access":true,"dist_main_road_km":0.0,"has_education_facility":true,"has_health_facility":true,"_label":"Biu","_status_group":"unknown","_year":2025,"_year_label":"Source release year","_states":["Borno"]},"geometry":{"type":"Point","coordinates":[12.14397,10.73182]}},{"type":"Feature","properties":{"geohash":"s61p4f7std","settlement_name":"Gobio 1","state":"Borno","lga":"Gubio","population":38668,"state_population_rank":16,"num_buildings":7961,"nightlight_signal":"nightlight_detected","distance_to_existing_transmission_lines":0.0,"distance_to_existing_hv_transmission_lines":71.1,"distance_to_gridlight_targets":0.0,"main_road_access":true,"dist_main_road_km":0.0,"has_education_facility":true,"has_health_facility":true,"_label":"Gobio 1","_status_group":"unknown","_year":2025,"_year_label":"Source release year","_states":["Borno"]},"geometry":{"type":"Point","coordinates":[12.78215,12.49362]}},{"type":"Feature","properties":{"geohash":"s61rh95fg3","settlement_name":"Gajiram","state":"Borno","lga":"Nganzai","population":35362,"state_population_rank":17,"num_buildings":7451,"nightlight_signal":"nightlight_detected","distance_to_existing_transmission_lines":43.51,"distance_to_existing_hv_transmission_lines":69.0,"distance_to_gridlight_targets":0.0,"main_road_access":true,"dist_main_road_km":0.0,"has_education_facility":true,"has_health_facility":true,"_label":"Gajiram","_status_group":"unknown","_year":2025,"_year_label":"Source release year","_states":["Borno"]},"geometry":{"type":"Point","coordinates":[13.21086,12.48644]}},{"type":"Feature","properties":{"geohash":"s63f6x8kw3","settlement_name":"Baga","state":"Borno","lga":"Kukawa","population":34209,"state_population_rank":18,"num_buildings":6993,"nightlight_signal":"nightlight_detected","distance_to_existing_transmission_lines":50.74,"distance_to_existing_hv_transmission_lines":155.05,"distance_to_gridlight_targets":0.0,"main_road_access":true,"dist_main_road_km":0.0,"has_education_facility":true,"has_health_facility":true,"_label":"Baga","_status_group":"unknown","_year":2025,"_year_label":"Source release year","_states":["Borno"]},"geometry":{"type":"Point","coordinates":[13.82142,13.09374]}},{"type":"Feature","properties":{"geohash":"s61d2g4w13","settlement_name":"Konduga","state":"Borno","lga":"Konduga","population":33933,"state_population_rank":19,"num_buildings":7979,"nightlight_signal":"no_nightlight_detected","distance_to_existing_transmission_lines":0.0,"distance_to_existing_hv_transmission_lines":31.77,"distance_to_gridlight_targets":11.724,"main_road_access":true,"dist_main_road_km":0.0,"has_education_facility":true,"has_health_facility":true,"_label":"Konduga","_status_group":"unknown","_year":2025,"_year_label":"Source release year","_states":["Borno"]},"geometry":{"type":"Point","coordinates":[13.39583,11.66302]}},{"type":"Feature","properties":{"geohash":"s617v7dexz","settlement_name":"Khadammari","state":"Borno","lga":"Jere","population":33820,"state_population_rank":20,"num_buildings":6953,"nightlight_signal":"nightlight_detected","distance_to_existing_transmission_lines":0.0,"distance_to_existing_hv_transmission_lines":12.73,"distance_to_gridlight_targets":0.0,"main_road_access":false,"dist_main_road_km":5.98,"has_education_facility":true,"has_health_facility":true,"_label":"Khadammari","_status_group":"unknown","_year":2025,"_year_label":"Source release year","_states":["Borno"]},"geometry":{"type":"Point","coordinates":[13.24229,11.92905]}},{"type":"Feature","properties":{"geohash":"s3cju75jcb","settlement_name":"Chibok","state":"Borno","lga":"Chibok","population":33077,"state_population_rank":21,"num_buildings":6752,"nightlight_signal":"nightlight_detected","distance_to_existing_transmission_lines":28.05,"distance_to_existing_hv_transmission_lines":28.35,"distance_to_gridlight_targets":0.0,"main_road_access":true,"dist_main_road_km":0.0,"has_education_facility":true,"has_health_facility":true,"_label":"Chibok","_status_group":"unknown","_year":2025,"_year_label":"Source release year","_states":["Borno"]},"geometry":{"type":"Point","coordinates":[12.84722,10.87196]}},{"type":"Feature","properties":{"geohash":"s64n4zhmfx","settlement_name":"Ngala","state":"Borno","lga":"Ngala","population":30813,"state_population_rank":22,"num_buildings":6228,"nightlight_signal":"nightlight_detected","distance_to_existing_transmission_lines":0.0,"distance_to_existing_hv_transmission_lines":125.47,"distance_to_gridlight_targets":0.0,"main_road_access":false,"dist_main_road_km":0.71,"has_education_facility":true,"has_health_facility":true,"_label":"Ngala","_status_group":"unknown","_year":2025,"_year_label":"Source release year","_states":["Borno"]},"geometry":{"type":"Point","coordinates":[14.1893,12.34417]}},{"type":"Feature","properties":{"geohash":"s3beysnz82","settlement_name":"Kidda","state":"Borno","lga":"Hawul","population":30707,"state_population_rank":23,"num_buildings":6645,"nightlight_signal":"nightlight_detected","distance_to_existing_transmission_lines":0.0,"distance_to_existing_hv_transmission_lines":11.13,"distance_to_gridlight_targets":0.0,"main_road_access":true,"dist_main_road_km":0.0,"has_education_facility":true,"has_health_facility":true,"_label":"Kidda","_status_group":"unknown","_year":2025,"_year_label":"Source release year","_states":["Borno"]},"geometry":{"type":"Point","coordinates":[12.24805,10.52619]}},{"type":"Feature","properties":{"geohash":"s64mc1r3zg","settlement_name":"Moholo","state":"Borno","lga":"Kala/Balge","population":28427,"state_population_rank":24,"num_buildings":5811,"nightlight_signal":"nightlight_detected","distance_to_existing_transmission_lines":0.0,"distance_to_existing_hv_transmission_lines":150.7,"distance_to_gridlight_targets":0.0,"main_road_access":true,"dist_main_road_km":0.0,"has_education_facility":true,"has_health_facility":true,"_label":"Moholo","_status_group":"unknown","_year":2025,"_year_label":"Source release year","_states":["Borno"]},"geometry":{"type":"Point","coordinates":[14.46831,12.26793]}},{"type":"Feature","properties":{"geohash":"s60dyvpd1n","settlement_name":"Ngamdu","state":"Borno","lga":"Kaga","population":26219,"state_population_rank":25,"num_buildings":6165,"nightlight_signal":"nightlight_detected","distance_to_existing_transmission_lines":0.91,"distance_to_existing_hv_transmission_lines":0.16,"distance_to_gridlight_targets":0.0,"main_road_access":true,"dist_main_road_km":0.0,"has_education_facility":true,"has_health_facility":true,"_label":"Ngamdu","_status_group":"unknown","_year":2025,"_year_label":"Source release year","_states":["Borno"]},"geometry":{"type":"Point","coordinates":[12.26011,11.76124]}},{"type":"Feature","properties":{"geohash":"s61ev6s86k","settlement_name":"Mafa","state":"Borno","lga":"Mafa","population":26047,"state_population_rank":26,"num_buildings":5317,"nightlight_signal":"nightlight_detected","distance_to_existing_transmission_lines":0.0,"distance_to_existing_hv_transmission_lines":49.24,"distance_to_gridlight_targets":0.0,"main_road_access":true,"dist_main_road_km":0.0,"has_education_facility":true,"has_health_facility":true,"_label":"Mafa","_status_group":"unknown","_year":2025,"_year_label":"Source release year","_states":["Borno"]},"geometry":{"type":"Point","coordinates":[13.59637,11.92298]}},{"type":"Feature","properties":{"geohash":"s3ck29cdu8","settlement_name":"Rumirgu Chul","state":"Borno","lga":"Askira/Uba","population":25469,"state_population_rank":27,"num_buildings":5312,"nightlight_signal":"no_nightlight_detected","distance_to_existing_transmission_lines":31.85,"distance_to_existing_hv_transmission_lines":64.93,"distance_to_gridlight_targets":12.111,"main_road_access":true,"dist_main_road_km":0.0,"has_education_facility":true,"has_health_facility":true,"_label":"Rumirgu Chul","_status_group":"unknown","_year":2025,"_year_label":"Source release year","_states":["Borno"]},"geometry":{"type":"Point","coordinates":[13.03204,10.60091]}},{"type":"Feature","properties":{"geohash":"s3bd4ksfm5","settlement_name":"Shani","state":"Borno","lga":"Shani","population":24468,"state_population_rank":28,"num_buildings":5295,"nightlight_signal":"nightlight_detected","distance_to_existing_transmission_lines":0.0,"distance_to_existing_hv_transmission_lines":37.33,"distance_to_gridlight_targets":0.0,"main_road_access":false,"dist_main_road_km":8.85,"has_education_facility":true,"has_health_facility":true,"_label":"Shani","_status_group":"unknown","_year":2025,"_year_label":"Source release year","_states":["Borno"]},"geometry":{"type":"Point","coordinates":[12.05875,10.22044]}},{"type":"Feature","properties":{"geohash":"s60ghmdjq1","settlement_name":"Benisheikh","state":"Borno","lga":"Kaga","population":23664,"state_population_rank":29,"num_buildings":4886,"nightlight_signal":"nightlight_detected","distance_to_existing_transmission_lines":0.0,"distance_to_existing_hv_transmission_lines":0.39,"distance_to_gridlight_targets":0.0,"main_road_access":true,"dist_main_road_km":0.0,"has_education_facility":true,"has_health_facility":true,"_label":"Benisheikh","_status_group":"unknown","_year":2025,"_year_label":"Source release year","_states":["Borno"]},"geometry":{"type":"Point","coordinates":[12.49446,11.80846]}},{"type":"Feature","properties":{"geohash":"s64n66n2g9","settlement_name":"Ngala","state":"Borno","lga":"Ngala","population":23661,"state_population_rank":30,"num_buildings":4830,"nightlight_signal":"nightlight_detected","distance_to_existing_transmission_lines":0.61,"distance_to_existing_hv_transmission_lines":124.67,"distance_to_gridlight_targets":0.0,"main_road_access":true,"dist_main_road_km":0.07,"has_education_facility":true,"has_health_facility":true,"_label":"Ngala","_status_group":"unknown","_year":2025,"_year_label":"Source release year","_states":["Borno"]},"geometry":{"type":"Point","coordinates":[14.17011,12.35975]}},{"type":"Feature","properties":{"geohash":"s61mdr24qx","settlement_name":"Gajigana","state":"Borno","lga":"Magumeri","population":23050,"state_population_rank":31,"num_buildings":4672,"nightlight_signal":"no_nightlight_detected","distance_to_existing_transmission_lines":30.66,"distance_to_existing_hv_transmission_lines":43.49,"distance_to_gridlight_targets":24.103,"main_road_access":true,"dist_main_road_km":0.0,"has_education_facility":true,"has_health_facility":true,"_label":"Gajigana","_status_group":"unknown","_year":2025,"_year_label":"Source release year","_states":["Borno"]},"geometry":{"type":"Point","coordinates":[13.10698,12.25705]}},{"type":"Feature","properties":{"geohash":"s63mz91tns","settlement_name":"Kessa'A","state":"Borno","lga":"Abadam","population":22879,"state_population_rank":32,"num_buildings":4677,"nightlight_signal":"no_nightlight_detected","distance_to_existing_transmission_lines":114.26,"distance_to_existing_hv_transmission_lines":201.76,"distance_to_gridlight_targets":2.622,"main_road_access":true,"dist_main_road_km":0.0,"has_education_facility":true,"has_health_facility":true,"_label":"Kessa'A","_status_group":"unknown","_year":2025,"_year_label":"Source release year","_states":["Borno"]},"geometry":{"type":"Point","coordinates":[13.33974,13.67337]}},{"type":"Feature","properties":{"geohash":"s3b92he2x5","settlement_name":"Bargu","state":"Borno","lga":"Shani","population":22035,"state_population_rank":33,"num_buildings":4733,"nightlight_signal":"nightlight_detected","distance_to_existing_transmission_lines":16.19,"distance_to_existing_hv_transmission_lines":42.63,"distance_to_gridlight_targets":0.0,"main_road_access":true,"dist_main_road_km":0.0,"has_education_facility":true,"has_health_facility":true,"_label":"Bargu","_status_group":"unknown","_year":2025,"_year_label":"Source release year","_states":["Borno"]},"geometry":{"type":"Point","coordinates":[11.9579,10.0883]}},{"type":"Feature","properties":{"geohash":"s3bgb8czuz","settlement_name":"Hizhibwala","state":"Borno","lga":"Hawul","population":21846,"state_population_rank":34,"num_buildings":4583,"nightlight_signal":"nightlight_detected","distance_to_existing_transmission_lines":0.0,"distance_to_existing_hv_transmission_lines":19.19,"distance_to_gridlight_targets":0.0,"main_road_access":true,"dist_main_road_km":0.0,"has_education_facility":true,"has_health_facility":true,"_label":"Hizhibwala","_status_group":"unknown","_year":2025,"_year_label":"Source release year","_states":["Borno"]},"geometry":{"type":"Point","coordinates":[12.32927,10.50842]}},{"type":"Feature","properties":{"geohash":"s63fe7w494","settlement_name":"Baga","state":"Borno","lga":"Kukawa","population":20720,"state_population_rank":35,"num_buildings":4188,"nightlight_signal":"nightlight_detected","distance_to_existing_transmission_lines":54.9,"distance_to_existing_hv_transmission_lines":159.35,"distance_to_gridlight_targets":0.0,"main_road_access":true,"dist_main_road_km":0.0,"has_education_facility":true,"has_health_facility":true,"_label":"Baga","_status_group":"unknown","_year":2025,"_year_label":"Source release year","_states":["Borno"]},"geometry":{"type":"Point","coordinates":[13.86205,13.11537]}},{"type":"Feature","properties":{"geohash":"s3bekxps36","settlement_name":"Marama Kidang","state":"Borno","lga":"Hawul","population":19645,"state_population_rank":36,"num_buildings":4452,"nightlight_signal":"nightlight_detected","distance_to_existing_transmission_lines":0.0,"distance_to_existing_hv_transmission_lines":15.51,"distance_to_gridlight_targets":0.0,"main_road_access":true,"dist_main_road_km":0.0,"has_education_facility":true,"has_health_facility":true,"_label":"Marama Kidang","_status_group":"unknown","_year":2025,"_year_label":"Source release year","_states":["Borno"]},"geometry":{"type":"Point","coordinates":[12.16123,10.45424]}},{"type":"Feature","properties":{"geohash":"s3cjm1832p","settlement_name":"Chibok","state":"Borno","lga":"Chibok","population":19057,"state_population_rank":37,"num_buildings":4075,"nightlight_signal":"nightlight_detected","distance_to_existing_transmission_lines":39.08,"distance_to_existing_hv_transmission_lines":39.39,"distance_to_gridlight_targets":0.0,"main_road_access":true,"dist_main_road_km":0.0,"has_education_facility":true,"has_health_facility":true,"_label":"Chibok","_status_group":"unknown","_year":2025,"_year_label":"Source release year","_states":["Borno"]},"geometry":{"type":"Point","coordinates":[12.87632,10.7751]}},{"type":"Feature","properties":{"geohash":"s61hgvw0e7","settlement_name":"Magumeri","state":"Borno","lga":"Magumeri","population":18170,"state_population_rank":38,"num_buildings":3851,"nightlight_signal":"nightlight_detected","distance_to_existing_transmission_lines":0.0,"distance_to_existing_hv_transmission_lines":29.54,"distance_to_gridlight_targets":0.0,"main_road_access":true,"dist_main_road_km":0.0,"has_education_facility":true,"has_health_facility":true,"_label":"Magumeri","_status_group":"unknown","_year":2025,"_year_label":"Source release year","_states":["Borno"]},"geometry":{"type":"Point","coordinates":[12.82943,12.11528]}},{"type":"Feature","properties":{"geohash":"s6179yfhr7","settlement_name":"Maiduguri","state":"Borno","lga":"Maiduguri","population":17509,"state_population_rank":39,"num_buildings":4117,"nightlight_signal":"nightlight_detected","distance_to_existing_transmission_lines":0.0,"distance_to_existing_hv_transmission_lines":6.48,"distance_to_gridlight_targets":0.0,"main_road_access":true,"dist_main_road_km":0.0,"has_education_facility":true,"has_health_facility":true,"_label":"Maiduguri","_status_group":"unknown","_year":2025,"_year_label":"Source release year","_states":["Borno"]},"geometry":{"type":"Point","coordinates":[13.08779,11.90306]}},{"type":"Feature","properties":{"geohash":"s3c7dwer16","settlement_name":"Uvu Uda","state":"Borno","lga":"Askira/Uba","population":16712,"state_population_rank":40,"num_buildings":3563,"nightlight_signal":"no_nightlight_detected","distance_to_existing_transmission_lines":18.01,"distance_to_existing_hv_transmission_lines":80.33,"distance_to_gridlight_targets":6.672,"main_road_access":false,"dist_main_road_km":2.16,"has_education_facility":true,"has_health_facility":true,"_label":"Uvu Uda","_status_group":"unknown","_year":2025,"_year_label":"Source release year","_states":["Borno"]},"geometry":{"type":"Point","coordinates":[13.1222,10.49591]}},{"type":"Feature","properties":{"geohash":"s0vumvfsmu","settlement_name":"Calabar","state":"Cross River","lga":"Calabar-Municipal","population":606996,"state_population_rank":1,"num_buildings":124613,"nightlight_signal":"nightlight_detected","distance_to_existing_transmission_lines":0.0,"distance_to_existing_hv_transmission_lines":0.0,"distance_to_gridlight_targets":0.0,"main_road_access":true,"dist_main_road_km":0.0,"has_education_facility":true,"has_health_facility":true,"_label":"Calabar","_status_group":"unknown","_year":2025,"_year_label":"Source release year","_states":["Cross River"]},"geometry":{"type":"Point","coordinates":[8.3423,4.99816]}},{"type":"Feature","properties":{"geohash":"s1n1yteq0s","settlement_name":"Ikom","state":"Cross River","lga":"Ikom","population":81946,"state_population_rank":2,"num_buildings":17445,"nightlight_signal":"nightlight_detected","distance_to_existing_transmission_lines":0.0,"distance_to_existing_hv_transmission_lines":80.09,"distance_to_gridlight_targets":0.0,"main_road_access":true,"dist_main_road_km":0.0,"has_education_facility":true,"has_health_facility":true,"_label":"Ikom","_status_group":"unknown","_year":2025,"_year_label":"Source release year","_states":["Cross River"]},"geometry":{"type":"Point","coordinates":[8.72764,5.96388]}},{"type":"Feature","properties":{"geohash":"s1ntbu9zb0","settlement_name":"Obudu","state":"Cross River","lga":"Obudu","population":50794,"state_population_rank":3,"num_buildings":10594,"nightlight_signal":"nightlight_detected","distance_to_existing_transmission_lines":0.0,"distance_to_existing_hv_transmission_lines":65.69,"distance_to_gridlight_targets":0.0,"main_road_access":true,"dist_main_road_km":0.0,"has_education_facility":true,"has_health_facility":true,"_label":"Obudu","_status_group":"unknown","_year":2025,"_year_label":"Source release year","_states":["Cross River"]},"geometry":{"type":"Point","coordinates":[9.17599,6.66179]}},{"type":"Feature","properties":{"geohash":"s1j9pf55zj","settlement_name":"Itigidi","state":"Cross River","lga":"Yakurr","population":48239,"state_population_rank":4,"num_buildings":9861,"nightlight_signal":"nightlight_detected","distance_to_existing_transmission_lines":0.0,"distance_to_existing_hv_transmission_lines":56.74,"distance_to_gridlight_targets":0.0,"main_road_access":true,"dist_main_road_km":0.0,"has_education_facility":true,"has_health_facility":true,"_label":"Itigidi","_status_group":"unknown","_year":2025,"_year_label":"Source release year","_states":["Cross River"]},"geometry":{"type":"Point","coordinates":[8.07938,5.81244]}},{"type":"Feature","properties":{"geohash":"s1nmb78ts2","settlement_name":"Ogoja","state":"Cross River","lga":"Ogoja","population":38157,"state_population_rank":5,"num_buildings":8123,"nightlight_signal":"nightlight_detected","distance_to_existing_transmission_lines":0.0,"distance_to_existing_hv_transmission_lines":71.55,"distance_to_gridlight_targets":0.0,"main_road_access":true,"dist_main_road_km":0.0,"has_education_facility":true,"has_health_facility":true,"_label":"Ogoja","_status_group":"unknown","_year":2025,"_year_label":"Source release year","_states":["Cross River"]},"geometry":{"type":"Point","coordinates":[8.80092,6.65591]}},{"type":"Feature","properties":{"geohash":"s0vupdqzrw","settlement_name":"Ikot Offiong","state":"Cross River","lga":"Akpabuyo","population":31571,"state_population_rank":6,"num_buildings":6721,"nightlight_signal":"nightlight_detected","distance_to_existing_transmission_lines":0.0,"distance_to_existing_hv_transmission_lines":9.64,"distance_to_gridlight_targets":0.0,"main_road_access":true,"dist_main_road_km":0.0,"has_education_facility":true,"has_health_facility":true,"_label":"Ikot Offiong","_status_group":"unknown","_year":2025,"_year_label":"Source release year","_states":["Cross River"]},"geometry":{"type":"Point","coordinates":[8.42512,4.93551]}},{"type":"Feature","properties":{"geohash":"s1nqkrpjhr","settlement_name":"Vandeikya Town","state":"Cross River","lga":"Bekwara","population":30493,"state_population_rank":7,"num_buildings":6579,"nightlight_signal":"nightlight_detected","distance_to_existing_transmission_lines":0.0,"distance_to_existing_hv_transmission_lines":59.96,"distance_to_gridlight_targets":0.0,"main_road_access":true,"dist_main_road_km":0.0,"has_education_facility":true,"has_health_facility":true,"_label":"Vandeikya Town","_status_group":"unknown","_year":2025,"_year_label":"Source release year","_states":["Cross River"]},"geometry":{"type":"Point","coordinates":[8.98563,6.76299]}},{"type":"Feature","properties":{"geohash":"s1nq4epngn","settlement_name":"Vandeikya Town","state":"Cross River","lga":"Bekwara","population":27849,"state_population_rank":8,"num_buildings":6053,"nightlight_signal":"nightlight_detected","distance_to_existing_transmission_lines":0.0,"distance_to_existing_hv_transmission_lines":65.68,"distance_to_gridlight_targets":0.0,"main_road_access":true,"dist_main_road_km":0.0,"has_education_facility":true,"has_health_facility":true,"_label":"Vandeikya Town","_status_group":"unknown","_year":2025,"_year_label":"Source release year","_states":["Cross River"]},"geometry":{"type":"Point","coordinates":[8.90867,6.69736]}},{"type":"Feature","properties":{"geohash":"s1njxukyuw","settlement_name":"Ogboja","state":"Cross River","lga":"Ogoja","population":26821,"state_population_rank":9,"num_buildings":5643,"nightlight_signal":"nightlight_detected","distance_to_existing_transmission_lines":0.0,"distance_to_existing_hv_transmission_lines":75.1,"distance_to_gridlight_targets":0.0,"main_road_access":true,"dist_main_road_km":0.0,"has_education_facility":true,"has_health_facility":true,"_label":"Ogboja","_status_group":"unknown","_year":2025,"_year_label":"Source release year","_states":["Cross River"]},"geometry":{"type":"Point","coordinates":[8.7848,6.61634]}},{"type":"Feature","properties":{"geohash":"s1nnpy0pv1","settlement_name":"Okpoma","state":"Cross River","lga":"Yala","population":24209,"state_population_rank":10,"num_buildings":4970,"nightlight_signal":"nightlight_detected","distance_to_existing_transmission_lines":0.0,"distance_to_existing_hv_transmission_lines":64.97,"distance_to_gridlight_targets":0.0,"main_road_access":true,"dist_main_road_km":0.0,"has_education_facility":true,"has_health_facility":true,"_label":"Okpoma","_status_group":"unknown","_year":2025,"_year_label":"Source release year","_states":["Cross River"]},"geometry":{"type":"Point","coordinates":[8.7783,6.71399]}},{"type":"Feature","properties":{"geohash":"s1nt8n7m9x","settlement_name":"Otukwang","state":"Cross River","lga":"Obudu","population":21695,"state_population_rank":11,"num_buildings":4695,"nightlight_signal":"nightlight_detected","distance_to_existing_transmission_lines":0.0,"distance_to_existing_hv_transmission_lines":70.51,"distance_to_gridlight_targets":0.0,"main_road_access":true,"dist_main_road_km":0.0,"has_education_facility":true,"has_health_facility":true,"_label":"Otukwang","_status_group":"unknown","_year":2025,"_year_label":"Source release year","_states":["Cross River"]},"geometry":{"type":"Point","coordinates":[9.14516,6.62712]}},{"type":"Feature","properties":{"geohash":"s0vynns97r","settlement_name":"Akankpa","state":"Cross River","lga":"Akamkpa","population":18400,"state_population_rank":12,"num_buildings":3917,"nightlight_signal":"nightlight_detected","distance_to_existing_transmission_lines":0.0,"distance_to_existing_hv_transmission_lines":13.8,"distance_to_gridlight_targets":0.0,"main_road_access":true,"dist_main_road_km":0.0,"has_education_facility":true,"has_health_facility":true,"_label":"Akankpa","_status_group":"unknown","_year":2025,"_year_label":"Source release year","_states":["Cross River"]},"geometry":{"type":"Point","coordinates":[8.35593,5.3094]}},{"type":"Feature","properties":{"geohash":"s1nmrtfgrz","settlement_name":"Ohong","state":"Cross River","lga":"Obudu","population":17163,"state_population_rank":13,"num_buildings":3794,"nightlight_signal":"nightlight_detected","distance_to_existing_transmission_lines":0.0,"distance_to_existing_hv_transmission_lines":75.68,"distance_to_gridlight_targets":0.0,"main_road_access":true,"dist_main_road_km":0.0,"has_education_facility":true,"has_health_facility":true,"_label":"Ohong","_status_group":"unknown","_year":2025,"_year_label":"Source release year","_states":["Cross River"]},"geometry":{"type":"Point","coordinates":[9.12276,6.58003]}},{"type":"Feature","properties":{"geohash":"s1njs2zrpx","settlement_name":"Okpoma","state":"Cross River","lga":"Yala","population":16540,"state_population_rank":14,"num_buildings":3485,"nightlight_signal":"nightlight_detected","distance_to_existing_transmission_lines":0.0,"distance_to_existing_hv_transmission_lines":63.8,"distance_to_gridlight_targets":0.0,"main_road_access":true,"dist_main_road_km":0.0,"has_education_facility":true,"has_health_facility":true,"_label":"Okpoma","_status_group":"unknown","_year":2025,"_year_label":"Source release year","_states":["Cross River"]},"geometry":{"type":"Point","coordinates":[8.63455,6.59716]}},{"type":"Feature","properties":{"geohash":"s0vvy5xfwn","settlement_name":"Aiyebam","state":"Cross River","lga":"Akamkpa","population":16055,"state_population_rank":15,"num_buildings":3378,"nightlight_signal":"nightlight_detected","distance_to_existing_transmission_lines":0.0,"distance_to_existing_hv_transmission_lines":8.81,"distance_to_gridlight_targets":0.0,"main_road_access":true,"dist_main_road_km":0.0,"has_education_facility":true,"has_health_facility":true,"_label":"Aiyebam","_status_group":"unknown","_year":2025,"_year_label":"Source release year","_states":["Cross River"]},"geometry":{"type":"Point","coordinates":[8.36052,5.24918]}},{"type":"Feature","properties":{"geohash":"s1jfh7hrgd","settlement_name":"Location #1174","state":"Cross River","lga":"Obubra","population":15843,"state_population_rank":16,"num_buildings":3290,"nightlight_signal":"nightlight_detected","distance_to_existing_transmission_lines":0.0,"distance_to_existing_hv_transmission_lines":43.85,"distance_to_gridlight_targets":0.0,"main_road_access":true,"dist_main_road_km":0.0,"has_education_facility":true,"has_health_facility":true,"_label":"Location #1174","_status_group":"unknown","_year":2025,"_year_label":"Source release year","_states":["Cross River"]},"geometry":{"type":"Point","coordinates":[8.2787,5.99439]}},{"type":"Feature","properties":{"geohash":"s1nm4q39xe","settlement_name":"Location #1202","state":"Cross River","lga":"Ogoja","population":14334,"state_population_rank":17,"num_buildings":3233,"nightlight_signal":"no_nightlight_detected","distance_to_existing_transmission_lines":0.0,"distance_to_existing_hv_transmission_lines":84.3,"distance_to_gridlight_targets":5.214,"main_road_access":true,"dist_main_road_km":0.0,"has_education_facility":true,"has_health_facility":true,"_label":"Location #1202","_status_group":"unknown","_year":2025,"_year_label":"Source release year","_states":["Cross River"]},"geometry":{"type":"Point","coordinates":[8.89033,6.53852]}},{"type":"Feature","properties":{"geohash":"s1jc2yd3g8","settlement_name":"Ekuri","state":"Cross River","lga":"Yakurr","population":13507,"state_population_rank":18,"num_buildings":2809,"nightlight_signal":"nightlight_detected","distance_to_existing_transmission_lines":0.0,"distance_to_existing_hv_transmission_lines":50.27,"distance_to_gridlight_targets":0.0,"main_road_access":true,"dist_main_road_km":0.0,"has_education_facility":true,"has_health_facility":true,"_label":"Ekuri","_status_group":"unknown","_year":2025,"_year_label":"Source release year","_states":["Cross River"]},"geometry":{"type":"Point","coordinates":[8.12214,5.88073]}},{"type":"Feature","properties":{"geohash":"s1n5k2mtxs","settlement_name":"Edor-Abangork","state":"Cross River","lga":"Ikom","population":11980,"state_population_rank":19,"num_buildings":2558,"nightlight_signal":"no_nightlight_detected","distance_to_existing_transmission_lines":0.0,"distance_to_existing_hv_transmission_lines":61.8,"distance_to_gridlight_targets":3.519,"main_road_access":true,"dist_main_road_km":0.0,"has_education_facility":true,"has_health_facility":true,"_label":"Edor-Abangork","_status_group":"unknown","_year":2025,"_year_label":"Source release year","_states":["Cross River"]},"geometry":{"type":"Point","coordinates":[8.63215,6.19863]}},{"type":"Feature","properties":{"geohash":"s1nmtrdpjg","settlement_name":"Otukwang","state":"Cross River","lga":"Obudu","population":11343,"state_population_rank":20,"num_buildings":2322,"nightlight_signal":"nightlight_detected","distance_to_existing_transmission_lines":0.0,"distance_to_existing_hv_transmission_lines":75.46,"distance_to_gridlight_targets":0.0,"main_road_access":true,"dist_main_road_km":0.0,"has_education_facility":true,"has_health_facility":true,"_label":"Otukwang","_status_group":"unknown","_year":2025,"_year_label":"Source release year","_states":["Cross River"]},"geometry":{"type":"Point","coordinates":[9.02278,6.63422]}},{"type":"Feature","properties":{"geohash":"s0vymdq5cq","settlement_name":"Akankpa","state":"Cross River","lga":"Akamkpa","population":11172,"state_population_rank":21,"num_buildings":2481,"nightlight_signal":"no_nightlight_detected","distance_to_existing_transmission_lines":0.0,"distance_to_existing_hv_transmission_lines":15.61,"distance_to_gridlight_targets":0.497,"main_road_access":true,"dist_main_road_km":0.0,"has_education_facility":true,"has_health_facility":true,"_label":"Akankpa","_status_group":"unknown","_year":2025,"_year_label":"Source release year","_states":["Cross River"]},"geometry":{"type":"Point","coordinates":[8.33593,5.33042]}},{"type":"Feature","properties":{"geohash":"s1nm773c52","settlement_name":"Arakp","state":"Cross River","lga":"Ogoja","population":10565,"state_population_rank":22,"num_buildings":2383,"nightlight_signal":"no_nightlight_detected","distance_to_existing_transmission_lines":0.0,"distance_to_existing_hv_transmission_lines":81.67,"distance_to_gridlight_targets":8.608,"main_road_access":true,"dist_main_road_km":0.0,"has_education_facility":true,"has_health_facility":true,"_label":"Arakp","_status_group":"unknown","_year":2025,"_year_label":"Source release year","_states":["Cross River"]},"geometry":{"type":"Point","coordinates":[8.93443,6.56588]}},{"type":"Feature","properties":{"geohash":"s1jc6ms01j","settlement_name":"Nko","state":"Cross River","lga":"Yakurr","population":10435,"state_population_rank":23,"num_buildings":2202,"nightlight_signal":"nightlight_detected","distance_to_existing_transmission_lines":0.0,"distance_to_existing_hv_transmission_lines":52.49,"distance_to_gridlight_targets":0.0,"main_road_access":true,"dist_main_road_km":0.0,"has_education_facility":true,"has_health_facility":true,"_label":"Nko","_status_group":"unknown","_year":2025,"_year_label":"Source release year","_states":["Cross River"]},"geometry":{"type":"Point","coordinates":[8.19036,5.87497]}},{"type":"Feature","properties":{"geohash":"s1jcggtypx","settlement_name":"Obabene","state":"Cross River","lga":"Obubra","population":10152,"state_population_rank":24,"num_buildings":2158,"nightlight_signal":"no_nightlight_detected","distance_to_existing_transmission_lines":0.0,"distance_to_existing_hv_transmission_lines":46.72,"distance_to_gridlight_targets":1.593,"main_road_access":true,"dist_main_road_km":0.0,"has_education_facility":true,"has_health_facility":true,"_label":"Obabene","_status_group":"unknown","_year":2025,"_year_label":"Source release year","_states":["Cross River"]},"geometry":{"type":"Point","coordinates":[8.25896,5.95291]}},{"type":"Feature","properties":{"geohash":"s1j9qssj0g","settlement_name":"Ediba","state":"Cross River","lga":"Abi","population":10139,"state_population_rank":25,"num_buildings":2221,"nightlight_signal":"no_nightlight_detected","distance_to_existing_transmission_lines":0.0,"distance_to_existing_hv_transmission_lines":52.27,"distance_to_gridlight_targets":0.35,"main_road_access":true,"dist_main_road_km":0.3,"has_education_facility":true,"has_health_facility":true,"_label":"Ediba","_status_group":"unknown","_year":2025,"_year_label":"Source release year","_states":["Cross River"]},"geometry":{"type":"Point","coordinates":[8.02554,5.87032]}},{"type":"Feature","properties":{"geohash":"s1jc1euq4p","settlement_name":"Mkpani","state":"Cross River","lga":"Yakurr","population":10094,"state_population_rank":26,"num_buildings":2152,"nightlight_signal":"nightlight_detected","distance_to_existing_transmission_lines":0.0,"distance_to_existing_hv_transmission_lines":57.37,"distance_to_gridlight_targets":0.0,"main_road_access":false,"dist_main_road_km":1.13,"has_education_facility":true,"has_health_facility":true,"_label":"Mkpani","_status_group":"unknown","_year":2025,"_year_label":"Source release year","_states":["Cross River"]},"geometry":{"type":"Point","coordinates":[8.15779,5.82245]}},{"type":"Feature","properties":{"geohash":"s0y53bzr4x","settlement_name":"Ikang","state":"Cross River","lga":"Akpabuyo","population":9841,"state_population_rank":27,"num_buildings":2149,"nightlight_signal":"nightlight_detected","distance_to_existing_transmission_lines":0.0,"distance_to_existing_hv_transmission_lines":30.66,"distance_to_gridlight_targets":0.0,"main_road_access":false,"dist_main_road_km":17.69,"has_education_facility":true,"has_health_facility":true,"_label":"Ikang","_status_group":"unknown","_year":2025,"_year_label":"Source release year","_states":["Cross River"]},"geometry":{"type":"Point","coordinates":[8.52447,4.7954]}},{"type":"Feature","properties":{"geohash":"s1jbd4408y","settlement_name":"Agoi Ibami","state":"Cross River","lga":"Yakurr","population":9838,"state_population_rank":28,"num_buildings":2037,"nightlight_signal":"no_nightlight_detected","distance_to_existing_transmission_lines":8.69,"distance_to_existing_hv_transmission_lines":58.79,"distance_to_gridlight_targets":6.347,"main_road_access":false,"dist_main_road_km":11.32,"has_education_facility":true,"has_health_facility":true,"_label":"Agoi Ibami","_status_group":"unknown","_year":2025,"_year_label":"Source release year","_states":["Cross River"]},"geometry":{"type":"Point","coordinates":[8.17661,5.724]}},{"type":"Feature","properties":{"geohash":"s1jft8ptr6","settlement_name":"Obubra","state":"Cross River","lga":"Obubra","population":9819,"state_population_rank":29,"num_buildings":2036,"nightlight_signal":"no_nightlight_detected","distance_to_existing_transmission_lines":0.0,"distance_to_existing_hv_transmission_lines":39.18,"distance_to_gridlight_targets":7.821,"main_road_access":false,"dist_main_road_km":5.57,"has_education_facility":true,"has_health_facility":true,"_label":"Obubra","_status_group":"unknown","_year":2025,"_year_label":"Source release year","_states":["Cross River"]},"geometry":{"type":"Point","coordinates":[8.33825,6.06537]}},{"type":"Feature","properties":{"geohash":"s1nqbmd5df","settlement_name":"Alifokpa","state":"Cross River","lga":"Yala","population":9814,"state_population_rank":30,"num_buildings":2153,"nightlight_signal":"nightlight_detected","distance_to_existing_transmission_lines":0.0,"distance_to_existing_hv_transmission_lines":50.22,"distance_to_gridlight_targets":0.0,"main_road_access":true,"dist_main_road_km":0.0,"has_education_facility":true,"has_health_facility":true,"_label":"Alifokpa","_status_group":"unknown","_year":2025,"_year_label":"Source release year","_states":["Cross River"]},"geometry":{"type":"Point","coordinates":[8.80292,6.84235]}},{"type":"Feature","properties":{"geohash":"s1n1u3u9wp","settlement_name":"Ikom","state":"Cross River","lga":"Ikom","population":9269,"state_population_rank":31,"num_buildings":1953,"nightlight_signal":"nightlight_detected","distance_to_existing_transmission_lines":0.0,"distance_to_existing_hv_transmission_lines":73.57,"distance_to_gridlight_targets":0.0,"main_road_access":true,"dist_main_road_km":0.0,"has_education_facility":true,"has_health_facility":true,"_label":"Ikom","_status_group":"unknown","_year":2025,"_year_label":"Source release year","_states":["Cross River"]},"geometry":{"type":"Point","coordinates":[8.63071,5.94253]}},{"type":"Feature","properties":{"geohash":"s1j9w883v8","settlement_name":"Itigidi","state":"Cross River","lga":"Abi","population":9178,"state_population_rank":32,"num_buildings":1906,"nightlight_signal":"nightlight_detected","distance_to_existing_transmission_lines":0.0,"distance_to_existing_hv_transmission_lines":49.77,"distance_to_gridlight_targets":0.0,"main_road_access":true,"dist_main_road_km":0.0,"has_education_facility":true,"has_health_facility":true,"_label":"Itigidi","_status_group":"unknown","_year":2025,"_year_label":"Source release year","_states":["Cross River"]},"geometry":{"type":"Point","coordinates":[8.0206,5.89172]}},{"type":"Feature","properties":{"geohash":"s1nhcf2gh1","settlement_name":"Ntara Ayimaya","state":"Cross River","lga":"Yala","population":9058,"state_population_rank":33,"num_buildings":1914,"nightlight_signal":"nightlight_detected","distance_to_existing_transmission_lines":0.0,"distance_to_existing_hv_transmission_lines":48.45,"distance_to_gridlight_targets":0.0,"main_road_access":true,"dist_main_road_km":0.0,"has_education_facility":true,"has_health_facility":true,"_label":"Ntara Ayimaya","_status_group":"unknown","_year":2025,"_year_label":"Source release year","_states":["Cross River"]},"geometry":{"type":"Point","coordinates":[8.51561,6.47284]}},{"type":"Feature","properties":{"geohash":"s1jcxzxjqm","settlement_name":"Ochon","state":"Cross River","lga":"Obubra","population":8623,"state_population_rank":34,"num_buildings":1743,"nightlight_signal":"nightlight_detected","distance_to_existing_transmission_lines":0.0,"distance_to_existing_hv_transmission_lines":59.64,"distance_to_gridlight_targets":0.0,"main_road_access":true,"dist_main_road_km":0.0,"has_education_facility":true,"has_health_facility":true,"_label":"Ochon","_status_group":"unknown","_year":2025,"_year_label":"Source release year","_states":["Cross River"]},"geometry":{"type":"Point","coordinates":[8.4364,5.9308]}},{"type":"Feature","properties":{"geohash":"s1nmcctnk4","settlement_name":"Okpeche","state":"Cross River","lga":"Bekwara","population":8592,"state_population_rank":35,"num_buildings":1851,"nightlight_signal":"no_nightlight_detected","distance_to_existing_transmission_lines":0.0,"distance_to_existing_hv_transmission_lines":73.37,"distance_to_gridlight_targets":1.62,"main_road_access":false,"dist_main_road_km":1.8,"has_education_facility":true,"has_health_facility":true,"_label":"Okpeche","_status_group":"unknown","_year":2025,"_year_label":"Source release year","_states":["Cross River"]},"geometry":{"type":"Point","coordinates":[8.87301,6.64507]}},{"type":"Feature","properties":{"geohash":"s0yj4p80bd","settlement_name":"Aningeje","state":"Cross River","lga":"Akamkpa","population":8557,"state_population_rank":36,"num_buildings":1986,"nightlight_signal":"no_nightlight_detected","distance_to_existing_transmission_lines":0.0,"distance_to_existing_hv_transmission_lines":20.18,"distance_to_gridlight_targets":4.751,"main_road_access":true,"dist_main_road_km":0.0,"has_education_facility":true,"has_health_facility":false,"_label":"Aningeje","_status_group":"unknown","_year":2025,"_year_label":"Source release year","_states":["Cross River"]},"geometry":{"type":"Point","coordinates":[8.52542,5.139]}},{"type":"Feature","properties":{"geohash":"s1nhx1q589","settlement_name":"Ntanante","state":"Cross River","lga":"Boki","population":8311,"state_population_rank":37,"num_buildings":1721,"nightlight_signal":"no_nightlight_detected","distance_to_existing_transmission_lines":0.0,"distance_to_existing_hv_transmission_lines":72.6,"distance_to_gridlight_targets":2.989,"main_road_access":true,"dist_main_road_km":0.0,"has_education_facility":true,"has_health_facility":true,"_label":"Ntanante","_status_group":"unknown","_year":2025,"_year_label":"Source release year","_states":["Cross River"]},"geometry":{"type":"Point","coordinates":[8.75339,6.42349]}},{"type":"Feature","properties":{"geohash":"s1nk8hd5e2","settlement_name":"Location #2256","state":"Cross River","lga":"Boki","population":8160,"state_population_rank":38,"num_buildings":1832,"nightlight_signal":"nightlight_detected","distance_to_existing_transmission_lines":0.0,"distance_to_existing_hv_transmission_lines":77.61,"distance_to_gridlight_targets":0.0,"main_road_access":true,"dist_main_road_km":0.0,"has_education_facility":true,"has_health_facility":true,"_label":"Location #2256","_status_group":"unknown","_year":2025,"_year_label":"Source release year","_states":["Cross River"]},"geometry":{"type":"Point","coordinates":[8.79195,6.44134]}},{"type":"Feature","properties":{"geohash":"s1jbb06572","settlement_name":"Idomi","state":"Cross River","lga":"Yakurr","population":8025,"state_population_rank":39,"num_buildings":1676,"nightlight_signal":"no_nightlight_detected","distance_to_existing_transmission_lines":0.0,"distance_to_existing_hv_transmission_lines":63.4,"distance_to_gridlight_targets":3.406,"main_road_access":false,"dist_main_road_km":2.57,"has_education_facility":true,"has_health_facility":true,"_label":"Idomi","_status_group":"unknown","_year":2025,"_year_label":"Source release year","_states":["Cross River"]},"geometry":{"type":"Point","coordinates":[8.08882,5.75877]}},{"type":"Feature","properties":{"geohash":"s1ntdd8j0t","settlement_name":"Sankwala","state":"Cross River","lga":"Obanliku","population":7720,"state_population_rank":40,"num_buildings":1646,"nightlight_signal":"nightlight_detected","distance_to_existing_transmission_lines":0.0,"distance_to_existing_hv_transmission_lines":62.83,"distance_to_gridlight_targets":0.0,"main_road_access":false,"dist_main_road_km":4.6,"has_education_facility":true,"has_health_facility":true,"_label":"Sankwala","_status_group":"unknown","_year":2025,"_year_label":"Source release year","_states":["Cross River"]},"geometry":{"type":"Point","coordinates":[9.25051,6.60642]}},{"type":"Feature","properties":{"geohash":"s0upe2v3kx","settlement_name":"Warri","state":"Delta","lga":"Uvwie","population":843502,"state_population_rank":1,"num_buildings":172920,"nightlight_signal":"nightlight_detected","distance_to_existing_transmission_lines":0.0,"distance_to_existing_hv_transmission_lines":0.0,"distance_to_gridlight_targets":0.0,"main_road_access":true,"dist_main_road_km":0.0,"has_education_facility":true,"has_health_facility":true,"_label":"Warri","_status_group":"unknown","_year":2025,"_year_label":"Source release year","_states":["Delta"]},"geometry":{"type":"Point","coordinates":[5.77523,5.54148]}},{"type":"Feature","properties":{"geohash":"s1hg24xvf8","settlement_name":"Location #47","state":"Delta","lga":"Oshimili North","population":470802,"state_population_rank":2,"num_buildings":98910,"nightlight_signal":"nightlight_detected","distance_to_existing_transmission_lines":0.0,"distance_to_existing_hv_transmission_lines":0.0,"distance_to_gridlight_targets":0.0,"main_road_access":true,"dist_main_road_km":0.0,"has_education_facility":true,"has_health_facility":true,"_label":"Location #47","_status_group":"unknown","_year":2025,"_year_label":"Source release year","_states":["Delta"]},"geometry":{"type":"Point","coordinates":[6.69044,6.21101]}},{"type":"Feature","properties":{"geohash":"s1h7sccjtn","settlement_name":"Agbor","state":"Delta","lga":"Ika South","population":334561,"state_population_rank":3,"num_buildings":71434,"nightlight_signal":"nightlight_detected","distance_to_existing_transmission_lines":0.0,"distance_to_existing_hv_transmission_lines":0.0,"distance_to_gridlight_targets":0.0,"main_road_access":true,"dist_main_road_km":0.0,"has_education_facility":true,"has_health_facility":true,"_label":"Agbor","_status_group":"unknown","_year":2025,"_year_label":"Source release year","_states":["Delta"]},"geometry":{"type":"Point","coordinates":[6.1869,6.25083]}},{"type":"Feature","properties":{"geohash":"s0ur2c3mzm","settlement_name":"Ughelli","state":"Delta","lga":"Ughelli North","population":247394,"state_population_rank":4,"num_buildings":51673,"nightlight_signal":"nightlight_detected","distance_to_existing_transmission_lines":0.0,"distance_to_existing_hv_transmission_lines":5.65,"distance_to_gridlight_targets":0.0,"main_road_access":true,"dist_main_road_km":0.0,"has_education_facility":true,"has_health_facility":true,"_label":"Ughelli","_status_group":"unknown","_year":2025,"_year_label":"Source release year","_states":["Delta"]},"geometry":{"type":"Point","coordinates":[6.01155,5.50105]}},{"type":"Feature","properties":{"geohash":"s1h13t2bh1","settlement_name":"Sapele","state":"Delta","lga":"Sapele","population":233427,"state_population_rank":5,"num_buildings":48335,"nightlight_signal":"nightlight_detected","distance_to_existing_transmission_lines":0.0,"distance_to_existing_hv_transmission_lines":0.0,"distance_to_gridlight_targets":0.0,"main_road_access":true,"dist_main_road_km":0.0,"has_education_facility":true,"has_health_facility":true,"_label":"Sapele","_status_group":"unknown","_year":2025,"_year_label":"Source release year","_states":["Delta"]},"geometry":{"type":"Point","coordinates":[5.69212,5.87357]}},{"type":"Feature","properties":{"geohash":"s1h1c4bcbh","settlement_name":"Ogharefe","state":"Delta","lga":"Ethiope West","population":123750,"state_population_rank":6,"num_buildings":25885,"nightlight_signal":"nightlight_detected","distance_to_existing_transmission_lines":0.0,"distance_to_existing_hv_transmission_lines":0.0,"distance_to_gridlight_targets":0.0,"main_road_access":true,"dist_main_road_km":0.0,"has_education_facility":true,"has_health_facility":true,"_label":"Ogharefe","_status_group":"unknown","_year":2025,"_year_label":"Source release year","_states":["Delta"]},"geometry":{"type":"Point","coordinates":[5.66998,5.94805]}},{"type":"Feature","properties":{"geohash":"s0upv9kje6","settlement_name":"Agbarho","state":"Delta","lga":"Ughelli North","population":110100,"state_population_rank":7,"num_buildings":23543,"nightlight_signal":"nightlight_detected","distance_to_existing_transmission_lines":0.0,"distance_to_existing_hv_transmission_lines":0.0,"distance_to_gridlight_targets":0.0,"main_road_access":true,"dist_main_road_km":0.0,"has_education_facility":true,"has_health_facility":true,"_label":"Agbarho","_status_group":"unknown","_year":2025,"_year_label":"Source release year","_states":["Delta"]},"geometry":{"type":"Point","coordinates":[5.87234,5.58888]}},{"type":"Feature","properties":{"geohash":"s1h2ftp5gw","settlement_name":"Abraka","state":"Delta","lga":"Ethiope East","population":103368,"state_population_rank":8,"num_buildings":22038,"nightlight_signal":"nightlight_detected","distance_to_existing_transmission_lines":0.0,"distance_to_existing_hv_transmission_lines":24.81,"distance_to_gridlight_targets":0.0,"main_road_access":true,"dist_main_road_km":0.0,"has_education_facility":true,"has_health_facility":true,"_label":"Abraka","_status_group":"unknown","_year":2025,"_year_label":"Source release year","_states":["Delta"]},"geometry":{"type":"Point","coordinates":[6.09619,5.78498]}},{"type":"Feature","properties":{"geohash":"s1h3hpsq7t","settlement_name":"Obiaruku","state":"Delta","lga":"Ukwuani","population":91966,"state_population_rank":9,"num_buildings":19463,"nightlight_signal":"nightlight_detected","distance_to_existing_transmission_lines":2.73,"distance_to_existing_hv_transmission_lines":37.13,"distance_to_gridlight_targets":0.0,"main_road_access":true,"dist_main_road_km":0.0,"has_education_facility":true,"has_health_facility":true,"_label":"Obiaruku","_status_group":"unknown","_year":2025,"_year_label":"Source release year","_states":["Delta"]},"geometry":{"type":"Point","coordinates":[6.15833,5.84308]}},{"type":"Feature","properties":{"geohash":"s1h86hu7ru","settlement_name":"Kwale","state":"Delta","lga":"Ndokwa West","population":89655,"state_population_rank":10,"num_buildings":18645,"nightlight_signal":"nightlight_detected","distance_to_existing_transmission_lines":0.0,"distance_to_existing_hv_transmission_lines":14.45,"distance_to_gridlight_targets":0.0,"main_road_access":true,"dist_main_road_km":0.0,"has_education_facility":true,"has_health_facility":true,"_label":"Kwale","_status_group":"unknown","_year":2025,"_year_label":"Source release year","_states":["Delta"]},"geometry":{"type":"Point","coordinates":[6.42219,5.69562]}},{"type":"Feature","properties":{"geohash":"s1hehw8nff","settlement_name":"Ogwashi-Uku","state":"Delta","lga":"Aniocha South","population":88733,"state_population_rank":11,"num_buildings":18400,"nightlight_signal":"nightlight_detected","distance_to_existing_transmission_lines":0.0,"distance_to_existing_hv_transmission_lines":0.02,"distance_to_gridlight_targets":0.0,"main_road_access":true,"dist_main_road_km":0.0,"has_education_facility":true,"has_health_facility":true,"_label":"Ogwashi-Uku","_status_group":"unknown","_year":2025,"_year_label":"Source release year","_states":["Delta"]},"geometry":{"type":"Point","coordinates":[6.526,6.18922]}},{"type":"Feature","properties":{"geohash":"s0urt9qtbm","settlement_name":"Ozoro","state":"Delta","lga":"Isoko North","population":77911,"state_population_rank":12,"num_buildings":15859,"nightlight_signal":"nightlight_detected","distance_to_existing_transmission_lines":0.0,"distance_to_existing_hv_transmission_lines":31.91,"distance_to_gridlight_targets":0.0,"main_road_access":true,"dist_main_road_km":0.0,"has_education_facility":true,"has_health_facility":true,"_label":"Ozoro","_status_group":"unknown","_year":2025,"_year_label":"Source release year","_states":["Delta"]},"geometry":{"type":"Point","coordinates":[6.22721,5.545]}},{"type":"Feature","properties":{"geohash":"s1henggk3r","settlement_name":"Ibusa","state":"Delta","lga":"Oshimili North","population":72145,"state_population_rank":13,"num_buildings":15948,"nightlight_signal":"nightlight_detected","distance_to_existing_transmission_lines":0.0,"distance_to_existing_hv_transmission_lines":0.01,"distance_to_gridlight_targets":0.0,"main_road_access":true,"dist_main_road_km":0.0,"has_education_facility":true,"has_health_facility":true,"_label":"Ibusa","_status_group":"unknown","_year":2025,"_year_label":"Source release year","_states":["Delta"]},"geometry":{"type":"Point","coordinates":[6.62928,6.17371]}},{"type":"Feature","properties":{"geohash":"s0urj28hgd","settlement_name":"Oleh","state":"Delta","lga":"Isoko South","population":67449,"state_population_rank":14,"num_buildings":14088,"nightlight_signal":"nightlight_detected","distance_to_existing_transmission_lines":0.0,"distance_to_existing_hv_transmission_lines":30.89,"distance_to_gridlight_targets":0.0,"main_road_access":true,"dist_main_road_km":0.0,"has_education_facility":true,"has_health_facility":true,"_label":"Oleh","_status_group":"unknown","_year":2025,"_year_label":"Source release year","_states":["Delta"]},"geometry":{"type":"Point","coordinates":[6.20743,5.45279]}},{"type":"Feature","properties":{"geohash":"s0upsb0m9w","settlement_name":"Location #221","state":"Delta","lga":"Ughelli South","population":66065,"state_population_rank":15,"num_buildings":14515,"nightlight_signal":"nightlight_detected","distance_to_existing_transmission_lines":0.0,"distance_to_existing_hv_transmission_lines":0.0,"distance_to_gridlight_targets":0.0,"main_road_access":true,"dist_main_road_km":0.0,"has_education_facility":true,"has_health_facility":true,"_label":"Location #221","_status_group":"unknown","_year":2025,"_year_label":"Source release year","_states":["Delta"]},"geometry":{"type":"Point","coordinates":[5.83415,5.53809]}},{"type":"Feature","properties":{"geohash":"s1h6u756rr","settlement_name":"Abavo","state":"Delta","lga":"Ika South","population":61863,"state_population_rank":16,"num_buildings":13571,"nightlight_signal":"nightlight_detected","distance_to_existing_transmission_lines":0.0,"distance_to_existing_hv_transmission_lines":7.56,"distance_to_gridlight_targets":0.0,"main_road_access":true,"dist_main_road_km":0.0,"has_education_facility":true,"has_health_facility":true,"_label":"Abavo","_status_group":"unknown","_year":2025,"_year_label":"Source release year","_states":["Delta"]},"geometry":{"type":"Point","coordinates":[6.16811,6.1253]}},{"type":"Feature","properties":{"geohash":"s1h7xu121c","settlement_name":"Umunede","state":"Delta","lga":"Ika North East","population":51047,"state_population_rank":17,"num_buildings":10555,"nightlight_signal":"nightlight_detected","distance_to_existing_transmission_lines":0.0,"distance_to_existing_hv_transmission_lines":0.51,"distance_to_gridlight_targets":0.0,"main_road_access":true,"dist_main_road_km":0.0,"has_education_facility":true,"has_health_facility":true,"_label":"Umunede","_status_group":"unknown","_year":2025,"_year_label":"Source release year","_states":["Delta"]},"geometry":{"type":"Point","coordinates":[6.31893,6.26222]}},{"type":"Feature","properties":{"geohash":"s1h0nk0mfd","settlement_name":"Orerokpe","state":"Delta","lga":"Okpe","population":47386,"state_population_rank":18,"num_buildings":9883,"nightlight_signal":"nightlight_detected","distance_to_existing_transmission_lines":0.0,"distance_to_existing_hv_transmission_lines":4.59,"distance_to_gridlight_targets":0.0,"main_road_access":true,"dist_main_road_km":0.0,"has_education_facility":true,"has_health_facility":true,"_label":"Orerokpe","_status_group":"unknown","_year":2025,"_year_label":"Source release year","_states":["Delta"]},"geometry":{"type":"Point","coordinates":[5.90011,5.64797]}},{"type":"Feature","properties":{"geohash":"s1h16vhyy2","settlement_name":"Jesse","state":"Delta","lga":"Ethiope West","population":44082,"state_population_rank":19,"num_buildings":9685,"nightlight_signal":"nightlight_detected","distance_to_existing_transmission_lines":0.0,"distance_to_existing_hv_transmission_lines":2.19,"distance_to_gridlight_targets":0.0,"main_road_access":true,"dist_main_road_km":0.0,"has_education_facility":true,"has_health_facility":true,"_label":"Jesse","_status_group":"unknown","_year":2025,"_year_label":"Source release year","_states":["Delta"]},"geometry":{"type":"Point","coordinates":[5.75265,5.87335]}},{"type":"Feature","properties":{"geohash":"s1h3tsvfxp","settlement_name":"Umutu","state":"Delta","lga":"Ukwuani","population":43503,"state_population_rank":20,"num_buildings":9372,"nightlight_signal":"nightlight_detected","distance_to_existing_transmission_lines":0.31,"distance_to_existing_hv_transmission_lines":32.03,"distance_to_gridlight_targets":0.0,"main_road_access":true,"dist_main_road_km":0.0,"has_education_facility":true,"has_health_facility":true,"_label":"Umutu","_status_group":"unknown","_year":2025,"_year_label":"Source release year","_states":["Delta"]},"geometry":{"type":"Point","coordinates":[6.22647,5.91523]}},{"type":"Feature","properties":{"geohash":"s1hegq5v1n","settlement_name":"Issele Uku","state":"Delta","lga":"Aniocha North","population":42350,"state_population_rank":21,"num_buildings":8989,"nightlight_signal":"nightlight_detected","distance_to_existing_transmission_lines":0.0,"distance_to_existing_hv_transmission_lines":9.94,"distance_to_gridlight_targets":0.0,"main_road_access":true,"dist_main_road_km":0.0,"has_education_facility":true,"has_health_facility":true,"_label":"Issele Uku","_status_group":"unknown","_year":2025,"_year_label":"Source release year","_states":["Delta"]},"geometry":{"type":"Point","coordinates":[6.47614,6.31803]}},{"type":"Feature","properties":{"geohash":"s1he6wztet","settlement_name":"Ogwashi-Uku","state":"Delta","lga":"Aniocha South","population":38555,"state_population_rank":22,"num_buildings":7995,"nightlight_signal":"nightlight_detected","distance_to_existing_transmission_lines":0.0,"distance_to_existing_hv_transmission_lines":0.49,"distance_to_gridlight_targets":0.0,"main_road_access":true,"dist_main_road_km":0.0,"has_education_facility":true,"has_health_facility":true,"_label":"Ogwashi-Uku","_status_group":"unknown","_year":2025,"_year_label":"Source release year","_states":["Delta"]},"geometry":{"type":"Point","coordinates":[6.44845,6.23434]}},{"type":"Feature","properties":{"geohash":"s1h1dedh10","settlement_name":"Okumore","state":"Delta","lga":"Ethiope West","population":29549,"state_population_rank":23,"num_buildings":6328,"nightlight_signal":"nightlight_detected","distance_to_existing_transmission_lines":1.57,"distance_to_existing_hv_transmission_lines":4.06,"distance_to_gridlight_targets":0.0,"main_road_access":true,"dist_main_road_km":0.0,"has_education_facility":true,"has_health_facility":true,"_label":"Okumore","_status_group":"unknown","_year":2025,"_year_label":"Source release year","_states":["Delta"]},"geometry":{"type":"Point","coordinates":[5.73766,5.90859]}},{"type":"Feature","properties":{"geohash":"s0up9wshgs","settlement_name":"Ubeji","state":"Delta","lga":"Okpe","population":29459,"state_population_rank":24,"num_buildings":6065,"nightlight_signal":"nightlight_detected","distance_to_existing_transmission_lines":0.0,"distance_to_existing_hv_transmission_lines":6.93,"distance_to_gridlight_targets":0.0,"main_road_access":false,"dist_main_road_km":1.76,"has_education_facility":true,"has_health_facility":true,"_label":"Ubeji","_status_group":"unknown","_year":2025,"_year_label":"Source release year","_states":["Delta"]},"geometry":{"type":"Point","coordinates":[5.69657,5.57365]}},{"type":"Feature","properties":{"geohash":"s1hew4egs5","settlement_name":"Onitsha Ugbo","state":"Delta","lga":"Aniocha South","population":26902,"state_population_rank":25,"num_buildings":5956,"nightlight_signal":"nightlight_detected","distance_to_existing_transmission_lines":0.0,"distance_to_existing_hv_transmission_lines":3.41,"distance_to_gridlight_targets":0.0,"main_road_access":true,"dist_main_road_km":0.0,"has_education_facility":true,"has_health_facility":true,"_label":"Onitsha Ugbo","_status_group":"unknown","_year":2025,"_year_label":"Source release year","_states":["Delta"]},"geometry":{"type":"Point","coordinates":[6.59713,6.25459]}},{"type":"Feature","properties":{"geohash":"s1h28kbtmf","settlement_name":"Eku","state":"Delta","lga":"Ethiope East","population":26493,"state_population_rank":26,"num_buildings":5699,"nightlight_signal":"nightlight_detected","distance_to_existing_transmission_lines":0.0,"distance_to_existing_hv_transmission_lines":16.72,"distance_to_gridlight_targets":0.0,"main_road_access":true,"dist_main_road_km":0.0,"has_education_facility":true,"has_health_facility":true,"_label":"Eku","_status_group":"unknown","_year":2025,"_year_label":"Source release year","_states":["Delta"]},"geometry":{"type":"Point","coordinates":[5.98849,5.7399]}},{"type":"Feature","properties":{"geohash":"s1h2m3e8cj","settlement_name":"Abbi","state":"Delta","lga":"Ndokwa West","population":25464,"state_population_rank":27,"num_buildings":5413,"nightlight_signal":"nightlight_detected","distance_to_existing_transmission_lines":0.0,"distance_to_existing_hv_transmission_lines":33.92,"distance_to_gridlight_targets":0.0,"main_road_access":true,"dist_main_road_km":0.0,"has_education_facility":true,"has_health_facility":true,"_label":"Abbi","_status_group":"unknown","_year":2025,"_year_label":"Source release year","_states":["Delta"]},"geometry":{"type":"Point","coordinates":[6.21213,5.67734]}},{"type":"Feature","properties":{"geohash":"s0urub93hg","settlement_name":"Igbuku","state":"Delta","lga":"Isoko North","population":24379,"state_population_rank":28,"num_buildings":5213,"nightlight_signal":"nightlight_detected","distance_to_existing_transmission_lines":0.0,"distance_to_existing_hv_transmission_lines":27.23,"distance_to_gridlight_targets":0.0,"main_road_access":true,"dist_main_road_km":0.0,"has_education_facility":true,"has_health_facility":true,"_label":"Igbuku","_status_group":"unknown","_year":2025,"_year_label":"Source release year","_states":["Delta"]},"geometry":{"type":"Point","coordinates":[6.18723,5.58399]}},{"type":"Feature","properties":{"geohash":"s0up4ypvcw","settlement_name":"Aladja","state":"Delta","lga":"Udu","population":23413,"state_population_rank":29,"num_buildings":4848,"nightlight_signal":"nightlight_detected","distance_to_existing_transmission_lines":0.05,"distance_to_existing_hv_transmission_lines":0.0,"distance_to_gridlight_targets":0.0,"main_road_access":true,"dist_main_road_km":0.12,"has_education_facility":true,"has_health_facility":true,"_label":"Aladja","_status_group":"unknown","_year":2025,"_year_label":"Source release year","_states":["Delta"]},"geometry":{"type":"Point","coordinates":[5.75657,5.4832]}},{"type":"Feature","properties":{"geohash":"s1h211z12e","settlement_name":"Kokori","state":"Delta","lga":"Ethiope East","population":22184,"state_population_rank":30,"num_buildings":4646,"nightlight_signal":"nightlight_detected","distance_to_existing_transmission_lines":0.0,"distance_to_existing_hv_transmission_lines":14.11,"distance_to_gridlight_targets":0.0,"main_road_access":true,"dist_main_road_km":0.0,"has_education_facility":true,"has_health_facility":true,"_label":"Kokori","_status_group":"unknown","_year":2025,"_year_label":"Source release year","_states":["Delta"]},"geometry":{"type":"Point","coordinates":[6.03015,5.63485]}},{"type":"Feature","properties":{"geohash":"s0unecteut","settlement_name":"Okwagbe","state":"Delta","lga":"Ughelli South","population":21404,"state_population_rank":31,"num_buildings":4363,"nightlight_signal":"nightlight_detected","distance_to_existing_transmission_lines":0.0,"distance_to_existing_hv_transmission_lines":11.76,"distance_to_gridlight_targets":0.0,"main_road_access":true,"dist_main_road_km":0.0,"has_education_facility":true,"has_health_facility":true,"_label":"Okwagbe","_status_group":"unknown","_year":2025,"_year_label":"Source release year","_states":["Delta"]},"geometry":{"type":"Point","coordinates":[5.79754,5.37024]}},{"type":"Feature","properties":{"geohash":"s0uqu9391m","settlement_name":"Uru Emede","state":"Delta","lga":"Isoko South","population":20267,"state_population_rank":32,"num_buildings":4227,"nightlight_signal":"no_nightlight_detected","distance_to_existing_transmission_lines":0.0,"distance_to_existing_hv_transmission_lines":30.77,"distance_to_gridlight_targets":1.823,"main_road_access":true,"dist_main_road_km":0.0,"has_education_facility":true,"has_health_facility":true,"_label":"Uru Emede","_status_group":"unknown","_year":2025,"_year_label":"Source release year","_states":["Delta"]},"geometry":{"type":"Point","coordinates":[6.17644,5.41234]}},{"type":"Feature","properties":{"geohash":"s1hefnkk0g","settlement_name":"Onitsha Ugbo","state":"Delta","lga":"Aniocha North","population":19946,"state_population_rank":33,"num_buildings":4154,"nightlight_signal":"nightlight_detected","distance_to_existing_transmission_lines":0.0,"distance_to_existing_hv_transmission_lines":10.85,"distance_to_gridlight_targets":0.0,"main_road_access":true,"dist_main_road_km":0.0,"has_education_facility":true,"has_health_facility":true,"_label":"Onitsha Ugbo","_status_group":"unknown","_year":2025,"_year_label":"Source release year","_states":["Delta"]},"geometry":{"type":"Point","coordinates":[6.42189,6.31922]}},{"type":"Feature","properties":{"geohash":"s1h8b01n7f","settlement_name":"Location #941","state":"Delta","lga":"Ndokwa West","population":19488,"state_population_rank":34,"num_buildings":4047,"nightlight_signal":"no_nightlight_detected","distance_to_existing_transmission_lines":6.94,"distance_to_existing_hv_transmission_lines":26.05,"distance_to_gridlight_targets":5.614,"main_road_access":true,"dist_main_road_km":0.0,"has_education_facility":true,"has_health_facility":true,"_label":"Location #941","_status_group":"unknown","_year":2025,"_year_label":"Source release year","_states":["Delta"]},"geometry":{"type":"Point","coordinates":[6.32966,5.75792]}},{"type":"Feature","properties":{"geohash":"s1h6x7zf5g","settlement_name":"Ute Okpo","state":"Delta","lga":"Ika South","population":18445,"state_population_rank":35,"num_buildings":3956,"nightlight_signal":"no_nightlight_detected","distance_to_existing_transmission_lines":4.33,"distance_to_existing_hv_transmission_lines":15.25,"distance_to_gridlight_targets":9.511,"main_road_access":false,"dist_main_road_km":13.7,"has_education_facility":true,"has_health_facility":true,"_label":"Ute Okpo","_status_group":"unknown","_year":2025,"_year_label":"Source release year","_states":["Delta"]},"geometry":{"type":"Point","coordinates":[6.30597,6.08542]}},{"type":"Feature","properties":{"geohash":"s0ujqeeq02","settlement_name":"Bomadi","state":"Delta","lga":"Bomadi","population":17919,"state_population_rank":36,"num_buildings":3759,"nightlight_signal":"nightlight_detected","distance_to_existing_transmission_lines":0.0,"distance_to_existing_hv_transmission_lines":36.09,"distance_to_gridlight_targets":0.0,"main_road_access":true,"dist_main_road_km":0.0,"has_education_facility":true,"has_health_facility":true,"_label":"Bomadi","_status_group":"unknown","_year":2025,"_year_label":"Source release year","_states":["Delta"]},"geometry":{"type":"Point","coordinates":[5.91512,5.16186]}},{"type":"Feature","properties":{"geohash":"s1h0pdjedr","settlement_name":"Okpara Inland","state":"Delta","lga":"Ethiope East","population":17824,"state_population_rank":37,"num_buildings":3696,"nightlight_signal":"nightlight_detected","distance_to_existing_transmission_lines":0.0,"distance_to_existing_hv_transmission_lines":8.41,"distance_to_gridlight_targets":0.0,"main_road_access":false,"dist_main_road_km":3.04,"has_education_facility":true,"has_health_facility":true,"_label":"Okpara Inland","_status_group":"unknown","_year":2025,"_year_label":"Source release year","_states":["Delta"]},"geometry":{"type":"Point","coordinates":[5.96225,5.63663]}},{"type":"Feature","properties":{"geohash":"s1hgbhj5mg","settlement_name":"Location #903","state":"Delta","lga":"Oshimili North","population":17756,"state_population_rank":38,"num_buildings":4175,"nightlight_signal":"nightlight_detected","distance_to_existing_transmission_lines":0.0,"distance_to_existing_hv_transmission_lines":12.07,"distance_to_gridlight_targets":0.0,"main_road_access":true,"dist_main_road_km":0.0,"has_education_facility":true,"has_health_facility":true,"_label":"Location #903","_status_group":"unknown","_year":2025,"_year_label":"Source release year","_states":["Delta"]},"geometry":{"type":"Point","coordinates":[6.68681,6.30673]}},{"type":"Feature","properties":{"geohash":"s1hebgj65q","settlement_name":"Igbodo","state":"Delta","lga":"Ika North East","population":16964,"state_population_rank":39,"num_buildings":3622,"nightlight_signal":"nightlight_detected","distance_to_existing_transmission_lines":0.0,"distance_to_existing_hv_transmission_lines":6.76,"distance_to_gridlight_targets":0.0,"main_road_access":true,"dist_main_road_km":0.0,"has_education_facility":true,"has_health_facility":false,"_label":"Igbodo","_status_group":"unknown","_year":2025,"_year_label":"Source release year","_states":["Delta"]},"geometry":{"type":"Point","coordinates":[6.36844,6.30103]}},{"type":"Feature","properties":{"geohash":"s1h45448jc","settlement_name":"Location #1115","state":"Delta","lga":"Ethiope West","population":16961,"state_population_rank":40,"num_buildings":3472,"nightlight_signal":"nightlight_detected","distance_to_existing_transmission_lines":0.0,"distance_to_existing_hv_transmission_lines":4.66,"distance_to_gridlight_targets":0.0,"main_road_access":false,"dist_main_road_km":5.9,"has_education_facility":true,"has_health_facility":true,"_label":"Location #1115","_status_group":"unknown","_year":2025,"_year_label":"Source release year","_states":["Delta"]},"geometry":{"type":"Point","coordinates":[5.76052,5.98756]}},{"type":"Feature","properties":{"geohash":"s1jgbnesj1","settlement_name":"Abakaliki","state":"Ebonyi","lga":"Abakaliki","population":321688,"state_population_rank":1,"num_buildings":66803,"nightlight_signal":"nightlight_detected","distance_to_existing_transmission_lines":0.0,"distance_to_existing_hv_transmission_lines":0.0,"distance_to_gridlight_targets":0.0,"main_road_access":true,"dist_main_road_km":0.0,"has_education_facility":true,"has_health_facility":true,"_label":"Abakaliki","_status_group":"unknown","_year":2025,"_year_label":"Source release year","_states":["Ebonyi"]},"geometry":{"type":"Point","coordinates":[8.09097,6.32058]}},{"type":"Feature","properties":{"geohash":"s1j9kwqyxt","settlement_name":"Afikpo","state":"Ebonyi","lga":"Afikpo North","population":83922,"state_population_rank":2,"num_buildings":17278,"nightlight_signal":"nightlight_detected","distance_to_existing_transmission_lines":0.0,"distance_to_existing_hv_transmission_lines":49.26,"distance_to_gridlight_targets":0.0,"main_road_access":true,"dist_main_road_km":0.0,"has_education_facility":true,"has_health_facility":true,"_label":"Afikpo","_status_group":"unknown","_year":2025,"_year_label":"Source release year","_states":["Ebonyi"]},"geometry":{"type":"Point","coordinates":[7.94173,5.8802]}},{"type":"Feature","properties":{"geohash":"s1jd3fgu4w","settlement_name":"Location #277","state":"Ebonyi","lga":"Ohaozara","population":55273,"state_population_rank":3,"num_buildings":11250,"nightlight_signal":"nightlight_detected","distance_to_existing_transmission_lines":0.0,"distance_to_existing_hv_transmission_lines":30.05,"distance_to_gridlight_targets":0.0,"main_road_access":true,"dist_main_road_km":0.0,"has_education_facility":true,"has_health_facility":true,"_label":"Location #277","_status_group":"unknown","_year":2025,"_year_label":"Source release year","_states":["Ebonyi"]},"geometry":{"type":"Point","coordinates":[7.81654,6.03634]}},{"type":"Feature","properties":{"geohash":"s1j3uhh0d0","settlement_name":"Ishiagu","state":"Ebonyi","lga":"Ivo","population":49397,"state_population_rank":4,"num_buildings":10258,"nightlight_signal":"nightlight_detected","distance_to_existing_transmission_lines":0.0,"distance_to_existing_hv_transmission_lines":7.13,"distance_to_gridlight_targets":0.0,"main_road_access":true,"dist_main_road_km":0.0,"has_education_facility":true,"has_health_facility":true,"_label":"Ishiagu","_status_group":"unknown","_year":2025,"_year_label":"Source release year","_states":["Ebonyi"]},"geometry":{"type":"Point","coordinates":[7.56417,5.95468]}},{"type":"Feature","properties":{"geohash":"s1j9ekuep0","settlement_name":"Amaseri","state":"Ebonyi","lga":"Afikpo North","population":39330,"state_population_rank":5,"num_buildings":8348,"nightlight_signal":"nightlight_detected","distance_to_existing_transmission_lines":0.0,"distance_to_existing_hv_transmission_lines":42.56,"distance_to_gridlight_targets":0.0,"main_road_access":true,"dist_main_road_km":0.0,"has_education_facility":true,"has_health_facility":true,"_label":"Amaseri","_status_group":"unknown","_year":2025,"_year_label":"Source release year","_states":["Ebonyi"]},"geometry":{"type":"Point","coordinates":[7.88368,5.91528]}},{"type":"Feature","properties":{"geohash":"s1j3wu257g","settlement_name":"Akeze","state":"Ebonyi","lga":"Ivo","population":31942,"state_population_rank":6,"num_buildings":6770,"nightlight_signal":"nightlight_detected","distance_to_existing_transmission_lines":0.0,"distance_to_existing_hv_transmission_lines":21.95,"distance_to_gridlight_targets":0.0,"main_road_access":true,"dist_main_road_km":0.0,"has_education_facility":true,"has_health_facility":true,"_label":"Akeze","_status_group":"unknown","_year":2025,"_year_label":"Source release year","_states":["Ebonyi"]},"geometry":{"type":"Point","coordinates":[7.67961,5.91259]}},{"type":"Feature","properties":{"geohash":"s1jg83m86e","settlement_name":"Abakaliki","state":"Ebonyi","lga":"Abakaliki","population":28572,"state_population_rank":7,"num_buildings":6268,"nightlight_signal":"nightlight_detected","distance_to_existing_transmission_lines":0.0,"distance_to_existing_hv_transmission_lines":8.34,"distance_to_gridlight_targets":0.0,"main_road_access":true,"dist_main_road_km":0.0,"has_education_facility":true,"has_health_facility":true,"_label":"Abakaliki","_status_group":"unknown","_year":2025,"_year_label":"Source release year","_states":["Ebonyi"]},"geometry":{"type":"Point","coordinates":[8.10459,6.24716]}},{"type":"Feature","properties":{"geohash":"s1jd27y9vy","settlement_name":"Obiozara","state":"Ebonyi","lga":"Ohaozara","population":28309,"state_population_rank":8,"num_buildings":5820,"nightlight_signal":"nightlight_detected","distance_to_existing_transmission_lines":0.0,"distance_to_existing_hv_transmission_lines":24.92,"distance_to_gridlight_targets":0.0,"main_road_access":true,"dist_main_road_km":0.0,"has_education_facility":true,"has_health_facility":true,"_label":"Obiozara","_status_group":"unknown","_year":2025,"_year_label":"Source release year","_states":["Ebonyi"]},"geometry":{"type":"Point","coordinates":[7.75454,6.04144]}},{"type":"Feature","properties":{"geohash":"s1jendk011","settlement_name":"Onueke","state":"Ebonyi","lga":"Ezza South","population":26646,"state_population_rank":9,"num_buildings":5775,"nightlight_signal":"nightlight_detected","distance_to_existing_transmission_lines":0.0,"distance_to_existing_hv_transmission_lines":18.99,"distance_to_gridlight_targets":0.0,"main_road_access":true,"dist_main_road_km":0.0,"has_education_facility":true,"has_health_facility":true,"_label":"Onueke","_status_group":"unknown","_year":2025,"_year_label":"Source release year","_states":["Ebonyi"]},"geometry":{"type":"Point","coordinates":[8.02556,6.16471]}},{"type":"Feature","properties":{"geohash":"s1jsmtjhq0","settlement_name":"Ezzamgbo","state":"Ebonyi","lga":"Ohaukwu","population":24767,"state_population_rank":10,"num_buildings":5425,"nightlight_signal":"nightlight_detected","distance_to_existing_transmission_lines":0.0,"distance_to_existing_hv_transmission_lines":0.0,"distance_to_gridlight_targets":0.0,"main_road_access":true,"dist_main_road_km":0.0,"has_education_facility":true,"has_health_facility":true,"_label":"Ezzamgbo","_status_group":"unknown","_year":2025,"_year_label":"Source release year","_states":["Ebonyi"]},"geometry":{"type":"Point","coordinates":[7.9832,6.40027]}},{"type":"Feature","properties":{"geohash":"s1jsv1sg66","settlement_name":"Location #786","state":"Ebonyi","lga":"Ohaukwu","population":21968,"state_population_rank":11,"num_buildings":4656,"nightlight_signal":"nightlight_detected","distance_to_existing_transmission_lines":0.0,"distance_to_existing_hv_transmission_lines":4.26,"distance_to_gridlight_targets":0.0,"main_road_access":true,"dist_main_road_km":0.0,"has_education_facility":true,"has_health_facility":true,"_label":"Location #786","_status_group":"unknown","_year":2025,"_year_label":"Source release year","_states":["Ebonyi"]},"geometry":{"type":"Point","coordinates":[7.96073,6.46877]}},{"type":"Feature","properties":{"geohash":"s1jsqbxnj9","settlement_name":"Location #796","state":"Ebonyi","lga":"Ebonyi","population":21198,"state_population_rank":12,"num_buildings":4622,"nightlight_signal":"nightlight_detected","distance_to_existing_transmission_lines":0.0,"distance_to_existing_hv_transmission_lines":0.0,"distance_to_gridlight_targets":0.0,"main_road_access":true,"dist_main_road_km":0.0,"has_education_facility":true,"has_health_facility":true,"_label":"Location #796","_status_group":"unknown","_year":2025,"_year_label":"Source release year","_states":["Ebonyi"]},"geometry":{"type":"Point","coordinates":[8.04086,6.37585]}},{"type":"Feature","properties":{"geohash":"s1j8urmmsw","settlement_name":"Unwana","state":"Ebonyi","lga":"Afikpo North","population":20379,"state_population_rank":13,"num_buildings":4226,"nightlight_signal":"nightlight_detected","distance_to_existing_transmission_lines":0.0,"distance_to_existing_hv_transmission_lines":46.69,"distance_to_gridlight_targets":0.0,"main_road_access":false,"dist_main_road_km":3.91,"has_education_facility":true,"has_health_facility":true,"_label":"Unwana","_status_group":"unknown","_year":2025,"_year_label":"Source release year","_states":["Ebonyi"]},"geometry":{"type":"Point","coordinates":[7.92855,5.79764]}},{"type":"Feature","properties":{"geohash":"s1j8drxgqm","settlement_name":"Achara","state":"Ebonyi","lga":"Afikpo South","population":18548,"state_population_rank":14,"num_buildings":3749,"nightlight_signal":"nightlight_detected","distance_to_existing_transmission_lines":0.0,"distance_to_existing_hv_transmission_lines":36.82,"distance_to_gridlight_targets":0.0,"main_road_access":true,"dist_main_road_km":0.0,"has_education_facility":true,"has_health_facility":true,"_label":"Achara","_status_group":"unknown","_year":2025,"_year_label":"Source release year","_states":["Ebonyi"]},"geometry":{"type":"Point","coordinates":[7.84417,5.75467]}},{"type":"Feature","properties":{"geohash":"s1jdxrdfv5","settlement_name":"Location #961","state":"Ebonyi","lga":"Ezza South","population":17887,"state_population_rank":15,"num_buildings":3948,"nightlight_signal":"no_nightlight_detected","distance_to_existing_transmission_lines":0.0,"distance_to_existing_hv_transmission_lines":23.79,"distance_to_gridlight_targets":0.634,"main_road_access":true,"dist_main_road_km":0.0,"has_education_facility":true,"has_health_facility":true,"_label":"Location #961","_status_group":"unknown","_year":2025,"_year_label":"Source release year","_states":["Ebonyi"]},"geometry":{"type":"Point","coordinates":[8.05697,6.10614]}},{"type":"Feature","properties":{"geohash":"s1jtxrfsk1","settlement_name":"Inikiri Umuezeoka","state":"Ebonyi","lga":"Ohaukwu","population":17683,"state_population_rank":16,"num_buildings":3715,"nightlight_signal":"no_nightlight_detected","distance_to_existing_transmission_lines":0.0,"distance_to_existing_hv_transmission_lines":21.45,"distance_to_gridlight_targets":13.204,"main_road_access":true,"dist_main_road_km":0.0,"has_education_facility":true,"has_health_facility":true,"_label":"Inikiri Umuezeoka","_status_group":"unknown","_year":2025,"_year_label":"Source release year","_states":["Ebonyi"]},"geometry":{"type":"Point","coordinates":[8.05659,6.63511]}},{"type":"Feature","properties":{"geohash":"s1j949epy5","settlement_name":"Location #1215","state":"Ebonyi","lga":"Afikpo South","population":15578,"state_population_rank":17,"num_buildings":3189,"nightlight_signal":"nightlight_detected","distance_to_existing_transmission_lines":0.0,"distance_to_existing_hv_transmission_lines":37.84,"distance_to_gridlight_targets":0.0,"main_road_access":true,"dist_main_road_km":0.0,"has_education_facility":true,"has_health_facility":true,"_label":"Location #1215","_status_group":"unknown","_year":2025,"_year_label":"Source release year","_states":["Ebonyi"]},"geometry":{"type":"Point","coordinates":[7.84862,5.81037]}},{"type":"Feature","properties":{"geohash":"s1j9mrvkjf","settlement_name":"Ozizza","state":"Ebonyi","lga":"Afikpo North","population":15447,"state_population_rank":18,"num_buildings":3303,"nightlight_signal":"nightlight_detected","distance_to_existing_transmission_lines":0.43,"distance_to_existing_hv_transmission_lines":51.31,"distance_to_gridlight_targets":0.0,"main_road_access":false,"dist_main_road_km":3.44,"has_education_facility":true,"has_health_facility":true,"_label":"Ozizza","_status_group":"unknown","_year":2025,"_year_label":"Source release year","_states":["Ebonyi"]},"geometry":{"type":"Point","coordinates":[7.97255,5.888]}},{"type":"Feature","properties":{"geohash":"s1jdf0v3g5","settlement_name":"Onicha","state":"Ebonyi","lga":"Onicha","population":15220,"state_population_rank":19,"num_buildings":3098,"nightlight_signal":"nightlight_detected","distance_to_existing_transmission_lines":0.0,"distance_to_existing_hv_transmission_lines":32.26,"distance_to_gridlight_targets":0.0,"main_road_access":true,"dist_main_road_km":0.0,"has_education_facility":true,"has_health_facility":true,"_label":"Onicha","_status_group":"unknown","_year":2025,"_year_label":"Source release year","_states":["Ebonyi"]},"geometry":{"type":"Point","coordinates":[7.82961,6.11284]}},{"type":"Feature","properties":{"geohash":"s1jf884yfu","settlement_name":"Igbudu","state":"Ebonyi","lga":"Ikwo","population":13055,"state_population_rank":20,"num_buildings":2684,"nightlight_signal":"no_nightlight_detected","distance_to_existing_transmission_lines":0.0,"distance_to_existing_hv_transmission_lines":29.78,"distance_to_gridlight_targets":5.664,"main_road_access":true,"dist_main_road_km":0.0,"has_education_facility":true,"has_health_facility":true,"_label":"Igbudu","_status_group":"unknown","_year":2025,"_year_label":"Source release year","_states":["Ebonyi"]},"geometry":{"type":"Point","coordinates":[8.11181,6.06564]}},{"type":"Feature","properties":{"geohash":"s1jgctmnuv","settlement_name":"Abakaliki","state":"Ebonyi","lga":"Abakaliki","population":12973,"state_population_rank":21,"num_buildings":2816,"nightlight_signal":"nightlight_detected","distance_to_existing_transmission_lines":0.0,"distance_to_existing_hv_transmission_lines":7.56,"distance_to_gridlight_targets":0.0,"main_road_access":true,"dist_main_road_km":0.0,"has_education_facility":true,"has_health_facility":true,"_label":"Abakaliki","_status_group":"unknown","_year":2025,"_year_label":"Source release year","_states":["Ebonyi"]},"geometry":{"type":"Point","coordinates":[8.15893,6.31421]}},{"type":"Feature","properties":{"geohash":"s1jdw679dn","settlement_name":"Location #1575","state":"Ebonyi","lga":"Ezza South","population":11362,"state_population_rank":22,"num_buildings":2504,"nightlight_signal":"nightlight_detected","distance_to_existing_transmission_lines":0.0,"distance_to_existing_hv_transmission_lines":28.77,"distance_to_gridlight_targets":0.0,"main_road_access":true,"dist_main_road_km":0.0,"has_education_facility":true,"has_health_facility":true,"_label":"Location #1575","_status_group":"unknown","_year":2025,"_year_label":"Source release year","_states":["Ebonyi"]},"geometry":{"type":"Point","coordinates":[8.01394,6.0771]}},{"type":"Feature","properties":{"geohash":"s1jfer4yhk","settlement_name":"Omega Achara","state":"Ebonyi","lga":"Ikwo","population":11309,"state_population_rank":23,"num_buildings":2404,"nightlight_signal":"no_nightlight_detected","distance_to_existing_transmission_lines":0.0,"distance_to_existing_hv_transmission_lines":29.57,"distance_to_gridlight_targets":8.261,"main_road_access":true,"dist_main_road_km":0.0,"has_education_facility":true,"has_health_facility":true,"_label":"Omega Achara","_status_group":"unknown","_year":2025,"_year_label":"Source release year","_states":["Ebonyi"]},"geometry":{"type":"Point","coordinates":[8.23272,6.10396]}},{"type":"Feature","properties":{"geohash":"s1jd9snnfs","settlement_name":"Eneagu","state":"Ebonyi","lga":"Onicha","population":11189,"state_population_rank":24,"num_buildings":2361,"nightlight_signal":"nightlight_detected","distance_to_existing_transmission_lines":0.0,"distance_to_existing_hv_transmission_lines":31.02,"distance_to_gridlight_targets":0.0,"main_road_access":true,"dist_main_road_km":0.0,"has_education_facility":true,"has_health_facility":true,"_label":"Eneagu","_status_group":"unknown","_year":2025,"_year_label":"Source release year","_states":["Ebonyi"]},"geometry":{"type":"Point","coordinates":[7.80865,6.08761]}},{"type":"Feature","properties":{"geohash":"s1jsku2ugt","settlement_name":"Ezzamgbo","state":"Ebonyi","lga":"Ohaukwu","population":11047,"state_population_rank":25,"num_buildings":2564,"nightlight_signal":"nightlight_detected","distance_to_existing_transmission_lines":0.0,"distance_to_existing_hv_transmission_lines":0.0,"distance_to_gridlight_targets":0.0,"main_road_access":true,"dist_main_road_km":0.0,"has_education_facility":true,"has_health_facility":true,"_label":"Ezzamgbo","_status_group":"unknown","_year":2025,"_year_label":"Source release year","_states":["Ebonyi"]},"geometry":{"type":"Point","coordinates":[7.9443,6.39626]}},{"type":"Feature","properties":{"geohash":"s1ju7jhybm","settlement_name":"Iboko","state":"Ebonyi","lga":"Izzi","population":10653,"state_population_rank":26,"num_buildings":2295,"nightlight_signal":"nightlight_detected","distance_to_existing_transmission_lines":0.0,"distance_to_existing_hv_transmission_lines":15.2,"distance_to_gridlight_targets":0.0,"main_road_access":true,"dist_main_road_km":0.0,"has_education_facility":true,"has_health_facility":true,"_label":"Iboko","_status_group":"unknown","_year":2025,"_year_label":"Source release year","_states":["Ebonyi"]},"geometry":{"type":"Point","coordinates":[8.22431,6.40073]}},{"type":"Feature","properties":{"geohash":"s1ju28ys9q","settlement_name":"Ogbaga","state":"Ebonyi","lga":"Ebonyi","population":10543,"state_population_rank":27,"num_buildings":2479,"nightlight_signal":"no_nightlight_detected","distance_to_existing_transmission_lines":0.0,"distance_to_existing_hv_transmission_lines":2.36,"distance_to_gridlight_targets":0.93,"main_road_access":true,"dist_main_road_km":0.0,"has_education_facility":true,"has_health_facility":true,"_label":"Ogbaga","_status_group":"unknown","_year":2025,"_year_label":"Source release year","_states":["Ebonyi"]},"geometry":{"type":"Point","coordinates":[8.1169,6.377]}},{"type":"Feature","properties":{"geohash":"s1j3xmk6r3","settlement_name":"Location #1769","state":"Ebonyi","lga":"Ivo","population":10488,"state_population_rank":28,"num_buildings":2280,"nightlight_signal":"no_nightlight_detected","distance_to_existing_transmission_lines":0.0,"distance_to_existing_hv_transmission_lines":25.39,"distance_to_gridlight_targets":1.56,"main_road_access":true,"dist_main_road_km":0.0,"has_education_facility":true,"has_health_facility":true,"_label":"Location #1769","_status_group":"unknown","_year":2025,"_year_label":"Source release year","_states":["Ebonyi"]},"geometry":{"type":"Point","coordinates":[7.70757,5.91791]}},{"type":"Feature","properties":{"geohash":"s1j7xepfhw","settlement_name":"Location #2334","state":"Ebonyi","lga":"Ishielu","population":8416,"state_population_rank":29,"num_buildings":1775,"nightlight_signal":"nightlight_detected","distance_to_existing_transmission_lines":0.65,"distance_to_existing_hv_transmission_lines":20.92,"distance_to_gridlight_targets":0.0,"main_road_access":false,"dist_main_road_km":0.57,"has_education_facility":true,"has_health_facility":true,"_label":"Location #2334","_status_group":"unknown","_year":2025,"_year_label":"Source release year","_states":["Ebonyi"]},"geometry":{"type":"Point","coordinates":[7.72325,6.25709]}},{"type":"Feature","properties":{"geohash":"s1j89zg3d2","settlement_name":"Nguzu Edda","state":"Ebonyi","lga":"Afikpo South","population":8346,"state_population_rank":30,"num_buildings":1706,"nightlight_signal":"nightlight_detected","distance_to_existing_transmission_lines":0.0,"distance_to_existing_hv_transmission_lines":34.09,"distance_to_gridlight_targets":0.0,"main_road_access":true,"dist_main_road_km":0.0,"has_education_facility":true,"has_health_facility":true,"_label":"Nguzu Edda","_status_group":"unknown","_year":2025,"_year_label":"Source release year","_states":["Ebonyi"]},"geometry":{"type":"Point","coordinates":[7.81585,5.75572]}},{"type":"Feature","properties":{"geohash":"s1jfcbbzyg","settlement_name":"Onuebonyi Echara","state":"Ebonyi","lga":"Ikwo","population":8260,"state_population_rank":31,"num_buildings":1793,"nightlight_signal":"no_nightlight_detected","distance_to_existing_transmission_lines":0.0,"distance_to_existing_hv_transmission_lines":26.17,"distance_to_gridlight_targets":1.286,"main_road_access":true,"dist_main_road_km":0.0,"has_education_facility":true,"has_health_facility":true,"_label":"Onuebonyi Echara","_status_group":"unknown","_year":2025,"_year_label":"Source release year","_states":["Ebonyi"]},"geometry":{"type":"Point","coordinates":[8.16417,6.11387]}},{"type":"Feature","properties":{"geohash":"s1js9g52m0","settlement_name":"Ezillo","state":"Ebonyi","lga":"Ishielu","population":8204,"state_population_rank":32,"num_buildings":1822,"nightlight_signal":"nightlight_detected","distance_to_existing_transmission_lines":0.0,"distance_to_existing_hv_transmission_lines":0.0,"distance_to_gridlight_targets":0.0,"main_road_access":true,"dist_main_road_km":0.0,"has_education_facility":true,"has_health_facility":true,"_label":"Ezillo","_status_group":"unknown","_year":2025,"_year_label":"Source release year","_states":["Ebonyi"]},"geometry":{"type":"Point","coordinates":[7.81596,6.43254]}},{"type":"Feature","properties":{"geohash":"s1jsbgmbgn","settlement_name":"Nkalagu","state":"Ebonyi","lga":"Ishielu","population":8199,"state_population_rank":33,"num_buildings":1928,"nightlight_signal":"nightlight_detected","distance_to_existing_transmission_lines":0.0,"distance_to_existing_hv_transmission_lines":0.0,"distance_to_gridlight_targets":0.0,"main_road_access":true,"dist_main_road_km":0.0,"has_education_facility":true,"has_health_facility":true,"_label":"Nkalagu","_status_group":"unknown","_year":2025,"_year_label":"Source release year","_states":["Ebonyi"]},"geometry":{"type":"Point","coordinates":[7.77536,6.47798]}},{"type":"Feature","properties":{"geohash":"s1jere1xgx","settlement_name":"Abakaliki","state":"Ebonyi","lga":"Ezza North","population":8180,"state_population_rank":34,"num_buildings":1800,"nightlight_signal":"no_nightlight_detected","distance_to_existing_transmission_lines":0.0,"distance_to_existing_hv_transmission_lines":11.99,"distance_to_gridlight_targets":0.872,"main_road_access":true,"dist_main_road_km":0.0,"has_education_facility":true,"has_health_facility":true,"_label":"Abakaliki","_status_group":"unknown","_year":2025,"_year_label":"Source release year","_states":["Ebonyi"]},"geometry":{"type":"Point","coordinates":[8.06618,6.21414]}},{"type":"Feature","properties":{"geohash":"s1j93vhh9p","settlement_name":"Location #2698","state":"Ebonyi","lga":"Afikpo South","population":7679,"state_population_rank":35,"num_buildings":1572,"nightlight_signal":"no_nightlight_detected","distance_to_existing_transmission_lines":0.0,"distance_to_existing_hv_transmission_lines":37.36,"distance_to_gridlight_targets":4.286,"main_road_access":true,"dist_main_road_km":0.0,"has_education_facility":true,"has_health_facility":true,"_label":"Location #2698","_status_group":"unknown","_year":2025,"_year_label":"Source release year","_states":["Ebonyi"]},"geometry":{"type":"Point","coordinates":[7.81682,5.87301]}},{"type":"Feature","properties":{"geohash":"s1j8gj5vte","settlement_name":"Ebuwana","state":"Ebonyi","lga":"Afikpo South","population":7313,"state_population_rank":36,"num_buildings":1573,"nightlight_signal":"nightlight_detected","distance_to_existing_transmission_lines":0.0,"distance_to_existing_hv_transmission_lines":40.96,"distance_to_gridlight_targets":0.0,"main_road_access":true,"dist_main_road_km":0.0,"has_education_facility":true,"has_health_facility":true,"_label":"Ebuwana","_status_group":"unknown","_year":2025,"_year_label":"Source release year","_states":["Ebonyi"]},"geometry":{"type":"Point","coordinates":[7.8716,5.78526]}},{"type":"Feature","properties":{"geohash":"s1jdcrybe7","settlement_name":"Location #2795","state":"Ebonyi","lga":"Onicha","population":7274,"state_population_rank":37,"num_buildings":1526,"nightlight_signal":"nightlight_detected","distance_to_existing_transmission_lines":0.0,"distance_to_existing_hv_transmission_lines":29.24,"distance_to_gridlight_targets":0.0,"main_road_access":true,"dist_main_road_km":0.0,"has_education_facility":true,"has_health_facility":true,"_label":"Location #2795","_status_group":"unknown","_year":2025,"_year_label":"Source release year","_states":["Ebonyi"]},"geometry":{"type":"Point","coordinates":[7.79873,6.15107]}},{"type":"Feature","properties":{"geohash":"s1j9vmewb7","settlement_name":"Okpoha","state":"Ebonyi","lga":"Afikpo North","population":7003,"state_population_rank":38,"num_buildings":1448,"nightlight_signal":"no_nightlight_detected","distance_to_existing_transmission_lines":0.0,"distance_to_existing_hv_transmission_lines":43.37,"distance_to_gridlight_targets":4.215,"main_road_access":true,"dist_main_road_km":0.34,"has_education_facility":true,"has_health_facility":true,"_label":"Okpoha","_status_group":"unknown","_year":2025,"_year_label":"Source release year","_states":["Ebonyi"]},"geometry":{"type":"Point","coordinates":[7.96991,5.96401]}},{"type":"Feature","properties":{"geohash":"s1jtyp45e2","settlement_name":"Inikiri Umuezeoka","state":"Ebonyi","lga":"Ohaukwu","population":6935,"state_population_rank":39,"num_buildings":1503,"nightlight_signal":"no_nightlight_detected","distance_to_existing_transmission_lines":0.0,"distance_to_existing_hv_transmission_lines":14.61,"distance_to_gridlight_targets":10.523,"main_road_access":false,"dist_main_road_km":6.22,"has_education_facility":true,"has_health_facility":true,"_label":"Inikiri Umuezeoka","_status_group":"unknown","_year":2025,"_year_label":"Source release year","_states":["Ebonyi"]},"geometry":{"type":"Point","coordinates":[8.00094,6.6748]}},{"type":"Feature","properties":{"geohash":"s1j9hmeqz9","settlement_name":"Anofia","state":"Ebonyi","lga":"Afikpo North","population":6775,"state_population_rank":40,"num_buildings":1593,"nightlight_signal":"no_nightlight_detected","distance_to_existing_transmission_lines":0.0,"distance_to_existing_hv_transmission_lines":47.95,"distance_to_gridlight_targets":1.958,"main_road_access":false,"dist_main_road_km":4.56,"has_education_facility":true,"has_health_facility":true,"_label":"Anofia","_status_group":"unknown","_year":2025,"_year_label":"Source release year","_states":["Ebonyi"]},"geometry":{"type":"Point","coordinates":[7.92593,5.83216]}},{"type":"Feature","properties":{"geohash":"s1hh027bgh","settlement_name":"Benin City","state":"Edo","lga":"Ikpoba-Okha","population":2788741,"state_population_rank":1,"num_buildings":595440,"nightlight_signal":"nightlight_detected","distance_to_existing_transmission_lines":0.0,"distance_to_existing_hv_transmission_lines":0.0,"distance_to_gridlight_targets":0.0,"main_road_access":true,"dist_main_road_km":0.0,"has_education_facility":true,"has_health_facility":true,"_label":"Benin City","_status_group":"unknown","_year":2025,"_year_label":"Source release year","_states":["Edo"]},"geometry":{"type":"Point","coordinates":[5.64127,6.32965]}},{"type":"Feature","properties":{"geohash":"s1k2ny38td","settlement_name":"Auchi","state":"Edo","lga":"Etsako West","population":267465,"state_population_rank":2,"num_buildings":56855,"nightlight_signal":"nightlight_detected","distance_to_existing_transmission_lines":0.0,"distance_to_existing_hv_transmission_lines":0.0,"distance_to_gridlight_targets":0.0,"main_road_access":true,"dist_main_road_km":0.0,"has_education_facility":true,"has_health_facility":true,"_label":"Auchi","_status_group":"unknown","_year":2025,"_year_label":"Source release year","_states":["Edo"]},"geometry":{"type":"Point","coordinates":[6.27549,7.06568]}},{"type":"Feature","properties":{"geohash":"s1hqpyjf3n","settlement_name":"Uromi","state":"Edo","lga":"Esan North East","population":253673,"state_population_rank":3,"num_buildings":54003,"nightlight_signal":"nightlight_detected","distance_to_existing_transmission_lines":0.0,"distance_to_existing_hv_transmission_lines":2.97,"distance_to_gridlight_targets":0.0,"main_road_access":true,"dist_main_road_km":0.0,"has_education_facility":true,"has_health_facility":true,"_label":"Uromi","_status_group":"unknown","_year":2025,"_year_label":"Source release year","_states":["Edo"]},"geometry":{"type":"Point","coordinates":[6.32508,6.71307]}},{"type":"Feature","properties":{"geohash":"s1hq77d044","settlement_name":"Ekpoma","state":"Edo","lga":"Esan West","population":237842,"state_population_rank":4,"num_buildings":50558,"nightlight_signal":"nightlight_detected","distance_to_existing_transmission_lines":0.0,"distance_to_existing_hv_transmission_lines":0.3,"distance_to_gridlight_targets":0.0,"main_road_access":true,"dist_main_road_km":0.0,"has_education_facility":true,"has_health_facility":true,"_label":"Ekpoma","_status_group":"unknown","_year":2025,"_year_label":"Source release year","_states":["Edo"]},"geometry":{"type":"Point","coordinates":[6.12223,6.74287]}},{"type":"Feature","properties":{"geohash":"s1hqmy1201","settlement_name":"Irrua","state":"Edo","lga":"Esan Central","population":65012,"state_population_rank":5,"num_buildings":14090,"nightlight_signal":"nightlight_detected","distance_to_existing_transmission_lines":0.0,"distance_to_existing_hv_transmission_lines":0.0,"distance_to_gridlight_targets":0.0,"main_road_access":true,"dist_main_road_km":0.0,"has_education_facility":true,"has_health_facility":true,"_label":"Irrua","_status_group":"unknown","_year":2025,"_year_label":"Source release year","_states":["Edo"]},"geometry":{"type":"Point","coordinates":[6.23097,6.7566]}},{"type":"Feature","properties":{"geohash":"s1k37jm0f7","settlement_name":"Location #261","state":"Edo","lga":"Akoko-Edo","population":58650,"state_population_rank":6,"num_buildings":12162,"nightlight_signal":"nightlight_detected","distance_to_existing_transmission_lines":0.0,"distance_to_existing_hv_transmission_lines":21.47,"distance_to_gridlight_targets":0.0,"main_road_access":true,"dist_main_road_km":0.0,"has_education_facility":true,"has_health_facility":true,"_label":"Location #261","_status_group":"unknown","_year":2025,"_year_label":"Source release year","_states":["Edo"]},"geometry":{"type":"Point","coordinates":[6.11536,7.27996]}},{"type":"Feature","properties":{"geohash":"s1k92hr7hk","settlement_name":"Location #345","state":"Edo","lga":"Etsako East","population":46506,"state_population_rank":7,"num_buildings":9616,"nightlight_signal":"nightlight_detected","distance_to_existing_transmission_lines":0.0,"distance_to_existing_hv_transmission_lines":0.0,"distance_to_gridlight_targets":0.0,"main_road_access":true,"dist_main_road_km":0.0,"has_education_facility":true,"has_health_facility":true,"_label":"Location #345","_status_group":"unknown","_year":2025,"_year_label":"Source release year","_states":["Edo"]},"geometry":{"type":"Point","coordinates":[6.33827,7.27486]}},{"type":"Feature","properties":{"geohash":"s1htc7dv0g","settlement_name":"Ubiaja","state":"Edo","lga":"Esan South East","population":42396,"state_population_rank":8,"num_buildings":8881,"nightlight_signal":"nightlight_detected","distance_to_existing_transmission_lines":0.0,"distance_to_existing_hv_transmission_lines":18.68,"distance_to_gridlight_targets":0.0,"main_road_access":true,"dist_main_road_km":0.0,"has_education_facility":true,"has_health_facility":true,"_label":"Ubiaja","_status_group":"unknown","_year":2025,"_year_label":"Source release year","_states":["Edo"]},"geometry":{"type":"Point","coordinates":[6.38687,6.65585]}},{"type":"Feature","properties":{"geohash":"s1hmw1dctv","settlement_name":"Igueben","state":"Edo","lga":"Igueben","population":34246,"state_population_rank":9,"num_buildings":7070,"nightlight_signal":"nightlight_detected","distance_to_existing_transmission_lines":0.0,"distance_to_existing_hv_transmission_lines":12.36,"distance_to_gridlight_targets":0.0,"main_road_access":true,"dist_main_road_km":0.0,"has_education_facility":true,"has_health_facility":true,"_label":"Igueben","_status_group":"unknown","_year":2025,"_year_label":"Source release year","_states":["Edo"]},"geometry":{"type":"Point","coordinates":[6.24427,6.60032]}},{"type":"Feature","properties":{"geohash":"s1k6645e5h","settlement_name":"Ibillo","state":"Edo","lga":"Akoko-Edo","population":33460,"state_population_rank":10,"num_buildings":7123,"nightlight_signal":"nightlight_detected","distance_to_existing_transmission_lines":0.0,"distance_to_existing_hv_transmission_lines":18.64,"distance_to_gridlight_targets":0.0,"main_road_access":true,"dist_main_road_km":0.0,"has_education_facility":true,"has_health_facility":true,"_label":"Ibillo","_status_group":"unknown","_year":2025,"_year_label":"Source release year","_states":["Edo"]},"geometry":{"type":"Point","coordinates":[6.0694,7.43828]}},{"type":"Feature","properties":{"geohash":"s1hkvxhqjv","settlement_name":"Ebelle","state":"Edo","lga":"Igueben","population":29392,"state_population_rank":11,"num_buildings":6285,"nightlight_signal":"nightlight_detected","distance_to_existing_transmission_lines":0.0,"distance_to_existing_hv_transmission_lines":21.22,"distance_to_gridlight_targets":0.0,"main_road_access":true,"dist_main_road_km":0.0,"has_education_facility":true,"has_health_facility":true,"_label":"Ebelle","_status_group":"unknown","_year":2025,"_year_label":"Source release year","_states":["Edo"]},"geometry":{"type":"Point","coordinates":[6.22435,6.49947]}},{"type":"Feature","properties":{"geohash":"s1hkzvs8yk","settlement_name":"Okhuessan","state":"Edo","lga":"Esan South East","population":28570,"state_population_rank":12,"num_buildings":6192,"nightlight_signal":"nightlight_detected","distance_to_existing_transmission_lines":0.0,"distance_to_existing_hv_transmission_lines":24.45,"distance_to_gridlight_targets":0.0,"main_road_access":true,"dist_main_road_km":0.0,"has_education_facility":true,"has_health_facility":true,"_label":"Okhuessan","_status_group":"unknown","_year":2025,"_year_label":"Source release year","_states":["Edo"]},"geometry":{"type":"Point","coordinates":[6.32359,6.49033]}},{"type":"Feature","properties":{"geohash":"s1hkj5qmfp","settlement_name":"Igbanke","state":"Edo","lga":"Orhionmwon","population":28093,"state_population_rank":13,"num_buildings":6016,"nightlight_signal":"nightlight_detected","distance_to_existing_transmission_lines":0.0,"distance_to_existing_hv_transmission_lines":9.44,"distance_to_gridlight_targets":0.0,"main_road_access":true,"dist_main_road_km":0.0,"has_education_facility":true,"has_health_facility":true,"_label":"Igbanke","_status_group":"unknown","_year":2025,"_year_label":"Source release year","_states":["Edo"]},"geometry":{"type":"Point","coordinates":[6.20496,6.347]}},{"type":"Feature","properties":{"geohash":"s1hr9mp2d3","settlement_name":"Afuze","state":"Edo","lga":"Owan East","population":27824,"state_population_rank":14,"num_buildings":5712,"nightlight_signal":"nightlight_detected","distance_to_existing_transmission_lines":0.0,"distance_to_existing_hv_transmission_lines":22.39,"distance_to_gridlight_targets":0.0,"main_road_access":true,"dist_main_road_km":0.0,"has_education_facility":true,"has_health_facility":true,"_label":"Afuze","_status_group":"unknown","_year":2025,"_year_label":"Source release year","_states":["Edo"]},"geometry":{"type":"Point","coordinates":[6.04156,6.97092]}},{"type":"Feature","properties":{"geohash":"s1kb2jtt3c","settlement_name":"Agenebode","state":"Edo","lga":"Etsako East","population":26486,"state_population_rank":15,"num_buildings":5532,"nightlight_signal":"nightlight_detected","distance_to_existing_transmission_lines":0.0,"distance_to_existing_hv_transmission_lines":34.8,"distance_to_gridlight_targets":0.0,"main_road_access":true,"dist_main_road_km":0.0,"has_education_facility":true,"has_health_facility":true,"_label":"Agenebode","_status_group":"unknown","_year":2025,"_year_label":"Source release year","_states":["Edo"]},"geometry":{"type":"Point","coordinates":[6.68732,7.10632]}},{"type":"Feature","properties":{"geohash":"s1k87fgsw7","settlement_name":"Otuga","state":"Edo","lga":"Etsako Central","population":23351,"state_population_rank":16,"num_buildings":4913,"nightlight_signal":"nightlight_detected","distance_to_existing_transmission_lines":0.0,"distance_to_existing_hv_transmission_lines":16.79,"distance_to_gridlight_targets":0.0,"main_road_access":true,"dist_main_road_km":0.0,"has_education_facility":true,"has_health_facility":true,"_label":"Otuga","_status_group":"unknown","_year":2025,"_year_label":"Source release year","_states":["Edo"]},"geometry":{"type":"Point","coordinates":[6.498,7.09109]}},{"type":"Feature","properties":{"geohash":"s1k2btk036","settlement_name":"Otuo","state":"Edo","lga":"Owan East","population":22216,"state_population_rank":17,"num_buildings":4647,"nightlight_signal":"nightlight_detected","distance_to_existing_transmission_lines":0.0,"distance_to_existing_hv_transmission_lines":31.67,"distance_to_gridlight_targets":0.0,"main_road_access":true,"dist_main_road_km":0.0,"has_education_facility":true,"has_health_facility":true,"_label":"Otuo","_status_group":"unknown","_year":2025,"_year_label":"Source release year","_states":["Edo"]},"geometry":{"type":"Point","coordinates":[6.00408,7.19198]}},{"type":"Feature","properties":{"geohash":"s1hpqbjftk","settlement_name":"Sabongidda Ora","state":"Edo","lga":"Owan West","population":22096,"state_population_rank":18,"num_buildings":4732,"nightlight_signal":"nightlight_detected","distance_to_existing_transmission_lines":0.0,"distance_to_existing_hv_transmission_lines":27.95,"distance_to_gridlight_targets":0.0,"main_road_access":true,"dist_main_road_km":0.0,"has_education_facility":true,"has_health_facility":true,"_label":"Sabongidda Ora","_status_group":"unknown","_year":2025,"_year_label":"Source release year","_states":["Edo"]},"geometry":{"type":"Point","coordinates":[5.92975,6.89987]}},{"type":"Feature","properties":{"geohash":"s1hpy3u1nd","settlement_name":"Ikhin","state":"Edo","lga":"Owan West","population":21831,"state_population_rank":19,"num_buildings":4620,"nightlight_signal":"nightlight_detected","distance_to_existing_transmission_lines":0.0,"distance_to_existing_hv_transmission_lines":35.56,"distance_to_gridlight_targets":0.0,"main_road_access":true,"dist_main_road_km":0.0,"has_education_facility":true,"has_health_facility":true,"_label":"Ikhin","_status_group":"unknown","_year":2025,"_year_label":"Source release year","_states":["Edo"]},"geometry":{"type":"Point","coordinates":[5.90543,6.9971]}},{"type":"Feature","properties":{"geohash":"s1k6nhqypz","settlement_name":"Ososo","state":"Edo","lga":"Akoko-Edo","population":19312,"state_population_rank":20,"num_buildings":3959,"nightlight_signal":"nightlight_detected","distance_to_existing_transmission_lines":0.0,"distance_to_existing_hv_transmission_lines":5.98,"distance_to_gridlight_targets":0.0,"main_road_access":false,"dist_main_road_km":6.09,"has_education_facility":true,"has_health_facility":true,"_label":"Ososo","_status_group":"unknown","_year":2025,"_year_label":"Source release year","_states":["Edo"]},"geometry":{"type":"Point","coordinates":[6.24985,7.40723]}},{"type":"Feature","properties":{"geohash":"s1h56k4tyh","settlement_name":"Ikpe","state":"Edo","lga":"Ikpoba-Okha","population":18598,"state_population_rank":21,"num_buildings":4373,"nightlight_signal":"no_nightlight_detected","distance_to_existing_transmission_lines":1.86,"distance_to_existing_hv_transmission_lines":6.74,"distance_to_gridlight_targets":0.142,"main_road_access":true,"dist_main_road_km":0.0,"has_education_facility":true,"has_health_facility":false,"_label":"Ikpe","_status_group":"unknown","_year":2025,"_year_label":"Source release year","_states":["Edo"]},"geometry":{"type":"Point","coordinates":[5.72757,6.21927]}},{"type":"Feature","properties":{"geohash":"s1h6h9eeqp","settlement_name":"Location #1009","state":"Edo","lga":"Orhionmwon","population":18270,"state_population_rank":22,"num_buildings":3794,"nightlight_signal":"no_nightlight_detected","distance_to_existing_transmission_lines":0.0,"distance_to_existing_hv_transmission_lines":25.51,"distance_to_gridlight_targets":8.794,"main_road_access":true,"dist_main_road_km":0.11,"has_education_facility":true,"has_health_facility":true,"_label":"Location #1009","_status_group":"unknown","_year":2025,"_year_label":"Source release year","_states":["Edo"]},"geometry":{"type":"Point","coordinates":[6.17939,5.9854]}},{"type":"Feature","properties":{"geohash":"s1h488qcu1","settlement_name":"Ologbo","state":"Edo","lga":"Ikpoba-Okha","population":16790,"state_population_rank":23,"num_buildings":3948,"nightlight_signal":"nightlight_detected","distance_to_existing_transmission_lines":0.0,"distance_to_existing_hv_transmission_lines":0.0,"distance_to_gridlight_targets":0.0,"main_road_access":true,"dist_main_road_km":0.0,"has_education_facility":true,"has_health_facility":true,"_label":"Ologbo","_status_group":"unknown","_year":2025,"_year_label":"Source release year","_states":["Edo"]},"geometry":{"type":"Point","coordinates":[5.65642,6.06614]}},{"type":"Feature","properties":{"geohash":"s15vc24e6r","settlement_name":"Okokpon","state":"Edo","lga":"Ovia South West","population":16207,"state_population_rank":24,"num_buildings":3299,"nightlight_signal":"nightlight_detected","distance_to_existing_transmission_lines":0.0,"distance_to_existing_hv_transmission_lines":0.0,"distance_to_gridlight_targets":0.0,"main_road_access":true,"dist_main_road_km":0.0,"has_education_facility":true,"has_health_facility":true,"_label":"Okokpon","_status_group":"unknown","_year":2025,"_year_label":"Source release year","_states":["Edo"]},"geometry":{"type":"Point","coordinates":[5.33191,6.63634]}},{"type":"Feature","properties":{"geohash":"s1k86xu3sp","settlement_name":"Otuga","state":"Edo","lga":"Etsako Central","population":16173,"state_population_rank":25,"num_buildings":3378,"nightlight_signal":"nightlight_detected","distance_to_existing_transmission_lines":0.0,"distance_to_existing_hv_transmission_lines":10.88,"distance_to_gridlight_targets":0.0,"main_road_access":true,"dist_main_road_km":0.0,"has_education_facility":true,"has_health_facility":true,"_label":"Otuga","_status_group":"unknown","_year":2025,"_year_label":"Source release year","_states":["Edo"]},"geometry":{"type":"Point","coordinates":[6.444,7.11806]}},{"type":"Feature","properties":{"geohash":"s1hqwc46y0","settlement_name":"Atuagbo","state":"Edo","lga":"Esan Central","population":16063,"state_population_rank":26,"num_buildings":3612,"nightlight_signal":"no_nightlight_detected","distance_to_existing_transmission_lines":0.0,"distance_to_existing_hv_transmission_lines":2.18,"distance_to_gridlight_targets":0.769,"main_road_access":false,"dist_main_road_km":1.49,"has_education_facility":true,"has_health_facility":true,"_label":"Atuagbo","_status_group":"unknown","_year":2025,"_year_label":"Source release year","_states":["Edo"]},"geometry":{"type":"Point","coordinates":[6.27654,6.77355]}},{"type":"Feature","properties":{"geohash":"s15y6f04r3","settlement_name":"Utesse","state":"Edo","lga":"Ovia North East","population":15461,"state_population_rank":27,"num_buildings":3316,"nightlight_signal":"nightlight_detected","distance_to_existing_transmission_lines":0.0,"distance_to_existing_hv_transmission_lines":10.89,"distance_to_gridlight_targets":0.0,"main_road_access":true,"dist_main_road_km":0.0,"has_education_facility":true,"has_health_facility":true,"_label":"Utesse","_status_group":"unknown","_year":2025,"_year_label":"Source release year","_states":["Edo"]},"geometry":{"type":"Point","coordinates":[5.3946,6.73502]}},{"type":"Feature","properties":{"geohash":"s1k93p4wpp","settlement_name":"Kominio","state":"Edo","lga":"Etsako East","population":14549,"state_population_rank":28,"num_buildings":3030,"nightlight_signal":"nightlight_detected","distance_to_existing_transmission_lines":0.59,"distance_to_existing_hv_transmission_lines":0.03,"distance_to_gridlight_targets":0.0,"main_road_access":false,"dist_main_road_km":0.6,"has_education_facility":true,"has_health_facility":true,"_label":"Kominio","_status_group":"unknown","_year":2025,"_year_label":"Source release year","_states":["Edo"]},"geometry":{"type":"Point","coordinates":[6.3758,7.2905]}},{"type":"Feature","properties":{"geohash":"s1hrn2z2kh","settlement_name":"Odige","state":"Edo","lga":"Etsako West","population":14334,"state_population_rank":29,"num_buildings":2981,"nightlight_signal":"nightlight_detected","distance_to_existing_transmission_lines":0.0,"distance_to_existing_hv_transmission_lines":0.0,"distance_to_gridlight_targets":0.0,"main_road_access":true,"dist_main_road_km":0.0,"has_education_facility":true,"has_health_facility":true,"_label":"Odige","_status_group":"unknown","_year":2025,"_year_label":"Source release year","_states":["Edo"]},"geometry":{"type":"Point","coordinates":[6.26135,6.85966]}},{"type":"Feature","properties":{"geohash":"s1h7c4n02s","settlement_name":"Abudu","state":"Edo","lga":"Orhionmwon","population":13566,"state_population_rank":30,"num_buildings":2793,"nightlight_signal":"nightlight_detected","distance_to_existing_transmission_lines":0.0,"distance_to_existing_hv_transmission_lines":0.52,"distance_to_gridlight_targets":0.0,"main_road_access":true,"dist_main_road_km":0.0,"has_education_facility":true,"has_health_facility":true,"_label":"Abudu","_status_group":"unknown","_year":2025,"_year_label":"Source release year","_states":["Edo"]},"geometry":{"type":"Point","coordinates":[6.02877,6.29523]}},{"type":"Feature","properties":{"geohash":"s1hw7h4s77","settlement_name":"Location #1332","state":"Edo","lga":"Esan South East","population":13556,"state_population_rank":31,"num_buildings":2938,"nightlight_signal":"nightlight_detected","distance_to_existing_transmission_lines":0.0,"distance_to_existing_hv_transmission_lines":23.55,"distance_to_gridlight_targets":0.0,"main_road_access":false,"dist_main_road_km":9.33,"has_education_facility":true,"has_health_facility":true,"_label":"Location #1332","_status_group":"unknown","_year":2025,"_year_label":"Source release year","_states":["Edo"]},"geometry":{"type":"Point","coordinates":[6.46354,6.74635]}},{"type":"Feature","properties":{"geohash":"s15v3fgpw2","settlement_name":"Iguobazuwa","state":"Edo","lga":"Ovia South West","population":12982,"state_population_rank":32,"num_buildings":2910,"nightlight_signal":"nightlight_detected","distance_to_existing_transmission_lines":0.0,"distance_to_existing_hv_transmission_lines":3.94,"distance_to_gridlight_targets":0.0,"main_road_access":true,"dist_main_road_km":0.0,"has_education_facility":true,"has_health_facility":true,"_label":"Iguobazuwa","_status_group":"unknown","_year":2025,"_year_label":"Source release year","_states":["Edo"]},"geometry":{"type":"Point","coordinates":[5.35474,6.56425]}},{"type":"Feature","properties":{"geohash":"s15ucgred6","settlement_name":"Udo","state":"Edo","lga":"Ovia South West","population":10912,"state_population_rank":33,"num_buildings":2473,"nightlight_signal":"nightlight_detected","distance_to_existing_transmission_lines":0.0,"distance_to_existing_hv_transmission_lines":12.09,"distance_to_gridlight_targets":0.0,"main_road_access":false,"dist_main_road_km":1.79,"has_education_facility":true,"has_health_facility":true,"_label":"Udo","_status_group":"unknown","_year":2025,"_year_label":"Source release year","_states":["Edo"]},"geometry":{"type":"Point","coordinates":[5.36074,6.47843]}},{"type":"Feature","properties":{"geohash":"s1hxfrmf1t","settlement_name":"Ugbekpe","state":"Edo","lga":"Etsako Central","population":10477,"state_population_rank":34,"num_buildings":2288,"nightlight_signal":"nightlight_detected","distance_to_existing_transmission_lines":0.0,"distance_to_existing_hv_transmission_lines":13.39,"distance_to_gridlight_targets":0.0,"main_road_access":true,"dist_main_road_km":0.0,"has_education_facility":true,"has_health_facility":true,"_label":"Ugbekpe","_status_group":"unknown","_year":2025,"_year_label":"Source release year","_states":["Edo"]},"geometry":{"type":"Point","coordinates":[6.43497,7.0275]}},{"type":"Feature","properties":{"geohash":"s1hj0humfz","settlement_name":"Ogbogiobo","state":"Edo","lga":"Ovia North East","population":10428,"state_population_rank":35,"num_buildings":2452,"nightlight_signal":"nightlight_detected","distance_to_existing_transmission_lines":0.0,"distance_to_existing_hv_transmission_lines":3.09,"distance_to_gridlight_targets":0.0,"main_road_access":true,"dist_main_road_km":0.0,"has_education_facility":true,"has_health_facility":true,"_label":"Ogbogiobo","_status_group":"unknown","_year":2025,"_year_label":"Source release year","_states":["Edo"]},"geometry":{"type":"Point","coordinates":[5.63096,6.53103]}},{"type":"Feature","properties":{"geohash":"s1h68s0h4c","settlement_name":"Evbohighae","state":"Edo","lga":"Orhionmwon","population":10006,"state_population_rank":36,"num_buildings":2146,"nightlight_signal":"no_nightlight_detected","distance_to_existing_transmission_lines":0.0,"distance_to_existing_hv_transmission_lines":19.62,"distance_to_gridlight_targets":11.795,"main_road_access":true,"dist_main_road_km":0.0,"has_education_facility":true,"has_health_facility":true,"_label":"Evbohighae","_status_group":"unknown","_year":2025,"_year_label":"Source release year","_states":["Edo"]},"geometry":{"type":"Point","coordinates":[5.99866,6.08712]}},{"type":"Feature","properties":{"geohash":"s1k21wtpwd","settlement_name":"Uokha","state":"Edo","lga":"Owan East","population":9790,"state_population_rank":37,"num_buildings":2036,"nightlight_signal":"nightlight_detected","distance_to_existing_transmission_lines":0.0,"distance_to_existing_hv_transmission_lines":23.62,"distance_to_gridlight_targets":0.0,"main_road_access":false,"dist_main_road_km":5.75,"has_education_facility":true,"has_health_facility":true,"_label":"Uokha","_status_group":"unknown","_year":2025,"_year_label":"Source release year","_states":["Edo"]},"geometry":{"type":"Point","coordinates":[6.04963,7.06825]}},{"type":"Feature","properties":{"geohash":"s1hkqxtpkt","settlement_name":"Location #1942","state":"Edo","lga":"Igueben","population":9660,"state_population_rank":38,"num_buildings":2100,"nightlight_signal":"nightlight_detected","distance_to_existing_transmission_lines":0.0,"distance_to_existing_hv_transmission_lines":17.92,"distance_to_gridlight_targets":0.0,"main_road_access":true,"dist_main_road_km":0.0,"has_education_facility":true,"has_health_facility":true,"_label":"Location #1942","_status_group":"unknown","_year":2025,"_year_label":"Source release year","_states":["Edo"]},"geometry":{"type":"Point","coordinates":[6.26928,6.41454]}},{"type":"Feature","properties":{"geohash":"s1hmy1cyhe","settlement_name":"Location #2092","state":"Edo","lga":"Esan Central","population":9608,"state_population_rank":39,"num_buildings":1964,"nightlight_signal":"nightlight_detected","distance_to_existing_transmission_lines":0.0,"distance_to_existing_hv_transmission_lines":9.58,"distance_to_gridlight_targets":0.0,"main_road_access":true,"dist_main_road_km":0.22,"has_education_facility":true,"has_health_facility":true,"_label":"Location #2092","_status_group":"unknown","_year":2025,"_year_label":"Source release year","_states":["Edo"]},"geometry":{"type":"Point","coordinates":[6.24283,6.6464]}},{"type":"Feature","properties":{"geohash":"s15yt7sse1","settlement_name":"Utesse","state":"Edo","lga":"Ovia North East","population":9343,"state_population_rank":40,"num_buildings":2197,"nightlight_signal":"nightlight_detected","distance_to_existing_transmission_lines":0.0,"distance_to_existing_hv_transmission_lines":5.87,"distance_to_gridlight_targets":0.0,"main_road_access":true,"dist_main_road_km":0.0,"has_education_facility":true,"has_health_facility":true,"_label":"Utesse","_status_group":"unknown","_year":2025,"_year_label":"Source release year","_states":["Edo"]},"geometry":{"type":"Point","coordinates":[5.51046,6.78758]}},{"type":"Feature","properties":{"geohash":"s17equkbu9","settlement_name":"Adó-Èkìtì","state":"Ekiti","lga":"Ado Ekiti","population":679328,"state_population_rank":1,"num_buildings":141072,"nightlight_signal":"nightlight_detected","distance_to_existing_transmission_lines":0.0,"distance_to_existing_hv_transmission_lines":23.94,"distance_to_gridlight_targets":0.0,"main_road_access":true,"dist_main_road_km":0.0,"has_education_facility":true,"has_health_facility":true,"_label":"Adó-Èkìtì","_status_group":"unknown","_year":2025,"_year_label":"Source release year","_states":["Ekiti"]},"geometry":{"type":"Point","coordinates":[5.22522,7.62602]}},{"type":"Feature","properties":{"geohash":"s17dwuw051","settlement_name":"Ikere-Ekiti","state":"Ekiti","lga":"Ikere","population":142066,"state_population_rank":2,"num_buildings":29207,"nightlight_signal":"nightlight_detected","distance_to_existing_transmission_lines":0.0,"distance_to_existing_hv_transmission_lines":18.18,"distance_to_gridlight_targets":0.0,"main_road_access":true,"dist_main_road_km":0.0,"has_education_facility":true,"has_health_facility":true,"_label":"Ikere-Ekiti","_status_group":"unknown","_year":2025,"_year_label":"Source release year","_states":["Ekiti"]},"geometry":{"type":"Point","coordinates":[5.22688,7.49543]}},{"type":"Feature","properties":{"geohash":"s17f7u2y1d","settlement_name":"Ise","state":"Ekiti","lga":"Ise/Orun","population":95122,"state_population_rank":3,"num_buildings":19556,"nightlight_signal":"nightlight_detected","distance_to_existing_transmission_lines":0.0,"distance_to_existing_hv_transmission_lines":32.19,"distance_to_gridlight_targets":0.0,"main_road_access":true,"dist_main_road_km":0.0,"has_education_facility":true,"has_health_facility":true,"_label":"Ise","_status_group":"unknown","_year":2025,"_year_label":"Source release year","_states":["Ekiti"]},"geometry":{"type":"Point","coordinates":[5.43934,7.45115]}},{"type":"Feature","properties":{"geohash":"s1kh46evhf","settlement_name":"Omuo","state":"Ekiti","lga":"Ekiti East","population":78085,"state_population_rank":4,"num_buildings":15917,"nightlight_signal":"nightlight_detected","distance_to_existing_transmission_lines":0.0,"distance_to_existing_hv_transmission_lines":56.06,"distance_to_gridlight_targets":0.0,"main_road_access":true,"dist_main_road_km":0.0,"has_education_facility":true,"has_health_facility":true,"_label":"Omuo","_status_group":"unknown","_year":2025,"_year_label":"Source release year","_states":["Ekiti"]},"geometry":{"type":"Point","coordinates":[5.72923,7.74898]}},{"type":"Feature","properties":{"geohash":"s17um6sc90","settlement_name":"Odo Oro","state":"Ekiti","lga":"Ikole","population":74639,"state_population_rank":5,"num_buildings":15410,"nightlight_signal":"nightlight_detected","distance_to_existing_transmission_lines":0.0,"distance_to_existing_hv_transmission_lines":57.95,"distance_to_gridlight_targets":0.0,"main_road_access":true,"dist_main_road_km":0.0,"has_education_facility":true,"has_health_facility":true,"_label":"Odo Oro","_status_group":"unknown","_year":2025,"_year_label":"Source release year","_states":["Ekiti"]},"geometry":{"type":"Point","coordinates":[5.51072,7.79231]}},{"type":"Feature","properties":{"geohash":"s17u3euecp","settlement_name":"Location #230","state":"Ekiti","lga":"Oye","population":65292,"state_population_rank":6,"num_buildings":14045,"nightlight_signal":"nightlight_detected","distance_to_existing_transmission_lines":0.0,"distance_to_existing_hv_transmission_lines":45.29,"distance_to_gridlight_targets":0.0,"main_road_access":true,"dist_main_road_km":0.0,"has_education_facility":true,"has_health_facility":true,"_label":"Location #230","_status_group":"unknown","_year":2025,"_year_label":"Source release year","_states":["Ekiti"]},"geometry":{"type":"Point","coordinates":[5.34558,7.7996]}},{"type":"Feature","properties":{"geohash":"s17sty8jds","settlement_name":"Ido Ekiti","state":"Ekiti","lga":"Ido-Osi","population":63828,"state_population_rank":7,"num_buildings":13141,"nightlight_signal":"nightlight_detected","distance_to_existing_transmission_lines":0.0,"distance_to_existing_hv_transmission_lines":29.82,"distance_to_gridlight_targets":0.0,"main_road_access":true,"dist_main_road_km":0.0,"has_education_facility":true,"has_health_facility":true,"_label":"Ido Ekiti","_status_group":"unknown","_year":2025,"_year_label":"Source release year","_states":["Ekiti"]},"geometry":{"type":"Point","coordinates":[5.17467,7.85894]}},{"type":"Feature","properties":{"geohash":"s17e8je921","settlement_name":"Location #366","state":"Ekiti","lga":"Efon","population":44193,"state_population_rank":8,"num_buildings":9244,"nightlight_signal":"nightlight_detected","distance_to_existing_transmission_lines":0.0,"distance_to_existing_hv_transmission_lines":9.2,"distance_to_gridlight_targets":0.0,"main_road_access":true,"dist_main_road_km":0.0,"has_education_facility":true,"has_health_facility":true,"_label":"Location #366","_status_group":"unknown","_year":2025,"_year_label":"Source release year","_states":["Ekiti"]},"geometry":{"type":"Point","coordinates":[4.92669,7.67692]}},{"type":"Feature","properties":{"geohash":"s17ehnjj77","settlement_name":"Ilawe-Ekiti","state":"Ekiti","lga":"Ekiti South West","population":42473,"state_population_rank":9,"num_buildings":8757,"nightlight_signal":"nightlight_detected","distance_to_existing_transmission_lines":0.0,"distance_to_existing_hv_transmission_lines":20.4,"distance_to_gridlight_targets":0.0,"main_road_access":true,"dist_main_road_km":0.0,"has_education_facility":true,"has_health_facility":true,"_label":"Ilawe-Ekiti","_status_group":"unknown","_year":2025,"_year_label":"Source release year","_states":["Ekiti"]},"geometry":{"type":"Point","coordinates":[5.10467,7.59247]}},{"type":"Feature","properties":{"geohash":"s17s7q4xp7","settlement_name":"Ijero-Ekiti","state":"Ekiti","lga":"Ijero","population":40121,"state_population_rank":10,"num_buildings":8284,"nightlight_signal":"nightlight_detected","distance_to_existing_transmission_lines":0.0,"distance_to_existing_hv_transmission_lines":30.98,"distance_to_gridlight_targets":0.0,"main_road_access":true,"dist_main_road_km":0.0,"has_education_facility":true,"has_health_facility":true,"_label":"Ijero-Ekiti","_status_group":"unknown","_year":2025,"_year_label":"Source release year","_states":["Ekiti"]},"geometry":{"type":"Point","coordinates":[5.06844,7.8125]}},{"type":"Feature","properties":{"geohash":"s17efdx7mq","settlement_name":"Aramoko-Ekiti","state":"Ekiti","lga":"Ekiti West","population":35432,"state_population_rank":11,"num_buildings":7358,"nightlight_signal":"nightlight_detected","distance_to_existing_transmission_lines":0.0,"distance_to_existing_hv_transmission_lines":22.98,"distance_to_gridlight_targets":0.0,"main_road_access":true,"dist_main_road_km":0.0,"has_education_facility":true,"has_health_facility":true,"_label":"Aramoko-Ekiti","_status_group":"unknown","_year":2025,"_year_label":"Source release year","_states":["Ekiti"]},"geometry":{"type":"Point","coordinates":[5.04192,7.70475]}},{"type":"Feature","properties":{"geohash":"s17tktghde","settlement_name":"Otun","state":"Ekiti","lga":"Moba","population":34752,"state_population_rank":12,"num_buildings":7104,"nightlight_signal":"nightlight_detected","distance_to_existing_transmission_lines":0.0,"distance_to_existing_hv_transmission_lines":17.16,"distance_to_gridlight_targets":0.0,"main_road_access":true,"dist_main_road_km":0.0,"has_education_facility":true,"has_health_facility":true,"_label":"Otun","_status_group":"unknown","_year":2025,"_year_label":"Source release year","_states":["Ekiti"]},"geometry":{"type":"Point","coordinates":[5.12386,7.98648]}},{"type":"Feature","properties":{"geohash":"s17ezwjeqe","settlement_name":"Location #534","state":"Ekiti","lga":"Irepodun/Ifelodun","population":30132,"state_population_rank":13,"num_buildings":6472,"nightlight_signal":"nightlight_detected","distance_to_existing_transmission_lines":0.0,"distance_to_existing_hv_transmission_lines":41.76,"distance_to_gridlight_targets":0.0,"main_road_access":true,"dist_main_road_km":0.0,"has_education_facility":true,"has_health_facility":true,"_label":"Location #534","_status_group":"unknown","_year":2025,"_year_label":"Source release year","_states":["Ekiti"]},"geometry":{"type":"Point","coordinates":[5.2593,7.72396]}},{"type":"Feature","properties":{"geohash":"s17denp22n","settlement_name":"Igbara-Odo","state":"Ekiti","lga":"Ekiti South West","population":29660,"state_population_rank":14,"num_buildings":6124,"nightlight_signal":"nightlight_detected","distance_to_existing_transmission_lines":0.0,"distance_to_existing_hv_transmission_lines":10.2,"distance_to_gridlight_targets":0.0,"main_road_access":true,"dist_main_road_km":0.0,"has_education_facility":true,"has_health_facility":true,"_label":"Igbara-Odo","_status_group":"unknown","_year":2025,"_year_label":"Source release year","_states":["Ekiti"]},"geometry":{"type":"Point","coordinates":[5.06367,7.50374]}},{"type":"Feature","properties":{"geohash":"s17ess5v7f","settlement_name":"Iyin-Ekiti","state":"Ekiti","lga":"Irepodun/Ifelodun","population":27492,"state_population_rank":15,"num_buildings":6068,"nightlight_signal":"nightlight_detected","distance_to_existing_transmission_lines":0.0,"distance_to_existing_hv_transmission_lines":29.21,"distance_to_gridlight_targets":0.0,"main_road_access":true,"dist_main_road_km":0.0,"has_education_facility":true,"has_health_facility":true,"_label":"Iyin-Ekiti","_status_group":"unknown","_year":2025,"_year_label":"Source release year","_states":["Ekiti"]},"geometry":{"type":"Point","coordinates":[5.12494,7.66937]}},{"type":"Feature","properties":{"geohash":"s17et6h5zz","settlement_name":"Iyin-Ekiti","state":"Ekiti","lga":"Irepodun/Ifelodun","population":24464,"state_population_rank":16,"num_buildings":5310,"nightlight_signal":"nightlight_detected","distance_to_existing_transmission_lines":0.0,"distance_to_existing_hv_transmission_lines":30.62,"distance_to_gridlight_targets":0.0,"main_road_access":true,"dist_main_road_km":0.0,"has_education_facility":true,"has_health_facility":true,"_label":"Iyin-Ekiti","_status_group":"unknown","_year":2025,"_year_label":"Source release year","_states":["Ekiti"]},"geometry":{"type":"Point","coordinates":[5.15841,7.65815]}},{"type":"Feature","properties":{"geohash":"s17sr3cj85","settlement_name":"Ifaki","state":"Ekiti","lga":"Ido-Osi","population":24023,"state_population_rank":17,"num_buildings":5246,"nightlight_signal":"nightlight_detected","distance_to_existing_transmission_lines":0.0,"distance_to_existing_hv_transmission_lines":41.81,"distance_to_gridlight_targets":0.0,"main_road_access":true,"dist_main_road_km":0.0,"has_education_facility":true,"has_health_facility":true,"_label":"Ifaki","_status_group":"unknown","_year":2025,"_year_label":"Source release year","_states":["Ekiti"]},"geometry":{"type":"Point","coordinates":[5.24186,7.7889]}},{"type":"Feature","properties":{"geohash":"s17s840hn6","settlement_name":"Location #869","state":"Ekiti","lga":"Ekiti West","population":19392,"state_population_rank":18,"num_buildings":4340,"nightlight_signal":"nightlight_detected","distance_to_existing_transmission_lines":0.62,"distance_to_existing_hv_transmission_lines":24.73,"distance_to_gridlight_targets":0.0,"main_road_access":true,"dist_main_road_km":0.0,"has_education_facility":true,"has_health_facility":true,"_label":"Location #869","_status_group":"unknown","_year":2025,"_year_label":"Source release year","_states":["Ekiti"]},"geometry":{"type":"Point","coordinates":[4.92215,7.83395]}},{"type":"Feature","properties":{"geohash":"s17sum2xfn","settlement_name":"Isia","state":"Ekiti","lga":"Ijero","population":18825,"state_population_rank":19,"num_buildings":3805,"nightlight_signal":"nightlight_detected","distance_to_existing_transmission_lines":0.0,"distance_to_existing_hv_transmission_lines":27.06,"distance_to_gridlight_targets":0.0,"main_road_access":true,"dist_main_road_km":0.0,"has_education_facility":true,"has_health_facility":true,"_label":"Isia","_status_group":"unknown","_year":2025,"_year_label":"Source release year","_states":["Ekiti"]},"geometry":{"type":"Point","coordinates":[5.10942,7.89642]}},{"type":"Feature","properties":{"geohash":"s17sg8dnfh","settlement_name":"Location #1104","state":"Ekiti","lga":"Ijero","population":16892,"state_population_rank":20,"num_buildings":3513,"nightlight_signal":"nightlight_detected","distance_to_existing_transmission_lines":0.0,"distance_to_existing_hv_transmission_lines":30.33,"distance_to_gridlight_targets":0.0,"main_road_access":true,"dist_main_road_km":0.0,"has_education_facility":true,"has_health_facility":true,"_label":"Location #1104","_status_group":"unknown","_year":2025,"_year_label":"Source release year","_states":["Ekiti"]},"geometry":{"type":"Point","coordinates":[5.07852,7.87014]}},{"type":"Feature","properties":{"geohash":"s17sddekzz","settlement_name":"Location #1070","state":"Ekiti","lga":"Ijero","population":16784,"state_population_rank":21,"num_buildings":3589,"nightlight_signal":"nightlight_detected","distance_to_existing_transmission_lines":0.0,"distance_to_existing_hv_transmission_lines":31.79,"distance_to_gridlight_targets":0.0,"main_road_access":true,"dist_main_road_km":0.0,"has_education_facility":true,"has_health_facility":true,"_label":"Location #1070","_status_group":"unknown","_year":2025,"_year_label":"Source release year","_states":["Ekiti"]},"geometry":{"type":"Point","coordinates":[5.03654,7.83686]}},{"type":"Feature","properties":{"geohash":"s17uckesdv","settlement_name":"Itaji","state":"Ekiti","lga":"Oye","population":16387,"state_population_rank":22,"num_buildings":3525,"nightlight_signal":"nightlight_detected","distance_to_existing_transmission_lines":0.0,"distance_to_existing_hv_transmission_lines":37.01,"distance_to_gridlight_targets":0.0,"main_road_access":true,"dist_main_road_km":0.0,"has_education_facility":true,"has_health_facility":true,"_label":"Itaji","_status_group":"unknown","_year":2025,"_year_label":"Source release year","_states":["Ekiti"]},"geometry":{"type":"Point","coordinates":[5.33329,7.89173]}},{"type":"Feature","properties":{"geohash":"s17u4c2rdn","settlement_name":"Location #1293","state":"Ekiti","lga":"Ikole","population":14520,"state_population_rank":23,"num_buildings":3024,"nightlight_signal":"nightlight_detected","distance_to_existing_transmission_lines":0.0,"distance_to_existing_hv_transmission_lines":53.3,"distance_to_gridlight_targets":0.0,"main_road_access":true,"dist_main_road_km":0.0,"has_education_facility":true,"has_health_facility":true,"_label":"Location #1293","_status_group":"unknown","_year":2025,"_year_label":"Source release year","_states":["Ekiti"]},"geometry":{"type":"Point","coordinates":[5.39473,7.74256]}},{"type":"Feature","properties":{"geohash":"s17ghzbtrv","settlement_name":"Aisegba","state":"Ekiti","lga":"Aiyekire (Gbonyin)","population":14110,"state_population_rank":24,"num_buildings":2852,"nightlight_signal":"nightlight_detected","distance_to_existing_transmission_lines":0.0,"distance_to_existing_hv_transmission_lines":47.47,"distance_to_gridlight_targets":0.0,"main_road_access":true,"dist_main_road_km":0.0,"has_education_facility":true,"has_health_facility":true,"_label":"Aisegba","_status_group":"unknown","_year":2025,"_year_label":"Source release year","_states":["Ekiti"]},"geometry":{"type":"Point","coordinates":[5.4832,7.6021]}},{"type":"Feature","properties":{"geohash":"s17d9wvpz9","settlement_name":"Ogotun","state":"Ekiti","lga":"Ekiti South West","population":13870,"state_population_rank":25,"num_buildings":2897,"nightlight_signal":"nightlight_detected","distance_to_existing_transmission_lines":0.0,"distance_to_existing_hv_transmission_lines":6.87,"distance_to_gridlight_targets":0.0,"main_road_access":true,"dist_main_road_km":0.0,"has_education_facility":true,"has_health_facility":true,"_label":"Ogotun","_status_group":"unknown","_year":2025,"_year_label":"Source release year","_states":["Ekiti"]},"geometry":{"type":"Point","coordinates":[4.99498,7.50912]}},{"type":"Feature","properties":{"geohash":"s17tmkvpv6","settlement_name":"Igogo","state":"Ekiti","lga":"Moba","population":12421,"state_population_rank":26,"num_buildings":2532,"nightlight_signal":"nightlight_detected","distance_to_existing_transmission_lines":0.0,"distance_to_existing_hv_transmission_lines":19.27,"distance_to_gridlight_targets":0.0,"main_road_access":true,"dist_main_road_km":0.0,"has_education_facility":true,"has_health_facility":true,"_label":"Igogo","_status_group":"unknown","_year":2025,"_year_label":"Source release year","_states":["Ekiti"]},"geometry":{"type":"Point","coordinates":[5.15969,7.98154]}},{"type":"Feature","properties":{"geohash":"s17gdw81qg","settlement_name":"Igbemo-Ekiti","state":"Ekiti","lga":"Irepodun/Ifelodun","population":12198,"state_population_rank":27,"num_buildings":2620,"nightlight_signal":"no_nightlight_detected","distance_to_existing_transmission_lines":0.0,"distance_to_existing_hv_transmission_lines":47.46,"distance_to_gridlight_targets":4.368,"main_road_access":true,"dist_main_road_km":0.0,"has_education_facility":true,"has_health_facility":true,"_label":"Igbemo-Ekiti","_status_group":"unknown","_year":2025,"_year_label":"Source release year","_states":["Ekiti"]},"geometry":{"type":"Point","coordinates":[5.38359,7.68242]}},{"type":"Feature","properties":{"geohash":"s17gqpzzp2","settlement_name":"Ode","state":"Ekiti","lga":"Aiyekire (Gbonyin)","population":11407,"state_population_rank":28,"num_buildings":2322,"nightlight_signal":"nightlight_detected","distance_to_existing_transmission_lines":0.0,"distance_to_existing_hv_transmission_lines":56.06,"distance_to_gridlight_targets":0.0,"main_road_access":true,"dist_main_road_km":0.0,"has_education_facility":true,"has_health_facility":true,"_label":"Ode","_status_group":"unknown","_year":2025,"_year_label":"Source release year","_states":["Ekiti"]},"geometry":{"type":"Point","coordinates":[5.54807,7.64631]}},{"type":"Feature","properties":{"geohash":"s1kh3kk3x9","settlement_name":"Ode","state":"Ekiti","lga":"Ekiti East","population":11199,"state_population_rank":29,"num_buildings":2377,"nightlight_signal":"nightlight_detected","distance_to_existing_transmission_lines":0.0,"distance_to_existing_hv_transmission_lines":63.38,"distance_to_gridlight_targets":0.0,"main_road_access":true,"dist_main_road_km":0.0,"has_education_facility":true,"has_health_facility":true,"_label":"Ode","_status_group":"unknown","_year":2025,"_year_label":"Source release year","_states":["Ekiti"]},"geometry":{"type":"Point","coordinates":[5.68609,7.80193]}},{"type":"Feature","properties":{"geohash":"s17tj4f6u3","settlement_name":"Aiyetoro","state":"Ekiti","lga":"Ido-Osi","population":10827,"state_population_rank":30,"num_buildings":2322,"nightlight_signal":"nightlight_detected","distance_to_existing_transmission_lines":0.0,"distance_to_existing_hv_transmission_lines":24.82,"distance_to_gridlight_targets":0.0,"main_road_access":true,"dist_main_road_km":0.0,"has_education_facility":true,"has_health_facility":true,"_label":"Aiyetoro","_status_group":"unknown","_year":2025,"_year_label":"Source release year","_states":["Ekiti"]},"geometry":{"type":"Point","coordinates":[5.14488,7.92574]}},{"type":"Feature","properties":{"geohash":"s17v11bu5h","settlement_name":"Isan-Ekiti","state":"Ekiti","lga":"Oye","population":10769,"state_population_rank":31,"num_buildings":2279,"nightlight_signal":"nightlight_detected","distance_to_existing_transmission_lines":0.0,"distance_to_existing_hv_transmission_lines":34.43,"distance_to_gridlight_targets":0.0,"main_road_access":true,"dist_main_road_km":0.0,"has_education_facility":true,"has_health_facility":true,"_label":"Isan-Ekiti","_status_group":"unknown","_year":2025,"_year_label":"Source release year","_states":["Ekiti"]},"geometry":{"type":"Point","coordinates":[5.31855,7.92048]}},{"type":"Feature","properties":{"geohash":"s17gjtjzsz","settlement_name":"Agbado","state":"Ekiti","lga":"Aiyekire (Gbonyin)","population":9817,"state_population_rank":32,"num_buildings":2001,"nightlight_signal":"nightlight_detected","distance_to_existing_transmission_lines":0.0,"distance_to_existing_hv_transmission_lines":50.17,"distance_to_gridlight_targets":0.0,"main_road_access":true,"dist_main_road_km":0.0,"has_education_facility":true,"has_health_facility":true,"_label":"Agbado","_status_group":"unknown","_year":2025,"_year_label":"Source release year","_states":["Ekiti"]},"geometry":{"type":"Point","coordinates":[5.52324,7.58739]}},{"type":"Feature","properties":{"geohash":"s17gv5thb6","settlement_name":"Location #2014","state":"Ekiti","lga":"Ikole","population":9658,"state_population_rank":33,"num_buildings":2038,"nightlight_signal":"nightlight_detected","distance_to_existing_transmission_lines":0.0,"distance_to_existing_hv_transmission_lines":57.59,"distance_to_gridlight_targets":0.0,"main_road_access":true,"dist_main_road_km":0.0,"has_education_facility":true,"has_health_facility":true,"_label":"Location #2014","_status_group":"unknown","_year":2025,"_year_label":"Source release year","_states":["Ekiti"]},"geometry":{"type":"Point","coordinates":[5.50004,7.71049]}},{"type":"Feature","properties":{"geohash":"s17urp44g8","settlement_name":"Odo-Igbira","state":"Ekiti","lga":"Ikole","population":9648,"state_population_rank":34,"num_buildings":1992,"nightlight_signal":"nightlight_detected","distance_to_existing_transmission_lines":0.0,"distance_to_existing_hv_transmission_lines":64.4,"distance_to_gridlight_targets":0.0,"main_road_access":true,"dist_main_road_km":0.0,"has_education_facility":true,"has_health_facility":true,"_label":"Odo-Igbira","_status_group":"unknown","_year":2025,"_year_label":"Source release year","_states":["Ekiti"]},"geometry":{"type":"Point","coordinates":[5.58396,7.81725]}},{"type":"Feature","properties":{"geohash":"s17evhq1y2","settlement_name":"Location #2059","state":"Ekiti","lga":"Irepodun/Ifelodun","population":9631,"state_population_rank":35,"num_buildings":2000,"nightlight_signal":"nightlight_detected","distance_to_existing_transmission_lines":0.0,"distance_to_existing_hv_transmission_lines":34.64,"distance_to_gridlight_targets":0.0,"main_road_access":true,"dist_main_road_km":0.0,"has_education_facility":true,"has_health_facility":true,"_label":"Location #2059","_status_group":"unknown","_year":2025,"_year_label":"Source release year","_states":["Ekiti"]},"geometry":{"type":"Point","coordinates":[5.15012,7.71408]}},{"type":"Feature","properties":{"geohash":"s17sm3dm4s","settlement_name":"Osi Ekiti","state":"Ekiti","lga":"Ido-Osi","population":9454,"state_population_rank":36,"num_buildings":2052,"nightlight_signal":"nightlight_detected","distance_to_existing_transmission_lines":0.0,"distance_to_existing_hv_transmission_lines":38.79,"distance_to_gridlight_targets":0.0,"main_road_access":true,"dist_main_road_km":0.0,"has_education_facility":true,"has_health_facility":true,"_label":"Osi Ekiti","_status_group":"unknown","_year":2025,"_year_label":"Source release year","_states":["Ekiti"]},"geometry":{"type":"Point","coordinates":[5.15579,7.78744]}},{"type":"Feature","properties":{"geohash":"s17g6eehjp","settlement_name":"Ijan-Ekiti","state":"Ekiti","lga":"Aiyekire (Gbonyin)","population":9091,"state_population_rank":37,"num_buildings":1869,"nightlight_signal":"nightlight_detected","distance_to_existing_transmission_lines":0.0,"distance_to_existing_hv_transmission_lines":42.27,"distance_to_gridlight_targets":0.0,"main_road_access":true,"dist_main_road_km":0.0,"has_education_facility":true,"has_health_facility":true,"_label":"Ijan-Ekiti","_status_group":"unknown","_year":2025,"_year_label":"Source release year","_states":["Ekiti"]},"geometry":{"type":"Point","coordinates":[5.38764,7.62249]}},{"type":"Feature","properties":{"geohash":"s17g7q19uh","settlement_name":"Ilu-Omoba","state":"Ekiti","lga":"Aiyekire (Gbonyin)","population":8536,"state_population_rank":38,"num_buildings":1735,"nightlight_signal":"nightlight_detected","distance_to_existing_transmission_lines":0.0,"distance_to_existing_hv_transmission_lines":45.63,"distance_to_gridlight_targets":0.0,"main_road_access":true,"dist_main_road_km":0.0,"has_education_facility":true,"has_health_facility":true,"_label":"Ilu-Omoba","_status_group":"unknown","_year":2025,"_year_label":"Source release year","_states":["Ekiti"]},"geometry":{"type":"Point","coordinates":[5.4185,7.63582]}},{"type":"Feature","properties":{"geohash":"s17e3cqjjc","settlement_name":"Erinjiyan","state":"Ekiti","lga":"Ekiti West","population":8189,"state_population_rank":39,"num_buildings":1686,"nightlight_signal":"no_nightlight_detected","distance_to_existing_transmission_lines":0.0,"distance_to_existing_hv_transmission_lines":15.61,"distance_to_gridlight_targets":1.436,"main_road_access":true,"dist_main_road_km":0.0,"has_education_facility":true,"has_health_facility":true,"_label":"Erinjiyan","_status_group":"unknown","_year":2025,"_year_label":"Source release year","_states":["Ekiti"]},"geometry":{"type":"Point","coordinates":[5.00727,7.61027]}},{"type":"Feature","properties":{"geohash":"s17uqw1zxm","settlement_name":"Oke Igbira","state":"Ekiti","lga":"Ikole","population":8122,"state_population_rank":40,"num_buildings":1651,"nightlight_signal":"no_nightlight_detected","distance_to_existing_transmission_lines":0.0,"distance_to_existing_hv_transmission_lines":62.87,"distance_to_gridlight_targets":1.386,"main_road_access":true,"dist_main_road_km":0.0,"has_education_facility":true,"has_health_facility":true,"_label":"Oke Igbira","_status_group":"unknown","_year":2025,"_year_label":"Source release year","_states":["Ekiti"]},"geometry":{"type":"Point","coordinates":[5.5618,7.8126]}},{"type":"Feature","properties":{"geohash":"s1jr3sksz5","settlement_name":"Enugu","state":"Enugu","lga":"Igbo-Eze South","population":1352591,"state_population_rank":1,"num_buildings":290523,"nightlight_signal":"nightlight_detected","distance_to_existing_transmission_lines":0.0,"distance_to_existing_hv_transmission_lines":0.0,"distance_to_gridlight_targets":0.0,"main_road_access":true,"dist_main_road_km":0.0,"has_education_facility":true,"has_health_facility":true,"_label":"Enugu","_status_group":"unknown","_year":2025,"_year_label":"Source release year","_states":["Enugu"]},"geometry":{"type":"Point","coordinates":[7.45522,6.92359]}},{"type":"Feature","properties":{"geohash":"s1jkdueq9e","settlement_name":"Enugu","state":"Enugu","lga":"Enugu North","population":1217737,"state_population_rank":2,"num_buildings":252880,"nightlight_signal":"nightlight_detected","distance_to_existing_transmission_lines":0.0,"distance_to_existing_hv_transmission_lines":0.0,"distance_to_gridlight_targets":0.0,"main_road_access":true,"dist_main_road_km":0.0,"has_education_facility":true,"has_health_facility":true,"_label":"Enugu","_status_group":"unknown","_year":2025,"_year_label":"Source release year","_states":["Enugu"]},"geometry":{"type":"Point","coordinates":[7.5082,6.44187]}},{"type":"Feature","properties":{"geohash":"s1jq0dkt71","settlement_name":"Location #161","state":"Enugu","lga":"Igbo-Etiti","population":93198,"state_population_rank":3,"num_buildings":20414,"nightlight_signal":"nightlight_detected","distance_to_existing_transmission_lines":0.0,"distance_to_existing_hv_transmission_lines":0.0,"distance_to_gridlight_targets":0.0,"main_road_access":true,"dist_main_road_km":0.0,"has_education_facility":true,"has_health_facility":true,"_label":"Location #161","_status_group":"unknown","_year":2025,"_year_label":"Source release year","_states":["Enugu"]},"geometry":{"type":"Point","coordinates":[7.4111,6.69296]}},{"type":"Feature","properties":{"geohash":"s1jkhgj5fb","settlement_name":"Location #241","state":"Enugu","lga":"Nkanu West","population":60331,"state_population_rank":4,"num_buildings":13255,"nightlight_signal":"nightlight_detected","distance_to_existing_transmission_lines":0.0,"distance_to_existing_hv_transmission_lines":4.16,"distance_to_gridlight_targets":0.0,"main_road_access":true,"dist_main_road_km":0.0,"has_education_facility":true,"has_health_facility":true,"_label":"Location #241","_status_group":"unknown","_year":2025,"_year_label":"Source release year","_states":["Enugu"]},"geometry":{"type":"Point","coordinates":[7.59854,6.34525]}},{"type":"Feature","properties":{"geohash":"s1jhwh7p1x","settlement_name":"Amankwo","state":"Enugu","lga":"Ezeagu","population":57168,"state_population_rank":5,"num_buildings":12028,"nightlight_signal":"nightlight_detected","distance_to_existing_transmission_lines":0.0,"distance_to_existing_hv_transmission_lines":7.49,"distance_to_gridlight_targets":0.0,"main_road_access":true,"dist_main_road_km":0.0,"has_education_facility":true,"has_health_facility":true,"_label":"Amankwo","_status_group":"unknown","_year":2025,"_year_label":"Source release year","_states":["Enugu"]},"geometry":{"type":"Point","coordinates":[7.29911,6.4406]}},{"type":"Feature","properties":{"geohash":"s1j66ptzzj","settlement_name":"Awgu","state":"Enugu","lga":"Awgu","population":51486,"state_population_rank":6,"num_buildings":10600,"nightlight_signal":"nightlight_detected","distance_to_existing_transmission_lines":0.0,"distance_to_existing_hv_transmission_lines":1.18,"distance_to_gridlight_targets":0.0,"main_road_access":true,"dist_main_road_km":0.0,"has_education_facility":true,"has_health_facility":true,"_label":"Awgu","_status_group":"unknown","_year":2025,"_year_label":"Source release year","_states":["Enugu"]},"geometry":{"type":"Point","coordinates":[7.4789,6.06307]}},{"type":"Feature","properties":{"geohash":"s1jnnu0gps","settlement_name":"Aku","state":"Enugu","lga":"Igbo-Etiti","population":49930,"state_population_rank":7,"num_buildings":10324,"nightlight_signal":"nightlight_detected","distance_to_existing_transmission_lines":0.0,"distance_to_existing_hv_transmission_lines":6.03,"distance_to_gridlight_targets":0.0,"main_road_access":false,"dist_main_road_km":2.36,"has_education_facility":true,"has_health_facility":true,"_label":"Aku","_status_group":"unknown","_year":2025,"_year_label":"Source release year","_states":["Enugu"]},"geometry":{"type":"Point","coordinates":[7.32924,6.7022]}},{"type":"Feature","properties":{"geohash":"s1j5xydn42","settlement_name":"Location #310","state":"Enugu","lga":"Udi","population":47826,"state_population_rank":8,"num_buildings":10242,"nightlight_signal":"nightlight_detected","distance_to_existing_transmission_lines":0.0,"distance_to_existing_hv_transmission_lines":0.0,"distance_to_gridlight_targets":0.0,"main_road_access":true,"dist_main_road_km":0.0,"has_education_facility":true,"has_health_facility":true,"_label":"Location #310","_status_group":"unknown","_year":2025,"_year_label":"Source release year","_states":["Enugu"]},"geometry":{"type":"Point","coordinates":[7.37467,6.27697]}},{"type":"Feature","properties":{"geohash":"s1jpxy888n","settlement_name":"Location #291","state":"Enugu","lga":"Igbo-Eze South","population":47053,"state_population_rank":9,"num_buildings":10697,"nightlight_signal":"nightlight_detected","distance_to_existing_transmission_lines":0.0,"distance_to_existing_hv_transmission_lines":12.19,"distance_to_gridlight_targets":0.0,"main_road_access":false,"dist_main_road_km":3.98,"has_education_facility":true,"has_health_facility":true,"_label":"Location #291","_status_group":"unknown","_year":2025,"_year_label":"Source release year","_states":["Enugu"]},"geometry":{"type":"Point","coordinates":[7.37252,6.97918]}},{"type":"Feature","properties":{"geohash":"s1jrn416dy","settlement_name":"Location #381","state":"Enugu","lga":"Udenu","population":40773,"state_population_rank":10,"num_buildings":8958,"nightlight_signal":"nightlight_detected","distance_to_existing_transmission_lines":0.0,"distance_to_existing_hv_transmission_lines":9.97,"distance_to_gridlight_targets":0.0,"main_road_access":true,"dist_main_road_km":0.0,"has_education_facility":true,"has_health_facility":true,"_label":"Location #381","_status_group":"unknown","_year":2025,"_year_label":"Source release year","_states":["Enugu"]},"geometry":{"type":"Point","coordinates":[7.64832,6.86692]}},{"type":"Feature","properties":{"geohash":"s1j4zsfhtu","settlement_name":"Location #418","state":"Enugu","lga":"Oji-River","population":39554,"state_population_rank":11,"num_buildings":8202,"nightlight_signal":"nightlight_detected","distance_to_existing_transmission_lines":0.0,"distance_to_existing_hv_transmission_lines":13.71,"distance_to_gridlight_targets":0.0,"main_road_access":true,"dist_main_road_km":0.0,"has_education_facility":true,"has_health_facility":true,"_label":"Location #418","_status_group":"unknown","_year":2025,"_year_label":"Source release year","_states":["Enugu"]},"geometry":{"type":"Point","coordinates":[7.36384,6.13529]}},{"type":"Feature","properties":{"geohash":"s1j6tpukpt","settlement_name":"Uduma","state":"Enugu","lga":"Aninri","population":39353,"state_population_rank":12,"num_buildings":8102,"nightlight_signal":"nightlight_detected","distance_to_existing_transmission_lines":0.0,"distance_to_existing_hv_transmission_lines":7.38,"distance_to_gridlight_targets":0.0,"main_road_access":false,"dist_main_road_km":6.12,"has_education_facility":true,"has_health_facility":true,"_label":"Uduma","_status_group":"unknown","_year":2025,"_year_label":"Source release year","_states":["Enugu"]},"geometry":{"type":"Point","coordinates":[7.6087,6.10774]}},{"type":"Feature","properties":{"geohash":"s1j7gvjh7v","settlement_name":"Location #450","state":"Enugu","lga":"Nkanu West","population":37154,"state_population_rank":13,"num_buildings":7783,"nightlight_signal":"nightlight_detected","distance_to_existing_transmission_lines":0.0,"distance_to_existing_hv_transmission_lines":2.42,"distance_to_gridlight_targets":0.0,"main_road_access":true,"dist_main_road_km":0.0,"has_education_facility":true,"has_health_facility":true,"_label":"Location #450","_status_group":"unknown","_year":2025,"_year_label":"Source release year","_states":["Enugu"]},"geometry":{"type":"Point","coordinates":[7.55464,6.31241]}},{"type":"Feature","properties":{"geohash":"s1j4vcredc","settlement_name":"Location #519","state":"Enugu","lga":"Oji-River","population":31674,"state_population_rank":14,"num_buildings":6606,"nightlight_signal":"nightlight_detected","distance_to_existing_transmission_lines":0.0,"distance_to_existing_hv_transmission_lines":13.66,"distance_to_gridlight_targets":0.0,"main_road_access":true,"dist_main_road_km":0.0,"has_education_facility":true,"has_health_facility":true,"_label":"Location #519","_status_group":"unknown","_year":2025,"_year_label":"Source release year","_states":["Enugu"]},"geometry":{"type":"Point","coordinates":[7.29435,6.11587]}},{"type":"Feature","properties":{"geohash":"s1j5zty624","settlement_name":"Location #544","state":"Enugu","lga":"Udi","population":29586,"state_population_rank":15,"num_buildings":6393,"nightlight_signal":"nightlight_detected","distance_to_existing_transmission_lines":0.0,"distance_to_existing_hv_transmission_lines":0.0,"distance_to_gridlight_targets":0.0,"main_road_access":true,"dist_main_road_km":0.35,"has_education_facility":true,"has_health_facility":true,"_label":"Location #544","_status_group":"unknown","_year":2025,"_year_label":"Source release year","_states":["Enugu"]},"geometry":{"type":"Point","coordinates":[7.36943,6.31616]}},{"type":"Feature","properties":{"geohash":"s1jpr23skt","settlement_name":"Nsukka","state":"Enugu","lga":"Nsukka","population":29569,"state_population_rank":16,"num_buildings":6203,"nightlight_signal":"nightlight_detected","distance_to_existing_transmission_lines":0.0,"distance_to_existing_hv_transmission_lines":8.62,"distance_to_gridlight_targets":0.0,"main_road_access":true,"dist_main_road_km":0.0,"has_education_facility":true,"has_health_facility":true,"_label":"Nsukka","_status_group":"unknown","_year":2025,"_year_label":"Source release year","_states":["Enugu"]},"geometry":{"type":"Point","coordinates":[7.35211,6.90155]}},{"type":"Feature","properties":{"geohash":"s1jhr93223","settlement_name":"Location #768","state":"Enugu","lga":"Ezeagu","population":22778,"state_population_rank":17,"num_buildings":4737,"nightlight_signal":"no_nightlight_detected","distance_to_existing_transmission_lines":0.0,"distance_to_existing_hv_transmission_lines":4.88,"distance_to_gridlight_targets":1.768,"main_road_access":true,"dist_main_road_km":0.0,"has_education_facility":true,"has_health_facility":true,"_label":"Location #768","_status_group":"unknown","_year":2025,"_year_label":"Source release year","_states":["Enugu"]},"geometry":{"type":"Point","coordinates":[7.36258,6.37899]}},{"type":"Feature","properties":{"geohash":"s1jqvjcent","settlement_name":"Ogbodu-Aba","state":"Enugu","lga":"Udenu","population":22427,"state_population_rank":18,"num_buildings":4973,"nightlight_signal":"no_nightlight_detected","distance_to_existing_transmission_lines":0.0,"distance_to_existing_hv_transmission_lines":9.21,"distance_to_gridlight_targets":0.509,"main_road_access":false,"dist_main_road_km":1.57,"has_education_facility":true,"has_health_facility":true,"_label":"Ogbodu-Aba","_status_group":"unknown","_year":2025,"_year_label":"Source release year","_states":["Enugu"]},"geometry":{"type":"Point","coordinates":[7.60488,6.84365]}},{"type":"Feature","properties":{"geohash":"s1jhp4g4er","settlement_name":"Umudim","state":"Enugu","lga":"Ezeagu","population":22204,"state_population_rank":19,"num_buildings":4755,"nightlight_signal":"no_nightlight_detected","distance_to_existing_transmission_lines":0.0,"distance_to_existing_hv_transmission_lines":3.29,"distance_to_gridlight_targets":2.128,"main_road_access":true,"dist_main_road_km":0.0,"has_education_facility":true,"has_health_facility":true,"_label":"Umudim","_status_group":"unknown","_year":2025,"_year_label":"Source release year","_states":["Enugu"]},"geometry":{"type":"Point","coordinates":[7.34313,6.3437]}},{"type":"Feature","properties":{"geohash":"s1j5nkd4ye","settlement_name":"Location #898","state":"Enugu","lga":"Oji-River","population":19251,"state_population_rank":20,"num_buildings":4204,"nightlight_signal":"no_nightlight_detected","distance_to_existing_transmission_lines":0.0,"distance_to_existing_hv_transmission_lines":7.42,"distance_to_gridlight_targets":1.477,"main_road_access":true,"dist_main_road_km":0.0,"has_education_facility":true,"has_health_facility":true,"_label":"Location #898","_status_group":"unknown","_year":2025,"_year_label":"Source release year","_states":["Enugu"]},"geometry":{"type":"Point","coordinates":[7.30894,6.17756]}},{"type":"Feature","properties":{"geohash":"s1jhm11606","settlement_name":"Location #992","state":"Enugu","lga":"Ezeagu","population":18917,"state_population_rank":21,"num_buildings":3829,"nightlight_signal":"nightlight_detected","distance_to_existing_transmission_lines":0.0,"distance_to_existing_hv_transmission_lines":9.52,"distance_to_gridlight_targets":0.0,"main_road_access":true,"dist_main_road_km":0.45,"has_education_facility":true,"has_health_facility":true,"_label":"Location #992","_status_group":"unknown","_year":2025,"_year_label":"Source release year","_states":["Enugu"]},"geometry":{"type":"Point","coordinates":[7.25271,6.37792]}},{"type":"Feature","properties":{"geohash":"s1j5ydrgy6","settlement_name":"Nachi","state":"Enugu","lga":"Udi","population":18668,"state_population_rank":22,"num_buildings":3922,"nightlight_signal":"nightlight_detected","distance_to_existing_transmission_lines":0.0,"distance_to_existing_hv_transmission_lines":0.05,"distance_to_gridlight_targets":0.0,"main_road_access":true,"dist_main_road_km":0.23,"has_education_facility":true,"has_health_facility":true,"_label":"Nachi","_status_group":"unknown","_year":2025,"_year_label":"Source release year","_states":["Enugu"]},"geometry":{"type":"Point","coordinates":[7.32781,6.2972]}},{"type":"Feature","properties":{"geohash":"s1jm29up6d","settlement_name":"Okpatu-Ukehe","state":"Enugu","lga":"Udi","population":18559,"state_population_rank":23,"num_buildings":4128,"nightlight_signal":"nightlight_detected","distance_to_existing_transmission_lines":0.0,"distance_to_existing_hv_transmission_lines":0.0,"distance_to_gridlight_targets":0.0,"main_road_access":true,"dist_main_road_km":0.0,"has_education_facility":true,"has_health_facility":true,"_label":"Okpatu-Ukehe","_status_group":"unknown","_year":2025,"_year_label":"Source release year","_states":["Enugu"]},"geometry":{"type":"Point","coordinates":[7.41039,6.55872]}},{"type":"Feature","properties":{"geohash":"s1jtbs7u8s","settlement_name":"Eha Amufu","state":"Enugu","lga":"Isi-Uzo","population":18082,"state_population_rank":24,"num_buildings":3878,"nightlight_signal":"nightlight_detected","distance_to_existing_transmission_lines":0.0,"distance_to_existing_hv_transmission_lines":0.02,"distance_to_gridlight_targets":0.0,"main_road_access":true,"dist_main_road_km":0.0,"has_education_facility":true,"has_health_facility":true,"_label":"Eha Amufu","_status_group":"unknown","_year":2025,"_year_label":"Source release year","_states":["Enugu"]},"geometry":{"type":"Point","coordinates":[7.76152,6.65989]}},{"type":"Feature","properties":{"geohash":"s1j6fbhj39","settlement_name":"Mgbowo","state":"Enugu","lga":"Awgu","population":17778,"state_population_rank":25,"num_buildings":3724,"nightlight_signal":"nightlight_detected","distance_to_existing_transmission_lines":0.0,"distance_to_existing_hv_transmission_lines":0.0,"distance_to_gridlight_targets":0.0,"main_road_access":true,"dist_main_road_km":0.0,"has_education_facility":true,"has_health_facility":true,"_label":"Mgbowo","_status_group":"unknown","_year":2025,"_year_label":"Source release year","_states":["Enugu"]},"geometry":{"type":"Point","coordinates":[7.50922,6.10931]}},{"type":"Feature","properties":{"geohash":"s1jhxrnyts","settlement_name":"Location #999","state":"Enugu","lga":"Udi","population":17421,"state_population_rank":26,"num_buildings":3816,"nightlight_signal":"nightlight_detected","distance_to_existing_transmission_lines":0.0,"distance_to_existing_hv_transmission_lines":2.85,"distance_to_gridlight_targets":0.0,"main_road_access":true,"dist_main_road_km":0.0,"has_education_facility":true,"has_health_facility":true,"_label":"Location #999","_status_group":"unknown","_year":2025,"_year_label":"Source release year","_states":["Enugu"]},"geometry":{"type":"Point","coordinates":[7.35937,6.45561]}},{"type":"Feature","properties":{"geohash":"s1j7bw30hv","settlement_name":"Udi","state":"Enugu","lga":"Udi","population":16651,"state_population_rank":27,"num_buildings":3493,"nightlight_signal":"nightlight_detected","distance_to_existing_transmission_lines":0.0,"distance_to_existing_hv_transmission_lines":0.0,"distance_to_gridlight_targets":0.0,"main_road_access":true,"dist_main_road_km":0.0,"has_education_facility":true,"has_health_facility":true,"_label":"Udi","_status_group":"unknown","_year":2025,"_year_label":"Source release year","_states":["Enugu"]},"geometry":{"type":"Point","coordinates":[7.40637,6.31854]}},{"type":"Feature","properties":{"geohash":"s1jjwd54n4","settlement_name":"Location #1015","state":"Enugu","lga":"Udi","population":16552,"state_population_rank":28,"num_buildings":3763,"nightlight_signal":"no_nightlight_detected","distance_to_existing_transmission_lines":0.0,"distance_to_existing_hv_transmission_lines":7.7,"distance_to_gridlight_targets":1.331,"main_road_access":true,"dist_main_road_km":0.0,"has_education_facility":true,"has_health_facility":true,"_label":"Location #1015","_status_group":"unknown","_year":2025,"_year_label":"Source release year","_states":["Enugu"]},"geometry":{"type":"Point","coordinates":[7.32127,6.60314]}},{"type":"Feature","properties":{"geohash":"s1j7d44rp2","settlement_name":"Ozalla","state":"Enugu","lga":"Awgu","population":16414,"state_population_rank":29,"num_buildings":3389,"nightlight_signal":"nightlight_detected","distance_to_existing_transmission_lines":0.0,"distance_to_existing_hv_transmission_lines":0.0,"distance_to_gridlight_targets":0.0,"main_road_access":true,"dist_main_road_km":0.0,"has_education_facility":true,"has_health_facility":true,"_label":"Ozalla","_status_group":"unknown","_year":2025,"_year_label":"Source release year","_states":["Enugu"]},"geometry":{"type":"Point","coordinates":[7.47411,6.25242]}},{"type":"Feature","properties":{"geohash":"s1j7tj2ck2","settlement_name":"Nara Unateze","state":"Enugu","lga":"Nkanu East","population":16410,"state_population_rank":30,"num_buildings":3589,"nightlight_signal":"no_nightlight_detected","distance_to_existing_transmission_lines":0.0,"distance_to_existing_hv_transmission_lines":10.1,"distance_to_gridlight_targets":2.239,"main_road_access":false,"dist_main_road_km":4.71,"has_education_facility":true,"has_health_facility":true,"_label":"Nara Unateze","_status_group":"unknown","_year":2025,"_year_label":"Source release year","_states":["Enugu"]},"geometry":{"type":"Point","coordinates":[7.60376,6.26929]}},{"type":"Feature","properties":{"geohash":"s1jtc79qhm","settlement_name":"Location #1093","state":"Enugu","lga":"Isi-Uzo","population":15316,"state_population_rank":31,"num_buildings":3532,"nightlight_signal":"nightlight_detected","distance_to_existing_transmission_lines":0.0,"distance_to_existing_hv_transmission_lines":0.34,"distance_to_gridlight_targets":0.0,"main_road_access":false,"dist_main_road_km":1.45,"has_education_facility":true,"has_health_facility":true,"_label":"Location #1093","_status_group":"unknown","_year":2025,"_year_label":"Source release year","_states":["Enugu"]},"geometry":{"type":"Point","coordinates":[7.79121,6.65603]}},{"type":"Feature","properties":{"geohash":"s1jjvg4849","settlement_name":"Location #1123","state":"Enugu","lga":"Udi","population":15264,"state_population_rank":32,"num_buildings":3443,"nightlight_signal":"nightlight_detected","distance_to_existing_transmission_lines":0.0,"distance_to_existing_hv_transmission_lines":11.76,"distance_to_gridlight_targets":0.0,"main_road_access":true,"dist_main_road_km":0.0,"has_education_facility":true,"has_health_facility":true,"_label":"Location #1123","_status_group":"unknown","_year":2025,"_year_label":"Source release year","_states":["Enugu"]},"geometry":{"type":"Point","coordinates":[7.28748,6.65223]}},{"type":"Feature","properties":{"geohash":"s1j73tdk5n","settlement_name":"Owelle","state":"Enugu","lga":"Awgu","population":14879,"state_population_rank":33,"num_buildings":3081,"nightlight_signal":"nightlight_detected","distance_to_existing_transmission_lines":0.0,"distance_to_existing_hv_transmission_lines":2.73,"distance_to_gridlight_targets":0.0,"main_road_access":true,"dist_main_road_km":0.47,"has_education_facility":true,"has_health_facility":true,"_label":"Owelle","_status_group":"unknown","_year":2025,"_year_label":"Source release year","_states":["Enugu"]},"geometry":{"type":"Point","coordinates":[7.45196,6.22722]}},{"type":"Feature","properties":{"geohash":"s1hyrd64wy","settlement_name":"Adani","state":"Enugu","lga":"Uzo-Uwani","population":14347,"state_population_rank":34,"num_buildings":2908,"nightlight_signal":"nightlight_detected","distance_to_existing_transmission_lines":0.0,"distance_to_existing_hv_transmission_lines":43.3,"distance_to_gridlight_targets":0.0,"main_road_access":true,"dist_main_road_km":0.0,"has_education_facility":true,"has_health_facility":true,"_label":"Adani","_status_group":"unknown","_year":2025,"_year_label":"Source release year","_states":["Enugu"]},"geometry":{"type":"Point","coordinates":[7.01232,6.73646]}},{"type":"Feature","properties":{"geohash":"s1jjr87cr3","settlement_name":"Location #1285","state":"Enugu","lga":"Udi","population":14029,"state_population_rank":35,"num_buildings":3036,"nightlight_signal":"nightlight_detected","distance_to_existing_transmission_lines":0.0,"distance_to_existing_hv_transmission_lines":3.14,"distance_to_gridlight_targets":0.0,"main_road_access":true,"dist_main_road_km":0.0,"has_education_facility":true,"has_health_facility":true,"_label":"Location #1285","_status_group":"unknown","_year":2025,"_year_label":"Source release year","_states":["Enugu"]},"geometry":{"type":"Point","coordinates":[7.36631,6.54945]}},{"type":"Feature","properties":{"geohash":"s1jm8c3fsd","settlement_name":"Location #1296","state":"Enugu","lga":"Udi","population":13874,"state_population_rank":36,"num_buildings":3015,"nightlight_signal":"nightlight_detected","distance_to_existing_transmission_lines":0.0,"distance_to_existing_hv_transmission_lines":0.0,"distance_to_gridlight_targets":0.0,"main_road_access":true,"dist_main_road_km":0.0,"has_education_facility":true,"has_health_facility":true,"_label":"Location #1296","_status_group":"unknown","_year":2025,"_year_label":"Source release year","_states":["Enugu"]},"geometry":{"type":"Point","coordinates":[7.41838,6.59911]}},{"type":"Feature","properties":{"geohash":"s1jkbspntc","settlement_name":"Location #1401","state":"Enugu","lga":"Udi","population":12832,"state_population_rank":37,"num_buildings":2815,"nightlight_signal":"nightlight_detected","distance_to_existing_transmission_lines":0.0,"distance_to_existing_hv_transmission_lines":0.6,"distance_to_gridlight_targets":0.0,"main_road_access":true,"dist_main_road_km":0.0,"has_education_facility":true,"has_health_facility":true,"_label":"Location #1401","_status_group":"unknown","_year":2025,"_year_label":"Source release year","_states":["Enugu"]},"geometry":{"type":"Point","coordinates":[7.41465,6.48306]}},{"type":"Feature","properties":{"geohash":"s1jhzuwfyn","settlement_name":"Location #1487","state":"Enugu","lga":"Udi","population":12664,"state_population_rank":38,"num_buildings":2645,"nightlight_signal":"no_nightlight_detected","distance_to_existing_transmission_lines":0.0,"distance_to_existing_hv_transmission_lines":0.85,"distance_to_gridlight_targets":1.861,"main_road_access":true,"dist_main_road_km":0.02,"has_education_facility":true,"has_health_facility":true,"_label":"Location #1487","_status_group":"unknown","_year":2025,"_year_label":"Source release year","_states":["Enugu"]},"geometry":{"type":"Point","coordinates":[7.38136,6.48519]}},{"type":"Feature","properties":{"geohash":"s1jk0qjksg","settlement_name":"Udi","state":"Enugu","lga":"Udi","population":12565,"state_population_rank":39,"num_buildings":2575,"nightlight_signal":"nightlight_detected","distance_to_existing_transmission_lines":0.0,"distance_to_existing_hv_transmission_lines":1.56,"distance_to_gridlight_targets":0.0,"main_road_access":true,"dist_main_road_km":0.0,"has_education_facility":true,"has_health_facility":true,"_label":"Udi","_status_group":"unknown","_year":2025,"_year_label":"Source release year","_states":["Enugu"]},"geometry":{"type":"Point","coordinates":[7.40121,6.36188]}},{"type":"Feature","properties":{"geohash":"s1jjzvvyur","settlement_name":"Location #1520","state":"Enugu","lga":"Igbo-Etiti","population":12397,"state_population_rank":40,"num_buildings":2593,"nightlight_signal":"no_nightlight_detected","distance_to_existing_transmission_lines":0.0,"distance_to_existing_hv_transmission_lines":0.69,"distance_to_gridlight_targets":1.509,"main_road_access":true,"dist_main_road_km":0.0,"has_education_facility":true,"has_health_facility":true,"_label":"Location #1520","_status_group":"unknown","_year":2025,"_year_label":"Source release year","_states":["Enugu"]},"geometry":{"type":"Point","coordinates":[7.37991,6.66853]}},{"type":"Feature","properties":{"geohash":"s1zfmzwzms","settlement_name":"Location #29","state":"Gombe","lga":"Gombe","population":991266,"state_population_rank":1,"num_buildings":205258,"nightlight_signal":"nightlight_detected","distance_to_existing_transmission_lines":0.0,"distance_to_existing_hv_transmission_lines":0.0,"distance_to_gridlight_targets":0.0,"main_road_access":true,"dist_main_road_km":0.0,"has_education_facility":true,"has_health_facility":true,"_label":"Location #29","_status_group":"unknown","_year":2025,"_year_label":"Source release year","_states":["Gombe"]},"geometry":{"type":"Point","coordinates":[11.16063,10.28173]}},{"type":"Feature","properties":{"geohash":"s3bjspmm7f","settlement_name":"Bajoga","state":"Gombe","lga":"Funakaye","population":102099,"state_population_rank":2,"num_buildings":21111,"nightlight_signal":"nightlight_detected","distance_to_existing_transmission_lines":0.0,"distance_to_existing_hv_transmission_lines":0.0,"distance_to_gridlight_targets":0.0,"main_road_access":true,"dist_main_road_km":0.0,"has_education_facility":true,"has_health_facility":true,"_label":"Bajoga","_status_group":"unknown","_year":2025,"_year_label":"Source release year","_states":["Gombe"]},"geometry":{"type":"Point","coordinates":[11.43315,10.85129]}},{"type":"Feature","properties":{"geohash":"s1zcnvre2e","settlement_name":"Kumo","state":"Gombe","lga":"Akko","population":101134,"state_population_rank":3,"num_buildings":21853,"nightlight_signal":"nightlight_detected","distance_to_existing_transmission_lines":0.0,"distance_to_existing_hv_transmission_lines":1.9,"distance_to_gridlight_targets":0.0,"main_road_access":true,"dist_main_road_km":0.0,"has_education_facility":true,"has_health_facility":true,"_label":"Kumo","_status_group":"unknown","_year":2025,"_year_label":"Source release year","_states":["Gombe"]},"geometry":{"type":"Point","coordinates":[11.2054,10.04895]}},{"type":"Feature","properties":{"geohash":"s38pc60fnp","settlement_name":"Kaltungo","state":"Gombe","lga":"Kaltungo","population":88123,"state_population_rank":4,"num_buildings":18433,"nightlight_signal":"nightlight_detected","distance_to_existing_transmission_lines":0.0,"distance_to_existing_hv_transmission_lines":1.25,"distance_to_gridlight_targets":0.0,"main_road_access":true,"dist_main_road_km":0.0,"has_education_facility":true,"has_health_facility":true,"_label":"Kaltungo","_status_group":"unknown","_year":2025,"_year_label":"Source release year","_states":["Gombe"]},"geometry":{"type":"Point","coordinates":[11.30622,9.81117]}},{"type":"Feature","properties":{"geohash":"s1zbprcwtt","settlement_name":"Biliri","state":"Gombe","lga":"Billiri","population":80898,"state_population_rank":5,"num_buildings":16608,"nightlight_signal":"nightlight_detected","distance_to_existing_transmission_lines":0.0,"distance_to_existing_hv_transmission_lines":0.0,"distance_to_gridlight_targets":0.0,"main_road_access":true,"dist_main_road_km":0.0,"has_education_facility":true,"has_health_facility":true,"_label":"Biliri","_status_group":"unknown","_year":2025,"_year_label":"Source release year","_states":["Gombe"]},"geometry":{"type":"Point","coordinates":[11.21935,9.88747]}},{"type":"Feature","properties":{"geohash":"s1ztt1gysv","settlement_name":"Dukku","state":"Gombe","lga":"Dukku","population":68318,"state_population_rank":6,"num_buildings":13828,"nightlight_signal":"nightlight_detected","distance_to_existing_transmission_lines":0.0,"distance_to_existing_hv_transmission_lines":49.72,"distance_to_gridlight_targets":0.0,"main_road_access":true,"dist_main_road_km":0.0,"has_education_facility":true,"has_health_facility":true,"_label":"Dukku","_status_group":"unknown","_year":2025,"_year_label":"Source release year","_states":["Gombe"]},"geometry":{"type":"Point","coordinates":[10.77196,10.82131]}},{"type":"Feature","properties":{"geohash":"s3b4t8st23","settlement_name":"Deba Kowa","state":"Gombe","lga":"Yamaltu/Deba","population":40858,"state_population_rank":7,"num_buildings":8412,"nightlight_signal":"nightlight_detected","distance_to_existing_transmission_lines":0.0,"distance_to_existing_hv_transmission_lines":0.0,"distance_to_gridlight_targets":0.0,"main_road_access":true,"dist_main_road_km":0.0,"has_education_facility":true,"has_health_facility":true,"_label":"Deba Kowa","_status_group":"unknown","_year":2025,"_year_label":"Source release year","_states":["Gombe"]},"geometry":{"type":"Point","coordinates":[11.49789,10.28686]}},{"type":"Feature","properties":{"geohash":"s3bnj5j0jx","settlement_name":"Location #428","state":"Gombe","lga":"Funakaye","population":40000,"state_population_rank":8,"num_buildings":8085,"nightlight_signal":"nightlight_detected","distance_to_existing_transmission_lines":0.0,"distance_to_existing_hv_transmission_lines":0.0,"distance_to_gridlight_targets":0.0,"main_road_access":false,"dist_main_road_km":5.93,"has_education_facility":true,"has_health_facility":true,"_label":"Location #428","_status_group":"unknown","_year":2025,"_year_label":"Source release year","_states":["Gombe"]},"geometry":{"type":"Point","coordinates":[11.47683,10.91496]}},{"type":"Feature","properties":{"geohash":"s3b1u2rrjh","settlement_name":"KURI","state":"Gombe","lga":"Yamaltu/Deba","population":35183,"state_population_rank":9,"num_buildings":7192,"nightlight_signal":"nightlight_detected","distance_to_existing_transmission_lines":0.0,"distance_to_existing_hv_transmission_lines":14.27,"distance_to_gridlight_targets":0.0,"main_road_access":false,"dist_main_road_km":2.36,"has_education_facility":true,"has_health_facility":true,"_label":"KURI","_status_group":"unknown","_year":2025,"_year_label":"Source release year","_states":["Gombe"]},"geometry":{"type":"Point","coordinates":[11.44694,10.15397]}},{"type":"Feature","properties":{"geohash":"s3bp4y472r","settlement_name":"Ngalda","state":"Gombe","lga":"Nafada","population":31729,"state_population_rank":10,"num_buildings":6715,"nightlight_signal":"nightlight_detected","distance_to_existing_transmission_lines":0.0,"distance_to_existing_hv_transmission_lines":1.29,"distance_to_gridlight_targets":0.0,"main_road_access":true,"dist_main_road_km":0.0,"has_education_facility":true,"has_health_facility":true,"_label":"Ngalda","_status_group":"unknown","_year":2025,"_year_label":"Source release year","_states":["Gombe","Yobe"]},"geometry":{"type":"Point","coordinates":[11.37396,11.10778]}},{"type":"Feature","properties":{"geohash":"s3bp1gegku","settlement_name":"Location #597","state":"Gombe","lga":"Nafada","population":28228,"state_population_rank":11,"num_buildings":5939,"nightlight_signal":"nightlight_detected","distance_to_existing_transmission_lines":0.0,"distance_to_existing_hv_transmission_lines":0.0,"distance_to_gridlight_targets":0.0,"main_road_access":true,"dist_main_road_km":0.0,"has_education_facility":true,"has_health_facility":true,"_label":"Location #597","_status_group":"unknown","_year":2025,"_year_label":"Source release year","_states":["Gombe"]},"geometry":{"type":"Point","coordinates":[11.33226,11.09403]}},{"type":"Feature","properties":{"geohash":"s1zb6s0tp1","settlement_name":"Location #559","state":"Gombe","lga":"Akko","population":28194,"state_population_rank":12,"num_buildings":6223,"nightlight_signal":"nightlight_detected","distance_to_existing_transmission_lines":0.0,"distance_to_existing_hv_transmission_lines":20.83,"distance_to_gridlight_targets":0.0,"main_road_access":true,"dist_main_road_km":0.0,"has_education_facility":true,"has_health_facility":true,"_label":"Location #559","_status_group":"unknown","_year":2025,"_year_label":"Source release year","_states":["Gombe"]},"geometry":{"type":"Point","coordinates":[11.0093,9.91054]}},{"type":"Feature","properties":{"geohash":"s3bk03k145","settlement_name":"Fikhayel","state":"Gombe","lga":"Yamaltu/Deba","population":28165,"state_population_rank":13,"num_buildings":5725,"nightlight_signal":"nightlight_detected","distance_to_existing_transmission_lines":17.13,"distance_to_existing_hv_transmission_lines":16.83,"distance_to_gridlight_targets":0.0,"main_road_access":false,"dist_main_road_km":13.91,"has_education_facility":true,"has_health_facility":true,"_label":"Fikhayel","_status_group":"unknown","_year":2025,"_year_label":"Source release year","_states":["Borno"]},"geometry":{"type":"Point","coordinates":[11.61813,10.55393]}},{"type":"Feature","properties":{"geohash":"s3b29y7ceh","settlement_name":"Talasse","state":"Gombe","lga":"Balanga","population":27966,"state_population_rank":14,"num_buildings":5980,"nightlight_signal":"nightlight_detected","distance_to_existing_transmission_lines":12.15,"distance_to_existing_hv_transmission_lines":23.53,"distance_to_gridlight_targets":0.0,"main_road_access":true,"dist_main_road_km":0.0,"has_education_facility":true,"has_health_facility":true,"_label":"Talasse","_status_group":"unknown","_year":2025,"_year_label":"Source release year","_states":["Gombe"]},"geometry":{"type":"Point","coordinates":[11.68375,9.96625]}},{"type":"Feature","properties":{"geohash":"s1zffnt73n","settlement_name":"Bulla","state":"Gombe","lga":"Kwami","population":27431,"state_population_rank":15,"num_buildings":6450,"nightlight_signal":"nightlight_detected","distance_to_existing_transmission_lines":0.0,"distance_to_existing_hv_transmission_lines":5.01,"distance_to_gridlight_targets":0.0,"main_road_access":false,"dist_main_road_km":6.7,"has_education_facility":true,"has_health_facility":true,"_label":"Bulla","_status_group":"unknown","_year":2025,"_year_label":"Source release year","_states":["Gombe"]},"geometry":{"type":"Point","coordinates":[10.99359,10.36345]}},{"type":"Feature","properties":{"geohash":"s3b42yukm7","settlement_name":"Kwadon","state":"Gombe","lga":"Yamaltu/Deba","population":25801,"state_population_rank":16,"num_buildings":5660,"nightlight_signal":"nightlight_detected","distance_to_existing_transmission_lines":0.0,"distance_to_existing_hv_transmission_lines":1.31,"distance_to_gridlight_targets":0.0,"main_road_access":true,"dist_main_road_km":0.0,"has_education_facility":true,"has_health_facility":true,"_label":"Kwadon","_status_group":"unknown","_year":2025,"_year_label":"Source release year","_states":["Gombe"]},"geometry":{"type":"Point","coordinates":[11.28903,10.27708]}},{"type":"Feature","properties":{"geohash":"s1zgfze54s","settlement_name":"Location #656","state":"Gombe","lga":"Kwami","population":25756,"state_population_rank":17,"num_buildings":5427,"nightlight_signal":"nightlight_detected","distance_to_existing_transmission_lines":0.0,"distance_to_existing_hv_transmission_lines":21.87,"distance_to_gridlight_targets":0.0,"main_road_access":true,"dist_main_road_km":0.0,"has_education_facility":true,"has_health_facility":true,"_label":"Location #656","_status_group":"unknown","_year":2025,"_year_label":"Source release year","_states":["Gombe"]},"geometry":{"type":"Point","coordinates":[11.02352,10.54467]}},{"type":"Feature","properties":{"geohash":"s3b4557nk1","settlement_name":"Location #653","state":"Gombe","lga":"Yamaltu/Deba","population":24962,"state_population_rank":18,"num_buildings":5451,"nightlight_signal":"nightlight_detected","distance_to_existing_transmission_lines":0.0,"distance_to_existing_hv_transmission_lines":8.04,"distance_to_gridlight_targets":0.0,"main_road_access":true,"dist_main_road_km":0.0,"has_education_facility":true,"has_health_facility":true,"_label":"Location #653","_status_group":"unknown","_year":2025,"_year_label":"Source release year","_states":["Gombe"]},"geometry":{"type":"Point","coordinates":[11.38613,10.21425]}},{"type":"Feature","properties":{"geohash":"s3b0trfc19","settlement_name":"Location #723","state":"Gombe","lga":"Kaltungo","population":24747,"state_population_rank":19,"num_buildings":5002,"nightlight_signal":"no_nightlight_detected","distance_to_existing_transmission_lines":0.0,"distance_to_existing_hv_transmission_lines":20.53,"distance_to_gridlight_targets":8.786,"main_road_access":true,"dist_main_road_km":0.0,"has_education_facility":true,"has_health_facility":true,"_label":"Location #723","_status_group":"unknown","_year":2025,"_year_label":"Source release year","_states":["Gombe"]},"geometry":{"type":"Point","coordinates":[11.48455,9.97439]}},{"type":"Feature","properties":{"geohash":"s1xys2p7jd","settlement_name":"Filiya","state":"Gombe","lga":"Shomgom","population":23275,"state_population_rank":20,"num_buildings":4758,"nightlight_signal":"no_nightlight_detected","distance_to_existing_transmission_lines":0.0,"distance_to_existing_hv_transmission_lines":34.03,"distance_to_gridlight_targets":25.511,"main_road_access":true,"dist_main_road_km":0.0,"has_education_facility":true,"has_health_facility":true,"_label":"Filiya","_status_group":"unknown","_year":2025,"_year_label":"Source release year","_states":["Gombe"]},"geometry":{"type":"Point","coordinates":[11.09541,9.58061]}},{"type":"Feature","properties":{"geohash":"s3b56cxk3p","settlement_name":"Deba Fulani","state":"Gombe","lga":"Kwami","population":22584,"state_population_rank":21,"num_buildings":4597,"nightlight_signal":"nightlight_detected","distance_to_existing_transmission_lines":0.0,"distance_to_existing_hv_transmission_lines":7.76,"distance_to_gridlight_targets":0.0,"main_road_access":true,"dist_main_road_km":0.0,"has_education_facility":true,"has_health_facility":true,"_label":"Deba Fulani","_status_group":"unknown","_year":2025,"_year_label":"Source release year","_states":["Gombe"]},"geometry":{"type":"Point","coordinates":[11.38085,10.42405]}},{"type":"Feature","properties":{"geohash":"s38pnmkvuv","settlement_name":"Balanga","state":"Gombe","lga":"Balanga","population":22161,"state_population_rank":22,"num_buildings":4622,"nightlight_signal":"nightlight_detected","distance_to_existing_transmission_lines":0.0,"distance_to_existing_hv_transmission_lines":0.0,"distance_to_gridlight_targets":0.0,"main_road_access":true,"dist_main_road_km":0.0,"has_education_facility":true,"has_health_facility":true,"_label":"Balanga","_status_group":"unknown","_year":2025,"_year_label":"Source release year","_states":["Gombe"]},"geometry":{"type":"Point","coordinates":[11.53139,9.69783]}},{"type":"Feature","properties":{"geohash":"s3bhft2by7","settlement_name":"Tongo","state":"Gombe","lga":"Funakaye","population":21004,"state_population_rank":23,"num_buildings":4498,"nightlight_signal":"nightlight_detected","distance_to_existing_transmission_lines":0.0,"distance_to_existing_hv_transmission_lines":0.04,"distance_to_gridlight_targets":0.0,"main_road_access":true,"dist_main_road_km":0.0,"has_education_facility":true,"has_health_facility":true,"_label":"Tongo","_status_group":"unknown","_year":2025,"_year_label":"Source release year","_states":["Gombe"]},"geometry":{"type":"Point","coordinates":[11.36116,10.7077]}},{"type":"Feature","properties":{"geohash":"s1xz1k2h9f","settlement_name":"Gwana","state":"Gombe","lga":"Shomgom","population":19776,"state_population_rank":24,"num_buildings":4054,"nightlight_signal":"no_nightlight_detected","distance_to_existing_transmission_lines":8.35,"distance_to_existing_hv_transmission_lines":36.35,"distance_to_gridlight_targets":15.7,"main_road_access":false,"dist_main_road_km":14.49,"has_education_facility":true,"has_health_facility":true,"_label":"Gwana","_status_group":"unknown","_year":2025,"_year_label":"Source release year","_states":["Bauchi"]},"geometry":{"type":"Point","coordinates":[10.95345,9.6921]}},{"type":"Feature","properties":{"geohash":"s1zfrx5ysm","settlement_name":"Location #798","state":"Gombe","lga":"Yamaltu/Deba","population":19644,"state_population_rank":25,"num_buildings":4619,"nightlight_signal":"nightlight_detected","distance_to_existing_transmission_lines":0.0,"distance_to_existing_hv_transmission_lines":2.95,"distance_to_gridlight_targets":0.0,"main_road_access":true,"dist_main_road_km":0.0,"has_education_facility":true,"has_health_facility":true,"_label":"Location #798","_status_group":"unknown","_year":2025,"_year_label":"Source release year","_states":["Gombe"]},"geometry":{"type":"Point","coordinates":[11.23336,10.27885]}},{"type":"Feature","properties":{"geohash":"s1xzym4mbd","settlement_name":"Location #970","state":"Gombe","lga":"Billiri","population":18635,"state_population_rank":26,"num_buildings":3915,"nightlight_signal":"nightlight_detected","distance_to_existing_transmission_lines":0.0,"distance_to_existing_hv_transmission_lines":5.75,"distance_to_gridlight_targets":0.0,"main_road_access":true,"dist_main_road_km":0.0,"has_education_facility":true,"has_health_facility":true,"_label":"Location #970","_status_group":"unknown","_year":2025,"_year_label":"Source release year","_states":["Gombe"]},"geometry":{"type":"Point","coordinates":[11.17621,9.82827]}},{"type":"Feature","properties":{"geohash":"s1zbfmzyue","settlement_name":"Location #939","state":"Gombe","lga":"Akko","population":17228,"state_population_rank":27,"num_buildings":4051,"nightlight_signal":"nightlight_detected","distance_to_existing_transmission_lines":0.0,"distance_to_existing_hv_transmission_lines":15.55,"distance_to_gridlight_targets":0.0,"main_road_access":true,"dist_main_road_km":0.0,"has_education_facility":true,"has_health_facility":true,"_label":"Location #939","_status_group":"unknown","_year":2025,"_year_label":"Source release year","_states":["Gombe"]},"geometry":{"type":"Point","coordinates":[11.00816,10.00835]}},{"type":"Feature","properties":{"geohash":"s1zgse52mx","settlement_name":"Gadam","state":"Gombe","lga":"Kwami","population":16649,"state_population_rank":28,"num_buildings":3534,"nightlight_signal":"nightlight_detected","distance_to_existing_transmission_lines":0.0,"distance_to_existing_hv_transmission_lines":11.13,"distance_to_gridlight_targets":0.0,"main_road_access":true,"dist_main_road_km":0.0,"has_education_facility":true,"has_health_facility":true,"_label":"Gadam","_status_group":"unknown","_year":2025,"_year_label":"Source release year","_states":["Gombe"]},"geometry":{"type":"Point","coordinates":[11.1009,10.47555]}},{"type":"Feature","properties":{"geohash":"s1zbn6n99v","settlement_name":"Location #1181","state":"Gombe","lga":"Billiri","population":15985,"state_population_rank":29,"num_buildings":3277,"nightlight_signal":"nightlight_detected","distance_to_existing_transmission_lines":0.0,"distance_to_existing_hv_transmission_lines":5.08,"distance_to_gridlight_targets":0.0,"main_road_access":true,"dist_main_road_km":0.0,"has_education_facility":true,"has_health_facility":true,"_label":"Location #1181","_status_group":"unknown","_year":2025,"_year_label":"Source release year","_states":["Gombe"]},"geometry":{"type":"Point","coordinates":[11.1821,9.85502]}},{"type":"Feature","properties":{"geohash":"s3b58cw665","settlement_name":"Mallam Sidi","state":"Gombe","lga":"Kwami","population":15671,"state_population_rank":30,"num_buildings":3245,"nightlight_signal":"nightlight_detected","distance_to_existing_transmission_lines":0.0,"distance_to_existing_hv_transmission_lines":0.15,"distance_to_gridlight_targets":0.0,"main_road_access":true,"dist_main_road_km":0.0,"has_education_facility":true,"has_health_facility":true,"_label":"Mallam Sidi","_status_group":"unknown","_year":2025,"_year_label":"Source release year","_states":["Gombe"]},"geometry":{"type":"Point","coordinates":[11.29163,10.46763]}},{"type":"Feature","properties":{"geohash":"s3b1rf6v2x","settlement_name":"Location #1374","state":"Gombe","lga":"Yamaltu/Deba","population":13686,"state_population_rank":31,"num_buildings":2866,"nightlight_signal":"nightlight_detected","distance_to_existing_transmission_lines":6.5,"distance_to_existing_hv_transmission_lines":25.46,"distance_to_gridlight_targets":0.0,"main_road_access":false,"dist_main_road_km":1.68,"has_education_facility":true,"has_health_facility":true,"_label":"Location #1374","_status_group":"unknown","_year":2025,"_year_label":"Source release year","_states":["Gombe"]},"geometry":{"type":"Point","coordinates":[11.59438,10.07677]}},{"type":"Feature","properties":{"geohash":"s1zepf0pb9","settlement_name":"Location #1226","state":"Gombe","lga":"Akko","population":13469,"state_population_rank":32,"num_buildings":3167,"nightlight_signal":"no_nightlight_detected","distance_to_existing_transmission_lines":0.0,"distance_to_existing_hv_transmission_lines":3.88,"distance_to_gridlight_targets":2.463,"main_road_access":false,"dist_main_road_km":5.19,"has_education_facility":true,"has_health_facility":true,"_label":"Location #1226","_status_group":"unknown","_year":2025,"_year_label":"Source release year","_states":["Gombe"]},"geometry":{"type":"Point","coordinates":[10.88747,10.38342]}},{"type":"Feature","properties":{"geohash":"s38r4rpzz3","settlement_name":"Chum","state":"Gombe","lga":"Balanga","population":13346,"state_population_rank":33,"num_buildings":2732,"nightlight_signal":"nightlight_detected","distance_to_existing_transmission_lines":0.0,"distance_to_existing_hv_transmission_lines":0.21,"distance_to_gridlight_targets":0.0,"main_road_access":true,"dist_main_road_km":0.0,"has_education_facility":true,"has_health_facility":true,"_label":"Chum","_status_group":"unknown","_year":2025,"_year_label":"Source release year","_states":["Gombe"]},"geometry":{"type":"Point","coordinates":[11.7114,9.70776]}},{"type":"Feature","properties":{"geohash":"s1zbc1wtjk","settlement_name":"Location #1256","state":"Gombe","lga":"Akko","population":13222,"state_population_rank":34,"num_buildings":3109,"nightlight_signal":"nightlight_detected","distance_to_existing_transmission_lines":0.0,"distance_to_existing_hv_transmission_lines":22.02,"distance_to_gridlight_targets":0.0,"main_road_access":true,"dist_main_road_km":0.0,"has_education_facility":true,"has_health_facility":true,"_label":"Location #1256","_status_group":"unknown","_year":2025,"_year_label":"Source release year","_states":["Gombe"]},"geometry":{"type":"Point","coordinates":[10.95154,9.98471]}},{"type":"Feature","properties":{"geohash":"s1zvmjpumd","settlement_name":"Wawa","state":"Gombe","lga":"Funakaye","population":12649,"state_population_rank":35,"num_buildings":2642,"nightlight_signal":"nightlight_detected","distance_to_existing_transmission_lines":0.0,"distance_to_existing_hv_transmission_lines":23.89,"distance_to_gridlight_targets":0.0,"main_road_access":true,"dist_main_road_km":0.0,"has_education_facility":true,"has_health_facility":true,"_label":"Wawa","_status_group":"unknown","_year":2025,"_year_label":"Source release year","_states":["Gombe"]},"geometry":{"type":"Point","coordinates":[11.12904,10.79481]}},{"type":"Feature","properties":{"geohash":"s3b36n06q9","settlement_name":"Gasi","state":"Gombe","lga":"Yamaltu/Deba","population":12023,"state_population_rank":36,"num_buildings":2486,"nightlight_signal":"nightlight_detected","distance_to_existing_transmission_lines":3.93,"distance_to_existing_hv_transmission_lines":29.11,"distance_to_gridlight_targets":0.0,"main_road_access":false,"dist_main_road_km":2.01,"has_education_facility":true,"has_health_facility":true,"_label":"Gasi","_status_group":"unknown","_year":2025,"_year_label":"Source release year","_states":["Gombe"]},"geometry":{"type":"Point","coordinates":[11.69008,10.09683]}},{"type":"Feature","properties":{"geohash":"s3bn06z4vj","settlement_name":"Biri Filani","state":"Gombe","lga":"Nafada","population":11936,"state_population_rank":37,"num_buildings":2461,"nightlight_signal":"nightlight_detected","distance_to_existing_transmission_lines":0.0,"distance_to_existing_hv_transmission_lines":9.4,"distance_to_gridlight_targets":0.0,"main_road_access":true,"dist_main_road_km":0.0,"has_education_facility":true,"has_health_facility":true,"_label":"Biri Filani","_status_group":"unknown","_year":2025,"_year_label":"Source release year","_states":["Gombe"]},"geometry":{"type":"Point","coordinates":[11.27082,10.91405]}},{"type":"Feature","properties":{"geohash":"s3b1ybzsr9","settlement_name":"Kurjelli","state":"Gombe","lga":"Yamaltu/Deba","population":11863,"state_population_rank":38,"num_buildings":2485,"nightlight_signal":"nightlight_detected","distance_to_existing_transmission_lines":0.0,"distance_to_existing_hv_transmission_lines":15.89,"distance_to_gridlight_targets":0.0,"main_road_access":true,"dist_main_road_km":0.1,"has_education_facility":true,"has_health_facility":true,"_label":"Kurjelli","_status_group":"unknown","_year":2025,"_year_label":"Source release year","_states":["Gombe"]},"geometry":{"type":"Point","coordinates":[11.55725,10.15622]}},{"type":"Feature","properties":{"geohash":"s1zwsecf16","settlement_name":"Malaya","state":"Gombe","lga":"Dukku","population":11810,"state_population_rank":39,"num_buildings":2387,"nightlight_signal":"no_nightlight_detected","distance_to_existing_transmission_lines":0.0,"distance_to_existing_hv_transmission_lines":64.42,"distance_to_gridlight_targets":15.131,"main_road_access":false,"dist_main_road_km":8.11,"has_education_facility":true,"has_health_facility":true,"_label":"Malaya","_status_group":"unknown","_year":2025,"_year_label":"Source release year","_states":["Gombe"]},"geometry":{"type":"Point","coordinates":[10.74709,11.00728]}},{"type":"Feature","properties":{"geohash":"s3b28tz8xp","settlement_name":"Galengu","state":"Gombe","lga":"Balanga","population":11620,"state_population_rank":40,"num_buildings":2481,"nightlight_signal":"no_nightlight_detected","distance_to_existing_transmission_lines":13.95,"distance_to_existing_hv_transmission_lines":24.25,"distance_to_gridlight_targets":3.498,"main_road_access":true,"dist_main_road_km":0.0,"has_education_facility":true,"has_health_facility":true,"_label":"Galengu","_status_group":"unknown","_year":2025,"_year_label":"Source release year","_states":["Gombe"]},"geometry":{"type":"Point","coordinates":[11.63415,9.96335]}},{"type":"Feature","properties":{"geohash":"s1hbr6xe5f","settlement_name":"Amurie","state":"Imo","lga":"Njaba","population":3837349,"state_population_rank":1,"num_buildings":792307,"nightlight_signal":"nightlight_detected","distance_to_existing_transmission_lines":0.0,"distance_to_existing_hv_transmission_lines":0.0,"distance_to_gridlight_targets":0.0,"main_road_access":true,"dist_main_road_km":0.0,"has_education_facility":true,"has_health_facility":true,"_label":"Amurie","_status_group":"unknown","_year":2025,"_year_label":"Source release year","_states":["Imo"]},"geometry":{"type":"Point","coordinates":[7.00876,5.68321]}},{"type":"Feature","properties":{"geohash":"s0vpmydthc","settlement_name":"Nnarambia","state":"Imo","lga":"Ahiazu-Mbaise","population":1020937,"state_population_rank":2,"num_buildings":209593,"nightlight_signal":"nightlight_detected","distance_to_existing_transmission_lines":0.0,"distance_to_existing_hv_transmission_lines":0.97,"distance_to_gridlight_targets":0.0,"main_road_access":true,"dist_main_road_km":0.0,"has_education_facility":true,"has_health_facility":true,"_label":"Nnarambia","_status_group":"unknown","_year":2025,"_year_label":"Source release year","_states":["Imo"]},"geometry":{"type":"Point","coordinates":[7.28758,5.52974]}},{"type":"Feature","properties":{"geohash":"s1j1pj4bg7","settlement_name":"Location #250","state":"Imo","lga":"Okigwe","population":62400,"state_population_rank":3,"num_buildings":12666,"nightlight_signal":"nightlight_detected","distance_to_existing_transmission_lines":0.0,"distance_to_existing_hv_transmission_lines":0.56,"distance_to_gridlight_targets":0.0,"main_road_access":true,"dist_main_road_km":0.0,"has_education_facility":true,"has_health_facility":true,"_label":"Location #250","_status_group":"unknown","_year":2025,"_year_label":"Source release year","_states":["Imo"]},"geometry":{"type":"Point","coordinates":[7.34279,5.82839]}},{"type":"Feature","properties":{"geohash":"s0uyy2yem6","settlement_name":"Obinze","state":"Imo","lga":"Owerri West","population":47021,"state_population_rank":4,"num_buildings":10145,"nightlight_signal":"nightlight_detected","distance_to_existing_transmission_lines":0.0,"distance_to_existing_hv_transmission_lines":10.65,"distance_to_gridlight_targets":0.0,"main_road_access":true,"dist_main_road_km":0.0,"has_education_facility":true,"has_health_facility":true,"_label":"Obinze","_status_group":"unknown","_year":2025,"_year_label":"Source release year","_states":["Imo"]},"geometry":{"type":"Point","coordinates":[6.96351,5.40996]}},{"type":"Feature","properties":{"geohash":"s0uzsfbvdd","settlement_name":"Obudi-Agwa","state":"Imo","lga":"Oguta","population":44054,"state_population_rank":5,"num_buildings":9109,"nightlight_signal":"no_nightlight_detected","distance_to_existing_transmission_lines":4.52,"distance_to_existing_hv_transmission_lines":6.07,"distance_to_gridlight_targets":4.542,"main_road_access":false,"dist_main_road_km":4.3,"has_education_facility":true,"has_health_facility":true,"_label":"Obudi-Agwa","_status_group":"unknown","_year":2025,"_year_label":"Source release year","_states":["Imo"]},"geometry":{"type":"Point","coordinates":[6.88957,5.55317]}},{"type":"Feature","properties":{"geohash":"s1j0et3399","settlement_name":"Okwele","state":"Imo","lga":"Unuimo","population":37891,"state_population_rank":6,"num_buildings":7702,"nightlight_signal":"nightlight_detected","distance_to_existing_transmission_lines":0.0,"distance_to_existing_hv_transmission_lines":16.19,"distance_to_gridlight_targets":0.0,"main_road_access":true,"dist_main_road_km":0.0,"has_education_facility":true,"has_health_facility":true,"_label":"Okwele","_status_group":"unknown","_year":2025,"_year_label":"Source release year","_states":["Imo"]},"geometry":{"type":"Point","coordinates":[7.18684,5.74199]}},{"type":"Feature","properties":{"geohash":"s1hb7pw2x2","settlement_name":"Oguta","state":"Imo","lga":"Oguta","population":27553,"state_population_rank":7,"num_buildings":5730,"nightlight_signal":"nightlight_detected","distance_to_existing_transmission_lines":1.89,"distance_to_existing_hv_transmission_lines":9.09,"distance_to_gridlight_targets":0.0,"main_road_access":false,"dist_main_road_km":0.89,"has_education_facility":true,"has_health_facility":true,"_label":"Oguta","_status_group":"unknown","_year":2025,"_year_label":"Source release year","_states":["Imo"]},"geometry":{"type":"Point","coordinates":[6.82043,5.71023]}},{"type":"Feature","properties":{"geohash":"s1j1rsvsqg","settlement_name":"Location #618","state":"Imo","lga":"Okigwe","population":27497,"state_population_rank":8,"num_buildings":5735,"nightlight_signal":"no_nightlight_detected","distance_to_existing_transmission_lines":2.81,"distance_to_existing_hv_transmission_lines":2.54,"distance_to_gridlight_targets":2.71,"main_road_access":true,"dist_main_road_km":0.0,"has_education_facility":true,"has_health_facility":true,"_label":"Location #618","_status_group":"unknown","_year":2025,"_year_label":"Source release year","_states":["Imo"]},"geometry":{"type":"Point","coordinates":[7.36869,5.87157]}},{"type":"Feature","properties":{"geohash":"s1hbh16cpy","settlement_name":"Umuokwu","state":"Imo","lga":"Oguta","population":26321,"state_population_rank":9,"num_buildings":5466,"nightlight_signal":"no_nightlight_detected","distance_to_existing_transmission_lines":0.67,"distance_to_existing_hv_transmission_lines":9.95,"distance_to_gridlight_targets":0.509,"main_road_access":true,"dist_main_road_km":0.0,"has_education_facility":true,"has_health_facility":true,"_label":"Umuokwu","_status_group":"unknown","_year":2025,"_year_label":"Source release year","_states":["Imo"]},"geometry":{"type":"Point","coordinates":[6.85959,5.63207]}},{"type":"Feature","properties":{"geohash":"s0vpxybm42","settlement_name":"Umulogho","state":"Imo","lga":"Obowo","population":23188,"state_population_rank":10,"num_buildings":4700,"nightlight_signal":"nightlight_detected","distance_to_existing_transmission_lines":0.0,"distance_to_existing_hv_transmission_lines":3.09,"distance_to_gridlight_targets":0.0,"main_road_access":true,"dist_main_road_km":0.0,"has_education_facility":true,"has_health_facility":true,"_label":"Umulogho","_status_group":"unknown","_year":2025,"_year_label":"Source release year","_states":["Imo"]},"geometry":{"type":"Point","coordinates":[7.37228,5.57505]}},{"type":"Feature","properties":{"geohash":"s0vr84gqwy","settlement_name":"Location #874","state":"Imo","lga":"Obowo","population":21273,"state_population_rank":11,"num_buildings":4324,"nightlight_signal":"nightlight_detected","distance_to_existing_transmission_lines":0.0,"distance_to_existing_hv_transmission_lines":2.33,"distance_to_gridlight_targets":0.0,"main_road_access":false,"dist_main_road_km":0.55,"has_education_facility":true,"has_health_facility":true,"_label":"Location #874","_status_group":"unknown","_year":2025,"_year_label":"Source release year","_states":["Imo"]},"geometry":{"type":"Point","coordinates":[7.38757,5.55337]}},{"type":"Feature","properties":{"geohash":"s0uyd5vw18","settlement_name":"Location #912","state":"Imo","lga":"Ohaji/Egbema","population":19734,"state_population_rank":12,"num_buildings":4152,"nightlight_signal":"no_nightlight_detected","distance_to_existing_transmission_lines":0.14,"distance_to_existing_hv_transmission_lines":9.19,"distance_to_gridlight_targets":0.702,"main_road_access":false,"dist_main_road_km":1.18,"has_education_facility":true,"has_health_facility":true,"_label":"Location #912","_status_group":"unknown","_year":2025,"_year_label":"Source release year","_states":["Imo"]},"geometry":{"type":"Point","coordinates":[6.7752,5.38296]}},{"type":"Feature","properties":{"geohash":"s0uynn0w28","settlement_name":"Etioha","state":"Imo","lga":"Ohaji/Egbema","population":19416,"state_population_rank":13,"num_buildings":4183,"nightlight_signal":"nightlight_detected","distance_to_existing_transmission_lines":0.0,"distance_to_existing_hv_transmission_lines":20.61,"distance_to_gridlight_targets":0.0,"main_road_access":true,"dist_main_road_km":0.0,"has_education_facility":true,"has_health_facility":true,"_label":"Etioha","_status_group":"unknown","_year":2025,"_year_label":"Source release year","_states":["Imo"]},"geometry":{"type":"Point","coordinates":[6.94407,5.30747]}},{"type":"Feature","properties":{"geohash":"s0uy3yn8vj","settlement_name":"Location #897","state":"Imo","lga":"Ohaji/Egbema","population":19261,"state_population_rank":14,"num_buildings":4206,"nightlight_signal":"no_nightlight_detected","distance_to_existing_transmission_lines":0.0,"distance_to_existing_hv_transmission_lines":8.19,"distance_to_gridlight_targets":2.859,"main_road_access":false,"dist_main_road_km":0.85,"has_education_facility":true,"has_health_facility":true,"_label":"Location #897","_status_group":"unknown","_year":2025,"_year_label":"Source release year","_states":["Imo"]},"geometry":{"type":"Point","coordinates":[6.76574,5.3505]}},{"type":"Feature","properties":{"geohash":"s0uyx3gh8h","settlement_name":"Location #979","state":"Imo","lga":"Owerri West","population":17633,"state_population_rank":15,"num_buildings":3874,"nightlight_signal":"nightlight_detected","distance_to_existing_transmission_lines":0.0,"distance_to_existing_hv_transmission_lines":11.72,"distance_to_gridlight_targets":0.0,"main_road_access":false,"dist_main_road_km":0.96,"has_education_facility":true,"has_health_facility":true,"_label":"Location #979","_status_group":"unknown","_year":2025,"_year_label":"Source release year","_states":["Imo"]},"geometry":{"type":"Point","coordinates":[7.00242,5.37174]}},{"type":"Feature","properties":{"geohash":"s0vngfhww9","settlement_name":"Isuobiangwu","state":"Imo","lga":"Ngor-Okpala","population":16152,"state_population_rank":16,"num_buildings":3335,"nightlight_signal":"nightlight_detected","distance_to_existing_transmission_lines":0.0,"distance_to_existing_hv_transmission_lines":6.13,"distance_to_gridlight_targets":0.0,"main_road_access":false,"dist_main_road_km":1.54,"has_education_facility":true,"has_health_facility":true,"_label":"Isuobiangwu","_status_group":"unknown","_year":2025,"_year_label":"Source release year","_states":["Imo"]},"geometry":{"type":"Point","coordinates":[7.2025,5.41738]}},{"type":"Feature","properties":{"geohash":"s0uyqjtmf6","settlement_name":"Mberichi","state":"Imo","lga":"Ohaji/Egbema","population":14229,"state_population_rank":17,"num_buildings":3240,"nightlight_signal":"nightlight_detected","distance_to_existing_transmission_lines":0.0,"distance_to_existing_hv_transmission_lines":17.09,"distance_to_gridlight_targets":0.0,"main_road_access":true,"dist_main_road_km":0.0,"has_education_facility":true,"has_health_facility":true,"_label":"Mberichi","_status_group":"unknown","_year":2025,"_year_label":"Source release year","_states":["Imo"]},"geometry":{"type":"Point","coordinates":[6.95067,5.3486]}},{"type":"Feature","properties":{"geohash":"s0vr8r9gwg","settlement_name":"Location #1403","state":"Imo","lga":"Obowo","population":13878,"state_population_rank":18,"num_buildings":2813,"nightlight_signal":"no_nightlight_detected","distance_to_existing_transmission_lines":0.0,"distance_to_existing_hv_transmission_lines":0.58,"distance_to_gridlight_targets":1.024,"main_road_access":true,"dist_main_road_km":0.0,"has_education_facility":true,"has_health_facility":true,"_label":"Location #1403","_status_group":"unknown","_year":2025,"_year_label":"Source release year","_states":["Imo"]},"geometry":{"type":"Point","coordinates":[7.3965,5.57893]}},{"type":"Feature","properties":{"geohash":"s0uztvkb4z","settlement_name":"Obudi-Agwa","state":"Imo","lga":"Oguta","population":13815,"state_population_rank":19,"num_buildings":2963,"nightlight_signal":"no_nightlight_detected","distance_to_existing_transmission_lines":1.82,"distance_to_existing_hv_transmission_lines":6.23,"distance_to_gridlight_targets":1.717,"main_road_access":true,"dist_main_road_km":0.0,"has_education_facility":true,"has_health_facility":true,"_label":"Obudi-Agwa","_status_group":"unknown","_year":2025,"_year_label":"Source release year","_states":["Imo"]},"geometry":{"type":"Point","coordinates":[6.93902,5.56599]}},{"type":"Feature","properties":{"geohash":"s0uymr9jtb","settlement_name":"Umukani","state":"Imo","lga":"Ohaji/Egbema","population":13601,"state_population_rank":20,"num_buildings":2904,"nightlight_signal":"no_nightlight_detected","distance_to_existing_transmission_lines":2.91,"distance_to_existing_hv_transmission_lines":19.13,"distance_to_gridlight_targets":1.657,"main_road_access":false,"dist_main_road_km":2.72,"has_education_facility":true,"has_health_facility":true,"_label":"Umukani","_status_group":"unknown","_year":2025,"_year_label":"Source release year","_states":["Imo"]},"geometry":{"type":"Point","coordinates":[6.91202,5.35953]}},{"type":"Feature","properties":{"geohash":"s0uyu93yfm","settlement_name":"Ohoba","state":"Imo","lga":"Ohaji/Egbema","population":13061,"state_population_rank":21,"num_buildings":2748,"nightlight_signal":"no_nightlight_detected","distance_to_existing_transmission_lines":3.67,"distance_to_existing_hv_transmission_lines":14.28,"distance_to_gridlight_targets":5.421,"main_road_access":false,"dist_main_road_km":8.02,"has_education_facility":true,"has_health_facility":true,"_label":"Ohoba","_status_group":"unknown","_year":2025,"_year_label":"Source release year","_states":["Imo"]},"geometry":{"type":"Point","coordinates":[6.87995,5.41333]}},{"type":"Feature","properties":{"geohash":"s0uvus9d7u","settlement_name":"Omo Akpo","state":"Imo","lga":"Ohaji/Egbema","population":12394,"state_population_rank":22,"num_buildings":2674,"nightlight_signal":"no_nightlight_detected","distance_to_existing_transmission_lines":3.62,"distance_to_existing_hv_transmission_lines":23.24,"distance_to_gridlight_targets":5.285,"main_road_access":true,"dist_main_road_km":0.0,"has_education_facility":true,"has_health_facility":true,"_label":"Omo Akpo","_status_group":"unknown","_year":2025,"_year_label":"Source release year","_states":["Imo"]},"geometry":{"type":"Point","coordinates":[6.87967,5.25462]}},{"type":"Feature","properties":{"geohash":"s0uzvrn5jw","settlement_name":"Akabo","state":"Imo","lga":"Oguta","population":11796,"state_population_rank":23,"num_buildings":2471,"nightlight_signal":"no_nightlight_detected","distance_to_existing_transmission_lines":2.71,"distance_to_existing_hv_transmission_lines":4.21,"distance_to_gridlight_targets":2.181,"main_road_access":true,"dist_main_road_km":0.0,"has_education_facility":true,"has_health_facility":true,"_label":"Akabo","_status_group":"unknown","_year":2025,"_year_label":"Source release year","_states":["Imo"]},"geometry":{"type":"Point","coordinates":[6.91889,5.62006]}},{"type":"Feature","properties":{"geohash":"s0vnf1793c","settlement_name":"Location #1627","state":"Imo","lga":"Owerri North","population":11482,"state_population_rank":24,"num_buildings":2459,"nightlight_signal":"nightlight_detected","distance_to_existing_transmission_lines":0.0,"distance_to_existing_hv_transmission_lines":0.1,"distance_to_gridlight_targets":0.0,"main_road_access":true,"dist_main_road_km":0.0,"has_education_facility":true,"has_health_facility":true,"_label":"Location #1627","_status_group":"unknown","_year":2025,"_year_label":"Source release year","_states":["Imo"]},"geometry":{"type":"Point","coordinates":[7.12402,5.41236]}},{"type":"Feature","properties":{"geohash":"s0vnjpktpb","settlement_name":"Okpalla","state":"Imo","lga":"Ngor-Okpala","population":11442,"state_population_rank":25,"num_buildings":2553,"nightlight_signal":"nightlight_detected","distance_to_existing_transmission_lines":0.0,"distance_to_existing_hv_transmission_lines":4.81,"distance_to_gridlight_targets":0.0,"main_road_access":true,"dist_main_road_km":0.0,"has_education_facility":true,"has_health_facility":true,"_label":"Okpalla","_status_group":"unknown","_year":2025,"_year_label":"Source release year","_states":["Imo"]},"geometry":{"type":"Point","coordinates":[7.2575,5.31413]}},{"type":"Feature","properties":{"geohash":"s0uzhf73sw","settlement_name":"Location #1608","state":"Imo","lga":"Ohaji/Egbema","population":11178,"state_population_rank":26,"num_buildings":2471,"nightlight_signal":"no_nightlight_detected","distance_to_existing_transmission_lines":1.78,"distance_to_existing_hv_transmission_lines":10.28,"distance_to_gridlight_targets":5.653,"main_road_access":false,"dist_main_road_km":7.69,"has_education_facility":true,"has_health_facility":true,"_label":"Location #1608","_status_group":"unknown","_year":2025,"_year_label":"Source release year","_states":["Imo"]},"geometry":{"type":"Point","coordinates":[6.89309,5.46187]}},{"type":"Feature","properties":{"geohash":"s0uyvnqqmm","settlement_name":"Location #1540","state":"Imo","lga":"Ohaji/Egbema","population":10917,"state_population_rank":27,"num_buildings":2567,"nightlight_signal":"no_nightlight_detected","distance_to_existing_transmission_lines":0.15,"distance_to_existing_hv_transmission_lines":13.39,"distance_to_gridlight_targets":4.47,"main_road_access":false,"dist_main_road_km":5.7,"has_education_facility":true,"has_health_facility":true,"_label":"Location #1540","_status_group":"unknown","_year":2025,"_year_label":"Source release year","_states":["Imo"]},"geometry":{"type":"Point","coordinates":[6.90822,5.44071]}},{"type":"Feature","properties":{"geohash":"s0vpd57f2n","settlement_name":"Umuaghadi Inyishi","state":"Imo","lga":"Ikeduru","population":10871,"state_population_rank":28,"num_buildings":2284,"nightlight_signal":"nightlight_detected","distance_to_existing_transmission_lines":0.0,"distance_to_existing_hv_transmission_lines":8.07,"distance_to_gridlight_targets":0.0,"main_road_access":false,"dist_main_road_km":2.51,"has_education_facility":true,"has_health_facility":true,"_label":"Umuaghadi Inyishi","_status_group":"unknown","_year":2025,"_year_label":"Source release year","_states":["Imo"]},"geometry":{"type":"Point","coordinates":[7.12429,5.55538]}},{"type":"Feature","properties":{"geohash":"s0uyve596e","settlement_name":"Oforola","state":"Imo","lga":"Owerri West","population":10833,"state_population_rank":29,"num_buildings":2227,"nightlight_signal":"no_nightlight_detected","distance_to_existing_transmission_lines":0.0,"distance_to_existing_hv_transmission_lines":14.81,"distance_to_gridlight_targets":2.202,"main_road_access":false,"dist_main_road_km":3.51,"has_education_facility":true,"has_health_facility":true,"_label":"Oforola","_status_group":"unknown","_year":2025,"_year_label":"Source release year","_states":["Imo"]},"geometry":{"type":"Point","coordinates":[6.92631,5.42199]}},{"type":"Feature","properties":{"geohash":"s0uy5rfd59","settlement_name":"Opete","state":"Imo","lga":"Ohaji/Egbema","population":10821,"state_population_rank":30,"num_buildings":2392,"nightlight_signal":"nightlight_detected","distance_to_existing_transmission_lines":3.3,"distance_to_existing_hv_transmission_lines":15.79,"distance_to_gridlight_targets":0.0,"main_road_access":true,"dist_main_road_km":0.0,"has_education_facility":true,"has_health_facility":true,"_label":"Opete","_status_group":"unknown","_year":2025,"_year_label":"Source release year","_states":["Imo"]},"geometry":{"type":"Point","coordinates":[6.8261,5.31636]}},{"type":"Feature","properties":{"geohash":"s1j16qmmfu","settlement_name":"Location #1826","state":"Imo","lga":"Ideato North","population":10472,"state_population_rank":31,"num_buildings":2226,"nightlight_signal":"nightlight_detected","distance_to_existing_transmission_lines":1.29,"distance_to_existing_hv_transmission_lines":23.5,"distance_to_gridlight_targets":0.0,"main_road_access":false,"dist_main_road_km":0.6,"has_education_facility":true,"has_health_facility":true,"_label":"Location #1826","_status_group":"unknown","_year":2025,"_year_label":"Source release year","_states":["Imo"]},"geometry":{"type":"Point","coordinates":[7.13746,5.88007]}},{"type":"Feature","properties":{"geohash":"s0vnd65sek","settlement_name":"Umuneke Ngor","state":"Imo","lga":"Ngor-Okpala","population":9726,"state_population_rank":32,"num_buildings":2287,"nightlight_signal":"no_nightlight_detected","distance_to_existing_transmission_lines":0.0,"distance_to_existing_hv_transmission_lines":0.0,"distance_to_gridlight_targets":1.927,"main_road_access":true,"dist_main_road_km":0.0,"has_education_facility":true,"has_health_facility":true,"_label":"Umuneke Ngor","_status_group":"unknown","_year":2025,"_year_label":"Source release year","_states":["Imo"]},"geometry":{"type":"Point","coordinates":[7.13508,5.37311]}},{"type":"Feature","properties":{"geohash":"s0vp4je4mj","settlement_name":"Location #1771","state":"Imo","lga":"Owerri North","population":9692,"state_population_rank":33,"num_buildings":2279,"nightlight_signal":"nightlight_detected","distance_to_existing_transmission_lines":0.0,"distance_to_existing_hv_transmission_lines":3.51,"distance_to_gridlight_targets":0.0,"main_road_access":true,"dist_main_road_km":0.0,"has_education_facility":true,"has_health_facility":true,"_label":"Location #1771","_status_group":"unknown","_year":2025,"_year_label":"Source release year","_states":["Imo"]},"geometry":{"type":"Point","coordinates":[7.12348,5.47985]}},{"type":"Feature","properties":{"geohash":"s1hcqq6k6b","settlement_name":"Location #1801","state":"Imo","lga":"Orsu","population":9548,"state_population_rank":34,"num_buildings":2245,"nightlight_signal":"no_nightlight_detected","distance_to_existing_transmission_lines":0.8,"distance_to_existing_hv_transmission_lines":7.32,"distance_to_gridlight_targets":2.188,"main_road_access":false,"dist_main_road_km":1.83,"has_education_facility":true,"has_health_facility":true,"_label":"Location #1801","_status_group":"unknown","_year":2025,"_year_label":"Source release year","_states":["Anambra"]},"geometry":{"type":"Point","coordinates":[6.95756,5.87979]}},{"type":"Feature","properties":{"geohash":"s1j1694bgy","settlement_name":"Location #2174","state":"Imo","lga":"Ideato South","population":9166,"state_population_rank":35,"num_buildings":1898,"nightlight_signal":"no_nightlight_detected","distance_to_existing_transmission_lines":0.0,"distance_to_existing_hv_transmission_lines":21.19,"distance_to_gridlight_targets":2.935,"main_road_access":false,"dist_main_road_km":3.14,"has_education_facility":true,"has_health_facility":true,"_label":"Location #2174","_status_group":"unknown","_year":2025,"_year_label":"Source release year","_states":["Imo"]},"geometry":{"type":"Point","coordinates":[7.14506,5.85038]}},{"type":"Feature","properties":{"geohash":"s0vnhssmf5","settlement_name":"Okpalla","state":"Imo","lga":"Ngor-Okpala","population":9030,"state_population_rank":36,"num_buildings":1914,"nightlight_signal":"no_nightlight_detected","distance_to_existing_transmission_lines":0.0,"distance_to_existing_hv_transmission_lines":2.3,"distance_to_gridlight_targets":1.154,"main_road_access":true,"dist_main_road_km":0.0,"has_education_facility":true,"has_health_facility":true,"_label":"Okpalla","_status_group":"unknown","_year":2025,"_year_label":"Source release year","_states":["Imo"]},"geometry":{"type":"Point","coordinates":[7.23493,5.29916]}},{"type":"Feature","properties":{"geohash":"s0uz3s6r7m","settlement_name":"Obozo","state":"Imo","lga":"Ohaji/Egbema","population":8851,"state_population_rank":37,"num_buildings":1924,"nightlight_signal":"no_nightlight_detected","distance_to_existing_transmission_lines":2.08,"distance_to_existing_hv_transmission_lines":4.02,"distance_to_gridlight_targets":1.129,"main_road_access":true,"dist_main_road_km":0.0,"has_education_facility":true,"has_health_facility":true,"_label":"Obozo","_status_group":"unknown","_year":2025,"_year_label":"Source release year","_states":["Imo"]},"geometry":{"type":"Point","coordinates":[6.74884,5.51778]}},{"type":"Feature","properties":{"geohash":"s1j1e54gx5","settlement_name":"Isu Okpu","state":"Imo","lga":"Ideato North","population":8331,"state_population_rank":38,"num_buildings":1822,"nightlight_signal":"nightlight_detected","distance_to_existing_transmission_lines":0.1,"distance_to_existing_hv_transmission_lines":19.62,"distance_to_gridlight_targets":0.0,"main_road_access":false,"dist_main_road_km":0.78,"has_education_facility":true,"has_health_facility":true,"_label":"Isu Okpu","_status_group":"unknown","_year":2025,"_year_label":"Source release year","_states":["Anambra"]},"geometry":{"type":"Point","coordinates":[7.16717,5.90577]}},{"type":"Feature","properties":{"geohash":"s1j0f2235d","settlement_name":"Umudi","state":"Imo","lga":"Nkwerre","population":7916,"state_population_rank":39,"num_buildings":1600,"nightlight_signal":"no_nightlight_detected","distance_to_existing_transmission_lines":0.01,"distance_to_existing_hv_transmission_lines":20.58,"distance_to_gridlight_targets":0.298,"main_road_access":false,"dist_main_road_km":0.67,"has_education_facility":true,"has_health_facility":true,"_label":"Umudi","_status_group":"unknown","_year":2025,"_year_label":"Source release year","_states":["Imo"]},"geometry":{"type":"Point","coordinates":[7.13063,5.7584]}},{"type":"Feature","properties":{"geohash":"s0uzvdc8gv","settlement_name":"Ejemekwuru","state":"Imo","lga":"Oguta","population":7585,"state_population_rank":40,"num_buildings":1695,"nightlight_signal":"no_nightlight_detected","distance_to_existing_transmission_lines":4.9,"distance_to_existing_hv_transmission_lines":5.79,"distance_to_gridlight_targets":4.758,"main_road_access":true,"dist_main_road_km":0.0,"has_education_facility":true,"has_health_facility":true,"_label":"Ejemekwuru","_status_group":"unknown","_year":2025,"_year_label":"Source release year","_states":["Imo"]},"geometry":{"type":"Point","coordinates":[6.92362,5.59632]}},{"type":"Feature","properties":{"geohash":"s4pnu7wrxf","settlement_name":"Hadejia","state":"Jigawa","lga":"Hadejia","population":213521,"state_population_rank":1,"num_buildings":44598,"nightlight_signal":"nightlight_detected","distance_to_existing_transmission_lines":0.0,"distance_to_existing_hv_transmission_lines":0.16,"distance_to_gridlight_targets":0.0,"main_road_access":true,"dist_main_road_km":0.0,"has_education_facility":true,"has_health_facility":true,"_label":"Hadejia","_status_group":"unknown","_year":2025,"_year_label":"Source release year","_states":["Jigawa"]},"geometry":{"type":"Point","coordinates":[10.03944,12.45705]}},{"type":"Feature","properties":{"geohash":"s4ndscb71u","settlement_name":"Dutse","state":"Jigawa","lga":"Dutse","population":154825,"state_population_rank":2,"num_buildings":32059,"nightlight_signal":"nightlight_detected","distance_to_existing_transmission_lines":0.0,"distance_to_existing_hv_transmission_lines":0.0,"distance_to_gridlight_targets":0.0,"main_road_access":true,"dist_main_road_km":0.0,"has_education_facility":true,"has_health_facility":true,"_label":"Dutse","_status_group":"unknown","_year":2025,"_year_label":"Source release year","_states":["Jigawa"]},"geometry":{"type":"Point","coordinates":[9.34979,11.69961]}},{"type":"Feature","properties":{"geohash":"s4nxvde2r6","settlement_name":"Gusau","state":"Jigawa","lga":"Gumel","population":114652,"state_population_rank":3,"num_buildings":23878,"nightlight_signal":"nightlight_detected","distance_to_existing_transmission_lines":0.0,"distance_to_existing_hv_transmission_lines":31.81,"distance_to_gridlight_targets":0.0,"main_road_access":true,"dist_main_road_km":0.0,"has_education_facility":true,"has_health_facility":true,"_label":"Gusau","_status_group":"unknown","_year":2025,"_year_label":"Source release year","_states":["Jigawa"]},"geometry":{"type":"Point","coordinates":[9.3871,12.62609]}},{"type":"Feature","properties":{"geohash":"s4jzzqncqz","settlement_name":"Kanti","state":"Jigawa","lga":"Kazaure","population":92321,"state_population_rank":4,"num_buildings":19424,"nightlight_signal":"nightlight_detected","distance_to_existing_transmission_lines":0.0,"distance_to_existing_hv_transmission_lines":40.71,"distance_to_gridlight_targets":0.0,"main_road_access":true,"dist_main_road_km":0.0,"has_education_facility":true,"has_health_facility":true,"_label":"Kanti","_status_group":"unknown","_year":2025,"_year_label":"Source release year","_states":["Jigawa"]},"geometry":{"type":"Point","coordinates":[8.4141,12.64552]}},{"type":"Feature","properties":{"geohash":"s4n9ptjjt1","settlement_name":"Birnin Kudu","state":"Jigawa","lga":"Birni Kudu","population":90696,"state_population_rank":5,"num_buildings":18540,"nightlight_signal":"nightlight_detected","distance_to_existing_transmission_lines":0.0,"distance_to_existing_hv_transmission_lines":27.73,"distance_to_gridlight_targets":0.0,"main_road_access":true,"dist_main_road_km":0.0,"has_education_facility":true,"has_health_facility":true,"_label":"Birnin Kudu","_status_group":"unknown","_year":2025,"_year_label":"Source release year","_states":["Jigawa"]},"geometry":{"type":"Point","coordinates":[9.4773,11.4542]}},{"type":"Feature","properties":{"geohash":"s4nt0km3my","settlement_name":"Ringim","state":"Jigawa","lga":"Ringim","population":62114,"state_population_rank":6,"num_buildings":13126,"nightlight_signal":"nightlight_detected","distance_to_existing_transmission_lines":0.0,"distance_to_existing_hv_transmission_lines":1.43,"distance_to_gridlight_targets":0.0,"main_road_access":true,"dist_main_road_km":0.0,"has_education_facility":true,"has_health_facility":true,"_label":"Ringim","_status_group":"unknown","_year":2025,"_year_label":"Source release year","_states":["Jigawa"]},"geometry":{"type":"Point","coordinates":[9.15908,12.1525]}},{"type":"Feature","properties":{"geohash":"s4pp2zddn8","settlement_name":"Malam Madori","state":"Jigawa","lga":"Malam Madori","population":53880,"state_population_rank":7,"num_buildings":10952,"nightlight_signal":"nightlight_detected","distance_to_existing_transmission_lines":0.0,"distance_to_existing_hv_transmission_lines":9.22,"distance_to_gridlight_targets":0.0,"main_road_access":true,"dist_main_road_km":0.0,"has_education_facility":true,"has_health_facility":true,"_label":"Malam Madori","_status_group":"unknown","_year":2025,"_year_label":"Source release year","_states":["Jigawa"]},"geometry":{"type":"Point","coordinates":[9.88043,12.56596]}},{"type":"Feature","properties":{"geohash":"s4q8ygqm7t","settlement_name":"Maigatari Arewa","state":"Jigawa","lga":"Maigatari","population":47058,"state_population_rank":8,"num_buildings":9606,"nightlight_signal":"nightlight_detected","distance_to_existing_transmission_lines":0.0,"distance_to_existing_hv_transmission_lines":47.24,"distance_to_gridlight_targets":0.0,"main_road_access":true,"dist_main_road_km":0.0,"has_education_facility":true,"has_health_facility":true,"_label":"Maigatari Arewa","_status_group":"unknown","_year":2025,"_year_label":"Source release year","_states":["Jigawa"]},"geometry":{"type":"Point","coordinates":[9.446,12.80687]}},{"type":"Feature","properties":{"geohash":"s4nuen37bp","settlement_name":"Jahun","state":"Jigawa","lga":"Jahun","population":46874,"state_population_rank":9,"num_buildings":9582,"nightlight_signal":"nightlight_detected","distance_to_existing_transmission_lines":0.0,"distance_to_existing_hv_transmission_lines":31.04,"distance_to_gridlight_targets":0.0,"main_road_access":true,"dist_main_road_km":0.0,"has_education_facility":true,"has_health_facility":true,"_label":"Jahun","_status_group":"unknown","_year":2025,"_year_label":"Source release year","_states":["Jigawa"]},"geometry":{"type":"Point","coordinates":[9.62574,12.07603]}},{"type":"Feature","properties":{"geohash":"s4q2thfyrc","settlement_name":"Babura","state":"Jigawa","lga":"Babura","population":46375,"state_population_rank":10,"num_buildings":9829,"nightlight_signal":"nightlight_detected","distance_to_existing_transmission_lines":0.0,"distance_to_existing_hv_transmission_lines":66.13,"distance_to_gridlight_targets":0.0,"main_road_access":true,"dist_main_road_km":0.0,"has_education_facility":true,"has_health_facility":true,"_label":"Babura","_status_group":"unknown","_year":2025,"_year_label":"Source release year","_states":["Jigawa"]},"geometry":{"type":"Point","coordinates":[9.01291,12.77131]}},{"type":"Feature","properties":{"geohash":"s4nbe9zsf0","settlement_name":"Sara","state":"Jigawa","lga":"Gwaram","population":46311,"state_population_rank":11,"num_buildings":9659,"nightlight_signal":"nightlight_detected","distance_to_existing_transmission_lines":0.0,"distance_to_existing_hv_transmission_lines":43.5,"distance_to_gridlight_targets":0.0,"main_road_access":true,"dist_main_road_km":0.0,"has_education_facility":true,"has_health_facility":true,"_label":"Sara","_status_group":"unknown","_year":2025,"_year_label":"Source release year","_states":["Jigawa"]},"geometry":{"type":"Point","coordinates":[9.65639,11.34832]}},{"type":"Feature","properties":{"geohash":"s4p00uvcxs","settlement_name":"Gwaram","state":"Jigawa","lga":"Gwaram","population":45697,"state_population_rank":12,"num_buildings":9671,"nightlight_signal":"nightlight_detected","distance_to_existing_transmission_lines":0.0,"distance_to_existing_hv_transmission_lines":41.43,"distance_to_gridlight_targets":0.0,"main_road_access":true,"dist_main_road_km":0.0,"has_education_facility":true,"has_health_facility":true,"_label":"Gwaram","_status_group":"unknown","_year":2025,"_year_label":"Source release year","_states":["Jigawa"]},"geometry":{"type":"Point","coordinates":[9.88493,11.27637]}},{"type":"Feature","properties":{"geohash":"s4ng4930n7","settlement_name":"Kiyawa","state":"Jigawa","lga":"Kiyawa","population":42203,"state_population_rank":13,"num_buildings":9011,"nightlight_signal":"nightlight_detected","distance_to_existing_transmission_lines":0.0,"distance_to_existing_hv_transmission_lines":0.0,"distance_to_gridlight_targets":0.0,"main_road_access":true,"dist_main_road_km":0.0,"has_education_facility":true,"has_health_facility":true,"_label":"Kiyawa","_status_group":"unknown","_year":2025,"_year_label":"Source release year","_states":["Jigawa"]},"geometry":{"type":"Point","coordinates":[9.60369,11.78423]}},{"type":"Feature","properties":{"geohash":"s4pj9s06xn","settlement_name":"Kafin Hausa","state":"Jigawa","lga":"Kafin Hausa","population":31982,"state_population_rank":14,"num_buildings":6719,"nightlight_signal":"nightlight_detected","distance_to_existing_transmission_lines":0.0,"distance_to_existing_hv_transmission_lines":24.17,"distance_to_gridlight_targets":0.0,"main_road_access":true,"dist_main_road_km":0.0,"has_education_facility":true,"has_health_facility":true,"_label":"Kafin Hausa","_status_group":"unknown","_year":2025,"_year_label":"Source release year","_states":["Jigawa"]},"geometry":{"type":"Point","coordinates":[9.91032,12.23923]}},{"type":"Feature","properties":{"geohash":"s4pn28s4zz","settlement_name":"Dakaiyyawa","state":"Jigawa","lga":"Kaugama","population":24620,"state_population_rank":15,"num_buildings":5040,"nightlight_signal":"nightlight_detected","distance_to_existing_transmission_lines":0.0,"distance_to_existing_hv_transmission_lines":12.43,"distance_to_gridlight_targets":0.0,"main_road_access":true,"dist_main_road_km":0.0,"has_education_facility":true,"has_health_facility":true,"_label":"Dakaiyyawa","_status_group":"unknown","_year":2025,"_year_label":"Source release year","_states":["Jigawa"]},"geometry":{"type":"Point","coordinates":[9.87155,12.35189]}},{"type":"Feature","properties":{"geohash":"s4mbh0g7sc","settlement_name":"Roni","state":"Jigawa","lga":"Roni","population":23324,"state_population_rank":16,"num_buildings":4761,"nightlight_signal":"nightlight_detected","distance_to_existing_transmission_lines":0.0,"distance_to_existing_hv_transmission_lines":34.31,"distance_to_gridlight_targets":0.0,"main_road_access":true,"dist_main_road_km":0.0,"has_education_facility":true,"has_health_facility":true,"_label":"Roni","_status_group":"unknown","_year":2025,"_year_label":"Source release year","_states":["Jigawa"]},"geometry":{"type":"Point","coordinates":[8.26639,12.66098]}},{"type":"Feature","properties":{"geohash":"s4nd6x2c0w","settlement_name":"Dutse","state":"Jigawa","lga":"Dutse","population":22500,"state_population_rank":17,"num_buildings":4720,"nightlight_signal":"nightlight_detected","distance_to_existing_transmission_lines":0.0,"distance_to_existing_hv_transmission_lines":6.33,"distance_to_gridlight_targets":0.0,"main_road_access":false,"dist_main_road_km":6.37,"has_education_facility":true,"has_health_facility":true,"_label":"Dutse","_status_group":"unknown","_year":2025,"_year_label":"Source release year","_states":["Jigawa"]},"geometry":{"type":"Point","coordinates":[9.25155,11.68554]}},{"type":"Feature","properties":{"geohash":"s4nen1dndj","settlement_name":"Shuwarin","state":"Jigawa","lga":"Kiyawa","population":22036,"state_population_rank":18,"num_buildings":4524,"nightlight_signal":"nightlight_detected","distance_to_existing_transmission_lines":0.0,"distance_to_existing_hv_transmission_lines":0.87,"distance_to_gridlight_targets":0.0,"main_road_access":true,"dist_main_road_km":0.0,"has_education_facility":true,"has_health_facility":true,"_label":"Shuwarin","_status_group":"unknown","_year":2025,"_year_label":"Source release year","_states":["Jigawa"]},"geometry":{"type":"Point","coordinates":[9.40714,11.78673]}},{"type":"Feature","properties":{"geohash":"s4nte1z0wt","settlement_name":"Taura","state":"Jigawa","lga":"Taura","population":21262,"state_population_rank":19,"num_buildings":4629,"nightlight_signal":"nightlight_detected","distance_to_existing_transmission_lines":0.0,"distance_to_existing_hv_transmission_lines":0.0,"distance_to_gridlight_targets":0.0,"main_road_access":true,"dist_main_road_km":0.0,"has_education_facility":true,"has_health_facility":true,"_label":"Taura","_status_group":"unknown","_year":2025,"_year_label":"Source release year","_states":["Jigawa"]},"geometry":{"type":"Point","coordinates":[9.28236,12.22653]}},{"type":"Feature","properties":{"geohash":"s4nbqq3j42","settlement_name":"Kila","state":"Jigawa","lga":"Gwaram","population":20651,"state_population_rank":20,"num_buildings":4770,"nightlight_signal":"nightlight_detected","distance_to_existing_transmission_lines":0.0,"distance_to_existing_hv_transmission_lines":40.92,"distance_to_gridlight_targets":0.0,"main_road_access":true,"dist_main_road_km":0.0,"has_education_facility":true,"has_health_facility":true,"_label":"Kila","_status_group":"unknown","_year":2025,"_year_label":"Source release year","_states":["Jigawa"]},"geometry":{"type":"Point","coordinates":[9.76833,11.32914]}},{"type":"Feature","properties":{"geohash":"s4nw9pe1p3","settlement_name":"Garki","state":"Jigawa","lga":"Garki","population":20302,"state_population_rank":21,"num_buildings":4222,"nightlight_signal":"nightlight_detected","distance_to_existing_transmission_lines":0.0,"distance_to_existing_hv_transmission_lines":24.95,"distance_to_gridlight_targets":0.0,"main_road_access":false,"dist_main_road_km":0.59,"has_education_facility":true,"has_health_facility":true,"_label":"Garki","_status_group":"unknown","_year":2025,"_year_label":"Source release year","_states":["Jigawa"]},"geometry":{"type":"Point","coordinates":[9.18901,12.43396]}},{"type":"Feature","properties":{"geohash":"s4nsw3wccs","settlement_name":"Jahun","state":"Jigawa","lga":"Jahun","population":20294,"state_population_rank":22,"num_buildings":4372,"nightlight_signal":"nightlight_detected","distance_to_existing_transmission_lines":0.0,"distance_to_existing_hv_transmission_lines":22.88,"distance_to_gridlight_targets":0.0,"main_road_access":true,"dist_main_road_km":0.0,"has_education_facility":true,"has_health_facility":true,"_label":"Jahun","_status_group":"unknown","_year":2025,"_year_label":"Source release year","_states":["Jigawa"]},"geometry":{"type":"Point","coordinates":[9.42462,12.04958]}},{"type":"Feature","properties":{"geohash":"s1zr6yky8r","settlement_name":"Basirka","state":"Jigawa","lga":"Gwaram","population":20276,"state_population_rank":23,"num_buildings":4355,"nightlight_signal":"nightlight_detected","distance_to_existing_transmission_lines":0.0,"distance_to_existing_hv_transmission_lines":60.17,"distance_to_gridlight_targets":0.0,"main_road_access":true,"dist_main_road_km":0.0,"has_education_facility":true,"has_health_facility":true,"_label":"Basirka","_status_group":"unknown","_year":2025,"_year_label":"Source release year","_states":["Jigawa"]},"geometry":{"type":"Point","coordinates":[10.32271,11.15366]}},{"type":"Feature","properties":{"geohash":"s4r2mj18pe","settlement_name":"Guri","state":"Jigawa","lga":"Guri","population":19401,"state_population_rank":24,"num_buildings":4070,"nightlight_signal":"nightlight_detected","distance_to_existing_transmission_lines":0.0,"distance_to_existing_hv_transmission_lines":49.91,"distance_to_gridlight_targets":0.0,"main_road_access":true,"dist_main_road_km":0.0,"has_education_facility":true,"has_health_facility":true,"_label":"Guri","_status_group":"unknown","_year":2025,"_year_label":"Source release year","_states":["Jigawa"]},"geometry":{"type":"Point","coordinates":[10.41743,12.72768]}},{"type":"Feature","properties":{"geohash":"s4ny64cdfc","settlement_name":"Gujungu","state":"Jigawa","lga":"Taura","population":19288,"state_population_rank":25,"num_buildings":4088,"nightlight_signal":"nightlight_detected","distance_to_existing_transmission_lines":0.0,"distance_to_existing_hv_transmission_lines":0.92,"distance_to_gridlight_targets":0.0,"main_road_access":true,"dist_main_road_km":0.0,"has_education_facility":true,"has_health_facility":true,"_label":"Gujungu","_status_group":"unknown","_year":2025,"_year_label":"Source release year","_states":["Jigawa"]},"geometry":{"type":"Point","coordinates":[9.58226,12.36422]}},{"type":"Feature","properties":{"geohash":"s4r2bbq6zs","settlement_name":"Birniwa","state":"Jigawa","lga":"Biriniwa","population":18136,"state_population_rank":26,"num_buildings":3702,"nightlight_signal":"nightlight_detected","distance_to_existing_transmission_lines":0.0,"distance_to_existing_hv_transmission_lines":41.35,"distance_to_gridlight_targets":0.0,"main_road_access":true,"dist_main_road_km":0.0,"has_education_facility":true,"has_health_facility":true,"_label":"Birniwa","_status_group":"unknown","_year":2025,"_year_label":"Source release year","_states":["Jigawa"]},"geometry":{"type":"Point","coordinates":[10.23718,12.78996]}},{"type":"Feature","properties":{"geohash":"s4p02nq1bw","settlement_name":"Zandam Nagogo","state":"Jigawa","lga":"Gwaram","population":17947,"state_population_rank":27,"num_buildings":3998,"nightlight_signal":"nightlight_detected","distance_to_existing_transmission_lines":0.0,"distance_to_existing_hv_transmission_lines":36.91,"distance_to_gridlight_targets":0.0,"main_road_access":true,"dist_main_road_km":0.0,"has_education_facility":true,"has_health_facility":true,"_label":"Zandam Nagogo","_status_group":"unknown","_year":2025,"_year_label":"Source release year","_states":["Jigawa"]},"geometry":{"type":"Point","coordinates":[9.85201,11.32861]}},{"type":"Feature","properties":{"geohash":"s4nq9rccz1","settlement_name":"Kanya","state":"Jigawa","lga":"Babura","population":16760,"state_population_rank":28,"num_buildings":3547,"nightlight_signal":"nightlight_detected","distance_to_existing_transmission_lines":0.0,"distance_to_existing_hv_transmission_lines":35.28,"distance_to_gridlight_targets":0.0,"main_road_access":true,"dist_main_road_km":0.0,"has_education_facility":true,"has_health_facility":true,"_label":"Kanya","_status_group":"unknown","_year":2025,"_year_label":"Source release year","_states":["Jigawa"]},"geometry":{"type":"Point","coordinates":[8.84671,12.43546]}},{"type":"Feature","properties":{"geohash":"s4ndht6w96","settlement_name":"Dutse","state":"Jigawa","lga":"Dutse","population":16595,"state_population_rank":29,"num_buildings":3674,"nightlight_signal":"nightlight_detected","distance_to_existing_transmission_lines":0.0,"distance_to_existing_hv_transmission_lines":5.56,"distance_to_gridlight_targets":0.0,"main_road_access":true,"dist_main_road_km":0.0,"has_education_facility":true,"has_health_facility":true,"_label":"Dutse","_status_group":"unknown","_year":2025,"_year_label":"Source release year","_states":["Jigawa"]},"geometry":{"type":"Point","coordinates":[9.34187,11.63153]}},{"type":"Feature","properties":{"geohash":"s4pn4juvhp","settlement_name":"Auyo","state":"Jigawa","lga":"Auyo","population":15232,"state_population_rank":30,"num_buildings":3136,"nightlight_signal":"nightlight_detected","distance_to_existing_transmission_lines":0.0,"distance_to_existing_hv_transmission_lines":13.49,"distance_to_gridlight_targets":0.0,"main_road_access":true,"dist_main_road_km":0.0,"has_education_facility":true,"has_health_facility":true,"_label":"Auyo","_status_group":"unknown","_year":2025,"_year_label":"Source release year","_states":["Jigawa"]},"geometry":{"type":"Point","coordinates":[9.93834,12.33717]}},{"type":"Feature","properties":{"geohash":"s4n9runsuj","settlement_name":"Birnin Kudu","state":"Jigawa","lga":"Birni Kudu","population":15176,"state_population_rank":31,"num_buildings":3111,"nightlight_signal":"nightlight_detected","distance_to_existing_transmission_lines":0.0,"distance_to_existing_hv_transmission_lines":26.09,"distance_to_gridlight_targets":0.0,"main_road_access":true,"dist_main_road_km":0.0,"has_education_facility":true,"has_health_facility":true,"_label":"Birnin Kudu","_status_group":"unknown","_year":2025,"_year_label":"Source release year","_states":["Jigawa"]},"geometry":{"type":"Point","coordinates":[9.4903,11.49254]}},{"type":"Feature","properties":{"geohash":"s4nbd67g9x","settlement_name":"Birnin Kudu","state":"Jigawa","lga":"Birni Kudu","population":14832,"state_population_rank":32,"num_buildings":2998,"nightlight_signal":"nightlight_detected","distance_to_existing_transmission_lines":0.0,"distance_to_existing_hv_transmission_lines":44.89,"distance_to_gridlight_targets":0.0,"main_road_access":true,"dist_main_road_km":0.0,"has_education_facility":true,"has_health_facility":true,"_label":"Birnin Kudu","_status_group":"unknown","_year":2025,"_year_label":"Source release year","_states":["Jigawa"]},"geometry":{"type":"Point","coordinates":[9.59629,11.35089]}},{"type":"Feature","properties":{"geohash":"s4jzvq57g7","settlement_name":"Dansure","state":"Jigawa","lga":"Roni","population":14053,"state_population_rank":33,"num_buildings":3155,"nightlight_signal":"nightlight_detected","distance_to_existing_transmission_lines":0.0,"distance_to_existing_hv_transmission_lines":37.94,"distance_to_gridlight_targets":0.0,"main_road_access":true,"dist_main_road_km":0.0,"has_education_facility":true,"has_health_facility":true,"_label":"Dansure","_status_group":"unknown","_year":2025,"_year_label":"Source release year","_states":["Jigawa"]},"geometry":{"type":"Point","coordinates":[8.32125,12.64593]}},{"type":"Feature","properties":{"geohash":"s4nfm74yee","settlement_name":"Gantsa","state":"Jigawa","lga":"Buji","population":13391,"state_population_rank":34,"num_buildings":2761,"nightlight_signal":"nightlight_detected","distance_to_existing_transmission_lines":0.0,"distance_to_existing_hv_transmission_lines":8.2,"distance_to_gridlight_targets":0.0,"main_road_access":true,"dist_main_road_km":0.0,"has_education_facility":true,"has_health_facility":true,"_label":"Gantsa","_status_group":"unknown","_year":2025,"_year_label":"Source release year","_states":["Jigawa"]},"geometry":{"type":"Point","coordinates":[9.72684,11.66312]}},{"type":"Feature","properties":{"geohash":"s4n9w97xhz","settlement_name":"Birnin Kudu","state":"Jigawa","lga":"Birni Kudu","population":13296,"state_population_rank":35,"num_buildings":2839,"nightlight_signal":"nightlight_detected","distance_to_existing_transmission_lines":2.52,"distance_to_existing_hv_transmission_lines":20.28,"distance_to_gridlight_targets":0.0,"main_road_access":false,"dist_main_road_km":2.73,"has_education_facility":true,"has_health_facility":true,"_label":"Birnin Kudu","_status_group":"unknown","_year":2025,"_year_label":"Source release year","_states":["Jigawa"]},"geometry":{"type":"Point","coordinates":[9.43128,11.52178]}},{"type":"Feature","properties":{"geohash":"s4nv15e609","settlement_name":"Jahun","state":"Jigawa","lga":"Jahun","population":13098,"state_population_rank":36,"num_buildings":2776,"nightlight_signal":"nightlight_detected","distance_to_existing_transmission_lines":0.0,"distance_to_existing_hv_transmission_lines":19.96,"distance_to_gridlight_targets":0.0,"main_road_access":false,"dist_main_road_km":6.61,"has_education_facility":true,"has_health_facility":true,"_label":"Jahun","_status_group":"unknown","_year":2025,"_year_label":"Source release year","_states":["Jigawa"]},"geometry":{"type":"Point","coordinates":[9.54062,12.14849]}},{"type":"Feature","properties":{"geohash":"s4n9t0cknc","settlement_name":"Birnin Kudu","state":"Jigawa","lga":"Birni Kudu","population":12631,"state_population_rank":37,"num_buildings":2858,"nightlight_signal":"nightlight_detected","distance_to_existing_transmission_lines":0.0,"distance_to_existing_hv_transmission_lines":18.45,"distance_to_gridlight_targets":0.0,"main_road_access":true,"dist_main_road_km":0.0,"has_education_facility":true,"has_health_facility":true,"_label":"Birnin Kudu","_status_group":"unknown","_year":2025,"_year_label":"Source release year","_states":["Jigawa"]},"geometry":{"type":"Point","coordinates":[9.36236,11.51849]}},{"type":"Feature","properties":{"geohash":"s4nyj727ct","settlement_name":"Marke","state":"Jigawa","lga":"Kaugama","population":12007,"state_population_rank":38,"num_buildings":2556,"nightlight_signal":"nightlight_detected","distance_to_existing_transmission_lines":0.0,"distance_to_existing_hv_transmission_lines":12.61,"distance_to_gridlight_targets":0.0,"main_road_access":true,"dist_main_road_km":0.0,"has_education_facility":true,"has_health_facility":true,"_label":"Marke","_status_group":"unknown","_year":2025,"_year_label":"Source release year","_states":["Jigawa"]},"geometry":{"type":"Point","coordinates":[9.72332,12.32321]}},{"type":"Feature","properties":{"geohash":"s4n978dkj7","settlement_name":"Birnin Kudu","state":"Jigawa","lga":"Birni Kudu","population":11973,"state_population_rank":39,"num_buildings":2458,"nightlight_signal":"nightlight_detected","distance_to_existing_transmission_lines":0.0,"distance_to_existing_hv_transmission_lines":23.7,"distance_to_gridlight_targets":0.0,"main_road_access":true,"dist_main_road_km":0.0,"has_education_facility":true,"has_health_facility":true,"_label":"Birnin Kudu","_status_group":"unknown","_year":2025,"_year_label":"Source release year","_states":["Jigawa"]},"geometry":{"type":"Point","coordinates":[9.29775,11.47318]}},{"type":"Feature","properties":{"geohash":"s4nyvwf2f8","settlement_name":"Kaugama","state":"Jigawa","lga":"Kaugama","population":11973,"state_population_rank":40,"num_buildings":2465,"nightlight_signal":"nightlight_detected","distance_to_existing_transmission_lines":0.0,"distance_to_existing_hv_transmission_lines":0.0,"distance_to_gridlight_targets":0.0,"main_road_access":true,"dist_main_road_km":0.0,"has_education_facility":true,"has_health_facility":true,"_label":"Kaugama","_status_group":"unknown","_year":2025,"_year_label":"Source release year","_states":["Jigawa"]},"geometry":{"type":"Point","coordinates":[9.73709,12.47373]}},{"type":"Feature","properties":{"geohash":"s1v7bzvhye","settlement_name":"Unguwar Shanu","state":"Kaduna","lga":"Kaduna North","population":1573766,"state_population_rank":1,"num_buildings":320345,"nightlight_signal":"nightlight_detected","distance_to_existing_transmission_lines":0.0,"distance_to_existing_hv_transmission_lines":0.0,"distance_to_gridlight_targets":0.0,"main_road_access":true,"dist_main_road_km":0.0,"has_education_facility":true,"has_health_facility":true,"_label":"Unguwar Shanu","_status_group":"unknown","_year":2025,"_year_label":"Source release year","_states":["Kaduna"]},"geometry":{"type":"Point","coordinates":[7.42292,10.54633]}},{"type":"Feature","properties":{"geohash":"s1vrphx1ty","settlement_name":"Tukur Tukur","state":"Kaduna","lga":"Zaria","population":1101646,"state_population_rank":2,"num_buildings":226809,"nightlight_signal":"nightlight_detected","distance_to_existing_transmission_lines":0.0,"distance_to_existing_hv_transmission_lines":0.0,"distance_to_gridlight_targets":0.0,"main_road_access":true,"dist_main_road_km":0.0,"has_education_facility":true,"has_health_facility":true,"_label":"Tukur Tukur","_status_group":"unknown","_year":2025,"_year_label":"Source release year","_states":["Kaduna"]},"geometry":{"type":"Point","coordinates":[7.70029,11.09923]}},{"type":"Feature","properties":{"geohash":"s1v73qt7h0","settlement_name":"Sabon Tasha","state":"Kaduna","lga":"Chikun","population":1045321,"state_population_rank":3,"num_buildings":214599,"nightlight_signal":"nightlight_detected","distance_to_existing_transmission_lines":0.0,"distance_to_existing_hv_transmission_lines":0.0,"distance_to_gridlight_targets":0.0,"main_road_access":true,"dist_main_road_km":0.0,"has_education_facility":true,"has_health_facility":true,"_label":"Sabon Tasha","_status_group":"unknown","_year":2025,"_year_label":"Source release year","_states":["Kaduna"]},"geometry":{"type":"Point","coordinates":[7.44513,10.45126]}},{"type":"Feature","properties":{"geohash":"s1tysbzjqx","settlement_name":"Maigizo","state":"Kaduna","lga":"Jema'a","population":130746,"state_population_rank":4,"num_buildings":27112,"nightlight_signal":"nightlight_detected","distance_to_existing_transmission_lines":0.0,"distance_to_existing_hv_transmission_lines":0.72,"distance_to_gridlight_targets":0.0,"main_road_access":true,"dist_main_road_km":0.0,"has_education_facility":true,"has_health_facility":true,"_label":"Maigizo","_status_group":"unknown","_year":2025,"_year_label":"Source release year","_states":["Kaduna"]},"geometry":{"type":"Point","coordinates":[8.30457,9.58514]}},{"type":"Feature","properties":{"geohash":"s1v7ft9j45","settlement_name":"Rido","state":"Kaduna","lga":"Chikun","population":103269,"state_population_rank":5,"num_buildings":21823,"nightlight_signal":"nightlight_detected","distance_to_existing_transmission_lines":0.0,"distance_to_existing_hv_transmission_lines":7.21,"distance_to_gridlight_targets":0.0,"main_road_access":false,"dist_main_road_km":1.72,"has_education_facility":true,"has_health_facility":true,"_label":"Rido","_status_group":"unknown","_year":2025,"_year_label":"Source release year","_states":["Kaduna"]},"geometry":{"type":"Point","coordinates":[7.49414,10.53402]}},{"type":"Feature","properties":{"geohash":"s1y5jxwgr3","settlement_name":"Saminaka","state":"Kaduna","lga":"Lere","population":83976,"state_population_rank":6,"num_buildings":17314,"nightlight_signal":"nightlight_detected","distance_to_existing_transmission_lines":0.0,"distance_to_existing_hv_transmission_lines":5.2,"distance_to_gridlight_targets":0.0,"main_road_access":true,"dist_main_road_km":0.0,"has_education_facility":true,"has_health_facility":true,"_label":"Saminaka","_status_group":"unknown","_year":2025,"_year_label":"Source release year","_states":["Kaduna"]},"geometry":{"type":"Point","coordinates":[8.68879,10.41286]}},{"type":"Feature","properties":{"geohash":"s1vk3zmhec","settlement_name":"Rigachikun","state":"Kaduna","lga":"Igabi","population":75563,"state_population_rank":7,"num_buildings":15381,"nightlight_signal":"nightlight_detected","distance_to_existing_transmission_lines":0.0,"distance_to_existing_hv_transmission_lines":0.0,"distance_to_gridlight_targets":0.0,"main_road_access":true,"dist_main_road_km":0.0,"has_education_facility":true,"has_health_facility":true,"_label":"Rigachikun","_status_group":"unknown","_year":2025,"_year_label":"Source release year","_states":["Kaduna"]},"geometry":{"type":"Point","coordinates":[7.46675,10.63143]}},{"type":"Feature","properties":{"geohash":"s1ussvg7zc","settlement_name":"Magajin Gari 2","state":"Kaduna","lga":"Birnin-Gwari","population":68252,"state_population_rank":8,"num_buildings":14318,"nightlight_signal":"nightlight_detected","distance_to_existing_transmission_lines":0.0,"distance_to_existing_hv_transmission_lines":1.09,"distance_to_gridlight_targets":0.0,"main_road_access":true,"dist_main_road_km":0.0,"has_education_facility":true,"has_health_facility":true,"_label":"Magajin Gari 2","_status_group":"unknown","_year":2025,"_year_label":"Source release year","_states":["Kaduna"]},"geometry":{"type":"Point","coordinates":[6.54167,10.667]}},{"type":"Feature","properties":{"geohash":"s1vkfgm3sy","settlement_name":"Kwarau","state":"Kaduna","lga":"Igabi","population":57297,"state_population_rank":9,"num_buildings":12252,"nightlight_signal":"nightlight_detected","distance_to_existing_transmission_lines":0.0,"distance_to_existing_hv_transmission_lines":0.0,"distance_to_gridlight_targets":0.0,"main_road_access":true,"dist_main_road_km":0.0,"has_education_facility":true,"has_health_facility":false,"_label":"Kwarau","_status_group":"unknown","_year":2025,"_year_label":"Source release year","_states":["Kaduna"]},"geometry":{"type":"Point","coordinates":[7.51108,10.69686]}},{"type":"Feature","properties":{"geohash":"s1vze4411q","settlement_name":"Ikara","state":"Kaduna","lga":"Ikara","population":54862,"state_population_rank":10,"num_buildings":11199,"nightlight_signal":"nightlight_detected","distance_to_existing_transmission_lines":0.0,"distance_to_existing_hv_transmission_lines":26.54,"distance_to_gridlight_targets":0.0,"main_road_access":true,"dist_main_road_km":0.0,"has_education_facility":true,"has_health_facility":true,"_label":"Ikara","_status_group":"unknown","_year":2025,"_year_label":"Source release year","_states":["Kaduna"]},"geometry":{"type":"Point","coordinates":[8.22058,11.1733]}},{"type":"Feature","properties":{"geohash":"s4j8ersztg","settlement_name":"Tudun Wada","state":"Kaduna","lga":"Markafi","population":51218,"state_population_rank":11,"num_buildings":10952,"nightlight_signal":"nightlight_detected","distance_to_existing_transmission_lines":0.0,"distance_to_existing_hv_transmission_lines":6.01,"distance_to_gridlight_targets":0.0,"main_road_access":true,"dist_main_road_km":0.0,"has_education_facility":true,"has_health_facility":true,"_label":"Tudun Wada","_status_group":"unknown","_year":2025,"_year_label":"Source release year","_states":["Kaduna"]},"geometry":{"type":"Point","coordinates":[7.88398,11.3804]}},{"type":"Feature","properties":{"geohash":"s1vuu29j92","settlement_name":"Pambegua","state":"Kaduna","lga":"Kubau","population":51057,"state_population_rank":12,"num_buildings":10557,"nightlight_signal":"nightlight_detected","distance_to_existing_transmission_lines":0.0,"distance_to_existing_hv_transmission_lines":10.89,"distance_to_gridlight_targets":0.0,"main_road_access":true,"dist_main_road_km":0.0,"has_education_facility":true,"has_health_facility":true,"_label":"Pambegua","_status_group":"unknown","_year":2025,"_year_label":"Source release year","_states":["Kaduna"]},"geometry":{"type":"Point","coordinates":[8.27414,10.6824]}},{"type":"Feature","properties":{"geohash":"s1v8hyqug3","settlement_name":"Kachia","state":"Kaduna","lga":"Kachia","population":48718,"state_population_rank":13,"num_buildings":10250,"nightlight_signal":"nightlight_detected","distance_to_existing_transmission_lines":0.0,"distance_to_existing_hv_transmission_lines":51.65,"distance_to_gridlight_targets":0.0,"main_road_access":true,"dist_main_road_km":0.0,"has_education_facility":true,"has_health_facility":true,"_label":"Kachia","_status_group":"unknown","_year":2025,"_year_label":"Source release year","_states":["Kaduna"]},"geometry":{"type":"Point","coordinates":[7.95253,9.8789]}},{"type":"Feature","properties":{"geohash":"s1tywu5tq9","settlement_name":"Kukum","state":"Kaduna","lga":"Kaura","population":46220,"state_population_rank":14,"num_buildings":9612,"nightlight_signal":"nightlight_detected","distance_to_existing_transmission_lines":0.0,"distance_to_existing_hv_transmission_lines":0.0,"distance_to_gridlight_targets":0.0,"main_road_access":true,"dist_main_road_km":0.0,"has_education_facility":true,"has_health_facility":true,"_label":"Kukum","_status_group":"unknown","_year":2025,"_year_label":"Source release year","_states":["Kaduna"]},"geometry":{"type":"Point","coordinates":[8.38766,9.60296]}},{"type":"Feature","properties":{"geohash":"s1vwrree9n","settlement_name":"Soba","state":"Kaduna","lga":"Soba","population":44617,"state_population_rank":15,"num_buildings":9360,"nightlight_signal":"nightlight_detected","distance_to_existing_transmission_lines":0.0,"distance_to_existing_hv_transmission_lines":33.06,"distance_to_gridlight_targets":0.0,"main_road_access":true,"dist_main_road_km":0.0,"has_education_facility":true,"has_health_facility":true,"_label":"Soba","_status_group":"unknown","_year":2025,"_year_label":"Source release year","_states":["Kaduna"]},"geometry":{"type":"Point","coordinates":[8.05784,10.98422]}},{"type":"Feature","properties":{"geohash":"s4j21b3jmw","settlement_name":"Giwa","state":"Kaduna","lga":"Giwa","population":44259,"state_population_rank":16,"num_buildings":9009,"nightlight_signal":"nightlight_detected","distance_to_existing_transmission_lines":0.0,"distance_to_existing_hv_transmission_lines":8.55,"distance_to_gridlight_targets":0.0,"main_road_access":true,"dist_main_road_km":0.0,"has_education_facility":true,"has_health_facility":true,"_label":"Giwa","_status_group":"unknown","_year":2025,"_year_label":"Source release year","_states":["Kaduna"]},"geometry":{"type":"Point","coordinates":[7.46134,11.25231]}},{"type":"Feature","properties":{"geohash":"s1ttwptu7j","settlement_name":"Sabchem","state":"Kaduna","lga":"Jaba","population":37814,"state_population_rank":17,"num_buildings":7741,"nightlight_signal":"nightlight_detected","distance_to_existing_transmission_lines":0.0,"distance_to_existing_hv_transmission_lines":37.31,"distance_to_gridlight_targets":0.0,"main_road_access":true,"dist_main_road_km":0.0,"has_education_facility":true,"has_health_facility":true,"_label":"Sabchem","_status_group":"unknown","_year":2025,"_year_label":"Source release year","_states":["Kaduna"]},"geometry":{"type":"Point","coordinates":[8.00607,9.44625]}},{"type":"Feature","properties":{"geohash":"s1y5kurtqf","settlement_name":"Sabon Birnin","state":"Kaduna","lga":"Lere","population":37231,"state_population_rank":18,"num_buildings":7799,"nightlight_signal":"nightlight_detected","distance_to_existing_transmission_lines":0.0,"distance_to_existing_hv_transmission_lines":4.24,"distance_to_gridlight_targets":0.0,"main_road_access":true,"dist_main_road_km":0.0,"has_education_facility":true,"has_health_facility":true,"_label":"Sabon Birnin","_status_group":"unknown","_year":2025,"_year_label":"Source release year","_states":["Kaduna"]},"geometry":{"type":"Point","coordinates":[8.65683,10.4393]}},{"type":"Feature","properties":{"geohash":"s1tzsv41jp","settlement_name":"Zonkwa","state":"Kaduna","lga":"Zango-Kataf","population":33582,"state_population_rank":19,"num_buildings":7107,"nightlight_signal":"nightlight_detected","distance_to_existing_transmission_lines":0.0,"distance_to_existing_hv_transmission_lines":17.27,"distance_to_gridlight_targets":0.0,"main_road_access":true,"dist_main_road_km":0.0,"has_education_facility":true,"has_health_facility":true,"_label":"Zonkwa","_status_group":"unknown","_year":2025,"_year_label":"Source release year","_states":["Kaduna"]},"geometry":{"type":"Point","coordinates":[8.29764,9.78354]}},{"type":"Feature","properties":{"geohash":"s1tq3jgdby","settlement_name":"Jere South","state":"Kaduna","lga":"Kagarko","population":32830,"state_population_rank":20,"num_buildings":6877,"nightlight_signal":"nightlight_detected","distance_to_existing_transmission_lines":0.0,"distance_to_existing_hv_transmission_lines":32.78,"distance_to_gridlight_targets":0.0,"main_road_access":true,"dist_main_road_km":0.0,"has_education_facility":true,"has_health_facility":true,"_label":"Jere South","_status_group":"unknown","_year":2025,"_year_label":"Source release year","_states":["Kaduna"]},"geometry":{"type":"Point","coordinates":[7.4316,9.56823]}},{"type":"Feature","properties":{"geohash":"s1vhksuu8c","settlement_name":"Kunai","state":"Kaduna","lga":"Chikun","population":30516,"state_population_rank":21,"num_buildings":6506,"nightlight_signal":"nightlight_detected","distance_to_existing_transmission_lines":0.0,"distance_to_existing_hv_transmission_lines":11.52,"distance_to_gridlight_targets":0.0,"main_road_access":true,"dist_main_road_km":0.0,"has_education_facility":true,"has_health_facility":true,"_label":"Kunai","_status_group":"unknown","_year":2025,"_year_label":"Source release year","_states":["Kaduna"]},"geometry":{"type":"Point","coordinates":[7.23556,10.61769]}},{"type":"Feature","properties":{"geohash":"s1vyqeu12b","settlement_name":"Anchau","state":"Kaduna","lga":"Kubau","population":28736,"state_population_rank":22,"num_buildings":5866,"nightlight_signal":"nightlight_detected","distance_to_existing_transmission_lines":0.0,"distance_to_existing_hv_transmission_lines":44.67,"distance_to_gridlight_targets":0.0,"main_road_access":true,"dist_main_road_km":0.0,"has_education_facility":true,"has_health_facility":true,"_label":"Anchau","_status_group":"unknown","_year":2025,"_year_label":"Source release year","_states":["Kaduna"]},"geometry":{"type":"Point","coordinates":[8.37711,10.9632]}},{"type":"Feature","properties":{"geohash":"s1v7pt1qdb","settlement_name":"Kasuwan Magani","state":"Kaduna","lga":"Kauru","population":28676,"state_population_rank":23,"num_buildings":6388,"nightlight_signal":"nightlight_detected","distance_to_existing_transmission_lines":0.0,"distance_to_existing_hv_transmission_lines":30.95,"distance_to_gridlight_targets":0.0,"main_road_access":true,"dist_main_road_km":0.0,"has_education_facility":true,"has_health_facility":true,"_label":"Kasuwan Magani","_status_group":"unknown","_year":2025,"_year_label":"Source release year","_states":["Kaduna"]},"geometry":{"type":"Point","coordinates":[7.71424,10.39968]}},{"type":"Feature","properties":{"geohash":"s1vms4d969","settlement_name":"Birnin Yero","state":"Kaduna","lga":"Igabi","population":28583,"state_population_rank":24,"num_buildings":6094,"nightlight_signal":"nightlight_detected","distance_to_existing_transmission_lines":0.0,"distance_to_existing_hv_transmission_lines":0.0,"distance_to_gridlight_targets":0.0,"main_road_access":true,"dist_main_road_km":0.0,"has_education_facility":true,"has_health_facility":false,"_label":"Birnin Yero","_status_group":"unknown","_year":2025,"_year_label":"Source release year","_states":["Kaduna"]},"geometry":{"type":"Point","coordinates":[7.56214,10.8245]}},{"type":"Feature","properties":{"geohash":"s1vvdxk7yx","settlement_name":"Dutsen","state":"Kaduna","lga":"Kubau","population":27957,"state_population_rank":25,"num_buildings":5789,"nightlight_signal":"nightlight_detected","distance_to_existing_transmission_lines":0.0,"distance_to_existing_hv_transmission_lines":25.34,"distance_to_gridlight_targets":0.0,"main_road_access":true,"dist_main_road_km":0.0,"has_education_facility":true,"has_health_facility":true,"_label":"Dutsen","_status_group":"unknown","_year":2025,"_year_label":"Source release year","_states":["Kaduna"]},"geometry":{"type":"Point","coordinates":[8.20192,10.85105]}},{"type":"Feature","properties":{"geohash":"s4j2n4c96d","settlement_name":"Hunkuyi","state":"Kaduna","lga":"Kudan","population":26527,"state_population_rank":26,"num_buildings":5485,"nightlight_signal":"nightlight_detected","distance_to_existing_transmission_lines":0.0,"distance_to_existing_hv_transmission_lines":4.68,"distance_to_gridlight_targets":0.0,"main_road_access":true,"dist_main_road_km":0.0,"has_education_facility":true,"has_health_facility":true,"_label":"Hunkuyi","_status_group":"unknown","_year":2025,"_year_label":"Source release year","_states":["Kaduna"]},"geometry":{"type":"Point","coordinates":[7.64865,11.26534]}},{"type":"Feature","properties":{"geohash":"s4jc3tdvw7","settlement_name":"Paki","state":"Kaduna","lga":"Ikara","population":25843,"state_population_rank":27,"num_buildings":5390,"nightlight_signal":"nightlight_detected","distance_to_existing_transmission_lines":0.0,"distance_to_existing_hv_transmission_lines":3.27,"distance_to_gridlight_targets":0.0,"main_road_access":false,"dist_main_road_km":1.49,"has_education_facility":true,"has_health_facility":true,"_label":"Paki","_status_group":"unknown","_year":2025,"_year_label":"Source release year","_states":["Kano"]},"geometry":{"type":"Point","coordinates":[8.15591,11.5009]}},{"type":"Feature","properties":{"geohash":"s1vyqup8mb","settlement_name":"Anchau","state":"Kaduna","lga":"Kubau","population":25368,"state_population_rank":28,"num_buildings":5142,"nightlight_signal":"nightlight_detected","distance_to_existing_transmission_lines":0.0,"distance_to_existing_hv_transmission_lines":45.35,"distance_to_gridlight_targets":0.0,"main_road_access":true,"dist_main_road_km":0.0,"has_education_facility":true,"has_health_facility":true,"_label":"Anchau","_status_group":"unknown","_year":2025,"_year_label":"Source release year","_states":["Kaduna"]},"geometry":{"type":"Point","coordinates":[8.39312,10.9644]}},{"type":"Feature","properties":{"geohash":"s1v7tdz7fr","settlement_name":"Kujama","state":"Kaduna","lga":"Chikun","population":24953,"state_population_rank":29,"num_buildings":5449,"nightlight_signal":"nightlight_detected","distance_to_existing_transmission_lines":0.0,"distance_to_existing_hv_transmission_lines":22.8,"distance_to_gridlight_targets":0.0,"main_road_access":true,"dist_main_road_km":0.0,"has_education_facility":true,"has_health_facility":true,"_label":"Kujama","_status_group":"unknown","_year":2025,"_year_label":"Source release year","_states":["Kaduna"]},"geometry":{"type":"Point","coordinates":[7.63457,10.47477]}},{"type":"Feature","properties":{"geohash":"s4j0h8x3wj","settlement_name":"Idasu","state":"Kaduna","lga":"Giwa","population":24945,"state_population_rank":30,"num_buildings":5042,"nightlight_signal":"nightlight_detected","distance_to_existing_transmission_lines":0.0,"distance_to_existing_hv_transmission_lines":28.48,"distance_to_gridlight_targets":0.0,"main_road_access":true,"dist_main_road_km":0.0,"has_education_facility":true,"has_health_facility":true,"_label":"Idasu","_status_group":"unknown","_year":2025,"_year_label":"Source release year","_states":["Kaduna"]},"geometry":{"type":"Point","coordinates":[7.23923,11.25303]}},{"type":"Feature","properties":{"geohash":"s1wh82wedn","settlement_name":"Tataura","state":"Kaduna","lga":"Sanga","population":23895,"state_population_rank":31,"num_buildings":5020,"nightlight_signal":"nightlight_detected","distance_to_existing_transmission_lines":0.0,"distance_to_existing_hv_transmission_lines":15.5,"distance_to_gridlight_targets":0.0,"main_road_access":true,"dist_main_road_km":0.0,"has_education_facility":true,"has_health_facility":true,"_label":"Tataura","_status_group":"unknown","_year":2025,"_year_label":"Source release year","_states":["Kaduna"]},"geometry":{"type":"Point","coordinates":[8.45751,9.2319]}},{"type":"Feature","properties":{"geohash":"s4j2rfnz9y","settlement_name":"Kudan","state":"Kaduna","lga":"Kudan","population":23650,"state_population_rank":32,"num_buildings":4883,"nightlight_signal":"nightlight_detected","distance_to_existing_transmission_lines":0.0,"distance_to_existing_hv_transmission_lines":13.16,"distance_to_gridlight_targets":0.0,"main_road_access":true,"dist_main_road_km":0.0,"has_education_facility":true,"has_health_facility":true,"_label":"Kudan","_status_group":"unknown","_year":2025,"_year_label":"Source release year","_states":["Kaduna"]},"geometry":{"type":"Point","coordinates":[7.73274,11.30626]}},{"type":"Feature","properties":{"geohash":"s1tmzpg6x6","settlement_name":"Kagarko South","state":"Kaduna","lga":"Kagarko","population":23416,"state_population_rank":33,"num_buildings":4773,"nightlight_signal":"nightlight_detected","distance_to_existing_transmission_lines":0.0,"distance_to_existing_hv_transmission_lines":46.28,"distance_to_gridlight_targets":0.0,"main_road_access":true,"dist_main_road_km":0.0,"has_education_facility":true,"has_health_facility":true,"_label":"Kagarko South","_status_group":"unknown","_year":2025,"_year_label":"Source release year","_states":["Kaduna"]},"geometry":{"type":"Point","coordinates":[7.69521,9.49126]}},{"type":"Feature","properties":{"geohash":"s1vsbmdp88","settlement_name":"Fanshanu","state":"Kaduna","lga":"Igabi","population":23357,"state_population_rank":34,"num_buildings":5492,"nightlight_signal":"nightlight_detected","distance_to_existing_transmission_lines":0.0,"distance_to_existing_hv_transmission_lines":1.52,"distance_to_gridlight_targets":0.0,"main_road_access":true,"dist_main_road_km":0.0,"has_education_facility":true,"has_health_facility":true,"_label":"Fanshanu","_status_group":"unknown","_year":2025,"_year_label":"Source release year","_states":["Kaduna"]},"geometry":{"type":"Point","coordinates":[7.74814,10.71021]}},{"type":"Feature","properties":{"geohash":"s1tr1tkktn","settlement_name":"Katari","state":"Kaduna","lga":"Kachia","population":23240,"state_population_rank":35,"num_buildings":4819,"nightlight_signal":"nightlight_detected","distance_to_existing_transmission_lines":0.0,"distance_to_existing_hv_transmission_lines":42.99,"distance_to_gridlight_targets":0.0,"main_road_access":true,"dist_main_road_km":0.0,"has_education_facility":true,"has_health_facility":true,"_label":"Katari","_status_group":"unknown","_year":2025,"_year_label":"Source release year","_states":["Kaduna"]},"geometry":{"type":"Point","coordinates":[7.45479,9.69762]}},{"type":"Feature","properties":{"geohash":"s1uumxpz41","settlement_name":"Kunai","state":"Kaduna","lga":"Chikun","population":23235,"state_population_rank":36,"num_buildings":4961,"nightlight_signal":"nightlight_detected","distance_to_existing_transmission_lines":0.0,"distance_to_existing_hv_transmission_lines":32.27,"distance_to_gridlight_targets":0.0,"main_road_access":true,"dist_main_road_km":0.0,"has_education_facility":true,"has_health_facility":true,"_label":"Kunai","_status_group":"unknown","_year":2025,"_year_label":"Source release year","_states":["Kaduna"]},"geometry":{"type":"Point","coordinates":[6.93212,10.63048]}},{"type":"Feature","properties":{"geohash":"s1y46wfmv4","settlement_name":"Raminkura","state":"Kaduna","lga":"Lere","population":22523,"state_population_rank":37,"num_buildings":4559,"nightlight_signal":"nightlight_detected","distance_to_existing_transmission_lines":0.0,"distance_to_existing_hv_transmission_lines":13.97,"distance_to_gridlight_targets":0.0,"main_road_access":true,"dist_main_road_km":0.0,"has_education_facility":true,"has_health_facility":true,"_label":"Raminkura","_status_group":"unknown","_year":2025,"_year_label":"Source release year","_states":["Kaduna"]},"geometry":{"type":"Point","coordinates":[8.55068,10.27734]}},{"type":"Feature","properties":{"geohash":"s1uyz5nd2q","settlement_name":"Kidandan","state":"Kaduna","lga":"Birnin-Gwari","population":22103,"state_population_rank":38,"num_buildings":4590,"nightlight_signal":"no_nightlight_detected","distance_to_existing_transmission_lines":0.0,"distance_to_existing_hv_transmission_lines":61.58,"distance_to_gridlight_targets":17.852,"main_road_access":true,"dist_main_road_km":0.0,"has_education_facility":true,"has_health_facility":true,"_label":"Kidandan","_status_group":"unknown","_year":2025,"_year_label":"Source release year","_states":["Kaduna"]},"geometry":{"type":"Point","coordinates":[6.99625,11.04718]}},{"type":"Feature","properties":{"geohash":"s1tvygg6sd","settlement_name":"Gidan Waya","state":"Kaduna","lga":"Jema'a","population":22000,"state_population_rank":39,"num_buildings":4761,"nightlight_signal":"nightlight_detected","distance_to_existing_transmission_lines":0.0,"distance_to_existing_hv_transmission_lines":12.2,"distance_to_gridlight_targets":0.0,"main_road_access":true,"dist_main_road_km":0.0,"has_education_facility":true,"has_health_facility":true,"_label":"Gidan Waya","_status_group":"unknown","_year":2025,"_year_label":"Source release year","_states":["Kaduna"]},"geometry":{"type":"Point","coordinates":[8.38723,9.46928]}},{"type":"Feature","properties":{"geohash":"s1v4xvzbk7","settlement_name":"Kakau","state":"Kaduna","lga":"Chikun","population":20256,"state_population_rank":40,"num_buildings":4390,"nightlight_signal":"nightlight_detected","distance_to_existing_transmission_lines":0.0,"distance_to_existing_hv_transmission_lines":0.0,"distance_to_gridlight_targets":0.0,"main_road_access":true,"dist_main_road_km":0.0,"has_education_facility":true,"has_health_facility":true,"_label":"Kakau","_status_group":"unknown","_year":2025,"_year_label":"Source release year","_states":["Kaduna"]},"geometry":{"type":"Point","coordinates":[7.38266,10.31485]}},{"type":"Feature","properties":{"geohash":"s4nh4n7x07","settlement_name":"Kan Karofi","state":"Kano","lga":"Kano Municipal","population":6443921,"state_population_rank":1,"num_buildings":1322903,"nightlight_signal":"nightlight_detected","distance_to_existing_transmission_lines":0.0,"distance_to_existing_hv_transmission_lines":0.0,"distance_to_gridlight_targets":0.0,"main_road_access":true,"dist_main_road_km":0.0,"has_education_facility":true,"has_health_facility":true,"_label":"Kan Karofi","_status_group":"unknown","_year":2025,"_year_label":"Source release year","_states":["Kano"]},"geometry":{"type":"Point","coordinates":[8.53022,11.98868]}},{"type":"Feature","properties":{"geohash":"s4n717dxyk","settlement_name":"Sabon Gari","state":"Kano","lga":"Wudil","population":136477,"state_population_rank":2,"num_buildings":27663,"nightlight_signal":"nightlight_detected","distance_to_existing_transmission_lines":0.0,"distance_to_existing_hv_transmission_lines":0.0,"distance_to_gridlight_targets":0.0,"main_road_access":true,"dist_main_road_km":0.0,"has_education_facility":true,"has_health_facility":true,"_label":"Sabon Gari","_status_group":"unknown","_year":2025,"_year_label":"Source release year","_states":["Kano"]},"geometry":{"type":"Point","coordinates":[8.8477,11.79792]}},{"type":"Feature","properties":{"geohash":"s4nn9xrdbn","settlement_name":"Dambatta West","state":"Kano","lga":"Dambatta","population":113961,"state_population_rank":3,"num_buildings":23734,"nightlight_signal":"nightlight_detected","distance_to_existing_transmission_lines":0.0,"distance_to_existing_hv_transmission_lines":32.92,"distance_to_gridlight_targets":0.0,"main_road_access":true,"dist_main_road_km":0.0,"has_education_facility":true,"has_health_facility":true,"_label":"Dambatta West","_status_group":"unknown","_year":2025,"_year_label":"Source release year","_states":["Kano"]},"geometry":{"type":"Point","coordinates":[8.51372,12.43291]}},{"type":"Feature","properties":{"geohash":"s4n7kz64rw","settlement_name":"Gaya North","state":"Kano","lga":"Gaya","population":98727,"state_population_rank":4,"num_buildings":20681,"nightlight_signal":"nightlight_detected","distance_to_existing_transmission_lines":0.0,"distance_to_existing_hv_transmission_lines":0.0,"distance_to_gridlight_targets":0.0,"main_road_access":true,"dist_main_road_km":0.0,"has_education_facility":true,"has_health_facility":true,"_label":"Gaya North","_status_group":"unknown","_year":2025,"_year_label":"Source release year","_states":["Kano"]},"geometry":{"type":"Point","coordinates":[9.00088,11.86154]}},{"type":"Feature","properties":{"geohash":"s4jvedbgvm","settlement_name":"Bichi","state":"Kano","lga":"Bichi","population":95244,"state_population_rank":5,"num_buildings":19637,"nightlight_signal":"nightlight_detected","distance_to_existing_transmission_lines":0.0,"distance_to_existing_hv_transmission_lines":0.0,"distance_to_gridlight_targets":0.0,"main_road_access":true,"dist_main_road_km":0.0,"has_education_facility":true,"has_health_facility":true,"_label":"Bichi","_status_group":"unknown","_year":2025,"_year_label":"Source release year","_states":["Kano"]},"geometry":{"type":"Point","coordinates":[8.24101,12.23258]}},{"type":"Feature","properties":{"geohash":"s4jfzz0jjc","settlement_name":"Kurun Sumau","state":"Kano","lga":"Kura","population":86802,"state_population_rank":6,"num_buildings":17948,"nightlight_signal":"nightlight_detected","distance_to_existing_transmission_lines":0.0,"distance_to_existing_hv_transmission_lines":0.0,"distance_to_gridlight_targets":0.0,"main_road_access":true,"dist_main_road_km":0.0,"has_education_facility":true,"has_health_facility":true,"_label":"Kurun Sumau","_status_group":"unknown","_year":2025,"_year_label":"Source release year","_states":["Kano"]},"geometry":{"type":"Point","coordinates":[8.42676,11.77272]}},{"type":"Feature","properties":{"geohash":"s4jeu9skbm","settlement_name":"Gwarzo","state":"Kano","lga":"Gwarzo","population":76432,"state_population_rank":7,"num_buildings":16128,"nightlight_signal":"nightlight_detected","distance_to_existing_transmission_lines":0.0,"distance_to_existing_hv_transmission_lines":44.69,"distance_to_gridlight_targets":0.0,"main_road_access":true,"dist_main_road_km":0.0,"has_education_facility":true,"has_health_facility":true,"_label":"Gwarzo","_status_group":"unknown","_year":2025,"_year_label":"Source release year","_states":["Kano"]},"geometry":{"type":"Point","coordinates":[7.93799,11.91826]}},{"type":"Feature","properties":{"geohash":"s1vzzpewq4","settlement_name":"Tsohon Gari","state":"Kano","lga":"Tudun Wada","population":74843,"state_population_rank":8,"num_buildings":15980,"nightlight_signal":"nightlight_detected","distance_to_existing_transmission_lines":0.0,"distance_to_existing_hv_transmission_lines":33.05,"distance_to_gridlight_targets":0.0,"main_road_access":true,"dist_main_road_km":0.0,"has_education_facility":true,"has_health_facility":true,"_label":"Tsohon Gari","_status_group":"unknown","_year":2025,"_year_label":"Source release year","_states":["Kano"]},"geometry":{"type":"Point","coordinates":[8.39862,11.24834]}},{"type":"Feature","properties":{"geohash":"s4n1g0r8cc","settlement_name":"Rano","state":"Kano","lga":"Rano","population":65001,"state_population_rank":9,"num_buildings":13716,"nightlight_signal":"nightlight_detected","distance_to_existing_transmission_lines":0.0,"distance_to_existing_hv_transmission_lines":19.17,"distance_to_gridlight_targets":0.0,"main_road_access":true,"dist_main_road_km":0.0,"has_education_facility":true,"has_health_facility":true,"_label":"Rano","_status_group":"unknown","_year":2025,"_year_label":"Source release year","_states":["Kano"]},"geometry":{"type":"Point","coordinates":[8.57972,11.55913]}},{"type":"Feature","properties":{"geohash":"s4jc4w712v","settlement_name":"Sabuwar Abuja","state":"Kano","lga":"Kiru","population":62323,"state_population_rank":10,"num_buildings":13307,"nightlight_signal":"nightlight_detected","distance_to_existing_transmission_lines":0.0,"distance_to_existing_hv_transmission_lines":1.11,"distance_to_gridlight_targets":0.0,"main_road_access":true,"dist_main_road_km":0.0,"has_education_facility":true,"has_health_facility":true,"_label":"Sabuwar Abuja","_status_group":"unknown","_year":2025,"_year_label":"Source release year","_states":["Kano"]},"geometry":{"type":"Point","coordinates":[8.19996,11.46036]}},{"type":"Feature","properties":{"geohash":"s4n57e57jv","settlement_name":"Dawaki","state":"Kano","lga":"Dawakin Kudu","population":60177,"state_population_rank":11,"num_buildings":12319,"nightlight_signal":"nightlight_detected","distance_to_existing_transmission_lines":0.0,"distance_to_existing_hv_transmission_lines":4.3,"distance_to_gridlight_targets":0.0,"main_road_access":true,"dist_main_road_km":0.0,"has_education_facility":true,"has_health_facility":true,"_label":"Dawaki","_status_group":"unknown","_year":2025,"_year_label":"Source release year","_states":["Kano"]},"geometry":{"type":"Point","coordinates":[8.59603,11.83831]}},{"type":"Feature","properties":{"geohash":"s4nhz4q4ws","settlement_name":"Gezawa","state":"Kano","lga":"Gezawa","population":52611,"state_population_rank":12,"num_buildings":11118,"nightlight_signal":"nightlight_detected","distance_to_existing_transmission_lines":0.0,"distance_to_existing_hv_transmission_lines":3.05,"distance_to_gridlight_targets":0.0,"main_road_access":true,"dist_main_road_km":0.0,"has_education_facility":true,"has_health_facility":true,"_label":"Gezawa","_status_group":"unknown","_year":2025,"_year_label":"Source release year","_states":["Kano"]},"geometry":{"type":"Point","coordinates":[8.75364,12.09778]}},{"type":"Feature","properties":{"geohash":"s4n622djhq","settlement_name":"Garko","state":"Kano","lga":"Garko","population":50689,"state_population_rank":13,"num_buildings":10696,"nightlight_signal":"nightlight_detected","distance_to_existing_transmission_lines":0.0,"distance_to_existing_hv_transmission_lines":13.71,"distance_to_gridlight_targets":0.0,"main_road_access":true,"dist_main_road_km":0.0,"has_education_facility":true,"has_health_facility":true,"_label":"Garko","_status_group":"unknown","_year":2025,"_year_label":"Source release year","_states":["Kano"]},"geometry":{"type":"Point","coordinates":[8.80298,11.64915]}},{"type":"Feature","properties":{"geohash":"s4n3eg2ms2","settlement_name":"Sumaila","state":"Kano","lga":"Sumaila","population":47287,"state_population_rank":14,"num_buildings":9639,"nightlight_signal":"nightlight_detected","distance_to_existing_transmission_lines":0.0,"distance_to_existing_hv_transmission_lines":28.44,"distance_to_gridlight_targets":0.0,"main_road_access":true,"dist_main_road_km":0.0,"has_education_facility":true,"has_health_facility":true,"_label":"Sumaila","_status_group":"unknown","_year":2025,"_year_label":"Source release year","_states":["Kano"]},"geometry":{"type":"Point","coordinates":[8.95439,11.53247]}},{"type":"Feature","properties":{"geohash":"s4j9dnf34j","settlement_name":"Rogo Sabon Gari","state":"Kano","lga":"Rogo","population":46155,"state_population_rank":15,"num_buildings":9516,"nightlight_signal":"nightlight_detected","distance_to_existing_transmission_lines":0.0,"distance_to_existing_hv_transmission_lines":24.92,"distance_to_gridlight_targets":0.0,"main_road_access":true,"dist_main_road_km":0.0,"has_education_facility":true,"has_health_facility":true,"_label":"Rogo Sabon Gari","_status_group":"unknown","_year":2025,"_year_label":"Source release year","_states":["Kano"]},"geometry":{"type":"Point","coordinates":[7.82544,11.55095]}},{"type":"Feature","properties":{"geohash":"s4jen2vsk4","settlement_name":"Magajin Gari","state":"Kano","lga":"Karaye","population":45889,"state_population_rank":16,"num_buildings":9571,"nightlight_signal":"nightlight_detected","distance_to_existing_transmission_lines":0.0,"distance_to_existing_hv_transmission_lines":36.99,"distance_to_gridlight_targets":0.0,"main_road_access":true,"dist_main_road_km":0.0,"has_education_facility":true,"has_health_facility":true,"_label":"Magajin Gari","_status_group":"unknown","_year":2025,"_year_label":"Source release year","_states":["Kano"]},"geometry":{"type":"Point","coordinates":[8.01676,11.78221]}},{"type":"Feature","properties":{"geohash":"s4n9dubskt","settlement_name":"Kachako","state":"Kano","lga":"Takai","population":42996,"state_population_rank":17,"num_buildings":8903,"nightlight_signal":"nightlight_detected","distance_to_existing_transmission_lines":0.0,"distance_to_existing_hv_transmission_lines":17.34,"distance_to_gridlight_targets":0.0,"main_road_access":true,"dist_main_road_km":0.0,"has_education_facility":true,"has_health_facility":true,"_label":"Kachako","_status_group":"unknown","_year":2025,"_year_label":"Source release year","_states":["Kano"]},"geometry":{"type":"Point","coordinates":[9.26237,11.54052]}},{"type":"Feature","properties":{"geohash":"s4n3z1zkm3","settlement_name":"Takai","state":"Kano","lga":"Takai","population":42036,"state_population_rank":18,"num_buildings":8870,"nightlight_signal":"nightlight_detected","distance_to_existing_transmission_lines":0.0,"distance_to_existing_hv_transmission_lines":21.08,"distance_to_gridlight_targets":0.0,"main_road_access":true,"dist_main_road_km":0.0,"has_education_facility":true,"has_health_facility":true,"_label":"Takai","_status_group":"unknown","_year":2025,"_year_label":"Source release year","_states":["Kano"]},"geometry":{"type":"Point","coordinates":[9.10687,11.56797]}},{"type":"Feature","properties":{"geohash":"s4njm01ey0","settlement_name":"Minjibir","state":"Kano","lga":"Minjibir","population":39946,"state_population_rank":19,"num_buildings":8236,"nightlight_signal":"nightlight_detected","distance_to_existing_transmission_lines":0.0,"distance_to_existing_hv_transmission_lines":13.16,"distance_to_gridlight_targets":0.0,"main_road_access":true,"dist_main_road_km":0.0,"has_education_facility":true,"has_health_facility":true,"_label":"Minjibir","_status_group":"unknown","_year":2025,"_year_label":"Source release year","_states":["Kano"]},"geometry":{"type":"Point","coordinates":[8.65955,12.1735]}},{"type":"Feature","properties":{"geohash":"s4njd0gf73","settlement_name":"Kunya","state":"Kano","lga":"Minjibir","population":38888,"state_population_rank":20,"num_buildings":8170,"nightlight_signal":"nightlight_detected","distance_to_existing_transmission_lines":0.0,"distance_to_existing_hv_transmission_lines":17.61,"distance_to_gridlight_targets":0.0,"main_road_access":true,"dist_main_road_km":0.0,"has_education_facility":true,"has_health_facility":true,"_label":"Kunya","_status_group":"unknown","_year":2025,"_year_label":"Source release year","_states":["Kano"]},"geometry":{"type":"Point","coordinates":[8.53068,12.22131]}},{"type":"Feature","properties":{"geohash":"s4n5hdyr0m","settlement_name":"Tsakuwa","state":"Kano","lga":"Dawakin Kudu","population":36913,"state_population_rank":21,"num_buildings":7589,"nightlight_signal":"nightlight_detected","distance_to_existing_transmission_lines":0.0,"distance_to_existing_hv_transmission_lines":7.87,"distance_to_gridlight_targets":0.0,"main_road_access":false,"dist_main_road_km":4.01,"has_education_facility":true,"has_health_facility":true,"_label":"Tsakuwa","_status_group":"unknown","_year":2025,"_year_label":"Source release year","_states":["Kano"]},"geometry":{"type":"Point","coordinates":[8.64385,11.79368]}},{"type":"Feature","properties":{"geohash":"s1yp70u95h","settlement_name":"Falgore","state":"Kano","lga":"Doguwa","population":35848,"state_population_rank":22,"num_buildings":7781,"nightlight_signal":"nightlight_detected","distance_to_existing_transmission_lines":0.0,"distance_to_existing_hv_transmission_lines":55.64,"distance_to_gridlight_targets":0.0,"main_road_access":true,"dist_main_road_km":0.0,"has_education_facility":true,"has_health_facility":true,"_label":"Falgore","_status_group":"unknown","_year":2025,"_year_label":"Source release year","_states":["Kano"]},"geometry":{"type":"Point","coordinates":[8.57565,11.12248]}},{"type":"Feature","properties":{"geohash":"s4juveen9s","settlement_name":"Dawaki West","state":"Kano","lga":"Dawakin Tofa","population":35571,"state_population_rank":23,"num_buildings":7506,"nightlight_signal":"nightlight_detected","distance_to_existing_transmission_lines":0.0,"distance_to_existing_hv_transmission_lines":4.32,"distance_to_gridlight_targets":0.0,"main_road_access":true,"dist_main_road_km":0.0,"has_education_facility":true,"has_health_facility":true,"_label":"Dawaki West","_status_group":"unknown","_year":2025,"_year_label":"Source release year","_states":["Kano"]},"geometry":{"type":"Point","coordinates":[8.33182,12.10533]}},{"type":"Feature","properties":{"geohash":"s4jfpqdkmt","settlement_name":"Chiromawa","state":"Kano","lga":"Garum Mallam","population":35476,"state_population_rank":24,"num_buildings":7464,"nightlight_signal":"nightlight_detected","distance_to_existing_transmission_lines":0.0,"distance_to_existing_hv_transmission_lines":0.0,"distance_to_gridlight_targets":0.0,"main_road_access":true,"dist_main_road_km":0.0,"has_education_facility":true,"has_health_facility":true,"_label":"Chiromawa","_status_group":"unknown","_year":2025,"_year_label":"Source release year","_states":["Kano"]},"geometry":{"type":"Point","coordinates":[8.40787,11.63803]}},{"type":"Feature","properties":{"geohash":"s4jf946wkv","settlement_name":"Kiru","state":"Kano","lga":"Kiru","population":34577,"state_population_rank":25,"num_buildings":7129,"nightlight_signal":"nightlight_detected","distance_to_existing_transmission_lines":0.0,"distance_to_existing_hv_transmission_lines":22.8,"distance_to_gridlight_targets":0.0,"main_road_access":true,"dist_main_road_km":0.0,"has_education_facility":true,"has_health_facility":true,"_label":"Kiru","_status_group":"unknown","_year":2025,"_year_label":"Source release year","_states":["Kano"]},"geometry":{"type":"Point","coordinates":[8.13353,11.70291]}},{"type":"Feature","properties":{"geohash":"s4jfk5bkum","settlement_name":"Bebeji","state":"Kano","lga":"Bebeji","population":33175,"state_population_rank":26,"num_buildings":6990,"nightlight_signal":"nightlight_detected","distance_to_existing_transmission_lines":0.0,"distance_to_existing_hv_transmission_lines":11.47,"distance_to_gridlight_targets":0.0,"main_road_access":false,"dist_main_road_km":5.34,"has_education_facility":true,"has_health_facility":true,"_label":"Bebeji","_status_group":"unknown","_year":2025,"_year_label":"Source release year","_states":["Kano"]},"geometry":{"type":"Point","coordinates":[8.26225,11.66695]}},{"type":"Feature","properties":{"geohash":"s4nhmvjurb","settlement_name":"Jogana","state":"Kano","lga":"Gezawa","population":32136,"state_population_rank":27,"num_buildings":6791,"nightlight_signal":"nightlight_detected","distance_to_existing_transmission_lines":0.0,"distance_to_existing_hv_transmission_lines":0.02,"distance_to_gridlight_targets":0.0,"main_road_access":true,"dist_main_road_km":0.0,"has_education_facility":true,"has_health_facility":true,"_label":"Jogana","_status_group":"unknown","_year":2025,"_year_label":"Source release year","_states":["Kano"]},"geometry":{"type":"Point","coordinates":[8.69842,12.02527]}},{"type":"Feature","properties":{"geohash":"s4n1t4bb9e","settlement_name":"Kibiya 1","state":"Kano","lga":"Kibiya","population":31878,"state_population_rank":28,"num_buildings":6498,"nightlight_signal":"nightlight_detected","distance_to_existing_transmission_lines":0.0,"distance_to_existing_hv_transmission_lines":28.87,"distance_to_gridlight_targets":0.0,"main_road_access":true,"dist_main_road_km":0.0,"has_education_facility":true,"has_health_facility":true,"_label":"Kibiya 1","_status_group":"unknown","_year":2025,"_year_label":"Source release year","_states":["Kano"]},"geometry":{"type":"Point","coordinates":[8.65832,11.52888]}},{"type":"Feature","properties":{"geohash":"s4ju02m6b1","settlement_name":"Sabuwar Anguwa","state":"Kano","lga":"Kabo","population":31304,"state_population_rank":29,"num_buildings":6567,"nightlight_signal":"nightlight_detected","distance_to_existing_transmission_lines":0.0,"distance_to_existing_hv_transmission_lines":32.41,"distance_to_gridlight_targets":0.0,"main_road_access":true,"dist_main_road_km":0.0,"has_education_facility":true,"has_health_facility":true,"_label":"Sabuwar Anguwa","_status_group":"unknown","_year":2025,"_year_label":"Source release year","_states":["Kano"]},"geometry":{"type":"Point","coordinates":[8.10414,11.95498]}},{"type":"Feature","properties":{"geohash":"s4n53273s1","settlement_name":"Karfi","state":"Kano","lga":"Kura","population":31064,"state_population_rank":30,"num_buildings":6613,"nightlight_signal":"nightlight_detected","distance_to_existing_transmission_lines":0.0,"distance_to_existing_hv_transmission_lines":4.4,"distance_to_gridlight_targets":0.0,"main_road_access":true,"dist_main_road_km":0.0,"has_education_facility":true,"has_health_facility":true,"_label":"Karfi","_status_group":"unknown","_year":2025,"_year_label":"Source release year","_states":["Kano"]},"geometry":{"type":"Point","coordinates":[8.49707,11.82293]}},{"type":"Feature","properties":{"geohash":"s4n5qdjstx","settlement_name":"Gano","state":"Kano","lga":"Warawa","population":30692,"state_population_rank":31,"num_buildings":6505,"nightlight_signal":"nightlight_detected","distance_to_existing_transmission_lines":0.0,"distance_to_existing_hv_transmission_lines":0.01,"distance_to_gridlight_targets":0.0,"main_road_access":true,"dist_main_road_km":0.0,"has_education_facility":true,"has_health_facility":true,"_label":"Gano","_status_group":"unknown","_year":2025,"_year_label":"Source release year","_states":["Kano"]},"geometry":{"type":"Point","coordinates":[8.73094,11.83309]}},{"type":"Feature","properties":{"geohash":"s4n5w01hh2","settlement_name":"Dawakiji","state":"Kano","lga":"Warawa","population":29548,"state_population_rank":32,"num_buildings":6404,"nightlight_signal":"nightlight_detected","distance_to_existing_transmission_lines":0.0,"distance_to_existing_hv_transmission_lines":0.33,"distance_to_gridlight_targets":0.0,"main_road_access":true,"dist_main_road_km":0.0,"has_education_facility":true,"has_health_facility":true,"_label":"Dawakiji","_status_group":"unknown","_year":2025,"_year_label":"Source release year","_states":["Kano"]},"geometry":{"type":"Point","coordinates":[8.70274,11.86592]}},{"type":"Feature","properties":{"geohash":"s4jet3vyv3","settlement_name":"Getso","state":"Kano","lga":"Gwarzo","population":28727,"state_population_rank":33,"num_buildings":6161,"nightlight_signal":"nightlight_detected","distance_to_existing_transmission_lines":0.0,"distance_to_existing_hv_transmission_lines":47.39,"distance_to_gridlight_targets":0.0,"main_road_access":true,"dist_main_road_km":0.0,"has_education_facility":true,"has_health_facility":true,"_label":"Getso","_status_group":"unknown","_year":2025,"_year_label":"Source release year","_states":["Kano"]},"geometry":{"type":"Point","coordinates":[7.97322,11.87602]}},{"type":"Feature","properties":{"geohash":"s4n4d3dnxf","settlement_name":"Bunkure","state":"Kano","lga":"Bunkure","population":27296,"state_population_rank":34,"num_buildings":6034,"nightlight_signal":"nightlight_detected","distance_to_existing_transmission_lines":0.0,"distance_to_existing_hv_transmission_lines":12.47,"distance_to_gridlight_targets":0.0,"main_road_access":true,"dist_main_road_km":0.0,"has_education_facility":true,"has_health_facility":true,"_label":"Bunkure","_status_group":"unknown","_year":2025,"_year_label":"Source release year","_states":["Kano"]},"geometry":{"type":"Point","coordinates":[8.53946,11.69882]}},{"type":"Feature","properties":{"geohash":"s1yj56jbn6","settlement_name":"Doguwa","state":"Kano","lga":"Doguwa","population":27214,"state_population_rank":35,"num_buildings":5516,"nightlight_signal":"nightlight_detected","distance_to_existing_transmission_lines":0.0,"distance_to_existing_hv_transmission_lines":30.05,"distance_to_gridlight_targets":0.0,"main_road_access":false,"dist_main_road_km":2.0,"has_education_facility":true,"has_health_facility":true,"_label":"Doguwa","_status_group":"unknown","_year":2025,"_year_label":"Source release year","_states":["Kano"]},"geometry":{"type":"Point","coordinates":[8.58849,10.73366]}},{"type":"Feature","properties":{"geohash":"s4jus6b7yk","settlement_name":"Tofa","state":"Kano","lga":"Tofa","population":26926,"state_population_rank":36,"num_buildings":5989,"nightlight_signal":"nightlight_detected","distance_to_existing_transmission_lines":0.0,"distance_to_existing_hv_transmission_lines":12.96,"distance_to_gridlight_targets":0.0,"main_road_access":true,"dist_main_road_km":0.0,"has_education_facility":true,"has_health_facility":true,"_label":"Tofa","_status_group":"unknown","_year":2025,"_year_label":"Source release year","_states":["Kano"]},"geometry":{"type":"Point","coordinates":[8.27332,12.05679]}},{"type":"Feature","properties":{"geohash":"s4n0y995c5","settlement_name":"Burun-Burun","state":"Kano","lga":"Tudun Wada","population":26711,"state_population_rank":37,"num_buildings":5399,"nightlight_signal":"no_nightlight_detected","distance_to_existing_transmission_lines":0.0,"distance_to_existing_hv_transmission_lines":43.34,"distance_to_gridlight_targets":10.736,"main_road_access":true,"dist_main_road_km":0.0,"has_education_facility":true,"has_health_facility":true,"_label":"Burun-Burun","_status_group":"unknown","_year":2025,"_year_label":"Source release year","_states":["Kano"]},"geometry":{"type":"Point","coordinates":[8.72457,11.39074]}},{"type":"Feature","properties":{"geohash":"s4n0cn21kj","settlement_name":"Rurum Tsohon Gari","state":"Kano","lga":"Rano","population":26108,"state_population_rank":38,"num_buildings":5493,"nightlight_signal":"nightlight_detected","distance_to_existing_transmission_lines":0.0,"distance_to_existing_hv_transmission_lines":23.08,"distance_to_gridlight_targets":0.0,"main_road_access":true,"dist_main_road_km":0.0,"has_education_facility":true,"has_health_facility":true,"_label":"Rurum Tsohon Gari","_status_group":"unknown","_year":2025,"_year_label":"Source release year","_states":["Kano"]},"geometry":{"type":"Point","coordinates":[8.48162,11.41641]}},{"type":"Feature","properties":{"geohash":"s4n99uw0we","settlement_name":"Durbunde","state":"Kano","lga":"Takai","population":26083,"state_population_rank":39,"num_buildings":5272,"nightlight_signal":"nightlight_detected","distance_to_existing_transmission_lines":0.0,"distance_to_existing_hv_transmission_lines":19.61,"distance_to_gridlight_targets":0.0,"main_road_access":true,"dist_main_road_km":0.0,"has_education_facility":true,"has_health_facility":true,"_label":"Durbunde","_status_group":"unknown","_year":2025,"_year_label":"Source release year","_states":["Kano"]},"geometry":{"type":"Point","coordinates":[9.22605,11.5385]}},{"type":"Feature","properties":{"geohash":"s4n59ms1wu","settlement_name":"Kumbotso","state":"Kano","lga":"Kumbotso","population":26034,"state_population_rank":40,"num_buildings":5525,"nightlight_signal":"nightlight_detected","distance_to_existing_transmission_lines":0.0,"distance_to_existing_hv_transmission_lines":1.17,"distance_to_gridlight_targets":0.0,"main_road_access":true,"dist_main_road_km":0.0,"has_education_facility":true,"has_health_facility":true,"_label":"Kumbotso","_status_group":"unknown","_year":2025,"_year_label":"Source release year","_states":["Kano"]},"geometry":{"type":"Point","coordinates":[8.49822,11.89573]}},{"type":"Feature","properties":{"geohash":"s4m3v72x63","settlement_name":"Muhammadu Dikko Stadium","state":"Katsina","lga":"Katsina","population":1007376,"state_population_rank":1,"num_buildings":205928,"nightlight_signal":"nightlight_detected","distance_to_existing_transmission_lines":0.0,"distance_to_existing_hv_transmission_lines":0.0,"distance_to_gridlight_targets":0.0,"main_road_access":true,"dist_main_road_km":0.0,"has_education_facility":true,"has_health_facility":true,"_label":"Muhammadu Dikko Stadium","_status_group":"unknown","_year":2025,"_year_label":"Source release year","_states":["Katsina"]},"geometry":{"type":"Point","coordinates":[7.61431,12.98297]}},{"type":"Feature","properties":{"geohash":"s4j1w3tsjn","settlement_name":"Funtua","state":"Katsina","lga":"Funtua","population":362835,"state_population_rank":2,"num_buildings":74382,"nightlight_signal":"nightlight_detected","distance_to_existing_transmission_lines":0.0,"distance_to_existing_hv_transmission_lines":0.0,"distance_to_gridlight_targets":0.0,"main_road_access":true,"dist_main_road_km":0.0,"has_education_facility":true,"has_health_facility":true,"_label":"Funtua","_status_group":"unknown","_year":2025,"_year_label":"Source release year","_states":["Katsina"]},"geometry":{"type":"Point","coordinates":[7.31369,11.52263]}},{"type":"Feature","properties":{"geohash":"s4mfjk6k28","settlement_name":"Daura","state":"Katsina","lga":"Daura","population":197988,"state_population_rank":3,"num_buildings":40588,"nightlight_signal":"nightlight_detected","distance_to_existing_transmission_lines":0.0,"distance_to_existing_hv_transmission_lines":0.0,"distance_to_gridlight_targets":0.0,"main_road_access":true,"dist_main_road_km":0.0,"has_education_facility":true,"has_health_facility":true,"_label":"Daura","_status_group":"unknown","_year":2025,"_year_label":"Source release year","_states":["Katsina"]},"geometry":{"type":"Point","coordinates":[8.31977,13.03189]}},{"type":"Feature","properties":{"geohash":"s4jqfe3jz9","settlement_name":"Dutsinma B","state":"Katsina","lga":"Dutsin-Ma","population":162564,"state_population_rank":4,"num_buildings":33565,"nightlight_signal":"nightlight_detected","distance_to_existing_transmission_lines":0.0,"distance_to_existing_hv_transmission_lines":32.82,"distance_to_gridlight_targets":0.0,"main_road_access":true,"dist_main_road_km":0.0,"has_education_facility":true,"has_health_facility":true,"_label":"Dutsinma B","_status_group":"unknown","_year":2025,"_year_label":"Source release year","_states":["Katsina"]},"geometry":{"type":"Point","coordinates":[7.49437,12.45537]}},{"type":"Feature","properties":{"geohash":"s4j7j6jfm3","settlement_name":"Malumfashi A","state":"Katsina","lga":"Malumfashi","population":155471,"state_population_rank":5,"num_buildings":32473,"nightlight_signal":"nightlight_detected","distance_to_existing_transmission_lines":0.0,"distance_to_existing_hv_transmission_lines":39.55,"distance_to_gridlight_targets":0.0,"main_road_access":true,"dist_main_road_km":0.0,"has_education_facility":true,"has_health_facility":true,"_label":"Malumfashi A","_status_group":"unknown","_year":2025,"_year_label":"Source release year","_states":["Katsina"]},"geometry":{"type":"Point","coordinates":[7.62165,11.78872]}},{"type":"Feature","properties":{"geohash":"s4j14ntbkv","settlement_name":"Dandume A","state":"Katsina","lga":"Dandume","population":127605,"state_population_rank":6,"num_buildings":26234,"nightlight_signal":"nightlight_detected","distance_to_existing_transmission_lines":0.0,"distance_to_existing_hv_transmission_lines":18.39,"distance_to_gridlight_targets":0.0,"main_road_access":true,"dist_main_road_km":0.0,"has_education_facility":true,"has_health_facility":true,"_label":"Dandume A","_status_group":"unknown","_year":2025,"_year_label":"Source release year","_states":["Katsina"]},"geometry":{"type":"Point","coordinates":[7.12725,11.46156]}},{"type":"Feature","properties":{"geohash":"s4m4krevvp","settlement_name":"Jibia B","state":"Katsina","lga":"Jibia","population":103094,"state_population_rank":7,"num_buildings":21818,"nightlight_signal":"nightlight_detected","distance_to_existing_transmission_lines":0.0,"distance_to_existing_hv_transmission_lines":43.1,"distance_to_gridlight_targets":0.0,"main_road_access":true,"dist_main_road_km":0.0,"has_education_facility":true,"has_health_facility":true,"_label":"Jibia B","_status_group":"unknown","_year":2025,"_year_label":"Source release year","_states":["Katsina"]},"geometry":{"type":"Point","coordinates":[7.22339,13.09399]}},{"type":"Feature","properties":{"geohash":"s4jx6hm87p","settlement_name":"Galadima A","state":"Katsina","lga":"Kankia","population":65595,"state_population_rank":8,"num_buildings":13563,"nightlight_signal":"nightlight_detected","distance_to_existing_transmission_lines":0.0,"distance_to_existing_hv_transmission_lines":0.0,"distance_to_gridlight_targets":0.0,"main_road_access":true,"dist_main_road_km":0.0,"has_education_facility":true,"has_health_facility":true,"_label":"Galadima A","_status_group":"unknown","_year":2025,"_year_label":"Source release year","_states":["Katsina"]},"geometry":{"type":"Point","coordinates":[7.82995,12.54784]}},{"type":"Feature","properties":{"geohash":"s4j7beyrm6","settlement_name":"Kankara","state":"Katsina","lga":"Kankara","population":60928,"state_population_rank":9,"num_buildings":12526,"nightlight_signal":"nightlight_detected","distance_to_existing_transmission_lines":0.0,"distance_to_existing_hv_transmission_lines":37.28,"distance_to_gridlight_targets":0.0,"main_road_access":true,"dist_main_road_km":0.0,"has_education_facility":true,"has_health_facility":true,"_label":"Kankara","_status_group":"unknown","_year":2025,"_year_label":"Source release year","_states":["Katsina"]},"geometry":{"type":"Point","coordinates":[7.41359,11.93104]}},{"type":"Feature","properties":{"geohash":"s4j3bbpp9t","settlement_name":"Bakori B","state":"Katsina","lga":"Bakori","population":58781,"state_population_rank":10,"num_buildings":12440,"nightlight_signal":"nightlight_detected","distance_to_existing_transmission_lines":0.0,"distance_to_existing_hv_transmission_lines":7.29,"distance_to_gridlight_targets":0.0,"main_road_access":true,"dist_main_road_km":0.0,"has_education_facility":true,"has_health_facility":true,"_label":"Bakori B","_status_group":"unknown","_year":2025,"_year_label":"Source release year","_states":["Katsina"]},"geometry":{"type":"Point","coordinates":[7.42545,11.55893]}},{"type":"Feature","properties":{"geohash":"s4m0t4cpyk","settlement_name":"Batsari","state":"Katsina","lga":"Batsari","population":56680,"state_population_rank":11,"num_buildings":12229,"nightlight_signal":"nightlight_detected","distance_to_existing_transmission_lines":0.0,"distance_to_existing_hv_transmission_lines":42.32,"distance_to_gridlight_targets":0.0,"main_road_access":true,"dist_main_road_km":0.0,"has_education_facility":true,"has_health_facility":true,"_label":"Batsari","_status_group":"unknown","_year":2025,"_year_label":"Source release year","_states":["Katsina"]},"geometry":{"type":"Point","coordinates":[7.25262,12.7606]}},{"type":"Feature","properties":{"geohash":"s4m2pfk4ks","settlement_name":"Charanchi","state":"Katsina","lga":"Charanchi","population":53111,"state_population_rank":12,"num_buildings":10735,"nightlight_signal":"nightlight_detected","distance_to_existing_transmission_lines":0.0,"distance_to_existing_hv_transmission_lines":0.33,"distance_to_gridlight_targets":0.0,"main_road_access":true,"dist_main_road_km":0.0,"has_education_facility":true,"has_health_facility":true,"_label":"Charanchi","_status_group":"unknown","_year":2025,"_year_label":"Source release year","_states":["Katsina"]},"geometry":{"type":"Point","coordinates":[7.72908,12.66902]}},{"type":"Feature","properties":{"geohash":"s4m4t61p2d","settlement_name":"Mazanya","state":"Katsina","lga":"Jibia","population":50612,"state_population_rank":13,"num_buildings":10435,"nightlight_signal":"nightlight_detected","distance_to_existing_transmission_lines":0.0,"distance_to_existing_hv_transmission_lines":39.28,"distance_to_gridlight_targets":0.0,"main_road_access":true,"dist_main_road_km":0.0,"has_education_facility":true,"has_health_facility":true,"_label":"Mazanya","_status_group":"unknown","_year":2025,"_year_label":"Source release year","_states":["Katsina"]},"geometry":{"type":"Point","coordinates":[7.26336,13.10795]}},{"type":"Feature","properties":{"geohash":"s4m3p6utc1","settlement_name":"Rimi","state":"Katsina","lga":"Rimi","population":48135,"state_population_rank":14,"num_buildings":9967,"nightlight_signal":"nightlight_detected","distance_to_existing_transmission_lines":0.0,"distance_to_existing_hv_transmission_lines":3.14,"distance_to_gridlight_targets":0.0,"main_road_access":false,"dist_main_road_km":2.4,"has_education_facility":true,"has_health_facility":true,"_label":"Rimi","_status_group":"unknown","_year":2025,"_year_label":"Source release year","_states":["Katsina"]},"geometry":{"type":"Point","coordinates":[7.70764,12.84813]}},{"type":"Feature","properties":{"geohash":"s4q4306m34","settlement_name":"Zango","state":"Katsina","lga":"Zango","population":46568,"state_population_rank":15,"num_buildings":9533,"nightlight_signal":"nightlight_detected","distance_to_existing_transmission_lines":0.0,"distance_to_existing_hv_transmission_lines":18.66,"distance_to_gridlight_targets":0.0,"main_road_access":true,"dist_main_road_km":0.0,"has_education_facility":true,"has_health_facility":true,"_label":"Zango","_status_group":"unknown","_year":2025,"_year_label":"Source release year","_states":["Katsina"]},"geometry":{"type":"Point","coordinates":[8.48459,13.05404]}},{"type":"Feature","properties":{"geohash":"s4m9uf9jqu","settlement_name":"Mashi","state":"Katsina","lga":"Mashi","population":45305,"state_population_rank":16,"num_buildings":9183,"nightlight_signal":"nightlight_detected","distance_to_existing_transmission_lines":0.0,"distance_to_existing_hv_transmission_lines":0.61,"distance_to_gridlight_targets":0.0,"main_road_access":true,"dist_main_road_km":0.0,"has_education_facility":true,"has_health_facility":true,"_label":"Mashi","_status_group":"unknown","_year":2025,"_year_label":"Source release year","_states":["Katsina"]},"geometry":{"type":"Point","coordinates":[7.94478,12.97852]}},{"type":"Feature","properties":{"geohash":"s4m95hjvzh","settlement_name":"Mani","state":"Katsina","lga":"Mani","population":44496,"state_population_rank":17,"num_buildings":9096,"nightlight_signal":"nightlight_detected","distance_to_existing_transmission_lines":0.0,"distance_to_existing_hv_transmission_lines":10.2,"distance_to_gridlight_targets":0.0,"main_road_access":true,"dist_main_road_km":0.0,"has_education_facility":true,"has_health_facility":true,"_label":"Mani","_status_group":"unknown","_year":2025,"_year_label":"Source release year","_states":["Katsina"]},"geometry":{"type":"Point","coordinates":[7.87441,12.85502]}},{"type":"Feature","properties":{"geohash":"s4j2snfcju","settlement_name":"Danja B","state":"Katsina","lga":"Danja","population":42490,"state_population_rank":18,"num_buildings":9307,"nightlight_signal":"nightlight_detected","distance_to_existing_transmission_lines":0.0,"distance_to_existing_hv_transmission_lines":6.33,"distance_to_gridlight_targets":0.0,"main_road_access":true,"dist_main_road_km":0.0,"has_education_facility":true,"has_health_facility":true,"_label":"Danja B","_status_group":"unknown","_year":2025,"_year_label":"Source release year","_states":["Katsina"]},"geometry":{"type":"Point","coordinates":[7.56262,11.37517]}},{"type":"Feature","properties":{"geohash":"s1vpd47j21","settlement_name":"Sabuwa A","state":"Katsina","lga":"Sabuwa","population":39727,"state_population_rank":19,"num_buildings":8179,"nightlight_signal":"nightlight_detected","distance_to_existing_transmission_lines":0.0,"distance_to_existing_hv_transmission_lines":43.21,"distance_to_gridlight_targets":0.0,"main_road_access":true,"dist_main_road_km":0.0,"has_education_facility":true,"has_health_facility":true,"_label":"Sabuwa A","_status_group":"unknown","_year":2025,"_year_label":"Source release year","_states":["Katsina"]},"geometry":{"type":"Point","coordinates":[7.12326,11.17538]}},{"type":"Feature","properties":{"geohash":"s4mfgr22cx","settlement_name":"Mai'Adua A","state":"Katsina","lga":"Mai'adua","population":38219,"state_population_rank":20,"num_buildings":8041,"nightlight_signal":"nightlight_detected","distance_to_existing_transmission_lines":0.0,"distance_to_existing_hv_transmission_lines":17.14,"distance_to_gridlight_targets":0.0,"main_road_access":true,"dist_main_road_km":0.0,"has_education_facility":true,"has_health_facility":true,"_label":"Mai'Adua A","_status_group":"unknown","_year":2025,"_year_label":"Source release year","_states":["Katsina"]},"geometry":{"type":"Point","coordinates":[8.22917,13.17964]}},{"type":"Feature","properties":{"geohash":"s4jjyb50rw","settlement_name":"Danmusa A","state":"Katsina","lga":"Dan Musa","population":37962,"state_population_rank":21,"num_buildings":7872,"nightlight_signal":"nightlight_detected","distance_to_existing_transmission_lines":9.95,"distance_to_existing_hv_transmission_lines":56.08,"distance_to_gridlight_targets":0.0,"main_road_access":true,"dist_main_road_km":0.0,"has_education_facility":true,"has_health_facility":true,"_label":"Danmusa A","_status_group":"unknown","_year":2025,"_year_label":"Source release year","_states":["Katsina"]},"geometry":{"type":"Point","coordinates":[7.33233,12.26082]}},{"type":"Feature","properties":{"geohash":"s4me9qj5j7","settlement_name":"Dankama","state":"Katsina","lga":"Kaita","population":32414,"state_population_rank":22,"num_buildings":6921,"nightlight_signal":"nightlight_detected","distance_to_existing_transmission_lines":0.0,"distance_to_existing_hv_transmission_lines":1.01,"distance_to_gridlight_targets":0.0,"main_road_access":true,"dist_main_road_km":0.0,"has_education_facility":true,"has_health_facility":true,"_label":"Dankama","_status_group":"unknown","_year":2025,"_year_label":"Source release year","_states":["Katsina"]},"geometry":{"type":"Point","coordinates":[7.79641,13.30498]}},{"type":"Feature","properties":{"geohash":"s4m243fun9","settlement_name":"Kurfi A","state":"Katsina","lga":"Kurfi","population":32047,"state_population_rank":23,"num_buildings":6551,"nightlight_signal":"nightlight_detected","distance_to_existing_transmission_lines":0.0,"distance_to_existing_hv_transmission_lines":23.58,"distance_to_gridlight_targets":0.0,"main_road_access":true,"dist_main_road_km":0.0,"has_education_facility":true,"has_health_facility":true,"_label":"Kurfi A","_status_group":"unknown","_year":2025,"_year_label":"Source release year","_states":["Katsina"]},"geometry":{"type":"Point","coordinates":[7.48575,12.66656]}},{"type":"Feature","properties":{"geohash":"s4jxzhyx2m","settlement_name":"Ingawa","state":"Katsina","lga":"Ingawa","population":31066,"state_population_rank":24,"num_buildings":6815,"nightlight_signal":"nightlight_detected","distance_to_existing_transmission_lines":0.0,"distance_to_existing_hv_transmission_lines":19.09,"distance_to_gridlight_targets":0.0,"main_road_access":true,"dist_main_road_km":0.0,"has_education_facility":true,"has_health_facility":true,"_label":"Ingawa","_status_group":"unknown","_year":2025,"_year_label":"Source release year","_states":["Katsina"]},"geometry":{"type":"Point","coordinates":[8.05094,12.63967]}},{"type":"Feature","properties":{"geohash":"s4hfxvz66r","settlement_name":"Faskari","state":"Katsina","lga":"Faskari","population":31015,"state_population_rank":25,"num_buildings":6413,"nightlight_signal":"nightlight_detected","distance_to_existing_transmission_lines":0.0,"distance_to_existing_hv_transmission_lines":6.55,"distance_to_gridlight_targets":0.0,"main_road_access":true,"dist_main_road_km":0.0,"has_education_facility":true,"has_health_facility":true,"_label":"Faskari","_status_group":"unknown","_year":2025,"_year_label":"Source release year","_states":["Katsina"]},"geometry":{"type":"Point","coordinates":[7.03032,11.72146]}},{"type":"Feature","properties":{"geohash":"s4j5111e45","settlement_name":"Yankara","state":"Katsina","lga":"Faskari","population":30964,"state_population_rank":26,"num_buildings":6553,"nightlight_signal":"nightlight_detected","distance_to_existing_transmission_lines":0.0,"distance_to_existing_hv_transmission_lines":0.0,"distance_to_gridlight_targets":0.0,"main_road_access":true,"dist_main_road_km":0.0,"has_education_facility":true,"has_health_facility":true,"_label":"Yankara","_status_group":"unknown","_year":2025,"_year_label":"Source release year","_states":["Katsina"]},"geometry":{"type":"Point","coordinates":[7.07735,11.78337]}},{"type":"Feature","properties":{"geohash":"s4j2ty66mm","settlement_name":"Dabai","state":"Katsina","lga":"Danja","population":29751,"state_population_rank":27,"num_buildings":6073,"nightlight_signal":"nightlight_detected","distance_to_existing_transmission_lines":0.0,"distance_to_existing_hv_transmission_lines":12.41,"distance_to_gridlight_targets":0.0,"main_road_access":true,"dist_main_road_km":0.0,"has_education_facility":true,"has_health_facility":true,"_label":"Dabai","_status_group":"unknown","_year":2025,"_year_label":"Source release year","_states":["Katsina"]},"geometry":{"type":"Point","coordinates":[7.63882,11.37264]}},{"type":"Feature","properties":{"geohash":"s4m3mjd8n0","settlement_name":"Batagarawa","state":"Katsina","lga":"Batagarawa","population":28290,"state_population_rank":28,"num_buildings":5987,"nightlight_signal":"nightlight_detected","distance_to_existing_transmission_lines":0.0,"distance_to_existing_hv_transmission_lines":2.25,"distance_to_gridlight_targets":0.0,"main_road_access":true,"dist_main_road_km":0.0,"has_education_facility":true,"has_health_facility":true,"_label":"Batagarawa","_status_group":"unknown","_year":2025,"_year_label":"Source release year","_states":["Katsina"]},"geometry":{"type":"Point","coordinates":[7.60623,12.90619]}},{"type":"Feature","properties":{"geohash":"s4j1j7tuz2","settlement_name":"Mahuta A","state":"Katsina","lga":"Dandume","population":28286,"state_population_rank":29,"num_buildings":5874,"nightlight_signal":"nightlight_detected","distance_to_existing_transmission_lines":0.0,"distance_to_existing_hv_transmission_lines":9.69,"distance_to_gridlight_targets":0.0,"main_road_access":true,"dist_main_road_km":0.0,"has_education_facility":true,"has_health_facility":true,"_label":"Mahuta A","_status_group":"unknown","_year":2025,"_year_label":"Source release year","_states":["Katsina"]},"geometry":{"type":"Point","coordinates":[7.27017,11.44583]}},{"type":"Feature","properties":{"geohash":"s4jmn869qr","settlement_name":"Musawa","state":"Katsina","lga":"Musawa","population":27882,"state_population_rank":30,"num_buildings":5724,"nightlight_signal":"nightlight_detected","distance_to_existing_transmission_lines":0.0,"distance_to_existing_hv_transmission_lines":47.84,"distance_to_gridlight_targets":0.0,"main_road_access":true,"dist_main_road_km":0.0,"has_education_facility":true,"has_health_facility":true,"_label":"Musawa","_status_group":"unknown","_year":2025,"_year_label":"Source release year","_states":["Katsina"]},"geometry":{"type":"Point","coordinates":[7.67216,12.13054]}},{"type":"Feature","properties":{"geohash":"s4j0qv87d3","settlement_name":"Funtua","state":"Katsina","lga":"Funtua","population":27510,"state_population_rank":31,"num_buildings":5900,"nightlight_signal":"nightlight_detected","distance_to_existing_transmission_lines":0.0,"distance_to_existing_hv_transmission_lines":15.87,"distance_to_gridlight_targets":0.0,"main_road_access":true,"dist_main_road_km":0.0,"has_education_facility":true,"has_health_facility":true,"_label":"Funtua","_status_group":"unknown","_year":2025,"_year_label":"Source release year","_states":["Katsina"]},"geometry":{"type":"Point","coordinates":[7.32832,11.32476]}},{"type":"Feature","properties":{"geohash":"s4m3nr7xsr","settlement_name":"Abukur","state":"Katsina","lga":"Rimi","population":27214,"state_population_rank":32,"num_buildings":5785,"nightlight_signal":"nightlight_detected","distance_to_existing_transmission_lines":0.0,"distance_to_existing_hv_transmission_lines":0.09,"distance_to_gridlight_targets":0.0,"main_road_access":true,"dist_main_road_km":0.0,"has_education_facility":true,"has_health_facility":true,"_label":"Abukur","_status_group":"unknown","_year":2025,"_year_label":"Source release year","_states":["Katsina"]},"geometry":{"type":"Point","coordinates":[7.66247,12.87318]}},{"type":"Feature","properties":{"geohash":"s4jt0z4r46","settlement_name":"Jikamshi","state":"Katsina","lga":"Musawa","population":25773,"state_population_rank":33,"num_buildings":5224,"nightlight_signal":"nightlight_detected","distance_to_existing_transmission_lines":0.0,"distance_to_existing_hv_transmission_lines":36.47,"distance_to_gridlight_targets":0.0,"main_road_access":true,"dist_main_road_km":0.0,"has_education_facility":true,"has_health_facility":true,"_label":"Jikamshi","_status_group":"unknown","_year":2025,"_year_label":"Source release year","_states":["Katsina"]},"geometry":{"type":"Point","coordinates":[7.77052,12.16857]}},{"type":"Feature","properties":{"geohash":"s4jmwetrjh","settlement_name":"Matazu A","state":"Katsina","lga":"Matazu","population":24838,"state_population_rank":34,"num_buildings":5241,"nightlight_signal":"nightlight_detected","distance_to_existing_transmission_lines":0.0,"distance_to_existing_hv_transmission_lines":38.43,"distance_to_gridlight_targets":0.0,"main_road_access":true,"dist_main_road_km":0.0,"has_education_facility":true,"has_health_facility":true,"_label":"Matazu A","_status_group":"unknown","_year":2025,"_year_label":"Source release year","_states":["Katsina"]},"geometry":{"type":"Point","coordinates":[7.67589,12.23725]}},{"type":"Feature","properties":{"geohash":"s4m8rz8gv6","settlement_name":"Yandoma","state":"Katsina","lga":"Ingawa","population":23715,"state_population_rank":35,"num_buildings":4834,"nightlight_signal":"nightlight_detected","distance_to_existing_transmission_lines":0.0,"distance_to_existing_hv_transmission_lines":24.05,"distance_to_gridlight_targets":0.0,"main_road_access":true,"dist_main_road_km":0.0,"has_education_facility":true,"has_health_facility":true,"_label":"Yandoma","_status_group":"unknown","_year":2025,"_year_label":"Source release year","_states":["Katsina"]},"geometry":{"type":"Point","coordinates":[8.07621,12.74205]}},{"type":"Feature","properties":{"geohash":"s4j6nzwyc9","settlement_name":"Kafur","state":"Katsina","lga":"Kafur","population":22136,"state_population_rank":36,"num_buildings":4931,"nightlight_signal":"nightlight_detected","distance_to_existing_transmission_lines":0.0,"distance_to_existing_hv_transmission_lines":35.08,"distance_to_gridlight_targets":0.0,"main_road_access":true,"dist_main_road_km":0.0,"has_education_facility":true,"has_health_facility":true,"_label":"Kafur","_status_group":"unknown","_year":2025,"_year_label":"Source release year","_states":["Katsina"]},"geometry":{"type":"Point","coordinates":[7.68878,11.64393]}},{"type":"Feature","properties":{"geohash":"s4md2jeee6","settlement_name":"Kaita","state":"Katsina","lga":"Kaita","population":21704,"state_population_rank":37,"num_buildings":4387,"nightlight_signal":"nightlight_detected","distance_to_existing_transmission_lines":0.0,"distance_to_existing_hv_transmission_lines":1.43,"distance_to_gridlight_targets":0.0,"main_road_access":true,"dist_main_road_km":0.0,"has_education_facility":true,"has_health_facility":true,"_label":"Kaita","_status_group":"unknown","_year":2025,"_year_label":"Source release year","_states":["Katsina"]},"geometry":{"type":"Point","coordinates":[7.73932,13.08258]}},{"type":"Feature","properties":{"geohash":"s4jm6hg4r7","settlement_name":"Yantumaki A","state":"Katsina","lga":"Dan Musa","population":21232,"state_population_rank":38,"num_buildings":4334,"nightlight_signal":"nightlight_detected","distance_to_existing_transmission_lines":0.0,"distance_to_existing_hv_transmission_lines":55.32,"distance_to_gridlight_targets":0.0,"main_road_access":true,"dist_main_road_km":0.0,"has_education_facility":true,"has_health_facility":true,"_label":"Yantumaki A","_status_group":"unknown","_year":2025,"_year_label":"Source release year","_states":["Katsina"]},"geometry":{"type":"Point","coordinates":[7.47514,12.19935]}},{"type":"Feature","properties":{"geohash":"s4jq8eq0z6","settlement_name":"Safana","state":"Katsina","lga":"Safana","population":21100,"state_population_rank":39,"num_buildings":4420,"nightlight_signal":"nightlight_detected","distance_to_existing_transmission_lines":0.0,"distance_to_existing_hv_transmission_lines":45.04,"distance_to_gridlight_targets":0.0,"main_road_access":true,"dist_main_road_km":0.0,"has_education_facility":true,"has_health_facility":true,"_label":"Safana","_status_group":"unknown","_year":2025,"_year_label":"Source release year","_states":["Katsina"]},"geometry":{"type":"Point","coordinates":[7.41334,12.41057]}},{"type":"Feature","properties":{"geohash":"s4m81dx63x","settlement_name":"Bindawa","state":"Katsina","lga":"Bindawa","population":20941,"state_population_rank":40,"num_buildings":4293,"nightlight_signal":"nightlight_detected","distance_to_existing_transmission_lines":0.0,"distance_to_existing_hv_transmission_lines":4.52,"distance_to_gridlight_targets":0.0,"main_road_access":true,"dist_main_road_km":0.0,"has_education_facility":true,"has_health_facility":true,"_label":"Bindawa","_status_group":"unknown","_year":2025,"_year_label":"Source release year","_states":["Katsina"]},"geometry":{"type":"Point","coordinates":[7.81032,12.67041]}},{"type":"Feature","properties":{"geohash":"s44yzghukn","settlement_name":"Birnin Kebbi","state":"Kebbi","lga":"Birnin Kebbi","population":359629,"state_population_rank":1,"num_buildings":74467,"nightlight_signal":"nightlight_detected","distance_to_existing_transmission_lines":0.0,"distance_to_existing_hv_transmission_lines":0.0,"distance_to_gridlight_targets":0.0,"main_road_access":true,"dist_main_road_km":0.0,"has_education_facility":true,"has_health_facility":true,"_label":"Birnin Kebbi","_status_group":"unknown","_year":2025,"_year_label":"Source release year","_states":["Kebbi"]},"geometry":{"type":"Point","coordinates":[4.21446,12.45377]}},{"type":"Feature","properties":{"geohash":"s45jedty9c","settlement_name":"Jega Magaji 'B'","state":"Kebbi","lga":"Jega","population":163901,"state_population_rank":2,"num_buildings":33600,"nightlight_signal":"nightlight_detected","distance_to_existing_transmission_lines":0.0,"distance_to_existing_hv_transmission_lines":8.43,"distance_to_gridlight_targets":0.0,"main_road_access":true,"dist_main_road_km":0.0,"has_education_facility":true,"has_health_facility":true,"_label":"Jega Magaji 'B'","_status_group":"unknown","_year":2025,"_year_label":"Source release year","_states":["Kebbi"]},"geometry":{"type":"Point","coordinates":[4.38054,12.23165]}},{"type":"Feature","properties":{"geohash":"s459p62m88","settlement_name":"Rikoto","state":"Kebbi","lga":"Zuru","population":150624,"state_population_rank":3,"num_buildings":32018,"nightlight_signal":"nightlight_detected","distance_to_existing_transmission_lines":0.0,"distance_to_existing_hv_transmission_lines":68.11,"distance_to_gridlight_targets":0.0,"main_road_access":true,"dist_main_road_km":0.0,"has_education_facility":true,"has_health_facility":true,"_label":"Rikoto","_status_group":"unknown","_year":2025,"_year_label":"Source release year","_states":["Kebbi"]},"geometry":{"type":"Point","coordinates":[5.24085,11.43909]}},{"type":"Feature","properties":{"geohash":"s1gmsh8cdb","settlement_name":"Yelwa Central","state":"Kebbi","lga":"Yauri","population":150343,"state_population_rank":4,"num_buildings":31311,"nightlight_signal":"nightlight_detected","distance_to_existing_transmission_lines":0.0,"distance_to_existing_hv_transmission_lines":0.0,"distance_to_gridlight_targets":0.0,"main_road_access":true,"dist_main_road_km":0.0,"has_education_facility":true,"has_health_facility":true,"_label":"Yelwa Central","_status_group":"unknown","_year":2025,"_year_label":"Source release year","_states":["Kebbi"]},"geometry":{"type":"Point","coordinates":[4.74725,10.83552]}},{"type":"Feature","properties":{"geohash":"s470rr2nqc","settlement_name":"Kokani South","state":"Kebbi","lga":"Argungu","population":133394,"state_population_rank":5,"num_buildings":27385,"nightlight_signal":"nightlight_detected","distance_to_existing_transmission_lines":0.0,"distance_to_existing_hv_transmission_lines":10.73,"distance_to_gridlight_targets":0.0,"main_road_access":true,"dist_main_road_km":0.0,"has_education_facility":true,"has_health_facility":true,"_label":"Kokani South","_status_group":"unknown","_year":2025,"_year_label":"Source release year","_states":["Kebbi"]},"geometry":{"type":"Point","coordinates":[4.53765,12.7411]}},{"type":"Feature","properties":{"geohash":"s451nc1dhc","settlement_name":"Ilela Sabon Gari","state":"Kebbi","lga":"Koko/Besse","population":99190,"state_population_rank":6,"num_buildings":21210,"nightlight_signal":"nightlight_detected","distance_to_existing_transmission_lines":0.0,"distance_to_existing_hv_transmission_lines":0.0,"distance_to_gridlight_targets":0.0,"main_road_access":true,"dist_main_road_km":0.0,"has_education_facility":true,"has_health_facility":true,"_label":"Ilela Sabon Gari","_status_group":"unknown","_year":2025,"_year_label":"Source release year","_states":["Kebbi"]},"geometry":{"type":"Point","coordinates":[4.51765,11.43163]}},{"type":"Feature","properties":{"geohash":"s44e7nptvn","settlement_name":"Kamba-Kamba","state":"Kebbi","lga":"Dandi","population":65013,"state_population_rank":7,"num_buildings":13215,"nightlight_signal":"nightlight_detected","distance_to_existing_transmission_lines":0.0,"distance_to_existing_hv_transmission_lines":75.74,"distance_to_gridlight_targets":0.0,"main_road_access":true,"dist_main_road_km":0.0,"has_education_facility":true,"has_health_facility":true,"_label":"Kamba-Kamba","_status_group":"unknown","_year":2025,"_year_label":"Source release year","_states":["Kebbi"]},"geometry":{"type":"Point","coordinates":[3.65798,11.85527]}},{"type":"Feature","properties":{"geohash":"s4h0ppw1dh","settlement_name":"Bena","state":"Kebbi","lga":"Wasagu/Danko","population":60142,"state_population_rank":8,"num_buildings":13015,"nightlight_signal":"nightlight_detected","distance_to_existing_transmission_lines":0.0,"distance_to_existing_hv_transmission_lines":90.18,"distance_to_gridlight_targets":0.0,"main_road_access":true,"dist_main_road_km":0.0,"has_education_facility":true,"has_health_facility":true,"_label":"Bena","_status_group":"unknown","_year":2025,"_year_label":"Source release year","_states":["Kebbi"]},"geometry":{"type":"Point","coordinates":[5.94095,11.29148]}},{"type":"Feature","properties":{"geohash":"s44ug20w8f","settlement_name":"Bunza Marafa","state":"Kebbi","lga":"Bunza","population":49314,"state_population_rank":9,"num_buildings":10225,"nightlight_signal":"nightlight_detected","distance_to_existing_transmission_lines":0.0,"distance_to_existing_hv_transmission_lines":31.12,"distance_to_gridlight_targets":0.0,"main_road_access":true,"dist_main_road_km":0.0,"has_education_facility":true,"has_health_facility":true,"_label":"Bunza Marafa","_status_group":"unknown","_year":2025,"_year_label":"Source release year","_states":["Kebbi"]},"geometry":{"type":"Point","coordinates":[4.01073,12.08609]}},{"type":"Feature","properties":{"geohash":"s45jvtktg5","settlement_name":"Aliero S Fada I","state":"Kebbi","lga":"Aleiro","population":48564,"state_population_rank":10,"num_buildings":10085,"nightlight_signal":"nightlight_detected","distance_to_existing_transmission_lines":0.0,"distance_to_existing_hv_transmission_lines":20.21,"distance_to_gridlight_targets":0.0,"main_road_access":true,"dist_main_road_km":0.0,"has_education_facility":true,"has_health_facility":true,"_label":"Aliero S Fada I","_status_group":"unknown","_year":2025,"_year_label":"Source release year","_states":["Kebbi"]},"geometry":{"type":"Point","coordinates":[4.46676,12.29059]}},{"type":"Feature","properties":{"geohash":"s45r1s74t0","settlement_name":"Gwandu D Galadima","state":"Kebbi","lga":"Gwandu","population":47505,"state_population_rank":11,"num_buildings":10098,"nightlight_signal":"nightlight_detected","distance_to_existing_transmission_lines":0.0,"distance_to_existing_hv_transmission_lines":13.86,"distance_to_gridlight_targets":0.0,"main_road_access":true,"dist_main_road_km":0.0,"has_education_facility":true,"has_health_facility":true,"_label":"Gwandu D Galadima","_status_group":"unknown","_year":2025,"_year_label":"Source release year","_states":["Kebbi"]},"geometry":{"type":"Point","coordinates":[4.64057,12.50425]}},{"type":"Feature","properties":{"geohash":"s44fk2mnr1","settlement_name":"Dakin Gari","state":"Kebbi","lga":"Suru","population":42768,"state_population_rank":12,"num_buildings":8959,"nightlight_signal":"nightlight_detected","distance_to_existing_transmission_lines":0.0,"distance_to_existing_hv_transmission_lines":47.62,"distance_to_gridlight_targets":0.0,"main_road_access":true,"dist_main_road_km":0.0,"has_education_facility":true,"has_health_facility":true,"_label":"Dakin Gari","_status_group":"unknown","_year":2025,"_year_label":"Source release year","_states":["Kebbi"]},"geometry":{"type":"Point","coordinates":[4.06112,11.64796]}},{"type":"Feature","properties":{"geohash":"s45bug0j0h","settlement_name":"Ribah Machika","state":"Kebbi","lga":"Wasagu/Danko","population":41728,"state_population_rank":13,"num_buildings":8844,"nightlight_signal":"nightlight_detected","distance_to_existing_transmission_lines":0.0,"distance_to_existing_hv_transmission_lines":90.52,"distance_to_gridlight_targets":0.0,"main_road_access":true,"dist_main_road_km":0.0,"has_education_facility":true,"has_health_facility":true,"_label":"Ribah Machika","_status_group":"unknown","_year":2025,"_year_label":"Source release year","_states":["Kebbi"]},"geometry":{"type":"Point","coordinates":[5.48218,11.3992]}},{"type":"Feature","properties":{"geohash":"s1gzux2tjt","settlement_name":"Fada","state":"Kebbi","lga":"Sakaba","population":39148,"state_population_rank":14,"num_buildings":8459,"nightlight_signal":"nightlight_detected","distance_to_existing_transmission_lines":0.0,"distance_to_existing_hv_transmission_lines":83.32,"distance_to_gridlight_targets":0.0,"main_road_access":true,"dist_main_road_km":0.0,"has_education_facility":true,"has_health_facility":true,"_label":"Fada","_status_group":"unknown","_year":2025,"_year_label":"Source release year","_states":["Kebbi"]},"geometry":{"type":"Point","coordinates":[5.47212,11.24677]}},{"type":"Feature","properties":{"geohash":"s450b5fcb6","settlement_name":"Bagudo","state":"Kebbi","lga":"Bagudo","population":37541,"state_population_rank":15,"num_buildings":7620,"nightlight_signal":"nightlight_detected","distance_to_existing_transmission_lines":0.0,"distance_to_existing_hv_transmission_lines":31.29,"distance_to_gridlight_targets":0.0,"main_road_access":true,"dist_main_road_km":0.0,"has_education_facility":true,"has_health_facility":true,"_label":"Bagudo","_status_group":"unknown","_year":2025,"_year_label":"Source release year","_states":["Kebbi"]},"geometry":{"type":"Point","coordinates":[4.22254,11.40275]}},{"type":"Feature","properties":{"geohash":"s45pgnsmb2","settlement_name":"Gulma","state":"Kebbi","lga":"Argungu","population":33947,"state_population_rank":16,"num_buildings":7132,"nightlight_signal":"nightlight_detected","distance_to_existing_transmission_lines":0.0,"distance_to_existing_hv_transmission_lines":13.64,"distance_to_gridlight_targets":0.0,"main_road_access":true,"dist_main_road_km":0.0,"has_education_facility":true,"has_health_facility":true,"_label":"Gulma","_status_group":"unknown","_year":2025,"_year_label":"Source release year","_states":["Kebbi"]},"geometry":{"type":"Point","coordinates":[4.35644,12.649]}},{"type":"Feature","properties":{"geohash":"s45p4sybm3","settlement_name":"Ambursa","state":"Kebbi","lga":"Birnin Kebbi","population":32519,"state_population_rank":17,"num_buildings":7278,"nightlight_signal":"nightlight_detected","distance_to_existing_transmission_lines":0.0,"distance_to_existing_hv_transmission_lines":0.14,"distance_to_gridlight_targets":0.0,"main_road_access":true,"dist_main_road_km":0.0,"has_education_facility":true,"has_health_facility":true,"_label":"Ambursa","_status_group":"unknown","_year":2025,"_year_label":"Source release year","_states":["Kebbi"]},"geometry":{"type":"Point","coordinates":[4.33812,12.50661]}},{"type":"Feature","properties":{"geohash":"s4h0snhhkt","settlement_name":"Wasagu","state":"Kebbi","lga":"Wasagu/Danko","population":31156,"state_population_rank":18,"num_buildings":6702,"nightlight_signal":"nightlight_detected","distance_to_existing_transmission_lines":0.0,"distance_to_existing_hv_transmission_lines":107.73,"distance_to_gridlight_targets":0.0,"main_road_access":true,"dist_main_road_km":0.0,"has_education_facility":true,"has_health_facility":true,"_label":"Wasagu","_status_group":"unknown","_year":2025,"_year_label":"Source release year","_states":["Kebbi"]},"geometry":{"type":"Point","coordinates":[5.80647,11.37161]}},{"type":"Feature","properties":{"geohash":"s44xqvt0yz","settlement_name":"Kangiwa","state":"Kebbi","lga":"Arewa-Dandi","population":30828,"state_population_rank":19,"num_buildings":6347,"nightlight_signal":"nightlight_detected","distance_to_existing_transmission_lines":0.0,"distance_to_existing_hv_transmission_lines":0.0,"distance_to_gridlight_targets":0.0,"main_road_access":true,"dist_main_road_km":0.0,"has_education_facility":true,"has_health_facility":true,"_label":"Kangiwa","_status_group":"unknown","_year":2025,"_year_label":"Source release year","_states":["Kebbi"]},"geometry":{"type":"Point","coordinates":[3.81941,12.5548]}},{"type":"Feature","properties":{"geohash":"s1g61m9e4c","settlement_name":"Wara","state":"Kebbi","lga":"Ngaski","population":29687,"state_population_rank":20,"num_buildings":6246,"nightlight_signal":"nightlight_detected","distance_to_existing_transmission_lines":0.0,"distance_to_existing_hv_transmission_lines":7.98,"distance_to_gridlight_targets":0.0,"main_road_access":true,"dist_main_road_km":0.0,"has_education_facility":true,"has_health_facility":true,"_label":"Wara","_status_group":"unknown","_year":2025,"_year_label":"Source release year","_states":["Kebbi"]},"geometry":{"type":"Point","coordinates":[4.62743,10.22605]}},{"type":"Feature","properties":{"geohash":"s4599r6sdp","settlement_name":"Mahuta","state":"Kebbi","lga":"Fakai","population":25101,"state_population_rank":21,"num_buildings":5320,"nightlight_signal":"nightlight_detected","distance_to_existing_transmission_lines":0.0,"distance_to_existing_hv_transmission_lines":48.89,"distance_to_gridlight_targets":0.0,"main_road_access":true,"dist_main_road_km":0.0,"has_education_facility":true,"has_health_facility":true,"_label":"Mahuta","_status_group":"unknown","_year":2025,"_year_label":"Source release year","_states":["Kebbi"]},"geometry":{"type":"Point","coordinates":[4.98033,11.55431]}},{"type":"Feature","properties":{"geohash":"s44ypt7mvk","settlement_name":"Kalgo","state":"Kebbi","lga":"Kalgo","population":24215,"state_population_rank":22,"num_buildings":5201,"nightlight_signal":"nightlight_detected","distance_to_existing_transmission_lines":0.0,"distance_to_existing_hv_transmission_lines":0.94,"distance_to_gridlight_targets":0.0,"main_road_access":true,"dist_main_road_km":0.0,"has_education_facility":true,"has_health_facility":true,"_label":"Kalgo","_status_group":"unknown","_year":2025,"_year_label":"Source release year","_states":["Kebbi"]},"geometry":{"type":"Point","coordinates":[4.20147,12.33454]}},{"type":"Feature","properties":{"geohash":"s45p1gxz3r","settlement_name":"Zauro","state":"Kebbi","lga":"Birnin Kebbi","population":23394,"state_population_rank":23,"num_buildings":4922,"nightlight_signal":"nightlight_detected","distance_to_existing_transmission_lines":0.0,"distance_to_existing_hv_transmission_lines":1.11,"distance_to_gridlight_targets":0.0,"main_road_access":true,"dist_main_road_km":0.0,"has_education_facility":true,"has_health_facility":true,"_label":"Zauro","_status_group":"unknown","_year":2025,"_year_label":"Source release year","_states":["Kebbi"]},"geometry":{"type":"Point","coordinates":[4.30635,12.50098]}},{"type":"Feature","properties":{"geohash":"s45n9kx03r","settlement_name":"Birnin Kebbi","state":"Kebbi","lga":"Birnin Kebbi","population":22673,"state_population_rank":24,"num_buildings":4834,"nightlight_signal":"nightlight_detected","distance_to_existing_transmission_lines":0.0,"distance_to_existing_hv_transmission_lines":4.68,"distance_to_gridlight_targets":0.0,"main_road_access":true,"dist_main_road_km":0.0,"has_education_facility":true,"has_health_facility":true,"_label":"Birnin Kebbi","_status_group":"unknown","_year":2025,"_year_label":"Source release year","_states":["Kebbi"]},"geometry":{"type":"Point","coordinates":[4.28336,12.41738]}},{"type":"Feature","properties":{"geohash":"s44cvcercr","settlement_name":"Bagudo","state":"Kebbi","lga":"Bagudo","population":21093,"state_population_rank":25,"num_buildings":4374,"nightlight_signal":"nightlight_detected","distance_to_existing_transmission_lines":0.0,"distance_to_existing_hv_transmission_lines":41.76,"distance_to_gridlight_targets":0.0,"main_road_access":true,"dist_main_road_km":0.0,"has_education_facility":true,"has_health_facility":true,"_label":"Bagudo","_status_group":"unknown","_year":2025,"_year_label":"Source release year","_states":["Kebbi"]},"geometry":{"type":"Point","coordinates":[4.12439,11.56723]}},{"type":"Feature","properties":{"geohash":"s45hex23kg","settlement_name":"Masama","state":"Kebbi","lga":"Maiyama","population":19738,"state_population_rank":26,"num_buildings":4058,"nightlight_signal":"nightlight_detected","distance_to_existing_transmission_lines":0.0,"distance_to_existing_hv_transmission_lines":1.71,"distance_to_gridlight_targets":0.0,"main_road_access":true,"dist_main_road_km":0.0,"has_education_facility":true,"has_health_facility":true,"_label":"Masama","_status_group":"unknown","_year":2025,"_year_label":"Source release year","_states":["Kebbi"]},"geometry":{"type":"Point","coordinates":[4.37311,12.08107]}},{"type":"Feature","properties":{"geohash":"s1fztgfmkt","settlement_name":"Bagudo","state":"Kebbi","lga":"Bagudo","population":19385,"state_population_rank":27,"num_buildings":4043,"nightlight_signal":"nightlight_detected","distance_to_existing_transmission_lines":0.0,"distance_to_existing_hv_transmission_lines":49.29,"distance_to_gridlight_targets":0.0,"main_road_access":true,"dist_main_road_km":0.0,"has_education_facility":true,"has_health_facility":true,"_label":"Bagudo","_status_group":"unknown","_year":2025,"_year_label":"Source release year","_states":["Kebbi"]},"geometry":{"type":"Point","coordinates":[4.12316,11.18364]}},{"type":"Feature","properties":{"geohash":"s450hgjmdg","settlement_name":"Besse","state":"Kebbi","lga":"Koko/Besse","population":18988,"state_population_rank":28,"num_buildings":3865,"nightlight_signal":"nightlight_detected","distance_to_existing_transmission_lines":0.0,"distance_to_existing_hv_transmission_lines":14.56,"distance_to_gridlight_targets":0.0,"main_road_access":false,"dist_main_road_km":16.76,"has_education_facility":true,"has_health_facility":true,"_label":"Besse","_status_group":"unknown","_year":2025,"_year_label":"Source release year","_states":["Kebbi"]},"geometry":{"type":"Point","coordinates":[4.43482,11.26744]}},{"type":"Feature","properties":{"geohash":"s44d60f421","settlement_name":"Bagudo","state":"Kebbi","lga":"Bagudo","population":18474,"state_population_rank":29,"num_buildings":3968,"nightlight_signal":"no_nightlight_detected","distance_to_existing_transmission_lines":0.0,"distance_to_existing_hv_transmission_lines":92.49,"distance_to_gridlight_targets":5.775,"main_road_access":true,"dist_main_road_km":0.0,"has_education_facility":true,"has_health_facility":true,"_label":"Bagudo","_status_group":"unknown","_year":2025,"_year_label":"Source release year","_states":["Kebbi"]},"geometry":{"type":"Point","coordinates":[3.60627,11.65002]}},{"type":"Feature","properties":{"geohash":"s45h3jzqtm","settlement_name":"Karaye","state":"Kebbi","lga":"Maiyama","population":17923,"state_population_rank":30,"num_buildings":3844,"nightlight_signal":"nightlight_detected","distance_to_existing_transmission_lines":0.0,"distance_to_existing_hv_transmission_lines":9.0,"distance_to_gridlight_targets":0.0,"main_road_access":true,"dist_main_road_km":0.0,"has_education_facility":true,"has_health_facility":true,"_label":"Karaye","_status_group":"unknown","_year":2025,"_year_label":"Source release year","_states":["Kebbi"]},"geometry":{"type":"Point","coordinates":[4.27288,12.0298]}},{"type":"Feature","properties":{"geohash":"s44gz5rq7y","settlement_name":"Suru","state":"Kebbi","lga":"Suru","population":17557,"state_population_rank":31,"num_buildings":3771,"nightlight_signal":"no_nightlight_detected","distance_to_existing_transmission_lines":0.0,"distance_to_existing_hv_transmission_lines":22.08,"distance_to_gridlight_targets":11.295,"main_road_access":true,"dist_main_road_km":0.0,"has_education_facility":true,"has_health_facility":true,"_label":"Suru","_status_group":"unknown","_year":2025,"_year_label":"Source release year","_states":["Kebbi"]},"geometry":{"type":"Point","coordinates":[4.18493,11.92814]}},{"type":"Feature","properties":{"geohash":"s45f8mwzr7","settlement_name":"Danko Maga","state":"Kebbi","lga":"Wasagu/Danko","population":17102,"state_population_rank":32,"num_buildings":3630,"nightlight_signal":"no_nightlight_detected","distance_to_existing_transmission_lines":0.0,"distance_to_existing_hv_transmission_lines":83.09,"distance_to_gridlight_targets":16.023,"main_road_access":true,"dist_main_road_km":0.0,"has_education_facility":true,"has_health_facility":true,"_label":"Danko Maga","_status_group":"unknown","_year":2025,"_year_label":"Source release year","_states":["Kebbi"]},"geometry":{"type":"Point","coordinates":[5.29401,11.72093]}},{"type":"Feature","properties":{"geohash":"s455eyh23v","settlement_name":"Andarai","state":"Kebbi","lga":"Maiyama","population":17054,"state_population_rank":33,"num_buildings":3447,"nightlight_signal":"nightlight_detected","distance_to_existing_transmission_lines":0.0,"distance_to_existing_hv_transmission_lines":4.12,"distance_to_gridlight_targets":0.0,"main_road_access":true,"dist_main_road_km":0.0,"has_education_facility":true,"has_health_facility":true,"_label":"Andarai","_status_group":"unknown","_year":2025,"_year_label":"Source release year","_states":["Kebbi"]},"geometry":{"type":"Point","coordinates":[4.38946,11.89826]}},{"type":"Feature","properties":{"geohash":"s44zjy2v77","settlement_name":"Birnin Kebbi","state":"Kebbi","lga":"Birnin Kebbi","population":15914,"state_population_rank":34,"num_buildings":3300,"nightlight_signal":"no_nightlight_detected","distance_to_existing_transmission_lines":0.0,"distance_to_existing_hv_transmission_lines":4.82,"distance_to_gridlight_targets":6.578,"main_road_access":true,"dist_main_road_km":0.0,"has_education_facility":true,"has_health_facility":true,"_label":"Birnin Kebbi","_status_group":"unknown","_year":2025,"_year_label":"Source release year","_states":["Kebbi"]},"geometry":{"type":"Point","coordinates":[4.12105,12.51572]}},{"type":"Feature","properties":{"geohash":"s449sppb29","settlement_name":"Bagudo","state":"Kebbi","lga":"Bagudo","population":15289,"state_population_rank":35,"num_buildings":3212,"nightlight_signal":"no_nightlight_detected","distance_to_existing_transmission_lines":0.0,"distance_to_existing_hv_transmission_lines":87.89,"distance_to_gridlight_targets":17.207,"main_road_access":true,"dist_main_road_km":0.0,"has_education_facility":true,"has_health_facility":true,"_label":"Bagudo","_status_group":"unknown","_year":2025,"_year_label":"Source release year","_states":["Kebbi"]},"geometry":{"type":"Point","coordinates":[3.70208,11.55218]}},{"type":"Feature","properties":{"geohash":"s44y79evs0","settlement_name":"Diggi","state":"Kebbi","lga":"Kalgo","population":14931,"state_population_rank":36,"num_buildings":3114,"nightlight_signal":"nightlight_detected","distance_to_existing_transmission_lines":0.0,"distance_to_existing_hv_transmission_lines":13.42,"distance_to_gridlight_targets":0.0,"main_road_access":false,"dist_main_road_km":5.17,"has_education_facility":true,"has_health_facility":true,"_label":"Diggi","_status_group":"unknown","_year":2025,"_year_label":"Source release year","_states":["Kebbi"]},"geometry":{"type":"Point","coordinates":[4.02632,12.35782]}},{"type":"Feature","properties":{"geohash":"s45j8jvnt2","settlement_name":"Gubunkure","state":"Kebbi","lga":"Maiyama","population":14624,"state_population_rank":37,"num_buildings":3050,"nightlight_signal":"no_nightlight_detected","distance_to_existing_transmission_lines":0.0,"distance_to_existing_hv_transmission_lines":2.37,"distance_to_gridlight_targets":6.517,"main_road_access":false,"dist_main_road_km":7.05,"has_education_facility":true,"has_health_facility":true,"_label":"Gubunkure","_status_group":"unknown","_year":2025,"_year_label":"Source release year","_states":["Kebbi"]},"geometry":{"type":"Point","coordinates":[4.22585,12.2495]}},{"type":"Feature","properties":{"geohash":"s450148gbg","settlement_name":"Zaria Amiru","state":"Kebbi","lga":"Koko/Besse","population":14430,"state_population_rank":38,"num_buildings":2954,"nightlight_signal":"no_nightlight_detected","distance_to_existing_transmission_lines":11.81,"distance_to_existing_hv_transmission_lines":32.28,"distance_to_gridlight_targets":11.947,"main_road_access":false,"dist_main_road_km":11.82,"has_education_facility":true,"has_health_facility":true,"_label":"Zaria Amiru","_status_group":"unknown","_year":2025,"_year_label":"Source release year","_states":["Kebbi"]},"geometry":{"type":"Point","coordinates":[4.26376,11.2644]}},{"type":"Feature","properties":{"geohash":"s4h0d49f8w","settlement_name":"Kanya","state":"Kebbi","lga":"Wasagu/Danko","population":14417,"state_population_rank":39,"num_buildings":3134,"nightlight_signal":"no_nightlight_detected","distance_to_existing_transmission_lines":0.0,"distance_to_existing_hv_transmission_lines":106.4,"distance_to_gridlight_targets":8.61,"main_road_access":true,"dist_main_road_km":0.0,"has_education_facility":true,"has_health_facility":true,"_label":"Kanya","_status_group":"unknown","_year":2025,"_year_label":"Source release year","_states":["Kebbi"]},"geometry":{"type":"Point","coordinates":[5.71532,11.35209]}},{"type":"Feature","properties":{"geohash":"s45ne45brj","settlement_name":"Birnin Kebbi","state":"Kebbi","lga":"Birnin Kebbi","population":13884,"state_population_rank":40,"num_buildings":2900,"nightlight_signal":"nightlight_detected","distance_to_existing_transmission_lines":0.0,"distance_to_existing_hv_transmission_lines":9.41,"distance_to_gridlight_targets":0.0,"main_road_access":true,"dist_main_road_km":0.0,"has_education_facility":true,"has_health_facility":true,"_label":"Birnin Kebbi","_status_group":"unknown","_year":2025,"_year_label":"Source release year","_states":["Kebbi"]},"geometry":{"type":"Point","coordinates":[4.35605,12.40364]}},{"type":"Feature","properties":{"geohash":"s1k7j6y2te","settlement_name":"Ogaminan","state":"Kogi","lga":"Adavi","population":431063,"state_population_rank":1,"num_buildings":88369,"nightlight_signal":"nightlight_detected","distance_to_existing_transmission_lines":0.0,"distance_to_existing_hv_transmission_lines":0.0,"distance_to_gridlight_targets":0.0,"main_road_access":true,"dist_main_road_km":0.0,"has_education_facility":true,"has_health_facility":true,"_label":"Ogaminan","_status_group":"unknown","_year":2025,"_year_label":"Source release year","_states":["Kogi"]},"geometry":{"type":"Point","coordinates":[6.2161,7.5738]}},{"type":"Feature","properties":{"geohash":"s1ku2ewvr3","settlement_name":"Lokoja","state":"Kogi","lga":"Lokoja","population":423045,"state_population_rank":2,"num_buildings":86234,"nightlight_signal":"nightlight_detected","distance_to_existing_transmission_lines":0.0,"distance_to_existing_hv_transmission_lines":0.0,"distance_to_gridlight_targets":0.0,"main_road_access":true,"dist_main_road_km":0.0,"has_education_facility":true,"has_health_facility":true,"_label":"Lokoja","_status_group":"unknown","_year":2025,"_year_label":"Source release year","_states":["Kogi"]},"geometry":{"type":"Point","coordinates":[6.71125,7.79845]}},{"type":"Feature","properties":{"geohash":"s1m4ehp1zk","settlement_name":"Ayangba","state":"Kogi","lga":"Dekina","population":169029,"state_population_rank":3,"num_buildings":35563,"nightlight_signal":"nightlight_detected","distance_to_existing_transmission_lines":0.0,"distance_to_existing_hv_transmission_lines":50.13,"distance_to_gridlight_targets":0.0,"main_road_access":true,"dist_main_road_km":0.0,"has_education_facility":true,"has_health_facility":true,"_label":"Ayangba","_status_group":"unknown","_year":2025,"_year_label":"Source release year","_states":["Kogi"]},"geometry":{"type":"Point","coordinates":[7.17302,7.493]}},{"type":"Feature","properties":{"geohash":"s1m6js648m","settlement_name":"Ankpa","state":"Kogi","lga":"Ankpa","population":137886,"state_population_rank":4,"num_buildings":28267,"nightlight_signal":"nightlight_detected","distance_to_existing_transmission_lines":0.0,"distance_to_existing_hv_transmission_lines":27.0,"distance_to_gridlight_targets":0.0,"main_road_access":true,"dist_main_road_km":0.0,"has_education_facility":true,"has_health_facility":true,"_label":"Ankpa","_status_group":"unknown","_year":2025,"_year_label":"Source release year","_states":["Kogi"]},"geometry":{"type":"Point","coordinates":[7.62727,7.40662]}},{"type":"Feature","properties":{"geohash":"s1kb9b799e","settlement_name":"Location #121","state":"Kogi","lga":"Idah","population":127999,"state_population_rank":5,"num_buildings":27534,"nightlight_signal":"nightlight_detected","distance_to_existing_transmission_lines":0.0,"distance_to_existing_hv_transmission_lines":35.66,"distance_to_gridlight_targets":0.0,"main_road_access":true,"dist_main_road_km":0.0,"has_education_facility":true,"has_health_facility":true,"_label":"Location #121","_status_group":"unknown","_year":2025,"_year_label":"Source release year","_states":["Kogi"]},"geometry":{"type":"Point","coordinates":[6.76147,7.12079]}},{"type":"Feature","properties":{"geohash":"s1kkd22u4q","settlement_name":"Kabba","state":"Kogi","lga":"Kabba/Bunu","population":107882,"state_population_rank":6,"num_buildings":22566,"nightlight_signal":"nightlight_detected","distance_to_existing_transmission_lines":0.0,"distance_to_existing_hv_transmission_lines":29.73,"distance_to_gridlight_targets":0.0,"main_road_access":true,"dist_main_road_km":0.0,"has_education_facility":true,"has_health_facility":true,"_label":"Kabba","_status_group":"unknown","_year":2025,"_year_label":"Source release year","_states":["Kogi"]},"geometry":{"type":"Point","coordinates":[6.07657,7.82436]}},{"type":"Feature","properties":{"geohash":"s1kphdex97","settlement_name":"Location #325","state":"Kogi","lga":"Yagba East","population":48209,"state_population_rank":7,"num_buildings":9883,"nightlight_signal":"nightlight_detected","distance_to_existing_transmission_lines":0.0,"distance_to_existing_hv_transmission_lines":78.62,"distance_to_gridlight_targets":0.0,"main_road_access":true,"dist_main_road_km":0.0,"has_education_facility":true,"has_health_facility":true,"_label":"Location #325","_status_group":"unknown","_year":2025,"_year_label":"Source release year","_states":["Kogi"]},"geometry":{"type":"Point","coordinates":[5.82762,8.27676]}},{"type":"Feature","properties":{"geohash":"s17yv25942","settlement_name":"Oke-Eri","state":"Kogi","lga":"Yagba West","population":47173,"state_population_rank":8,"num_buildings":9796,"nightlight_signal":"nightlight_detected","distance_to_existing_transmission_lines":0.0,"distance_to_existing_hv_transmission_lines":43.77,"distance_to_gridlight_targets":0.0,"main_road_access":true,"dist_main_road_km":0.0,"has_education_facility":true,"has_health_facility":true,"_label":"Oke-Eri","_status_group":"unknown","_year":2025,"_year_label":"Source release year","_states":["Kogi"]},"geometry":{"type":"Point","coordinates":[5.50906,8.21795]}},{"type":"Feature","properties":{"geohash":"s1m7j2xrks","settlement_name":"Location #358","state":"Kogi","lga":"Ankpa","population":44568,"state_population_rank":9,"num_buildings":9377,"nightlight_signal":"no_nightlight_detected","distance_to_existing_transmission_lines":0.0,"distance_to_existing_hv_transmission_lines":46.1,"distance_to_gridlight_targets":6.585,"main_road_access":true,"dist_main_road_km":0.0,"has_education_facility":true,"has_health_facility":true,"_label":"Location #358","_status_group":"unknown","_year":2025,"_year_label":"Source release year","_states":["Kogi"]},"geometry":{"type":"Point","coordinates":[7.62368,7.56261]}},{"type":"Feature","properties":{"geohash":"s1m2ursgjb","settlement_name":"Location #369","state":"Kogi","lga":"Olamabolo","population":42166,"state_population_rank":10,"num_buildings":9125,"nightlight_signal":"nightlight_detected","distance_to_existing_transmission_lines":0.0,"distance_to_existing_hv_transmission_lines":9.29,"distance_to_gridlight_targets":0.0,"main_road_access":true,"dist_main_road_km":0.0,"has_education_facility":true,"has_health_facility":true,"_label":"Location #369","_status_group":"unknown","_year":2025,"_year_label":"Source release year","_states":["Kogi"]},"geometry":{"type":"Point","coordinates":[7.57635,7.2048]}},{"type":"Feature","properties":{"geohash":"s1m4scpfs8","settlement_name":"Ogume","state":"Kogi","lga":"Dekina","population":36780,"state_population_rank":11,"num_buildings":7853,"nightlight_signal":"nightlight_detected","distance_to_existing_transmission_lines":0.0,"distance_to_existing_hv_transmission_lines":60.39,"distance_to_gridlight_targets":0.0,"main_road_access":true,"dist_main_road_km":0.0,"has_education_facility":true,"has_health_facility":true,"_label":"Ogume","_status_group":"unknown","_year":2025,"_year_label":"Source release year","_states":["Kogi"]},"geometry":{"type":"Point","coordinates":[7.25083,7.47663]}},{"type":"Feature","properties":{"geohash":"s1mkdyt1ff","settlement_name":"Abajukolo","state":"Kogi","lga":"Omala","population":34232,"state_population_rank":12,"num_buildings":6968,"nightlight_signal":"nightlight_detected","distance_to_existing_transmission_lines":0.0,"distance_to_existing_hv_transmission_lines":80.64,"distance_to_gridlight_targets":0.0,"main_road_access":true,"dist_main_road_km":0.0,"has_education_facility":true,"has_health_facility":true,"_label":"Abajukolo","_status_group":"unknown","_year":2025,"_year_label":"Source release year","_states":["Kogi"]},"geometry":{"type":"Point","coordinates":[7.51065,7.85829]}},{"type":"Feature","properties":{"geohash":"s1m6w339uh","settlement_name":"Location #485","state":"Kogi","lga":"Ankpa","population":34202,"state_population_rank":13,"num_buildings":7072,"nightlight_signal":"no_nightlight_detected","distance_to_existing_transmission_lines":0.0,"distance_to_existing_hv_transmission_lines":36.56,"distance_to_gridlight_targets":3.275,"main_road_access":false,"dist_main_road_km":0.91,"has_education_facility":true,"has_health_facility":true,"_label":"Location #485","_status_group":"unknown","_year":2025,"_year_label":"Source release year","_states":["Kogi"]},"geometry":{"type":"Point","coordinates":[7.6597,7.4779]}},{"type":"Feature","properties":{"geohash":"s1km2m8t4f","settlement_name":"Aiyetoro Gbede","state":"Kogi","lga":"Ijumu","population":32656,"state_population_rank":14,"num_buildings":6801,"nightlight_signal":"nightlight_detected","distance_to_existing_transmission_lines":0.0,"distance_to_existing_hv_transmission_lines":52.3,"distance_to_gridlight_targets":0.0,"main_road_access":true,"dist_main_road_km":0.0,"has_education_facility":true,"has_health_facility":true,"_label":"Aiyetoro Gbede","_status_group":"unknown","_year":2025,"_year_label":"Source release year","_states":["Kogi"]},"geometry":{"type":"Point","coordinates":[5.98836,7.98519]}},{"type":"Feature","properties":{"geohash":"s1m3x067hf","settlement_name":"Imane","state":"Kogi","lga":"Ankpa","population":29516,"state_population_rank":15,"num_buildings":6192,"nightlight_signal":"nightlight_detected","distance_to_existing_transmission_lines":5.91,"distance_to_existing_hv_transmission_lines":15.49,"distance_to_gridlight_targets":0.0,"main_road_access":false,"dist_main_road_km":5.91,"has_education_facility":true,"has_health_facility":true,"_label":"Imane","_status_group":"unknown","_year":2025,"_year_label":"Source release year","_states":["Kogi"]},"geometry":{"type":"Point","coordinates":[7.69373,7.29683]}},{"type":"Feature","properties":{"geohash":"s1m1cesg3g","settlement_name":"Ejule","state":"Kogi","lga":"Ofu","population":29089,"state_population_rank":16,"num_buildings":6248,"nightlight_signal":"nightlight_detected","distance_to_existing_transmission_lines":0.0,"distance_to_existing_hv_transmission_lines":46.65,"distance_to_gridlight_targets":0.0,"main_road_access":true,"dist_main_road_km":0.0,"has_education_facility":true,"has_health_facility":true,"_label":"Ejule","_status_group":"unknown","_year":2025,"_year_label":"Source release year","_states":["Kogi"]},"geometry":{"type":"Point","coordinates":[7.10377,7.35867]}},{"type":"Feature","properties":{"geohash":"s1kbg666db","settlement_name":"Ajaka","state":"Kogi","lga":"Igalamela-Odolu","population":28208,"state_population_rank":17,"num_buildings":6207,"nightlight_signal":"nightlight_detected","distance_to_existing_transmission_lines":0.0,"distance_to_existing_hv_transmission_lines":35.29,"distance_to_gridlight_targets":0.0,"main_road_access":true,"dist_main_road_km":0.0,"has_education_facility":true,"has_health_facility":true,"_label":"Ajaka","_status_group":"unknown","_year":2025,"_year_label":"Source release year","_states":["Kogi"]},"geometry":{"type":"Point","coordinates":[6.82572,7.17587]}},{"type":"Feature","properties":{"geohash":"s1m58r6m8h","settlement_name":"Dekina","state":"Kogi","lga":"Dekina","population":25620,"state_population_rank":18,"num_buildings":5215,"nightlight_signal":"nightlight_detected","distance_to_existing_transmission_lines":0.0,"distance_to_existing_hv_transmission_lines":33.53,"distance_to_gridlight_targets":0.0,"main_road_access":true,"dist_main_road_km":0.0,"has_education_facility":true,"has_health_facility":true,"_label":"Dekina","_status_group":"unknown","_year":2025,"_year_label":"Source release year","_states":["Kogi"]},"geometry":{"type":"Point","coordinates":[7.04533,7.68728]}},{"type":"Feature","properties":{"geohash":"s1kgp18x44","settlement_name":"Location #646","state":"Kogi","lga":"Dekina","population":25348,"state_population_rank":19,"num_buildings":5502,"nightlight_signal":"nightlight_detected","distance_to_existing_transmission_lines":0.0,"distance_to_existing_hv_transmission_lines":31.8,"distance_to_gridlight_targets":0.0,"main_road_access":true,"dist_main_road_km":0.0,"has_education_facility":true,"has_health_facility":true,"_label":"Location #646","_status_group":"unknown","_year":2025,"_year_label":"Source release year","_states":["Kogi"]},"geometry":{"type":"Point","coordinates":[6.98808,7.56805]}},{"type":"Feature","properties":{"geohash":"s1m2dnpn5d","settlement_name":"Eke","state":"Kogi","lga":"Olamabolo","population":24694,"state_population_rank":20,"num_buildings":5296,"nightlight_signal":"nightlight_detected","distance_to_existing_transmission_lines":0.0,"distance_to_existing_hv_transmission_lines":16.32,"distance_to_gridlight_targets":0.0,"main_road_access":true,"dist_main_road_km":0.0,"has_education_facility":true,"has_health_facility":true,"_label":"Eke","_status_group":"unknown","_year":2025,"_year_label":"Source release year","_states":["Kogi"]},"geometry":{"type":"Point","coordinates":[7.48047,7.15314]}},{"type":"Feature","properties":{"geohash":"s1kt46h02b","settlement_name":"Lokoja","state":"Kogi","lga":"Lokoja","population":24469,"state_population_rank":21,"num_buildings":5148,"nightlight_signal":"nightlight_detected","distance_to_existing_transmission_lines":0.0,"distance_to_existing_hv_transmission_lines":4.89,"distance_to_gridlight_targets":0.0,"main_road_access":true,"dist_main_road_km":0.0,"has_education_facility":true,"has_health_facility":true,"_label":"Lokoja","_status_group":"unknown","_year":2025,"_year_label":"Source release year","_states":["Kogi"]},"geometry":{"type":"Point","coordinates":[6.43253,7.92119]}},{"type":"Feature","properties":{"geohash":"s1knnhd801","settlement_name":"Mopa","state":"Kogi","lga":"Mopa-Muro","population":21693,"state_population_rank":22,"num_buildings":4625,"nightlight_signal":"nightlight_detected","distance_to_existing_transmission_lines":0.0,"distance_to_existing_hv_transmission_lines":67.94,"distance_to_gridlight_targets":0.0,"main_road_access":true,"dist_main_road_km":0.0,"has_education_facility":true,"has_health_facility":true,"_label":"Mopa","_status_group":"unknown","_year":2025,"_year_label":"Source release year","_states":["Kogi"]},"geometry":{"type":"Point","coordinates":[5.89211,8.11067]}},{"type":"Feature","properties":{"geohash":"s1kcjmpu41","settlement_name":"Ugwolawo","state":"Kogi","lga":"Ofu","population":21416,"state_population_rank":23,"num_buildings":4593,"nightlight_signal":"nightlight_detected","distance_to_existing_transmission_lines":0.0,"distance_to_existing_hv_transmission_lines":37.52,"distance_to_gridlight_targets":0.0,"main_road_access":true,"dist_main_road_km":0.0,"has_education_facility":true,"has_health_facility":true,"_label":"Ugwolawo","_status_group":"unknown","_year":2025,"_year_label":"Source release year","_states":["Kogi"]},"geometry":{"type":"Point","coordinates":[6.92113,7.23519]}},{"type":"Feature","properties":{"geohash":"s1m5qmxj2e","settlement_name":"Ayale","state":"Kogi","lga":"Dekina","population":21399,"state_population_rank":24,"num_buildings":4412,"nightlight_signal":"nightlight_detected","distance_to_existing_transmission_lines":0.0,"distance_to_existing_hv_transmission_lines":64.05,"distance_to_gridlight_targets":0.0,"main_road_access":true,"dist_main_road_km":0.0,"has_education_facility":true,"has_health_facility":true,"_label":"Ayale","_status_group":"unknown","_year":2025,"_year_label":"Source release year","_states":["Kogi"]},"geometry":{"type":"Point","coordinates":[7.31555,7.63367]}},{"type":"Feature","properties":{"geohash":"s1kf1p41g4","settlement_name":"Itobe","state":"Kogi","lga":"Ofu","population":21194,"state_population_rank":25,"num_buildings":4350,"nightlight_signal":"nightlight_detected","distance_to_existing_transmission_lines":0.0,"distance_to_existing_hv_transmission_lines":7.8,"distance_to_gridlight_targets":0.0,"main_road_access":true,"dist_main_road_km":0.0,"has_education_facility":true,"has_health_facility":true,"_label":"Itobe","_status_group":"unknown","_year":2025,"_year_label":"Source release year","_states":["Kogi"]},"geometry":{"type":"Point","coordinates":[6.72651,7.42158]}},{"type":"Feature","properties":{"geohash":"s1kst9h98n","settlement_name":"Location #873","state":"Kogi","lga":"Adavi","population":20529,"state_population_rank":26,"num_buildings":4332,"nightlight_signal":"nightlight_detected","distance_to_existing_transmission_lines":0.0,"distance_to_existing_hv_transmission_lines":0.0,"distance_to_gridlight_targets":0.0,"main_road_access":true,"dist_main_road_km":0.0,"has_education_facility":true,"has_health_facility":true,"_label":"Location #873","_status_group":"unknown","_year":2025,"_year_label":"Source release year","_states":["Kogi"]},"geometry":{"type":"Point","coordinates":[6.57601,7.82805]}},{"type":"Feature","properties":{"geohash":"s1m6pq7up2","settlement_name":"Emabo","state":"Kogi","lga":"Ankpa","population":16357,"state_population_rank":27,"num_buildings":3477,"nightlight_signal":"no_nightlight_detected","distance_to_existing_transmission_lines":0.0,"distance_to_existing_hv_transmission_lines":28.92,"distance_to_gridlight_targets":4.16,"main_road_access":true,"dist_main_road_km":0.0,"has_education_facility":true,"has_health_facility":true,"_label":"Emabo","_status_group":"unknown","_year":2025,"_year_label":"Source release year","_states":["Kogi"]},"geometry":{"type":"Point","coordinates":[7.70688,7.41784]}},{"type":"Feature","properties":{"geohash":"s1kdg0npuw","settlement_name":"Ajaokuta","state":"Kogi","lga":"Ajaokuta","population":16139,"state_population_rank":28,"num_buildings":3482,"nightlight_signal":"nightlight_detected","distance_to_existing_transmission_lines":0.0,"distance_to_existing_hv_transmission_lines":0.0,"distance_to_gridlight_targets":0.0,"main_road_access":true,"dist_main_road_km":0.0,"has_education_facility":true,"has_health_facility":true,"_label":"Ajaokuta","_status_group":"unknown","_year":2025,"_year_label":"Source release year","_states":["Kogi"]},"geometry":{"type":"Point","coordinates":[6.4684,7.51602]}},{"type":"Feature","properties":{"geohash":"s1kht9cx1t","settlement_name":"Ekinrin","state":"Kogi","lga":"Ijumu","population":16116,"state_population_rank":29,"num_buildings":3557,"nightlight_signal":"nightlight_detected","distance_to_existing_transmission_lines":0.0,"distance_to_existing_hv_transmission_lines":48.22,"distance_to_gridlight_targets":0.0,"main_road_access":true,"dist_main_road_km":0.0,"has_education_facility":true,"has_health_facility":true,"_label":"Ekinrin","_status_group":"unknown","_year":2025,"_year_label":"Source release year","_states":["Kogi"]},"geometry":{"type":"Point","coordinates":[5.86883,7.83311]}},{"type":"Feature","properties":{"geohash":"s1kfz0ckzh","settlement_name":"Mamerebo","state":"Kogi","lga":"Dekina","population":15980,"state_population_rank":30,"num_buildings":3402,"nightlight_signal":"nightlight_detected","distance_to_existing_transmission_lines":0.0,"distance_to_existing_hv_transmission_lines":32.98,"distance_to_gridlight_targets":0.0,"main_road_access":true,"dist_main_road_km":0.0,"has_education_facility":true,"has_health_facility":true,"_label":"Mamerebo","_status_group":"unknown","_year":2025,"_year_label":"Source release year","_states":["Kogi"]},"geometry":{"type":"Point","coordinates":[6.98933,7.51961]}},{"type":"Feature","properties":{"geohash":"s17yyq6cvq","settlement_name":"Eri","state":"Kogi","lga":"Yagba West","population":15820,"state_population_rank":31,"num_buildings":3309,"nightlight_signal":"nightlight_detected","distance_to_existing_transmission_lines":0.0,"distance_to_existing_hv_transmission_lines":49.93,"distance_to_gridlight_targets":0.0,"main_road_access":true,"dist_main_road_km":0.0,"has_education_facility":true,"has_health_facility":true,"_label":"Eri","_status_group":"unknown","_year":2025,"_year_label":"Source release year","_states":["Kogi"]},"geometry":{"type":"Point","coordinates":[5.5521,8.25244]}},{"type":"Feature","properties":{"geohash":"s1kenbpxup","settlement_name":"Ajaokuta","state":"Kogi","lga":"Ajaokuta","population":15475,"state_population_rank":32,"num_buildings":3237,"nightlight_signal":"nightlight_detected","distance_to_existing_transmission_lines":0.0,"distance_to_existing_hv_transmission_lines":0.11,"distance_to_gridlight_targets":0.0,"main_road_access":true,"dist_main_road_km":0.0,"has_education_facility":true,"has_health_facility":true,"_label":"Ajaokuta","_status_group":"unknown","_year":2025,"_year_label":"Source release year","_states":["Kogi"]},"geometry":{"type":"Point","coordinates":[6.63524,7.55997]}},{"type":"Feature","properties":{"geohash":"s1kvfzbzzg","settlement_name":"Koton Karifi","state":"Kogi","lga":"Kogi","population":14902,"state_population_rank":33,"num_buildings":3077,"nightlight_signal":"nightlight_detected","distance_to_existing_transmission_lines":0.0,"distance_to_existing_hv_transmission_lines":0.02,"distance_to_gridlight_targets":0.0,"main_road_access":true,"dist_main_road_km":0.0,"has_education_facility":true,"has_health_facility":true,"_label":"Koton Karifi","_status_group":"unknown","_year":2025,"_year_label":"Source release year","_states":["Kogi"]},"geometry":{"type":"Point","coordinates":[6.80191,8.08591]}},{"type":"Feature","properties":{"geohash":"s1khxgsmxu","settlement_name":"Iyara","state":"Kogi","lga":"Ijumu","population":14703,"state_population_rank":34,"num_buildings":3158,"nightlight_signal":"nightlight_detected","distance_to_existing_transmission_lines":0.0,"distance_to_existing_hv_transmission_lines":40.56,"distance_to_gridlight_targets":0.0,"main_road_access":true,"dist_main_road_km":0.0,"has_education_facility":true,"has_health_facility":true,"_label":"Iyara","_status_group":"unknown","_year":2025,"_year_label":"Source release year","_states":["Kogi"]},"geometry":{"type":"Point","coordinates":[5.97175,7.84246]}},{"type":"Feature","properties":{"geohash":"s1m74pntzh","settlement_name":"Itama","state":"Kogi","lga":"Omala","population":13489,"state_population_rank":35,"num_buildings":2906,"nightlight_signal":"nightlight_detected","distance_to_existing_transmission_lines":0.0,"distance_to_existing_hv_transmission_lines":55.81,"distance_to_gridlight_targets":0.0,"main_road_access":true,"dist_main_road_km":0.0,"has_education_facility":true,"has_health_facility":true,"_label":"Itama","_status_group":"unknown","_year":2025,"_year_label":"Source release year","_states":["Kogi"]},"geometry":{"type":"Point","coordinates":[7.47993,7.59806]}},{"type":"Feature","properties":{"geohash":"s1m27244rb","settlement_name":"Location #1417","state":"Kogi","lga":"Olamabolo","population":13026,"state_population_rank":36,"num_buildings":2773,"nightlight_signal":"nightlight_detected","distance_to_existing_transmission_lines":1.94,"distance_to_existing_hv_transmission_lines":7.23,"distance_to_gridlight_targets":0.0,"main_road_access":false,"dist_main_road_km":6.36,"has_education_facility":true,"has_health_facility":true,"_label":"Location #1417","_status_group":"unknown","_year":2025,"_year_label":"Source release year","_states":["Kogi"]},"geometry":{"type":"Point","coordinates":[7.52872,7.07559]}},{"type":"Feature","properties":{"geohash":"s1kczb9j5k","settlement_name":"Ugwolawo","state":"Kogi","lga":"Ofu","population":12375,"state_population_rank":37,"num_buildings":2674,"nightlight_signal":"nightlight_detected","distance_to_existing_transmission_lines":0.0,"distance_to_existing_hv_transmission_lines":39.72,"distance_to_gridlight_targets":0.0,"main_road_access":true,"dist_main_road_km":0.0,"has_education_facility":true,"has_health_facility":true,"_label":"Ugwolawo","_status_group":"unknown","_year":2025,"_year_label":"Source release year","_states":["Kogi"]},"geometry":{"type":"Point","coordinates":[7.02178,7.3425]}},{"type":"Feature","properties":{"geohash":"s1ke2p5cws","settlement_name":"Abobo","state":"Kogi","lga":"Okehi","population":12145,"state_population_rank":38,"num_buildings":2574,"nightlight_signal":"nightlight_detected","distance_to_existing_transmission_lines":0.0,"distance_to_existing_hv_transmission_lines":1.2,"distance_to_gridlight_targets":0.0,"main_road_access":true,"dist_main_road_km":0.0,"has_education_facility":true,"has_health_facility":true,"_label":"Abobo","_status_group":"unknown","_year":2025,"_year_label":"Source release year","_states":["Kogi"]},"geometry":{"type":"Point","coordinates":[6.33356,7.64127]}},{"type":"Feature","properties":{"geohash":"s1m6ttnweu","settlement_name":"Ankpa","state":"Kogi","lga":"Ankpa","population":12116,"state_population_rank":39,"num_buildings":2849,"nightlight_signal":"no_nightlight_detected","distance_to_existing_transmission_lines":0.0,"distance_to_existing_hv_transmission_lines":39.06,"distance_to_gridlight_targets":5.927,"main_road_access":true,"dist_main_road_km":0.0,"has_education_facility":true,"has_health_facility":true,"_label":"Ankpa","_status_group":"unknown","_year":2025,"_year_label":"Source release year","_states":["Kogi"]},"geometry":{"type":"Point","coordinates":[7.6336,7.49931]}},{"type":"Feature","properties":{"geohash":"s1mhch77yp","settlement_name":"Bishua","state":"Kogi","lga":"Bassa","population":12114,"state_population_rank":40,"num_buildings":2686,"nightlight_signal":"no_nightlight_detected","distance_to_existing_transmission_lines":0.39,"distance_to_existing_hv_transmission_lines":37.05,"distance_to_gridlight_targets":0.178,"main_road_access":true,"dist_main_road_km":0.0,"has_education_facility":true,"has_health_facility":true,"_label":"Bishua","_status_group":"unknown","_year":2025,"_year_label":"Source release year","_states":["Kogi"]},"geometry":{"type":"Point","coordinates":[7.07992,7.89024]}},{"type":"Feature","properties":{"geohash":"s1e0pxrrtp","settlement_name":"Ìlọrin","state":"Kwara","lga":"Ilorin West","population":1743672,"state_population_rank":1,"num_buildings":365259,"nightlight_signal":"nightlight_detected","distance_to_existing_transmission_lines":0.0,"distance_to_existing_hv_transmission_lines":7.22,"distance_to_gridlight_targets":0.0,"main_road_access":true,"dist_main_road_km":0.0,"has_education_facility":true,"has_health_facility":true,"_label":"Ìlọrin","_status_group":"unknown","_year":2025,"_year_label":"Source release year","_states":["Kwara"]},"geometry":{"type":"Point","coordinates":[4.55851,8.47865]}},{"type":"Feature","properties":{"geohash":"s17q7k6t28","settlement_name":"Offa","state":"Kwara","lga":"Offa","population":284399,"state_population_rank":2,"num_buildings":59402,"nightlight_signal":"nightlight_detected","distance_to_existing_transmission_lines":0.0,"distance_to_existing_hv_transmission_lines":0.0,"distance_to_gridlight_targets":0.0,"main_road_access":true,"dist_main_road_km":0.0,"has_education_facility":true,"has_health_facility":true,"_label":"Offa","_status_group":"unknown","_year":2025,"_year_label":"Source release year","_states":["Kwara"]},"geometry":{"type":"Point","coordinates":[4.7166,8.15414]}},{"type":"Feature","properties":{"geohash":"s17wk1n1vu","settlement_name":"Omu Aran","state":"Kwara","lga":"Irepodun","population":77638,"state_population_rank":3,"num_buildings":16053,"nightlight_signal":"nightlight_detected","distance_to_existing_transmission_lines":0.0,"distance_to_existing_hv_transmission_lines":0.0,"distance_to_gridlight_targets":0.0,"main_road_access":true,"dist_main_road_km":0.0,"has_education_facility":true,"has_health_facility":true,"_label":"Omu Aran","_status_group":"unknown","_year":2025,"_year_label":"Source release year","_states":["Kwara"]},"geometry":{"type":"Point","coordinates":[5.10615,8.1357]}},{"type":"Feature","properties":{"geohash":"s17pv8m9ys","settlement_name":"Location #240","state":"Kwara","lga":"Asa","population":59533,"state_population_rank":4,"num_buildings":13262,"nightlight_signal":"nightlight_detected","distance_to_existing_transmission_lines":0.0,"distance_to_existing_hv_transmission_lines":22.64,"distance_to_gridlight_targets":0.0,"main_road_access":true,"dist_main_road_km":0.0,"has_education_facility":true,"has_health_facility":true,"_label":"Location #240","_status_group":"unknown","_year":2025,"_year_label":"Source release year","_states":["Kwara"]},"geometry":{"type":"Point","coordinates":[4.46829,8.39525]}},{"type":"Feature","properties":{"geohash":"s1ef74vjsd","settlement_name":"Lafiagi","state":"Kwara","lga":"Edu","population":45361,"state_population_rank":5,"num_buildings":9286,"nightlight_signal":"nightlight_detected","distance_to_existing_transmission_lines":0.0,"distance_to_existing_hv_transmission_lines":54.16,"distance_to_gridlight_targets":0.0,"main_road_access":false,"dist_main_road_km":7.96,"has_education_facility":true,"has_health_facility":true,"_label":"Lafiagi","_status_group":"unknown","_year":2025,"_year_label":"Source release year","_states":["Kwara"]},"geometry":{"type":"Point","coordinates":[5.41234,8.84907]}},{"type":"Feature","properties":{"geohash":"s1dy9s7hk4","settlement_name":"Kaiama","state":"Kwara","lga":"Kaiama","population":40868,"state_population_rank":6,"num_buildings":8726,"nightlight_signal":"nightlight_detected","distance_to_existing_transmission_lines":0.0,"distance_to_existing_hv_transmission_lines":69.3,"distance_to_gridlight_targets":0.0,"main_road_access":true,"dist_main_road_km":0.0,"has_education_facility":true,"has_health_facility":true,"_label":"Kaiama","_status_group":"unknown","_year":2025,"_year_label":"Source release year","_states":["Kwara"]},"geometry":{"type":"Point","coordinates":[3.9374,9.60417]}},{"type":"Feature","properties":{"geohash":"s17qz4qryk","settlement_name":"Oro","state":"Kwara","lga":"Irepodun","population":40158,"state_population_rank":7,"num_buildings":8449,"nightlight_signal":"nightlight_detected","distance_to_existing_transmission_lines":0.0,"distance_to_existing_hv_transmission_lines":4.05,"distance_to_gridlight_targets":0.0,"main_road_access":true,"dist_main_road_km":0.0,"has_education_facility":true,"has_health_facility":true,"_label":"Oro","_status_group":"unknown","_year":2025,"_year_label":"Source release year","_states":["Kwara"]},"geometry":{"type":"Point","coordinates":[4.88679,8.23148]}},{"type":"Feature","properties":{"geohash":"s1s1e58ycr","settlement_name":"Pategi","state":"Kwara","lga":"Pategi","population":37994,"state_population_rank":8,"num_buildings":7959,"nightlight_signal":"nightlight_detected","distance_to_existing_transmission_lines":0.0,"distance_to_existing_hv_transmission_lines":53.6,"distance_to_gridlight_targets":0.0,"main_road_access":true,"dist_main_road_km":0.0,"has_education_facility":true,"has_health_facility":true,"_label":"Pategi","_status_group":"unknown","_year":2025,"_year_label":"Source release year","_states":["Kwara"]},"geometry":{"type":"Point","coordinates":[5.75793,8.7216]}},{"type":"Feature","properties":{"geohash":"s1ed1nn17u","settlement_name":"Location #446","state":"Kwara","lga":"Ifelodun","population":37716,"state_population_rank":9,"num_buildings":7821,"nightlight_signal":"nightlight_detected","distance_to_existing_transmission_lines":0.0,"distance_to_existing_hv_transmission_lines":14.88,"distance_to_gridlight_targets":0.0,"main_road_access":true,"dist_main_road_km":0.0,"has_education_facility":true,"has_health_facility":true,"_label":"Location #446","_status_group":"unknown","_year":2025,"_year_label":"Source release year","_states":["Kwara"]},"geometry":{"type":"Point","coordinates":[4.97422,8.82226]}},{"type":"Feature","properties":{"geohash":"s17wj1p1tm","settlement_name":"Location #624","state":"Kwara","lga":"Oke-Ero","population":27638,"state_population_rank":10,"num_buildings":5723,"nightlight_signal":"nightlight_detected","distance_to_existing_transmission_lines":0.0,"distance_to_existing_hv_transmission_lines":6.86,"distance_to_gridlight_targets":0.0,"main_road_access":true,"dist_main_road_km":0.0,"has_education_facility":true,"has_health_facility":true,"_label":"Location #624","_status_group":"unknown","_year":2025,"_year_label":"Source release year","_states":["Kwara"]},"geometry":{"type":"Point","coordinates":[5.15144,8.09172]}},{"type":"Feature","properties":{"geohash":"s17q518kud","settlement_name":"Erin Ile","state":"Kwara","lga":"Oyun","population":25382,"state_population_rank":11,"num_buildings":5663,"nightlight_signal":"nightlight_detected","distance_to_existing_transmission_lines":0.0,"distance_to_existing_hv_transmission_lines":4.6,"distance_to_gridlight_targets":0.0,"main_road_access":true,"dist_main_road_km":0.0,"has_education_facility":true,"has_health_facility":true,"_label":"Erin Ile","_status_group":"unknown","_year":2025,"_year_label":"Source release year","_states":["Kwara"]},"geometry":{"type":"Point","coordinates":[4.70269,8.09501]}},{"type":"Feature","properties":{"geohash":"s17tyvzpbe","settlement_name":"Araromi-Opin","state":"Kwara","lga":"Ekiti","population":24831,"state_population_rank":12,"num_buildings":5149,"nightlight_signal":"nightlight_detected","distance_to_existing_transmission_lines":0.0,"distance_to_existing_hv_transmission_lines":14.7,"distance_to_gridlight_targets":0.0,"main_road_access":true,"dist_main_road_km":0.0,"has_education_facility":true,"has_health_facility":true,"_label":"Araromi-Opin","_status_group":"unknown","_year":2025,"_year_label":"Source release year","_states":["Kwara"]},"geometry":{"type":"Point","coordinates":[5.22814,8.07493]}},{"type":"Feature","properties":{"geohash":"s1dk2vgfq7","settlement_name":"Okuta","state":"Kwara","lga":"Baruten","population":24491,"state_population_rank":13,"num_buildings":5276,"nightlight_signal":"nightlight_detected","distance_to_existing_transmission_lines":0.0,"distance_to_existing_hv_transmission_lines":143.76,"distance_to_gridlight_targets":0.0,"main_road_access":true,"dist_main_road_km":0.0,"has_education_facility":true,"has_health_facility":true,"_label":"Okuta","_status_group":"unknown","_year":2025,"_year_label":"Source release year","_states":["Kwara"]},"geometry":{"type":"Point","coordinates":[3.20245,9.21656]}},{"type":"Feature","properties":{"geohash":"s1e7vgd52h","settlement_name":"Jebba","state":"Kwara","lga":"Moro","population":24006,"state_population_rank":14,"num_buildings":5103,"nightlight_signal":"nightlight_detected","distance_to_existing_transmission_lines":0.0,"distance_to_existing_hv_transmission_lines":0.0,"distance_to_gridlight_targets":0.0,"main_road_access":true,"dist_main_road_km":0.0,"has_education_facility":true,"has_health_facility":true,"_label":"Jebba","_status_group":"unknown","_year":2025,"_year_label":"Source release year","_states":["Kwara"]},"geometry":{"type":"Point","coordinates":[4.82575,9.11649]}},{"type":"Feature","properties":{"geohash":"s1dqfbs88m","settlement_name":"Gurai","state":"Kwara","lga":"Baruten","population":21523,"state_population_rank":15,"num_buildings":4582,"nightlight_signal":"nightlight_detected","distance_to_existing_transmission_lines":7.73,"distance_to_existing_hv_transmission_lines":137.89,"distance_to_gridlight_targets":0.0,"main_road_access":true,"dist_main_road_km":0.0,"has_education_facility":true,"has_health_facility":true,"_label":"Gurai","_status_group":"unknown","_year":2025,"_year_label":"Source release year","_states":[]},"geometry":{"type":"Point","coordinates":[3.29111,9.62689]}},{"type":"Feature","properties":{"geohash":"s1d6tzj7h0","settlement_name":"Ilesha","state":"Kwara","lga":"Baruten","population":20913,"state_population_rank":16,"num_buildings":4452,"nightlight_signal":"nightlight_detected","distance_to_existing_transmission_lines":0.0,"distance_to_existing_hv_transmission_lines":105.51,"distance_to_gridlight_targets":0.0,"main_road_access":true,"dist_main_road_km":0.0,"has_education_facility":true,"has_health_facility":true,"_label":"Ilesha","_status_group":"unknown","_year":2025,"_year_label":"Source release year","_states":["Kwara"]},"geometry":{"type":"Point","coordinates":[3.42413,8.91592]}},{"type":"Feature","properties":{"geohash":"s1drus9ymq","settlement_name":"Yashikera","state":"Kwara","lga":"Baruten","population":20091,"state_population_rank":17,"num_buildings":4107,"nightlight_signal":"nightlight_detected","distance_to_existing_transmission_lines":31.01,"distance_to_existing_hv_transmission_lines":127.78,"distance_to_gridlight_targets":0.0,"main_road_access":true,"dist_main_road_km":0.0,"has_education_facility":true,"has_health_facility":true,"_label":"Yashikera","_status_group":"unknown","_year":2025,"_year_label":"Source release year","_states":["Kwara"]},"geometry":{"type":"Point","coordinates":[3.36445,9.82563]}},{"type":"Feature","properties":{"geohash":"s1e6uer0ft","settlement_name":"Bode Sadu","state":"Kwara","lga":"Moro","population":18026,"state_population_rank":18,"num_buildings":4098,"nightlight_signal":"nightlight_detected","distance_to_existing_transmission_lines":0.0,"distance_to_existing_hv_transmission_lines":4.25,"distance_to_gridlight_targets":0.0,"main_road_access":true,"dist_main_road_km":0.0,"has_education_facility":true,"has_health_facility":true,"_label":"Bode Sadu","_status_group":"unknown","_year":2025,"_year_label":"Source release year","_states":["Kwara"]},"geometry":{"type":"Point","coordinates":[4.77779,8.93891]}},{"type":"Feature","properties":{"geohash":"s17p7c8bgp","settlement_name":"Ote","state":"Kwara","lga":"Asa","population":17335,"state_population_rank":19,"num_buildings":4076,"nightlight_signal":"nightlight_detected","distance_to_existing_transmission_lines":0.0,"distance_to_existing_hv_transmission_lines":31.02,"distance_to_gridlight_targets":0.0,"main_road_access":true,"dist_main_road_km":0.0,"has_education_facility":true,"has_health_facility":true,"_label":"Ote","_status_group":"unknown","_year":2025,"_year_label":"Source release year","_states":["Oyo"]},"geometry":{"type":"Point","coordinates":[4.38471,8.31407]}},{"type":"Feature","properties":{"geohash":"s1ee8fc9gv","settlement_name":"Bacita","state":"Kwara","lga":"Edu","population":16891,"state_population_rank":20,"num_buildings":3448,"nightlight_signal":"nightlight_detected","distance_to_existing_transmission_lines":12.19,"distance_to_existing_hv_transmission_lines":10.93,"distance_to_gridlight_targets":0.0,"main_road_access":false,"dist_main_road_km":13.55,"has_education_facility":true,"has_health_facility":true,"_label":"Bacita","_status_group":"unknown","_year":2025,"_year_label":"Source release year","_states":["Kwara"]},"geometry":{"type":"Point","coordinates":[4.95706,9.06817]}},{"type":"Feature","properties":{"geohash":"s1e0zsuvwk","settlement_name":"Location #1143","state":"Kwara","lga":"Moro","population":15342,"state_population_rank":21,"num_buildings":3381,"nightlight_signal":"nightlight_detected","distance_to_existing_transmission_lines":0.0,"distance_to_existing_hv_transmission_lines":19.21,"distance_to_gridlight_targets":0.0,"main_road_access":true,"dist_main_road_km":0.0,"has_education_facility":true,"has_health_facility":true,"_label":"Location #1143","_status_group":"unknown","_year":2025,"_year_label":"Source release year","_states":["Kwara"]},"geometry":{"type":"Point","coordinates":[4.55513,8.59639]}},{"type":"Feature","properties":{"geohash":"s1e1t8v0zx","settlement_name":"Location #1165","state":"Kwara","lga":"Moro","population":15236,"state_population_rank":22,"num_buildings":3312,"nightlight_signal":"nightlight_detected","distance_to_existing_transmission_lines":0.0,"distance_to_existing_hv_transmission_lines":31.81,"distance_to_gridlight_targets":0.0,"main_road_access":false,"dist_main_road_km":10.57,"has_education_facility":true,"has_health_facility":true,"_label":"Location #1165","_status_group":"unknown","_year":2025,"_year_label":"Source release year","_states":["Kwara"]},"geometry":{"type":"Point","coordinates":[4.46764,8.70546]}},{"type":"Feature","properties":{"geohash":"s17qvmt4e9","settlement_name":"Ajasse Ipo","state":"Kwara","lga":"Irepodun","population":15064,"state_population_rank":23,"num_buildings":3049,"nightlight_signal":"nightlight_detected","distance_to_existing_transmission_lines":0.0,"distance_to_existing_hv_transmission_lines":5.84,"distance_to_gridlight_targets":0.0,"main_road_access":true,"dist_main_road_km":0.0,"has_education_facility":true,"has_health_facility":true,"_label":"Ajasse Ipo","_status_group":"unknown","_year":2025,"_year_label":"Source release year","_states":["Kwara"]},"geometry":{"type":"Point","coordinates":[4.80805,8.24842]}},{"type":"Feature","properties":{"geohash":"s1dmb7wxc8","settlement_name":"Suya","state":"Kwara","lga":"Baruten","population":13390,"state_population_rank":24,"num_buildings":2969,"nightlight_signal":"nightlight_detected","distance_to_existing_transmission_lines":0.0,"distance_to_existing_hv_transmission_lines":153.86,"distance_to_gridlight_targets":0.0,"main_road_access":true,"dist_main_road_km":0.0,"has_education_facility":true,"has_health_facility":true,"_label":"Suya","_status_group":"unknown","_year":2025,"_year_label":"Source release year","_states":["Kwara"]},"geometry":{"type":"Point","coordinates":[3.18404,9.4688]}},{"type":"Feature","properties":{"geohash":"s1eczcgxfv","settlement_name":"Lade","state":"Kwara","lga":"Pategi","population":12876,"state_population_rank":25,"num_buildings":2670,"nightlight_signal":"nightlight_detected","distance_to_existing_transmission_lines":0.0,"distance_to_existing_hv_transmission_lines":61.11,"distance_to_gridlight_targets":0.0,"main_road_access":true,"dist_main_road_km":0.0,"has_education_facility":true,"has_health_facility":true,"_label":"Lade","_status_group":"unknown","_year":2025,"_year_label":"Source release year","_states":["Kwara"]},"geometry":{"type":"Point","coordinates":[5.61894,8.75609]}},{"type":"Feature","properties":{"geohash":"s1e32vdwr5","settlement_name":"Location #1446","state":"Kwara","lga":"Moro","population":12555,"state_population_rank":26,"num_buildings":2721,"nightlight_signal":"nightlight_detected","distance_to_existing_transmission_lines":0.0,"distance_to_existing_hv_transmission_lines":17.26,"distance_to_gridlight_targets":0.0,"main_road_access":true,"dist_main_road_km":0.0,"has_education_facility":true,"has_health_facility":true,"_label":"Location #1446","_status_group":"unknown","_year":2025,"_year_label":"Source release year","_states":["Kwara"]},"geometry":{"type":"Point","coordinates":[4.60701,8.68853]}},{"type":"Feature","properties":{"geohash":"s17rxp09uf","settlement_name":"Igbaja","state":"Kwara","lga":"Ifelodun","population":11985,"state_population_rank":27,"num_buildings":2443,"nightlight_signal":"nightlight_detected","distance_to_existing_transmission_lines":0.0,"distance_to_existing_hv_transmission_lines":18.31,"distance_to_gridlight_targets":0.0,"main_road_access":true,"dist_main_road_km":0.0,"has_education_facility":true,"has_health_facility":true,"_label":"Igbaja","_status_group":"unknown","_year":2025,"_year_label":"Source release year","_states":["Kwara"]},"geometry":{"type":"Point","coordinates":[4.87883,8.38838]}},{"type":"Feature","properties":{"geohash":"s1dgr25yjh","settlement_name":"Location #1618","state":"Kwara","lga":"Kaiama","population":11807,"state_population_rank":28,"num_buildings":2466,"nightlight_signal":"nightlight_detected","distance_to_existing_transmission_lines":16.46,"distance_to_existing_hv_transmission_lines":66.16,"distance_to_gridlight_targets":0.0,"main_road_access":false,"dist_main_road_km":20.62,"has_education_facility":true,"has_health_facility":true,"_label":"Location #1618","_status_group":"unknown","_year":2025,"_year_label":"Source release year","_states":["Kwara"]},"geometry":{"type":"Point","coordinates":[4.19116,9.00984]}},{"type":"Feature","properties":{"geohash":"s1eem1rs94","settlement_name":"Shonga","state":"Kwara","lga":"Edu","population":11772,"state_population_rank":29,"num_buildings":2434,"nightlight_signal":"nightlight_detected","distance_to_existing_transmission_lines":0.0,"distance_to_existing_hv_transmission_lines":31.9,"distance_to_gridlight_targets":0.0,"main_road_access":false,"dist_main_road_km":20.84,"has_education_facility":true,"has_health_facility":true,"_label":"Shonga","_status_group":"unknown","_year":2025,"_year_label":"Source release year","_states":["Kwara"]},"geometry":{"type":"Point","coordinates":[5.15195,9.01644]}},{"type":"Feature","properties":{"geohash":"s1e2g3c585","settlement_name":"Fufu","state":"Kwara","lga":"Ilorin East","population":11763,"state_population_rank":30,"num_buildings":2766,"nightlight_signal":"nightlight_detected","distance_to_existing_transmission_lines":0.0,"distance_to_existing_hv_transmission_lines":1.82,"distance_to_gridlight_targets":0.0,"main_road_access":true,"dist_main_road_km":0.0,"has_education_facility":true,"has_health_facility":true,"_label":"Fufu","_status_group":"unknown","_year":2025,"_year_label":"Source release year","_states":["Kwara"]},"geometry":{"type":"Point","coordinates":[4.71451,8.57957]}},{"type":"Feature","properties":{"geohash":"s1d5d8ses3","settlement_name":"Ba","state":"Kwara","lga":"Baruten","population":10616,"state_population_rank":31,"num_buildings":2287,"nightlight_signal":"no_nightlight_detected","distance_to_existing_transmission_lines":33.89,"distance_to_existing_hv_transmission_lines":141.13,"distance_to_gridlight_targets":26.105,"main_road_access":false,"dist_main_road_km":16.51,"has_education_facility":true,"has_health_facility":true,"_label":"Ba","_status_group":"unknown","_year":2025,"_year_label":"Source release year","_states":["Kwara"]},"geometry":{"type":"Point","coordinates":[2.92873,9.05609]}},{"type":"Feature","properties":{"geohash":"s1dtrtjy6k","settlement_name":"Location #1981","state":"Kwara","lga":"Kaiama","population":10226,"state_population_rank":32,"num_buildings":2067,"nightlight_signal":"nightlight_detected","distance_to_existing_transmission_lines":0.0,"distance_to_existing_hv_transmission_lines":90.5,"distance_to_gridlight_targets":0.0,"main_road_access":true,"dist_main_road_km":0.0,"has_education_facility":true,"has_health_facility":true,"_label":"Location #1981","_status_group":"unknown","_year":2025,"_year_label":"Source release year","_states":["Kwara"]},"geometry":{"type":"Point","coordinates":[3.85321,9.38891]}},{"type":"Feature","properties":{"geohash":"s1ecbrjbjc","settlement_name":"Aruna Kata","state":"Kwara","lga":"Edu","population":10184,"state_population_rank":33,"num_buildings":2184,"nightlight_signal":"nightlight_detected","distance_to_existing_transmission_lines":0.0,"distance_to_existing_hv_transmission_lines":51.47,"distance_to_gridlight_targets":0.0,"main_road_access":true,"dist_main_road_km":0.0,"has_education_facility":true,"has_health_facility":true,"_label":"Aruna Kata","_status_group":"unknown","_year":2025,"_year_label":"Source release year","_states":["Kwara"]},"geometry":{"type":"Point","coordinates":[5.29257,8.78358]}},{"type":"Feature","properties":{"geohash":"s17wcb8ycc","settlement_name":"Oke Onigbin","state":"Kwara","lga":"Isin","population":9978,"state_population_rank":34,"num_buildings":2121,"nightlight_signal":"nightlight_detected","distance_to_existing_transmission_lines":0.0,"distance_to_existing_hv_transmission_lines":5.06,"distance_to_gridlight_targets":0.0,"main_road_access":true,"dist_main_road_km":0.0,"has_education_facility":true,"has_health_facility":true,"_label":"Oke Onigbin","_status_group":"unknown","_year":2025,"_year_label":"Source release year","_states":["Kwara"]},"geometry":{"type":"Point","coordinates":[4.99989,8.22169]}},{"type":"Feature","properties":{"geohash":"s1dq36wuu1","settlement_name":"Kosubosu","state":"Kwara","lga":"Baruten","population":9858,"state_population_rank":35,"num_buildings":2077,"nightlight_signal":"no_nightlight_detected","distance_to_existing_transmission_lines":0.0,"distance_to_existing_hv_transmission_lines":147.07,"distance_to_gridlight_targets":8.744,"main_road_access":true,"dist_main_road_km":0.0,"has_education_facility":true,"has_health_facility":true,"_label":"Kosubosu","_status_group":"unknown","_year":2025,"_year_label":"Source release year","_states":[]},"geometry":{"type":"Point","coordinates":[3.22844,9.55069]}},{"type":"Feature","properties":{"geohash":"s1djxcuf10","settlement_name":"Boria","state":"Kwara","lga":"Baruten","population":8929,"state_population_rank":36,"num_buildings":1887,"nightlight_signal":"no_nightlight_detected","distance_to_existing_transmission_lines":0.0,"distance_to_existing_hv_transmission_lines":158.46,"distance_to_gridlight_targets":5.248,"main_road_access":true,"dist_main_road_km":0.0,"has_education_facility":true,"has_health_facility":true,"_label":"Boria","_status_group":"unknown","_year":2025,"_year_label":"Source release year","_states":["Kwara"]},"geometry":{"type":"Point","coordinates":[3.15965,9.41426]}},{"type":"Feature","properties":{"geohash":"s17wgdjh9r","settlement_name":"Isanlu Isin","state":"Kwara","lga":"Isin","population":8693,"state_population_rank":37,"num_buildings":2044,"nightlight_signal":"nightlight_detected","distance_to_existing_transmission_lines":0.0,"distance_to_existing_hv_transmission_lines":7.01,"distance_to_gridlight_targets":0.0,"main_road_access":false,"dist_main_road_km":5.1,"has_education_facility":true,"has_health_facility":true,"_label":"Isanlu Isin","_status_group":"unknown","_year":2025,"_year_label":"Source release year","_states":["Kwara"]},"geometry":{"type":"Point","coordinates":[5.08261,8.22957]}},{"type":"Feature","properties":{"geohash":"s1e8d7rbbp","settlement_name":"Oke Ode","state":"Kwara","lga":"Ifelodun","population":8593,"state_population_rank":38,"num_buildings":1843,"nightlight_signal":"nightlight_detected","distance_to_existing_transmission_lines":0.0,"distance_to_existing_hv_transmission_lines":30.38,"distance_to_gridlight_targets":0.0,"main_road_access":true,"dist_main_road_km":0.0,"has_education_facility":true,"has_health_facility":true,"_label":"Oke Ode","_status_group":"unknown","_year":2025,"_year_label":"Source release year","_states":["Kwara"]},"geometry":{"type":"Point","coordinates":[5.0314,8.54341]}},{"type":"Feature","properties":{"geohash":"s17xrj563j","settlement_name":"Oro Ago","state":"Kwara","lga":"Ifelodun","population":7608,"state_population_rank":39,"num_buildings":1562,"nightlight_signal":"no_nightlight_detected","distance_to_existing_transmission_lines":0.0,"distance_to_existing_hv_transmission_lines":24.35,"distance_to_gridlight_targets":13.338,"main_road_access":true,"dist_main_road_km":0.0,"has_education_facility":true,"has_health_facility":true,"_label":"Oro Ago","_status_group":"unknown","_year":2025,"_year_label":"Source release year","_states":["Kwara"]},"geometry":{"type":"Point","coordinates":[5.23401,8.33355]}},{"type":"Feature","properties":{"geohash":"s1d7k5tmp9","settlement_name":"Bukaru","state":"Kwara","lga":"Baruten","population":7582,"state_population_rank":40,"num_buildings":1721,"nightlight_signal":"no_nightlight_detected","distance_to_existing_transmission_lines":0.0,"distance_to_existing_hv_transmission_lines":120.22,"distance_to_gridlight_targets":12.567,"main_road_access":true,"dist_main_road_km":0.0,"has_education_facility":true,"has_health_facility":true,"_label":"Bukaru","_status_group":"unknown","_year":2025,"_year_label":"Source release year","_states":["Kwara"]},"geometry":{"type":"Point","coordinates":[3.34739,9.02888]}},{"type":"Feature","properties":{"geohash":"s14mccx2gp","settlement_name":"Lagos","state":"Lagos","lga":"Alimosho","population":12340311,"state_population_rank":1,"num_buildings":2615455,"nightlight_signal":"nightlight_detected","distance_to_existing_transmission_lines":0.0,"distance_to_existing_hv_transmission_lines":0.0,"distance_to_gridlight_targets":0.0,"main_road_access":true,"dist_main_road_km":0.0,"has_education_facility":true,"has_health_facility":true,"_label":"Lagos","_status_group":"unknown","_year":2025,"_year_label":"Source release year","_states":["Lagos"]},"geometry":{"type":"Point","coordinates":[3.25106,6.64415]}},{"type":"Feature","properties":{"geohash":"s14tb6me38","settlement_name":"Ìkòròdú","state":"Lagos","lga":"Ikorodu","population":2397218,"state_population_rank":2,"num_buildings":499979,"nightlight_signal":"nightlight_detected","distance_to_existing_transmission_lines":0.0,"distance_to_existing_hv_transmission_lines":0.0,"distance_to_gridlight_targets":0.0,"main_road_access":true,"dist_main_road_km":0.0,"has_education_facility":true,"has_health_facility":true,"_label":"Ìkòròdú","_status_group":"unknown","_year":2025,"_year_label":"Source release year","_states":["Lagos"]},"geometry":{"type":"Point","coordinates":[3.53424,6.64866]}},{"type":"Feature","properties":{"geohash":"s14sf2hbcd","settlement_name":"Ogombo","state":"Lagos","lga":"Eti-Osa","population":1206574,"state_population_rank":3,"num_buildings":253487,"nightlight_signal":"nightlight_detected","distance_to_existing_transmission_lines":0.0,"distance_to_existing_hv_transmission_lines":0.0,"distance_to_gridlight_targets":0.0,"main_road_access":true,"dist_main_road_km":0.0,"has_education_facility":true,"has_health_facility":true,"_label":"Ogombo","_status_group":"unknown","_year":2025,"_year_label":"Source release year","_states":["Lagos"]},"geometry":{"type":"Point","coordinates":[3.6211,6.4601]}},{"type":"Feature","properties":{"geohash":"s14huzerf8","settlement_name":"Location #53","state":"Lagos","lga":"Badagry","population":419199,"state_population_rank":4,"num_buildings":89109,"nightlight_signal":"nightlight_detected","distance_to_existing_transmission_lines":0.0,"distance_to_existing_hv_transmission_lines":11.79,"distance_to_gridlight_targets":0.0,"main_road_access":true,"dist_main_road_km":0.0,"has_education_facility":true,"has_health_facility":true,"_label":"Location #53","_status_group":"unknown","_year":2025,"_year_label":"Source release year","_states":["Lagos"]},"geometry":{"type":"Point","coordinates":[3.02582,6.50249]}},{"type":"Feature","properties":{"geohash":"s14w18nndz","settlement_name":"Ìkòròdú","state":"Lagos","lga":"Ikorodu","population":277319,"state_population_rank":5,"num_buildings":61209,"nightlight_signal":"nightlight_detected","distance_to_existing_transmission_lines":0.0,"distance_to_existing_hv_transmission_lines":2.17,"distance_to_gridlight_targets":0.0,"main_road_access":true,"dist_main_road_km":0.0,"has_education_facility":true,"has_health_facility":true,"_label":"Ìkòròdú","_status_group":"unknown","_year":2025,"_year_label":"Source release year","_states":["Lagos"]},"geometry":{"type":"Point","coordinates":[3.58991,6.68084]}},{"type":"Feature","properties":{"geohash":"s14hdeh454","settlement_name":"Itoga","state":"Lagos","lga":"Badagry","population":238207,"state_population_rank":6,"num_buildings":51241,"nightlight_signal":"nightlight_detected","distance_to_existing_transmission_lines":0.0,"distance_to_existing_hv_transmission_lines":24.74,"distance_to_gridlight_targets":0.0,"main_road_access":true,"dist_main_road_km":0.0,"has_education_facility":true,"has_health_facility":true,"_label":"Itoga","_status_group":"unknown","_year":2025,"_year_label":"Source release year","_states":["Lagos"]},"geometry":{"type":"Point","coordinates":[2.92799,6.43285]}},{"type":"Feature","properties":{"geohash":"s14vddn7zd","settlement_name":"Epe","state":"Lagos","lga":"Epe","population":162649,"state_population_rank":7,"num_buildings":33679,"nightlight_signal":"nightlight_detected","distance_to_existing_transmission_lines":0.0,"distance_to_existing_hv_transmission_lines":13.38,"distance_to_gridlight_targets":0.0,"main_road_access":true,"dist_main_road_km":0.0,"has_education_facility":true,"has_health_facility":true,"_label":"Epe","_status_group":"unknown","_year":2025,"_year_label":"Source release year","_states":["Lagos"]},"geometry":{"type":"Point","coordinates":[3.98596,6.60344]}},{"type":"Feature","properties":{"geohash":"s14u8kk6wu","settlement_name":"Orimedu","state":"Lagos","lga":"Ibeju/Lekki","population":44157,"state_population_rank":8,"num_buildings":10383,"nightlight_signal":"nightlight_detected","distance_to_existing_transmission_lines":0.0,"distance_to_existing_hv_transmission_lines":24.75,"distance_to_gridlight_targets":0.0,"main_road_access":false,"dist_main_road_km":3.17,"has_education_facility":true,"has_health_facility":true,"_label":"Orimedu","_status_group":"unknown","_year":2025,"_year_label":"Source release year","_states":["Lagos"]},"geometry":{"type":"Point","coordinates":[3.88431,6.43982]}},{"type":"Feature","properties":{"geohash":"s14tgsdjbz","settlement_name":"Ìkòròdú","state":"Lagos","lga":"Ikorodu","population":43279,"state_population_rank":9,"num_buildings":9949,"nightlight_signal":"nightlight_detected","distance_to_existing_transmission_lines":0.0,"distance_to_existing_hv_transmission_lines":8.48,"distance_to_gridlight_targets":0.0,"main_road_access":true,"dist_main_road_km":0.0,"has_education_facility":true,"has_health_facility":true,"_label":"Ìkòròdú","_status_group":"unknown","_year":2025,"_year_label":"Source release year","_states":["Lagos"]},"geometry":{"type":"Point","coordinates":[3.67222,6.66149]}},{"type":"Feature","properties":{"geohash":"s11uq42jpe","settlement_name":"Location #463","state":"Lagos","lga":"Badagry","population":35382,"state_population_rank":10,"num_buildings":7466,"nightlight_signal":"nightlight_detected","distance_to_existing_transmission_lines":2.24,"distance_to_existing_hv_transmission_lines":39.11,"distance_to_gridlight_targets":0.0,"main_road_access":true,"dist_main_road_km":0.0,"has_education_facility":true,"has_health_facility":true,"_label":"Location #463","_status_group":"unknown","_year":2025,"_year_label":"Source release year","_states":["Lagos"]},"geometry":{"type":"Point","coordinates":[2.72493,6.38531]}},{"type":"Feature","properties":{"geohash":"s14tu3nfse","settlement_name":"Epe","state":"Lagos","lga":"Epe","population":22994,"state_population_rank":11,"num_buildings":4852,"nightlight_signal":"nightlight_detected","distance_to_existing_transmission_lines":0.0,"distance_to_existing_hv_transmission_lines":11.53,"distance_to_gridlight_targets":0.0,"main_road_access":true,"dist_main_road_km":0.0,"has_education_facility":true,"has_health_facility":true,"_label":"Epe","_status_group":"unknown","_year":2025,"_year_label":"Source release year","_states":["Lagos"]},"geometry":{"type":"Point","coordinates":[3.71186,6.64168]}},{"type":"Feature","properties":{"geohash":"s14uddcp8q","settlement_name":"Epe","state":"Lagos","lga":"Epe","population":21149,"state_population_rank":12,"num_buildings":4973,"nightlight_signal":"nightlight_detected","distance_to_existing_transmission_lines":0.0,"distance_to_existing_hv_transmission_lines":35.67,"distance_to_gridlight_targets":0.0,"main_road_access":false,"dist_main_road_km":8.17,"has_education_facility":true,"has_health_facility":true,"_label":"Epe","_status_group":"unknown","_year":2025,"_year_label":"Source release year","_states":["Lagos"]},"geometry":{"type":"Point","coordinates":[3.97844,6.43244]}},{"type":"Feature","properties":{"geohash":"s14vfz53jt","settlement_name":"Epe","state":"Lagos","lga":"Epe","population":18666,"state_population_rank":13,"num_buildings":3956,"nightlight_signal":"nightlight_detected","distance_to_existing_transmission_lines":0.0,"distance_to_existing_hv_transmission_lines":7.89,"distance_to_gridlight_targets":0.0,"main_road_access":true,"dist_main_road_km":0.0,"has_education_facility":true,"has_health_facility":true,"_label":"Epe","_status_group":"unknown","_year":2025,"_year_label":"Source release year","_states":["Lagos"]},"geometry":{"type":"Point","coordinates":[3.99274,6.67439]}},{"type":"Feature","properties":{"geohash":"s14ubk3vrt","settlement_name":"Ibeju","state":"Lagos","lga":"Ibeju/Lekki","population":17254,"state_population_rank":14,"num_buildings":4057,"nightlight_signal":"nightlight_detected","distance_to_existing_transmission_lines":0.0,"distance_to_existing_hv_transmission_lines":27.37,"distance_to_gridlight_targets":0.0,"main_road_access":true,"dist_main_road_km":0.0,"has_education_facility":true,"has_health_facility":true,"_label":"Ibeju","_status_group":"unknown","_year":2025,"_year_label":"Source release year","_states":["Lagos"]},"geometry":{"type":"Point","coordinates":[3.8809,6.48424]}},{"type":"Feature","properties":{"geohash":"s14h84g802","settlement_name":"Appa","state":"Lagos","lga":"Badagry","population":15540,"state_population_rank":15,"num_buildings":3654,"nightlight_signal":"nightlight_detected","distance_to_existing_transmission_lines":0.0,"distance_to_existing_hv_transmission_lines":31.82,"distance_to_gridlight_targets":0.0,"main_road_access":false,"dist_main_road_km":3.05,"has_education_facility":true,"has_health_facility":true,"_label":"Appa","_status_group":"unknown","_year":2025,"_year_label":"Source release year","_states":["Lagos"]},"geometry":{"type":"Point","coordinates":[2.81732,6.43112]}},{"type":"Feature","properties":{"geohash":"s14kd30zr9","settlement_name":"Ibasa","state":"Lagos","lga":"Amuwo-Odofin","population":15263,"state_population_rank":16,"num_buildings":3317,"nightlight_signal":"nightlight_detected","distance_to_existing_transmission_lines":0.0,"distance_to_existing_hv_transmission_lines":3.62,"distance_to_gridlight_targets":0.0,"main_road_access":false,"dist_main_road_km":3.13,"has_education_facility":true,"has_health_facility":true,"_label":"Ibasa","_status_group":"unknown","_year":2025,"_year_label":"Source release year","_states":["Lagos"]},"geometry":{"type":"Point","coordinates":[3.2643,6.42276]}},{"type":"Feature","properties":{"geohash":"s11utchucd","settlement_name":"Appa","state":"Lagos","lga":"Badagry","population":14427,"state_population_rank":17,"num_buildings":3209,"nightlight_signal":"nightlight_detected","distance_to_existing_transmission_lines":0.0,"distance_to_existing_hv_transmission_lines":34.92,"distance_to_gridlight_targets":0.0,"main_road_access":true,"dist_main_road_km":0.0,"has_education_facility":true,"has_health_facility":true,"_label":"Appa","_status_group":"unknown","_year":2025,"_year_label":"Source release year","_states":["Lagos"]},"geometry":{"type":"Point","coordinates":[2.72021,6.42234]}},{"type":"Feature","properties":{"geohash":"s14hkrzyy3","settlement_name":"Iworo","state":"Lagos","lga":"Badagry","population":14170,"state_population_rank":18,"num_buildings":3332,"nightlight_signal":"nightlight_detected","distance_to_existing_transmission_lines":0.0,"distance_to_existing_hv_transmission_lines":26.54,"distance_to_gridlight_targets":0.0,"main_road_access":false,"dist_main_road_km":4.64,"has_education_facility":true,"has_health_facility":true,"_label":"Iworo","_status_group":"unknown","_year":2025,"_year_label":"Source release year","_states":["Lagos"]},"geometry":{"type":"Point","coordinates":[3.01018,6.41581]}},{"type":"Feature","properties":{"geohash":"s14v9dr2k8","settlement_name":"Epe","state":"Lagos","lga":"Epe","population":14056,"state_population_rank":19,"num_buildings":3273,"nightlight_signal":"nightlight_detected","distance_to_existing_transmission_lines":0.0,"distance_to_existing_hv_transmission_lines":16.07,"distance_to_gridlight_targets":0.0,"main_road_access":true,"dist_main_road_km":0.0,"has_education_facility":true,"has_health_facility":true,"_label":"Epe","_status_group":"unknown","_year":2025,"_year_label":"Source release year","_states":["Lagos"]},"geometry":{"type":"Point","coordinates":[3.94326,6.6042]}},{"type":"Feature","properties":{"geohash":"s14ke8z45u","settlement_name":"Igbologun","state":"Lagos","lga":"Amuwo-Odofin","population":13468,"state_population_rank":20,"num_buildings":2941,"nightlight_signal":"nightlight_detected","distance_to_existing_transmission_lines":0.0,"distance_to_existing_hv_transmission_lines":0.0,"distance_to_gridlight_targets":0.0,"main_road_access":false,"dist_main_road_km":0.84,"has_education_facility":true,"has_health_facility":true,"_label":"Igbologun","_status_group":"unknown","_year":2025,"_year_label":"Source release year","_states":["Lagos"]},"geometry":{"type":"Point","coordinates":[3.32765,6.4205]}},{"type":"Feature","properties":{"geohash":"s14ks2wt47","settlement_name":"Location #1505","state":"Lagos","lga":"Amuwo-Odofin","population":12865,"state_population_rank":21,"num_buildings":2615,"nightlight_signal":"nightlight_detected","distance_to_existing_transmission_lines":0.7,"distance_to_existing_hv_transmission_lines":1.64,"distance_to_gridlight_targets":0.0,"main_road_access":false,"dist_main_road_km":0.96,"has_education_facility":true,"has_health_facility":true,"_label":"Location #1505","_status_group":"unknown","_year":2025,"_year_label":"Source release year","_states":["Lagos"]},"geometry":{"type":"Point","coordinates":[3.35986,6.41964]}},{"type":"Feature","properties":{"geohash":"s14ksf4xmf","settlement_name":"Ilado","state":"Lagos","lga":"Amuwo-Odofin","population":11999,"state_population_rank":22,"num_buildings":2499,"nightlight_signal":"nightlight_detected","distance_to_existing_transmission_lines":0.26,"distance_to_existing_hv_transmission_lines":3.39,"distance_to_gridlight_targets":0.0,"main_road_access":false,"dist_main_road_km":0.78,"has_education_facility":true,"has_health_facility":true,"_label":"Ilado","_status_group":"unknown","_year":2025,"_year_label":"Source release year","_states":["Lagos"]},"geometry":{"type":"Point","coordinates":[3.37649,6.42826]}},{"type":"Feature","properties":{"geohash":"s14hf0eedy","settlement_name":"Location #1559","state":"Lagos","lga":"Badagry","population":10802,"state_population_rank":23,"num_buildings":2540,"nightlight_signal":"nightlight_detected","distance_to_existing_transmission_lines":1.09,"distance_to_existing_hv_transmission_lines":24.74,"distance_to_gridlight_targets":0.0,"main_road_access":false,"dist_main_road_km":1.79,"has_education_facility":true,"has_health_facility":false,"_label":"Location #1559","_status_group":"unknown","_year":2025,"_year_label":"Source release year","_states":["Lagos"]},"geometry":{"type":"Point","coordinates":[2.90532,6.46334]}},{"type":"Feature","properties":{"geohash":"s14ug14ghd","settlement_name":"Epe","state":"Lagos","lga":"Ibeju/Lekki","population":10445,"state_population_rank":24,"num_buildings":2456,"nightlight_signal":"nightlight_detected","distance_to_existing_transmission_lines":1.29,"distance_to_existing_hv_transmission_lines":30.58,"distance_to_gridlight_targets":0.0,"main_road_access":false,"dist_main_road_km":10.02,"has_education_facility":true,"has_health_facility":false,"_label":"Epe","_status_group":"unknown","_year":2025,"_year_label":"Source release year","_states":["Lagos"]},"geometry":{"type":"Point","coordinates":[4.003,6.46598]}},{"type":"Feature","properties":{"geohash":"s14h6xs8nn","settlement_name":"Tawpo","state":"Lagos","lga":"Badagry","population":10402,"state_population_rank":25,"num_buildings":2446,"nightlight_signal":"nightlight_detected","distance_to_existing_transmission_lines":0.0,"distance_to_existing_hv_transmission_lines":29.47,"distance_to_gridlight_targets":0.0,"main_road_access":false,"dist_main_road_km":2.26,"has_education_facility":true,"has_health_facility":true,"_label":"Tawpo","_status_group":"unknown","_year":2025,"_year_label":"Source release year","_states":["Lagos"]},"geometry":{"type":"Point","coordinates":[2.92881,6.41331]}},{"type":"Feature","properties":{"geohash":"s14k6q4u8q","settlement_name":"Ibese","state":"Lagos","lga":"Amuwo-Odofin","population":9063,"state_population_rank":26,"num_buildings":2131,"nightlight_signal":"no_nightlight_detected","distance_to_existing_transmission_lines":1.57,"distance_to_existing_hv_transmission_lines":3.38,"distance_to_gridlight_targets":1.341,"main_road_access":false,"dist_main_road_km":4.48,"has_education_facility":true,"has_health_facility":true,"_label":"Ibese","_status_group":"unknown","_year":2025,"_year_label":"Source release year","_states":["Lagos"]},"geometry":{"type":"Point","coordinates":[3.26673,6.40584]}},{"type":"Feature","properties":{"geohash":"s14hgtvdt2","settlement_name":"Ipota","state":"Lagos","lga":"Badagry","population":8620,"state_population_rank":27,"num_buildings":2027,"nightlight_signal":"no_nightlight_detected","distance_to_existing_transmission_lines":0.95,"distance_to_existing_hv_transmission_lines":19.45,"distance_to_gridlight_targets":0.314,"main_road_access":false,"dist_main_road_km":1.03,"has_education_facility":true,"has_health_facility":false,"_label":"Ipota","_status_group":"unknown","_year":2025,"_year_label":"Source release year","_states":["Lagos"]},"geometry":{"type":"Point","coordinates":[2.97409,6.49198]}},{"type":"Feature","properties":{"geohash":"s14v0qpzjk","settlement_name":"Location #2238","state":"Lagos","lga":"Ibeju/Lekki","population":7846,"state_population_rank":28,"num_buildings":1845,"nightlight_signal":"nightlight_detected","distance_to_existing_transmission_lines":0.01,"distance_to_existing_hv_transmission_lines":24.54,"distance_to_gridlight_targets":0.0,"main_road_access":true,"dist_main_road_km":0.0,"has_education_facility":true,"has_health_facility":false,"_label":"Location #2238","_status_group":"unknown","_year":2025,"_year_label":"Source release year","_states":["Lagos"]},"geometry":{"type":"Point","coordinates":[3.88904,6.53809]}},{"type":"Feature","properties":{"geohash":"s14vfdzmyu","settlement_name":"Epe","state":"Lagos","lga":"Epe","population":7370,"state_population_rank":29,"num_buildings":1733,"nightlight_signal":"nightlight_detected","distance_to_existing_transmission_lines":0.0,"distance_to_existing_hv_transmission_lines":10.64,"distance_to_gridlight_targets":0.0,"main_road_access":true,"dist_main_road_km":0.0,"has_education_facility":true,"has_health_facility":true,"_label":"Epe","_status_group":"unknown","_year":2025,"_year_label":"Source release year","_states":["Lagos"]},"geometry":{"type":"Point","coordinates":[3.9873,6.65186]}},{"type":"Feature","properties":{"geohash":"s14h2s7g9g","settlement_name":"Agaw Awusa","state":"Lagos","lga":"Badagry","population":7183,"state_population_rank":30,"num_buildings":1689,"nightlight_signal":"nightlight_detected","distance_to_existing_transmission_lines":1.38,"distance_to_existing_hv_transmission_lines":33.95,"distance_to_gridlight_targets":0.0,"main_road_access":true,"dist_main_road_km":0.0,"has_education_facility":true,"has_health_facility":true,"_label":"Agaw Awusa","_status_group":"unknown","_year":2025,"_year_label":"Source release year","_states":["Lagos"]},"geometry":{"type":"Point","coordinates":[2.8397,6.39604]}},{"type":"Feature","properties":{"geohash":"s14umpsf6n","settlement_name":"Lekki","state":"Lagos","lga":"Ibeju/Lekki","population":6762,"state_population_rank":31,"num_buildings":1590,"nightlight_signal":"nightlight_detected","distance_to_existing_transmission_lines":0.0,"distance_to_existing_hv_transmission_lines":35.24,"distance_to_gridlight_targets":0.0,"main_road_access":false,"dist_main_road_km":21.51,"has_education_facility":true,"has_health_facility":true,"_label":"Lekki","_status_group":"unknown","_year":2025,"_year_label":"Source release year","_states":["Lagos"]},"geometry":{"type":"Point","coordinates":[4.09353,6.41369]}},{"type":"Feature","properties":{"geohash":"s14uev2qkx","settlement_name":"Location #3397","state":"Lagos","lga":"Ibeju/Lekki","population":5550,"state_population_rank":32,"num_buildings":1305,"nightlight_signal":"nightlight_detected","distance_to_existing_transmission_lines":0.0,"distance_to_existing_hv_transmission_lines":33.16,"distance_to_gridlight_targets":0.0,"main_road_access":false,"dist_main_road_km":15.32,"has_education_facility":false,"has_health_facility":false,"_label":"Location #3397","_status_group":"unknown","_year":2025,"_year_label":"Source release year","_states":["Lagos"]},"geometry":{"type":"Point","coordinates":[4.03253,6.44597]}},{"type":"Feature","properties":{"geohash":"s14ue6jhe1","settlement_name":"Lekki","state":"Lagos","lga":"Ibeju/Lekki","population":5342,"state_population_rank":33,"num_buildings":1256,"nightlight_signal":"nightlight_detected","distance_to_existing_transmission_lines":0.0,"distance_to_existing_hv_transmission_lines":35.67,"distance_to_gridlight_targets":0.0,"main_road_access":false,"dist_main_road_km":14.65,"has_education_facility":true,"has_health_facility":true,"_label":"Lekki","_status_group":"unknown","_year":2025,"_year_label":"Source release year","_states":["Lagos"]},"geometry":{"type":"Point","coordinates":[4.01701,6.42778]}},{"type":"Feature","properties":{"geohash":"s14urkj7wd","settlement_name":"Otolu","state":"Lagos","lga":"Ibeju/Lekki","population":5244,"state_population_rank":34,"num_buildings":1233,"nightlight_signal":"nightlight_detected","distance_to_existing_transmission_lines":0.0,"distance_to_existing_hv_transmission_lines":35.56,"distance_to_gridlight_targets":0.0,"main_road_access":false,"dist_main_road_km":30.86,"has_education_facility":true,"has_health_facility":true,"_label":"Otolu","_status_group":"unknown","_year":2025,"_year_label":"Source release year","_states":["Lagos"]},"geometry":{"type":"Point","coordinates":[4.19329,6.39466]}},{"type":"Feature","properties":{"geohash":"s14k6peume","settlement_name":"Ibese","state":"Lagos","lga":"Amuwo-Odofin","population":5014,"state_population_rank":35,"num_buildings":1179,"nightlight_signal":"no_nightlight_detected","distance_to_existing_transmission_lines":0.71,"distance_to_existing_hv_transmission_lines":5.95,"distance_to_gridlight_targets":0.499,"main_road_access":false,"dist_main_road_km":4.17,"has_education_facility":true,"has_health_facility":true,"_label":"Ibese","_status_group":"unknown","_year":2025,"_year_label":"Source release year","_states":["Lagos"]},"geometry":{"type":"Point","coordinates":[3.25734,6.41402]}},{"type":"Feature","properties":{"geohash":"s14h7rww3z","settlement_name":"Akarakumoh","state":"Lagos","lga":"Badagry","population":4993,"state_population_rank":36,"num_buildings":1174,"nightlight_signal":"no_nightlight_detected","distance_to_existing_transmission_lines":0.0,"distance_to_existing_hv_transmission_lines":28.5,"distance_to_gridlight_targets":0.34,"main_road_access":false,"dist_main_road_km":2.8,"has_education_facility":true,"has_health_facility":true,"_label":"Akarakumoh","_status_group":"unknown","_year":2025,"_year_label":"Source release year","_states":["Lagos"]},"geometry":{"type":"Point","coordinates":[2.96433,6.41438]}},{"type":"Feature","properties":{"geohash":"s14k3n04sd","settlement_name":"Location #4105","state":"Lagos","lga":"Amuwo-Odofin","population":4674,"state_population_rank":37,"num_buildings":1099,"nightlight_signal":"no_nightlight_detected","distance_to_existing_transmission_lines":3.57,"distance_to_existing_hv_transmission_lines":10.29,"distance_to_gridlight_targets":2.887,"main_road_access":false,"dist_main_road_km":5.38,"has_education_facility":false,"has_health_facility":false,"_label":"Location #4105","_status_group":"unknown","_year":2025,"_year_label":"Source release year","_states":["Lagos"]},"geometry":{"type":"Point","coordinates":[3.20821,6.40547]}},{"type":"Feature","properties":{"geohash":"s14tvjbn6q","settlement_name":"Epe","state":"Lagos","lga":"Epe","population":4610,"state_population_rank":38,"num_buildings":1084,"nightlight_signal":"nightlight_detected","distance_to_existing_transmission_lines":0.0,"distance_to_existing_hv_transmission_lines":15.14,"distance_to_gridlight_targets":0.0,"main_road_access":false,"dist_main_road_km":1.09,"has_education_facility":true,"has_health_facility":true,"_label":"Epe","_status_group":"unknown","_year":2025,"_year_label":"Source release year","_states":["Lagos"]},"geometry":{"type":"Point","coordinates":[3.73546,6.66843]}},{"type":"Feature","properties":{"geohash":"s14ty7gnm1","settlement_name":"Epe","state":"Lagos","lga":"Epe","population":4546,"state_population_rank":39,"num_buildings":1069,"nightlight_signal":"nightlight_detected","distance_to_existing_transmission_lines":0.0,"distance_to_existing_hv_transmission_lines":16.43,"distance_to_gridlight_targets":0.0,"main_road_access":true,"dist_main_road_km":0.0,"has_education_facility":true,"has_health_facility":true,"_label":"Epe","_status_group":"unknown","_year":2025,"_year_label":"Source release year","_states":["Lagos"]},"geometry":{"type":"Point","coordinates":[3.79462,6.65742]}},{"type":"Feature","properties":{"geohash":"s14hf7b7zq","settlement_name":"Ajibo","state":"Lagos","lga":"Badagry","population":4402,"state_population_rank":40,"num_buildings":1035,"nightlight_signal":"nightlight_detected","distance_to_existing_transmission_lines":0.0,"distance_to_existing_hv_transmission_lines":23.14,"distance_to_gridlight_targets":0.0,"main_road_access":false,"dist_main_road_km":3.86,"has_education_facility":true,"has_health_facility":true,"_label":"Ajibo","_status_group":"unknown","_year":2025,"_year_label":"Source release year","_states":["Lagos"]},"geometry":{"type":"Point","coordinates":[2.91203,6.48124]}},{"type":"Feature","properties":{"geohash":"s1w03utbmp","settlement_name":"Lafia","state":"Nasarawa","lga":"Lafia","population":434989,"state_population_rank":1,"num_buildings":90462,"nightlight_signal":"nightlight_detected","distance_to_existing_transmission_lines":0.0,"distance_to_existing_hv_transmission_lines":1.72,"distance_to_gridlight_targets":0.0,"main_road_access":true,"dist_main_road_km":0.0,"has_education_facility":true,"has_health_facility":true,"_label":"Lafia","_status_group":"unknown","_year":2025,"_year_label":"Source release year","_states":["Nasarawa"]},"geometry":{"type":"Point","coordinates":[8.52252,8.50625]}},{"type":"Feature","properties":{"geohash":"s1td76uxge","settlement_name":"Keffi","state":"Nasarawa","lga":"Keffi","population":249700,"state_population_rank":2,"num_buildings":51779,"nightlight_signal":"nightlight_detected","distance_to_existing_transmission_lines":0.0,"distance_to_existing_hv_transmission_lines":0.53,"distance_to_gridlight_targets":0.0,"main_road_access":true,"dist_main_road_km":0.0,"has_education_facility":true,"has_health_facility":true,"_label":"Keffi","_status_group":"unknown","_year":2025,"_year_label":"Source release year","_states":["Nasarawa"]},"geometry":{"type":"Point","coordinates":[7.88353,8.84947]}},{"type":"Feature","properties":{"geohash":"s1mzy0yepu","settlement_name":"Location #130","state":"Nasarawa","lga":"Doma","population":121894,"state_population_rank":3,"num_buildings":25460,"nightlight_signal":"nightlight_detected","distance_to_existing_transmission_lines":0.0,"distance_to_existing_hv_transmission_lines":20.61,"distance_to_gridlight_targets":0.0,"main_road_access":true,"dist_main_road_km":0.0,"has_education_facility":true,"has_health_facility":true,"_label":"Location #130","_status_group":"unknown","_year":2025,"_year_label":"Source release year","_states":["Nasarawa"]},"geometry":{"type":"Point","coordinates":[8.35887,8.39821]}},{"type":"Feature","properties":{"geohash":"s1tfxnqnx1","settlement_name":"Akwanga","state":"Nasarawa","lga":"Akwanga","population":117477,"state_population_rank":4,"num_buildings":24862,"nightlight_signal":"nightlight_detected","distance_to_existing_transmission_lines":0.0,"distance_to_existing_hv_transmission_lines":0.0,"distance_to_gridlight_targets":0.0,"main_road_access":true,"dist_main_road_km":0.0,"has_education_facility":true,"has_health_facility":true,"_label":"Akwanga","_status_group":"unknown","_year":2025,"_year_label":"Source release year","_states":["Nasarawa"]},"geometry":{"type":"Point","coordinates":[8.4021,8.91241]}},{"type":"Feature","properties":{"geohash":"s1t2x7ju8z","settlement_name":"Nassarawa","state":"Nasarawa","lga":"Nasarawa","population":113955,"state_population_rank":5,"num_buildings":24045,"nightlight_signal":"nightlight_detected","distance_to_existing_transmission_lines":0.0,"distance_to_existing_hv_transmission_lines":30.02,"distance_to_gridlight_targets":0.0,"main_road_access":true,"dist_main_road_km":0.0,"has_education_facility":true,"has_health_facility":true,"_label":"Nassarawa","_status_group":"unknown","_year":2025,"_year_label":"Source release year","_states":["Nasarawa"]},"geometry":{"type":"Point","coordinates":[7.70935,8.54268]}},{"type":"Feature","properties":{"geohash":"s1qpf97nhr","settlement_name":"Gwadanye","state":"Nasarawa","lga":"Obi","population":56399,"state_population_rank":6,"num_buildings":11797,"nightlight_signal":"nightlight_detected","distance_to_existing_transmission_lines":0.0,"distance_to_existing_hv_transmission_lines":0.99,"distance_to_gridlight_targets":0.0,"main_road_access":true,"dist_main_road_km":0.0,"has_education_facility":true,"has_health_facility":true,"_label":"Gwadanye","_status_group":"unknown","_year":2025,"_year_label":"Source release year","_states":["Nasarawa"]},"geometry":{"type":"Point","coordinates":[8.55167,8.40149]}},{"type":"Feature","properties":{"geohash":"s1w1d393x9","settlement_name":"Location #272","state":"Nasarawa","lga":"Nasarawa-Eggon","population":54789,"state_population_rank":7,"num_buildings":11477,"nightlight_signal":"nightlight_detected","distance_to_existing_transmission_lines":0.0,"distance_to_existing_hv_transmission_lines":0.13,"distance_to_gridlight_targets":0.0,"main_road_access":true,"dist_main_road_km":0.0,"has_education_facility":true,"has_health_facility":true,"_label":"Location #272","_status_group":"unknown","_year":2025,"_year_label":"Source release year","_states":["Nasarawa"]},"geometry":{"type":"Point","coordinates":[8.53842,8.70968]}},{"type":"Feature","properties":{"geohash":"s1t6xt0vs2","settlement_name":"Location #362","state":"Nasarawa","lga":"Karu","population":39666,"state_population_rank":8,"num_buildings":9327,"nightlight_signal":"nightlight_detected","distance_to_existing_transmission_lines":0.0,"distance_to_existing_hv_transmission_lines":0.0,"distance_to_gridlight_targets":0.0,"main_road_access":true,"dist_main_road_km":0.0,"has_education_facility":true,"has_health_facility":true,"_label":"Location #362","_status_group":"unknown","_year":2025,"_year_label":"Source release year","_states":["Nasarawa"]},"geometry":{"type":"Point","coordinates":[7.71362,8.90537]}},{"type":"Feature","properties":{"geohash":"s1t6t42jh3","settlement_name":"Location #477","state":"Nasarawa","lga":"Karu","population":31029,"state_population_rank":9,"num_buildings":7133,"nightlight_signal":"nightlight_detected","distance_to_existing_transmission_lines":0.0,"distance_to_existing_hv_transmission_lines":7.87,"distance_to_gridlight_targets":0.0,"main_road_access":true,"dist_main_road_km":0.0,"has_education_facility":true,"has_health_facility":true,"_label":"Location #477","_status_group":"unknown","_year":2025,"_year_label":"Source release year","_states":["Nasarawa"]},"geometry":{"type":"Point","coordinates":[7.60272,8.89018]}},{"type":"Feature","properties":{"geohash":"s1w4gube8p","settlement_name":"Location #678","state":"Nasarawa","lga":"Wamba","population":25394,"state_population_rank":10,"num_buildings":5281,"nightlight_signal":"nightlight_detected","distance_to_existing_transmission_lines":0.0,"distance_to_existing_hv_transmission_lines":1.33,"distance_to_gridlight_targets":0.0,"main_road_access":true,"dist_main_road_km":0.0,"has_education_facility":true,"has_health_facility":true,"_label":"Location #678","_status_group":"unknown","_year":2025,"_year_label":"Source release year","_states":["Nasarawa"]},"geometry":{"type":"Point","coordinates":[8.60299,8.94763]}},{"type":"Feature","properties":{"geohash":"s1mp9ngqm5","settlement_name":"Toto","state":"Nasarawa","lga":"Toto","population":25023,"state_population_rank":11,"num_buildings":5137,"nightlight_signal":"nightlight_detected","distance_to_existing_transmission_lines":0.0,"distance_to_existing_hv_transmission_lines":17.89,"distance_to_gridlight_targets":0.0,"main_road_access":true,"dist_main_road_km":0.0,"has_education_facility":true,"has_health_facility":true,"_label":"Toto","_status_group":"unknown","_year":2025,"_year_label":"Source release year","_states":["Nasarawa"]},"geometry":{"type":"Point","coordinates":[7.07988,8.38778]}},{"type":"Feature","properties":{"geohash":"s1tf351c0p","settlement_name":"Location #742","state":"Nasarawa","lga":"Kokona","population":22223,"state_population_rank":12,"num_buildings":4905,"nightlight_signal":"nightlight_detected","distance_to_existing_transmission_lines":0.0,"distance_to_existing_hv_transmission_lines":0.13,"distance_to_gridlight_targets":0.0,"main_road_access":true,"dist_main_road_km":0.0,"has_education_facility":true,"has_health_facility":true,"_label":"Location #742","_status_group":"unknown","_year":2025,"_year_label":"Source release year","_states":["Nasarawa"]},"geometry":{"type":"Point","coordinates":[8.13229,8.8497]}},{"type":"Feature","properties":{"geohash":"s1td3mbt4s","settlement_name":"Keffi","state":"Nasarawa","lga":"Karu","population":21318,"state_population_rank":13,"num_buildings":4505,"nightlight_signal":"nightlight_detected","distance_to_existing_transmission_lines":0.0,"distance_to_existing_hv_transmission_lines":0.0,"distance_to_gridlight_targets":0.0,"main_road_access":true,"dist_main_road_km":0.0,"has_education_facility":true,"has_health_facility":true,"_label":"Keffi","_status_group":"unknown","_year":2025,"_year_label":"Source release year","_states":["Nasarawa"]},"geometry":{"type":"Point","coordinates":[7.79011,8.86548]}},{"type":"Feature","properties":{"geohash":"s1t6w63jk8","settlement_name":"Location #736","state":"Nasarawa","lga":"Karu","population":20949,"state_population_rank":14,"num_buildings":4926,"nightlight_signal":"nightlight_detected","distance_to_existing_transmission_lines":0.0,"distance_to_existing_hv_transmission_lines":3.4,"distance_to_gridlight_targets":0.0,"main_road_access":false,"dist_main_road_km":3.84,"has_education_facility":true,"has_health_facility":true,"_label":"Location #736","_status_group":"unknown","_year":2025,"_year_label":"Source release year","_states":["Nasarawa"]},"geometry":{"type":"Point","coordinates":[7.65904,8.89021]}},{"type":"Feature","properties":{"geohash":"s1qpgkmkmr","settlement_name":"Lafia","state":"Nasarawa","lga":"Obi","population":20029,"state_population_rank":15,"num_buildings":4315,"nightlight_signal":"nightlight_detected","distance_to_existing_transmission_lines":0.0,"distance_to_existing_hv_transmission_lines":0.22,"distance_to_gridlight_targets":0.0,"main_road_access":true,"dist_main_road_km":0.0,"has_education_facility":true,"has_health_facility":true,"_label":"Lafia","_status_group":"unknown","_year":2025,"_year_label":"Source release year","_states":["Nasarawa"]},"geometry":{"type":"Point","coordinates":[8.58776,8.41767]}},{"type":"Feature","properties":{"geohash":"s1mx38cvy4","settlement_name":"Ushan Rogo","state":"Nasarawa","lga":"Nasarawa","population":18982,"state_population_rank":16,"num_buildings":3982,"nightlight_signal":"nightlight_detected","distance_to_existing_transmission_lines":0.0,"distance_to_existing_hv_transmission_lines":54.33,"distance_to_gridlight_targets":0.0,"main_road_access":true,"dist_main_road_km":0.0,"has_education_facility":true,"has_health_facility":true,"_label":"Ushan Rogo","_status_group":"unknown","_year":2025,"_year_label":"Source release year","_states":["Nasarawa"]},"geometry":{"type":"Point","coordinates":[7.80296,8.31078]}},{"type":"Feature","properties":{"geohash":"s1qpxe758q","settlement_name":"Location #926","state":"Nasarawa","lga":"Obi","population":18815,"state_population_rank":17,"num_buildings":4089,"nightlight_signal":"nightlight_detected","distance_to_existing_transmission_lines":0.0,"distance_to_existing_hv_transmission_lines":20.38,"distance_to_gridlight_targets":0.0,"main_road_access":true,"dist_main_road_km":0.0,"has_education_facility":true,"has_health_facility":true,"_label":"Location #926","_status_group":"unknown","_year":2025,"_year_label":"Source release year","_states":["Nasarawa"]},"geometry":{"type":"Point","coordinates":[8.77122,8.3681]}},{"type":"Feature","properties":{"geohash":"s1td3vnh2p","settlement_name":"Keffi","state":"Nasarawa","lga":"Keffi","population":18606,"state_population_rank":18,"num_buildings":4375,"nightlight_signal":"nightlight_detected","distance_to_existing_transmission_lines":0.0,"distance_to_existing_hv_transmission_lines":0.0,"distance_to_gridlight_targets":0.0,"main_road_access":true,"dist_main_road_km":0.0,"has_education_facility":true,"has_health_facility":true,"_label":"Keffi","_status_group":"unknown","_year":2025,"_year_label":"Source release year","_states":["Nasarawa"]},"geometry":{"type":"Point","coordinates":[7.81953,8.86124]}},{"type":"Feature","properties":{"geohash":"s1mtd2w1jz","settlement_name":"Loko","state":"Nasarawa","lga":"Nasarawa","population":18487,"state_population_rank":19,"num_buildings":3828,"nightlight_signal":"nightlight_detected","distance_to_existing_transmission_lines":3.37,"distance_to_existing_hv_transmission_lines":79.04,"distance_to_gridlight_targets":0.0,"main_road_access":true,"dist_main_road_km":0.0,"has_education_facility":true,"has_health_facility":true,"_label":"Loko","_status_group":"unknown","_year":2025,"_year_label":"Source release year","_states":["Nasarawa"]},"geometry":{"type":"Point","coordinates":[7.84174,8.00101]}},{"type":"Feature","properties":{"geohash":"s1qw0hkqjy","settlement_name":"Awe","state":"Nasarawa","lga":"Awe","population":18264,"state_population_rank":20,"num_buildings":3770,"nightlight_signal":"nightlight_detected","distance_to_existing_transmission_lines":0.0,"distance_to_existing_hv_transmission_lines":59.47,"distance_to_gridlight_targets":0.0,"main_road_access":false,"dist_main_road_km":24.48,"has_education_facility":true,"has_health_facility":true,"_label":"Awe","_status_group":"unknown","_year":2025,"_year_label":"Source release year","_states":["Nasarawa"]},"geometry":{"type":"Point","coordinates":[9.14671,8.11035]}},{"type":"Feature","properties":{"geohash":"s1t0j8pzmk","settlement_name":"Gano","state":"Nasarawa","lga":"Toto","population":18002,"state_population_rank":21,"num_buildings":3771,"nightlight_signal":"nightlight_detected","distance_to_existing_transmission_lines":0.0,"distance_to_existing_hv_transmission_lines":39.2,"distance_to_gridlight_targets":0.0,"main_road_access":true,"dist_main_road_km":0.0,"has_education_facility":true,"has_health_facility":true,"_label":"Gano","_status_group":"unknown","_year":2025,"_year_label":"Source release year","_states":["Nasarawa"]},"geometry":{"type":"Point","coordinates":[7.28382,8.43877]}},{"type":"Feature","properties":{"geohash":"s1qxd6n807","settlement_name":"Azara","state":"Nasarawa","lga":"Awe","population":17297,"state_population_rank":22,"num_buildings":3666,"nightlight_signal":"nightlight_detected","distance_to_existing_transmission_lines":0.0,"distance_to_existing_hv_transmission_lines":72.82,"distance_to_gridlight_targets":0.0,"main_road_access":false,"dist_main_road_km":12.82,"has_education_facility":true,"has_health_facility":true,"_label":"Azara","_status_group":"unknown","_year":2025,"_year_label":"Source release year","_states":["Nasarawa"]},"geometry":{"type":"Point","coordinates":[9.24845,8.36062]}},{"type":"Feature","properties":{"geohash":"s1t2ux2qc1","settlement_name":"Location #1059","state":"Nasarawa","lga":"Nasarawa","population":16602,"state_population_rank":23,"num_buildings":3620,"nightlight_signal":"nightlight_detected","distance_to_existing_transmission_lines":9.04,"distance_to_existing_hv_transmission_lines":33.62,"distance_to_gridlight_targets":0.0,"main_road_access":false,"dist_main_road_km":9.05,"has_education_facility":true,"has_health_facility":true,"_label":"Location #1059","_status_group":"unknown","_year":2025,"_year_label":"Source release year","_states":["Nasarawa"]},"geometry":{"type":"Point","coordinates":[7.58095,8.61033]}},{"type":"Feature","properties":{"geohash":"s1qq25pu6z","settlement_name":"Location #1141","state":"Nasarawa","lga":"Keana","population":16357,"state_population_rank":24,"num_buildings":3387,"nightlight_signal":"nightlight_detected","distance_to_existing_transmission_lines":0.0,"distance_to_existing_hv_transmission_lines":21.29,"distance_to_gridlight_targets":0.0,"main_road_access":true,"dist_main_road_km":0.0,"has_education_facility":true,"has_health_facility":true,"_label":"Location #1141","_status_group":"unknown","_year":2025,"_year_label":"Source release year","_states":["Nasarawa"]},"geometry":{"type":"Point","coordinates":[8.79983,8.14713]}},{"type":"Feature","properties":{"geohash":"s1w0fetyk8","settlement_name":"Lafia","state":"Nasarawa","lga":"Lafia","population":16341,"state_population_rank":25,"num_buildings":3629,"nightlight_signal":"nightlight_detected","distance_to_existing_transmission_lines":0.0,"distance_to_existing_hv_transmission_lines":0.0,"distance_to_gridlight_targets":0.0,"main_road_access":true,"dist_main_road_km":0.0,"has_education_facility":true,"has_health_facility":true,"_label":"Lafia","_status_group":"unknown","_year":2025,"_year_label":"Source release year","_states":["Nasarawa"]},"geometry":{"type":"Point","coordinates":[8.55546,8.58964]}},{"type":"Feature","properties":{"geohash":"s1w0fb8fkj","settlement_name":"Lafia","state":"Nasarawa","lga":"Lafia","population":15783,"state_population_rank":26,"num_buildings":3385,"nightlight_signal":"nightlight_detected","distance_to_existing_transmission_lines":0.0,"distance_to_existing_hv_transmission_lines":0.04,"distance_to_gridlight_targets":0.0,"main_road_access":true,"dist_main_road_km":0.0,"has_education_facility":true,"has_health_facility":true,"_label":"Lafia","_status_group":"unknown","_year":2025,"_year_label":"Source release year","_states":["Nasarawa"]},"geometry":{"type":"Point","coordinates":[8.55955,8.5725]}},{"type":"Feature","properties":{"geohash":"s1w0kz9r4y","settlement_name":"Lafia","state":"Nasarawa","lga":"Lafia","population":15281,"state_population_rank":27,"num_buildings":3215,"nightlight_signal":"nightlight_detected","distance_to_existing_transmission_lines":0.0,"distance_to_existing_hv_transmission_lines":6.43,"distance_to_gridlight_targets":0.0,"main_road_access":true,"dist_main_road_km":0.0,"has_education_facility":true,"has_health_facility":true,"_label":"Lafia","_status_group":"unknown","_year":2025,"_year_label":"Source release year","_states":["Nasarawa"]},"geometry":{"type":"Point","coordinates":[8.64808,8.52388]}},{"type":"Feature","properties":{"geohash":"s1w0n1xv8d","settlement_name":"Dedere","state":"Nasarawa","lga":"Obi","population":15165,"state_population_rank":28,"num_buildings":3267,"nightlight_signal":"nightlight_detected","distance_to_existing_transmission_lines":0.0,"distance_to_existing_hv_transmission_lines":13.41,"distance_to_gridlight_targets":0.0,"main_road_access":true,"dist_main_road_km":0.0,"has_education_facility":true,"has_health_facility":true,"_label":"Dedere","_status_group":"unknown","_year":2025,"_year_label":"Source release year","_states":["Nasarawa"]},"geometry":{"type":"Point","coordinates":[8.71184,8.4467]}},{"type":"Feature","properties":{"geohash":"s1w0dr075w","settlement_name":"Lafia","state":"Nasarawa","lga":"Lafia","population":13573,"state_population_rank":29,"num_buildings":2839,"nightlight_signal":"nightlight_detected","distance_to_existing_transmission_lines":0.0,"distance_to_existing_hv_transmission_lines":2.21,"distance_to_gridlight_targets":0.0,"main_road_access":true,"dist_main_road_km":0.0,"has_education_facility":true,"has_health_facility":true,"_label":"Lafia","_status_group":"unknown","_year":2025,"_year_label":"Source release year","_states":["Nasarawa"]},"geometry":{"type":"Point","coordinates":[8.53687,8.56439]}},{"type":"Feature","properties":{"geohash":"s1w0e11rcs","settlement_name":"Lafia","state":"Nasarawa","lga":"Lafia","population":13328,"state_population_rank":30,"num_buildings":3134,"nightlight_signal":"nightlight_detected","distance_to_existing_transmission_lines":0.0,"distance_to_existing_hv_transmission_lines":0.0,"distance_to_gridlight_targets":0.0,"main_road_access":true,"dist_main_road_km":0.0,"has_education_facility":true,"has_health_facility":true,"_label":"Lafia","_status_group":"unknown","_year":2025,"_year_label":"Source release year","_states":["Nasarawa"]},"geometry":{"type":"Point","coordinates":[8.57113,8.53224]}},{"type":"Feature","properties":{"geohash":"s1t266ex6j","settlement_name":"Location #1418","state":"Nasarawa","lga":"Toto","population":13199,"state_population_rank":31,"num_buildings":2773,"nightlight_signal":"nightlight_detected","distance_to_existing_transmission_lines":0.0,"distance_to_existing_hv_transmission_lines":49.46,"distance_to_gridlight_targets":0.0,"main_road_access":true,"dist_main_road_km":0.0,"has_education_facility":true,"has_health_facility":true,"_label":"Location #1418","_status_group":"unknown","_year":2025,"_year_label":"Source release year","_states":["Nasarawa"]},"geometry":{"type":"Point","coordinates":[7.48659,8.49645]}},{"type":"Feature","properties":{"geohash":"s1w2cmh5km","settlement_name":"Lafia","state":"Nasarawa","lga":"Lafia","population":12862,"state_population_rank":32,"num_buildings":2710,"nightlight_signal":"nightlight_detected","distance_to_existing_transmission_lines":0.0,"distance_to_existing_hv_transmission_lines":30.03,"distance_to_gridlight_targets":0.0,"main_road_access":true,"dist_main_road_km":0.0,"has_education_facility":true,"has_health_facility":true,"_label":"Lafia","_status_group":"unknown","_year":2025,"_year_label":"Source release year","_states":["Nasarawa"]},"geometry":{"type":"Point","coordinates":[8.84967,8.59739]}},{"type":"Feature","properties":{"geohash":"s1tfs15tz0","settlement_name":"Location #1366","state":"Nasarawa","lga":"Akwanga","population":12626,"state_population_rank":33,"num_buildings":2875,"nightlight_signal":"nightlight_detected","distance_to_existing_transmission_lines":0.0,"distance_to_existing_hv_transmission_lines":0.0,"distance_to_gridlight_targets":0.0,"main_road_access":true,"dist_main_road_km":0.0,"has_education_facility":true,"has_health_facility":true,"_label":"Location #1366","_status_group":"unknown","_year":2025,"_year_label":"Source release year","_states":["Nasarawa"]},"geometry":{"type":"Point","coordinates":[8.26683,8.88344]}},{"type":"Feature","properties":{"geohash":"s1tgx202qs","settlement_name":"Andaha","state":"Nasarawa","lga":"Akwanga","population":12459,"state_population_rank":34,"num_buildings":2629,"nightlight_signal":"nightlight_detected","distance_to_existing_transmission_lines":0.0,"distance_to_existing_hv_transmission_lines":15.77,"distance_to_gridlight_targets":0.0,"main_road_access":true,"dist_main_road_km":0.0,"has_education_facility":true,"has_health_facility":true,"_label":"Andaha","_status_group":"unknown","_year":2025,"_year_label":"Source release year","_states":["Nasarawa"]},"geometry":{"type":"Point","coordinates":[8.40517,9.0528]}},{"type":"Feature","properties":{"geohash":"s1t93sqtcz","settlement_name":"Laminga","state":"Nasarawa","lga":"Nasarawa","population":12193,"state_population_rank":35,"num_buildings":2867,"nightlight_signal":"nightlight_detected","distance_to_existing_transmission_lines":0.0,"distance_to_existing_hv_transmission_lines":14.14,"distance_to_gridlight_targets":0.0,"main_road_access":true,"dist_main_road_km":0.0,"has_education_facility":true,"has_health_facility":true,"_label":"Laminga","_status_group":"unknown","_year":2025,"_year_label":"Source release year","_states":["Nasarawa"]},"geometry":{"type":"Point","coordinates":[7.8093,8.6816]}},{"type":"Feature","properties":{"geohash":"s1w05q6vk3","settlement_name":"Lafia","state":"Nasarawa","lga":"Lafia","population":11799,"state_population_rank":36,"num_buildings":2486,"nightlight_signal":"nightlight_detected","distance_to_existing_transmission_lines":0.0,"distance_to_existing_hv_transmission_lines":0.0,"distance_to_gridlight_targets":0.0,"main_road_access":true,"dist_main_road_km":0.0,"has_education_facility":true,"has_health_facility":true,"_label":"Lafia","_status_group":"unknown","_year":2025,"_year_label":"Source release year","_states":["Nasarawa"]},"geometry":{"type":"Point","coordinates":[8.58428,8.47274]}},{"type":"Feature","properties":{"geohash":"s1w0wexce7","settlement_name":"Lafia","state":"Nasarawa","lga":"Lafia","population":11570,"state_population_rank":37,"num_buildings":2542,"nightlight_signal":"nightlight_detected","distance_to_existing_transmission_lines":0.0,"distance_to_existing_hv_transmission_lines":15.87,"distance_to_gridlight_targets":0.0,"main_road_access":true,"dist_main_road_km":0.0,"has_education_facility":true,"has_health_facility":true,"_label":"Lafia","_status_group":"unknown","_year":2025,"_year_label":"Source release year","_states":["Nasarawa"]},"geometry":{"type":"Point","coordinates":[8.73394,8.5449]}},{"type":"Feature","properties":{"geohash":"s1qng4hy20","settlement_name":"Kadarko","state":"Nasarawa","lga":"Keana","population":11219,"state_population_rank":38,"num_buildings":2364,"nightlight_signal":"no_nightlight_detected","distance_to_existing_transmission_lines":0.0,"distance_to_existing_hv_transmission_lines":0.2,"distance_to_gridlight_targets":0.379,"main_road_access":true,"dist_main_road_km":0.0,"has_education_facility":true,"has_health_facility":true,"_label":"Kadarko","_status_group":"unknown","_year":2025,"_year_label":"Source release year","_states":["Nasarawa"]},"geometry":{"type":"Point","coordinates":[8.57586,8.22984]}},{"type":"Feature","properties":{"geohash":"s1w1z1rvn8","settlement_name":"Lafia","state":"Nasarawa","lga":"Lafia","population":10938,"state_population_rank":39,"num_buildings":2572,"nightlight_signal":"no_nightlight_detected","distance_to_existing_transmission_lines":11.04,"distance_to_existing_hv_transmission_lines":20.78,"distance_to_gridlight_targets":13.737,"main_road_access":false,"dist_main_road_km":18.33,"has_education_facility":true,"has_health_facility":true,"_label":"Lafia","_status_group":"unknown","_year":2025,"_year_label":"Source release year","_states":["Nasarawa"]},"geometry":{"type":"Point","coordinates":[8.75605,8.75285]}},{"type":"Feature","properties":{"geohash":"s1tdgx6w2k","settlement_name":"Location #1761","state":"Nasarawa","lga":"Kokona","population":10886,"state_population_rank":40,"num_buildings":2287,"nightlight_signal":"nightlight_detected","distance_to_existing_transmission_lines":0.0,"distance_to_existing_hv_transmission_lines":12.84,"distance_to_gridlight_targets":0.0,"main_road_access":true,"dist_main_road_km":0.0,"has_education_facility":true,"has_health_facility":true,"_label":"Location #1761","_status_group":"unknown","_year":2025,"_year_label":"Source release year","_states":["Nasarawa"]},"geometry":{"type":"Point","coordinates":[7.89164,8.96182]}},{"type":"Feature","properties":{"geohash":"s1thh3fpf4","settlement_name":"Iddah","state":"Niger","lga":"Suleja","population":1036827,"state_population_rank":1,"num_buildings":216561,"nightlight_signal":"nightlight_detected","distance_to_existing_transmission_lines":0.0,"distance_to_existing_hv_transmission_lines":0.0,"distance_to_gridlight_targets":0.0,"main_road_access":true,"dist_main_road_km":0.0,"has_education_facility":true,"has_health_facility":true,"_label":"Iddah","_status_group":"unknown","_year":2025,"_year_label":"Source release year","_states":["Niger"]},"geometry":{"type":"Point","coordinates":[7.22085,9.15158]}},{"type":"Feature","properties":{"geohash":"s1swsy3964","settlement_name":"Minna","state":"Niger","lga":"Chanchaga","population":765777,"state_population_rank":2,"num_buildings":157210,"nightlight_signal":"nightlight_detected","distance_to_existing_transmission_lines":0.0,"distance_to_existing_hv_transmission_lines":0.0,"distance_to_gridlight_targets":0.0,"main_road_access":true,"dist_main_road_km":0.0,"has_education_facility":true,"has_health_facility":true,"_label":"Minna","_status_group":"unknown","_year":2025,"_year_label":"Source release year","_states":["Niger"]},"geometry":{"type":"Point","coordinates":[6.53901,9.61464]}},{"type":"Feature","properties":{"geohash":"s1s78th64b","settlement_name":"Bida","state":"Niger","lga":"Bida","population":340381,"state_population_rank":3,"num_buildings":70583,"nightlight_signal":"nightlight_detected","distance_to_existing_transmission_lines":0.0,"distance_to_existing_hv_transmission_lines":3.43,"distance_to_gridlight_targets":0.0,"main_road_access":true,"dist_main_road_km":0.0,"has_education_facility":true,"has_health_facility":true,"_label":"Bida","_status_group":"unknown","_year":2025,"_year_label":"Source release year","_states":["Niger"]},"geometry":{"type":"Point","coordinates":[6.0045,9.08054]}},{"type":"Feature","properties":{"geohash":"s1gghms97u","settlement_name":"Kontagora","state":"Niger","lga":"Kontagora","population":271896,"state_population_rank":4,"num_buildings":57542,"nightlight_signal":"nightlight_detected","distance_to_existing_transmission_lines":0.0,"distance_to_existing_hv_transmission_lines":0.0,"distance_to_gridlight_targets":0.0,"main_road_access":true,"dist_main_road_km":0.0,"has_education_facility":true,"has_health_facility":true,"_label":"Kontagora","_status_group":"unknown","_year":2025,"_year_label":"Source release year","_states":["Niger"]},"geometry":{"type":"Point","coordinates":[5.46655,10.40155]}},{"type":"Feature","properties":{"geohash":"s1esg5v702","settlement_name":"Mokwa","state":"Niger","lga":"Mokwa","population":88457,"state_population_rank":5,"num_buildings":18611,"nightlight_signal":"nightlight_detected","distance_to_existing_transmission_lines":0.0,"distance_to_existing_hv_transmission_lines":0.0,"distance_to_gridlight_targets":0.0,"main_road_access":true,"dist_main_road_km":0.0,"has_education_facility":true,"has_health_facility":true,"_label":"Mokwa","_status_group":"unknown","_year":2025,"_year_label":"Source release year","_states":["Niger"]},"geometry":{"type":"Point","coordinates":[5.06093,9.29358]}},{"type":"Feature","properties":{"geohash":"s1thuwr2te","settlement_name":"Location #200","state":"Niger","lga":"Gurara","population":73129,"state_population_rank":6,"num_buildings":16116,"nightlight_signal":"nightlight_detected","distance_to_existing_transmission_lines":0.0,"distance_to_existing_hv_transmission_lines":0.62,"distance_to_gridlight_targets":0.0,"main_road_access":true,"dist_main_road_km":0.0,"has_education_facility":true,"has_health_facility":true,"_label":"Location #200","_status_group":"unknown","_year":2025,"_year_label":"Source release year","_states":["Niger"]},"geometry":{"type":"Point","coordinates":[7.2392,9.3069]}},{"type":"Feature","properties":{"geohash":"s1gf4bn98n","settlement_name":"Kabchi","state":"Niger","lga":"Mashegu","population":69445,"state_population_rank":7,"num_buildings":14442,"nightlight_signal":"nightlight_detected","distance_to_existing_transmission_lines":0.0,"distance_to_existing_hv_transmission_lines":18.42,"distance_to_gridlight_targets":0.0,"main_road_access":true,"dist_main_road_km":0.0,"has_education_facility":true,"has_health_facility":true,"_label":"Kabchi","_status_group":"unknown","_year":2025,"_year_label":"Source release year","_states":["Niger"]},"geometry":{"type":"Point","coordinates":[5.40322,10.1956]}},{"type":"Feature","properties":{"geohash":"s1g0nxucvh","settlement_name":"New Bussa","state":"Niger","lga":"Borgu","population":62641,"state_population_rank":8,"num_buildings":12787,"nightlight_signal":"nightlight_detected","distance_to_existing_transmission_lines":0.0,"distance_to_existing_hv_transmission_lines":3.31,"distance_to_gridlight_targets":0.0,"main_road_access":true,"dist_main_road_km":0.0,"has_education_facility":true,"has_health_facility":true,"_label":"New Bussa","_status_group":"unknown","_year":2025,"_year_label":"Source release year","_states":["Niger"]},"geometry":{"type":"Point","coordinates":[4.51114,9.88664]}},{"type":"Feature","properties":{"geohash":"s1gd9n98ez","settlement_name":"Salka","state":"Niger","lga":"Magama","population":58778,"state_population_rank":9,"num_buildings":12206,"nightlight_signal":"nightlight_detected","distance_to_existing_transmission_lines":0.0,"distance_to_existing_hv_transmission_lines":22.81,"distance_to_gridlight_targets":0.0,"main_road_access":true,"dist_main_road_km":0.0,"has_education_facility":true,"has_health_facility":true,"_label":"Salka","_status_group":"unknown","_year":2025,"_year_label":"Source release year","_states":["Niger"]},"geometry":{"type":"Point","coordinates":[4.96805,10.31904]}},{"type":"Feature","properties":{"geohash":"s1s7pzsecn","settlement_name":"Agaie","state":"Niger","lga":"Agaie","population":57506,"state_population_rank":10,"num_buildings":11722,"nightlight_signal":"nightlight_detected","distance_to_existing_transmission_lines":0.0,"distance_to_existing_hv_transmission_lines":29.37,"distance_to_gridlight_targets":0.0,"main_road_access":true,"dist_main_road_km":0.0,"has_education_facility":true,"has_health_facility":true,"_label":"Agaie","_status_group":"unknown","_year":2025,"_year_label":"Source release year","_states":["Niger"]},"geometry":{"type":"Point","coordinates":[6.32336,9.00672]}},{"type":"Feature","properties":{"geohash":"s1swmbbh5c","settlement_name":"Chanchaga","state":"Niger","lga":"Bosso","population":54292,"state_population_rank":11,"num_buildings":11242,"nightlight_signal":"nightlight_detected","distance_to_existing_transmission_lines":0.0,"distance_to_existing_hv_transmission_lines":0.0,"distance_to_gridlight_targets":0.0,"main_road_access":true,"dist_main_road_km":0.0,"has_education_facility":true,"has_health_facility":true,"_label":"Chanchaga","_status_group":"unknown","_year":2025,"_year_label":"Source release year","_states":["Niger"]},"geometry":{"type":"Point","coordinates":[6.58098,9.54095]}},{"type":"Feature","properties":{"geohash":"s1ue1x75yz","settlement_name":"Pan Dongari","state":"Niger","lga":"Rafi","population":51248,"state_population_rank":12,"num_buildings":10627,"nightlight_signal":"nightlight_detected","distance_to_existing_transmission_lines":0.0,"distance_to_existing_hv_transmission_lines":0.0,"distance_to_gridlight_targets":0.0,"main_road_access":true,"dist_main_road_km":0.0,"has_education_facility":true,"has_health_facility":true,"_label":"Pan Dongari","_status_group":"unknown","_year":2025,"_year_label":"Source release year","_states":["Niger"]},"geometry":{"type":"Point","coordinates":[6.39846,10.4116]}},{"type":"Feature","properties":{"geohash":"s1gxptx43b","settlement_name":"Rijau","state":"Niger","lga":"Rijau","population":48733,"state_population_rank":13,"num_buildings":10062,"nightlight_signal":"nightlight_detected","distance_to_existing_transmission_lines":0.0,"distance_to_existing_hv_transmission_lines":55.65,"distance_to_gridlight_targets":0.0,"main_road_access":true,"dist_main_road_km":0.0,"has_education_facility":true,"has_health_facility":true,"_label":"Rijau","_status_group":"unknown","_year":2025,"_year_label":"Source release year","_states":["Niger"]},"geometry":{"type":"Point","coordinates":[5.26115,11.10482]}},{"type":"Feature","properties":{"geohash":"s1semwf0dy","settlement_name":"Lapai","state":"Niger","lga":"Lapai","population":48499,"state_population_rank":14,"num_buildings":9985,"nightlight_signal":"nightlight_detected","distance_to_existing_transmission_lines":0.0,"distance_to_existing_hv_transmission_lines":42.02,"distance_to_gridlight_targets":0.0,"main_road_access":true,"dist_main_road_km":0.0,"has_education_facility":true,"has_health_facility":true,"_label":"Lapai","_status_group":"unknown","_year":2025,"_year_label":"Source release year","_states":["Niger"]},"geometry":{"type":"Point","coordinates":[6.5727,9.04599]}},{"type":"Feature","properties":{"geohash":"s1stwyw1sg","settlement_name":"Paiko","state":"Niger","lga":"Paikoro","population":46225,"state_population_rank":15,"num_buildings":9641,"nightlight_signal":"nightlight_detected","distance_to_existing_transmission_lines":0.0,"distance_to_existing_hv_transmission_lines":0.0,"distance_to_gridlight_targets":0.0,"main_road_access":true,"dist_main_road_km":0.0,"has_education_facility":true,"has_health_facility":true,"_label":"Paiko","_status_group":"unknown","_year":2025,"_year_label":"Source release year","_states":["Niger"]},"geometry":{"type":"Point","coordinates":[6.63321,9.44028]}},{"type":"Feature","properties":{"geohash":"s1ub0smpxr","settlement_name":"Location #357","state":"Niger","lga":"Shiroro","population":45655,"state_population_rank":16,"num_buildings":9413,"nightlight_signal":"nightlight_detected","distance_to_existing_transmission_lines":0.0,"distance_to_existing_hv_transmission_lines":0.46,"distance_to_gridlight_targets":0.0,"main_road_access":false,"dist_main_road_km":19.18,"has_education_facility":true,"has_health_facility":true,"_label":"Location #357","_status_group":"unknown","_year":2025,"_year_label":"Source release year","_states":["Niger"]},"geometry":{"type":"Point","coordinates":[6.70884,9.86843]}},{"type":"Feature","properties":{"geohash":"s1u3yq68d3","settlement_name":"Kagara","state":"Niger","lga":"Rafi","population":43081,"state_population_rank":17,"num_buildings":8857,"nightlight_signal":"nightlight_detected","distance_to_existing_transmission_lines":0.0,"distance_to_existing_hv_transmission_lines":2.84,"distance_to_gridlight_targets":0.0,"main_road_access":true,"dist_main_road_km":0.0,"has_education_facility":true,"has_health_facility":true,"_label":"Kagara","_status_group":"unknown","_year":2025,"_year_label":"Source release year","_states":["Niger"]},"geometry":{"type":"Point","coordinates":[6.25476,10.1858]}},{"type":"Feature","properties":{"geohash":"s1sz6zq7jq","settlement_name":"Location #383","state":"Niger","lga":"Shiroro","population":41622,"state_population_rank":18,"num_buildings":8940,"nightlight_signal":"nightlight_detected","distance_to_existing_transmission_lines":0.0,"distance_to_existing_hv_transmission_lines":0.11,"distance_to_gridlight_targets":0.0,"main_road_access":false,"dist_main_road_km":4.6,"has_education_facility":true,"has_health_facility":true,"_label":"Location #383","_status_group":"unknown","_year":2025,"_year_label":"Source release year","_states":["Niger"]},"geometry":{"type":"Point","coordinates":[6.80935,9.75229]}},{"type":"Feature","properties":{"geohash":"s1tn0vsqw1","settlement_name":"Agwan Sarkin-Koro","state":"Niger","lga":"Paikoro","population":41344,"state_population_rank":19,"num_buildings":8512,"nightlight_signal":"nightlight_detected","distance_to_existing_transmission_lines":0.0,"distance_to_existing_hv_transmission_lines":0.01,"distance_to_gridlight_targets":0.0,"main_road_access":true,"dist_main_road_km":0.0,"has_education_facility":true,"has_health_facility":true,"_label":"Agwan Sarkin-Koro","_status_group":"unknown","_year":2025,"_year_label":"Source release year","_states":["Niger"]},"geometry":{"type":"Point","coordinates":[7.07031,9.52352]}},{"type":"Feature","properties":{"geohash":"s1suz0s456","settlement_name":"Daga","state":"Niger","lga":"Gurara","population":41034,"state_population_rank":20,"num_buildings":8646,"nightlight_signal":"nightlight_detected","distance_to_existing_transmission_lines":0.0,"distance_to_existing_hv_transmission_lines":1.08,"distance_to_gridlight_targets":0.0,"main_road_access":true,"dist_main_road_km":0.0,"has_education_facility":true,"has_health_facility":true,"_label":"Daga","_status_group":"unknown","_year":2025,"_year_label":"Source release year","_states":["Niger"]},"geometry":{"type":"Point","coordinates":[6.99294,9.27556]}},{"type":"Feature","properties":{"geohash":"s1u39j020p","settlement_name":"Location #385","state":"Niger","lga":"Mariga","population":39971,"state_population_rank":21,"num_buildings":8932,"nightlight_signal":"nightlight_detected","distance_to_existing_transmission_lines":0.0,"distance_to_existing_hv_transmission_lines":0.0,"distance_to_gridlight_targets":0.0,"main_road_access":true,"dist_main_road_km":0.0,"has_education_facility":true,"has_health_facility":true,"_label":"Location #385","_status_group":"unknown","_year":2025,"_year_label":"Source release year","_states":["Niger"]},"geometry":{"type":"Point","coordinates":[6.02086,10.13493]}},{"type":"Feature","properties":{"geohash":"s1sr669tnf","settlement_name":"Bankwagi","state":"Niger","lga":"Wushishi","population":37856,"state_population_rank":22,"num_buildings":7907,"nightlight_signal":"nightlight_detected","distance_to_existing_transmission_lines":0.0,"distance_to_existing_hv_transmission_lines":21.79,"distance_to_gridlight_targets":0.0,"main_road_access":true,"dist_main_road_km":0.0,"has_education_facility":true,"has_health_facility":true,"_label":"Bankwagi","_status_group":"unknown","_year":2025,"_year_label":"Source release year","_states":["Niger"]},"geometry":{"type":"Point","coordinates":[6.0778,9.72652]}},{"type":"Feature","properties":{"geohash":"s1gbdsf289","settlement_name":"Kabchi","state":"Niger","lga":"Mashegu","population":36946,"state_population_rank":23,"num_buildings":7819,"nightlight_signal":"nightlight_detected","distance_to_existing_transmission_lines":0.0,"distance_to_existing_hv_transmission_lines":44.52,"distance_to_gridlight_targets":0.0,"main_road_access":true,"dist_main_road_km":0.0,"has_education_facility":false,"has_health_facility":true,"_label":"Kabchi","_status_group":"unknown","_year":2025,"_year_label":"Source release year","_states":["Niger"]},"geometry":{"type":"Point","coordinates":[5.38642,9.95783]}},{"type":"Feature","properties":{"geohash":"s1ujssmb5j","settlement_name":"Ukata","state":"Niger","lga":"Mariga","population":36519,"state_population_rank":24,"num_buildings":7661,"nightlight_signal":"nightlight_detected","distance_to_existing_transmission_lines":0.0,"distance_to_existing_hv_transmission_lines":57.02,"distance_to_gridlight_targets":0.0,"main_road_access":true,"dist_main_road_km":0.0,"has_education_facility":true,"has_health_facility":true,"_label":"Ukata","_status_group":"unknown","_year":2025,"_year_label":"Source release year","_states":["Niger"]},"geometry":{"type":"Point","coordinates":[5.83079,10.83392]}},{"type":"Feature","properties":{"geohash":"s1g2183r8z","settlement_name":"Location #473","state":"Niger","lga":"Mashegu","population":35295,"state_population_rank":25,"num_buildings":7277,"nightlight_signal":"nightlight_detected","distance_to_existing_transmission_lines":0.0,"distance_to_existing_hv_transmission_lines":0.0,"distance_to_gridlight_targets":0.0,"main_road_access":true,"dist_main_road_km":0.0,"has_education_facility":true,"has_health_facility":true,"_label":"Location #473","_status_group":"unknown","_year":2025,"_year_label":"Source release year","_states":["Niger"]},"geometry":{"type":"Point","coordinates":[4.63798,9.84645]}},{"type":"Feature","properties":{"geohash":"s1gb70m2d1","settlement_name":"Safo","state":"Niger","lga":"Mashegu","population":32842,"state_population_rank":26,"num_buildings":6930,"nightlight_signal":"nightlight_detected","distance_to_existing_transmission_lines":0.0,"distance_to_existing_hv_transmission_lines":51.52,"distance_to_gridlight_targets":0.0,"main_road_access":true,"dist_main_road_km":0.0,"has_education_facility":true,"has_health_facility":true,"_label":"Safo","_status_group":"unknown","_year":2025,"_year_label":"Source release year","_states":["Niger"]},"geometry":{"type":"Point","coordinates":[5.41258,9.88916]}},{"type":"Feature","properties":{"geohash":"s1ez4fbuv8","settlement_name":"Location #490","state":"Niger","lga":"Lavun","population":32335,"state_population_rank":27,"num_buildings":6966,"nightlight_signal":"nightlight_detected","distance_to_existing_transmission_lines":0.0,"distance_to_existing_hv_transmission_lines":35.31,"distance_to_gridlight_targets":0.0,"main_road_access":true,"dist_main_road_km":0.0,"has_education_facility":true,"has_health_facility":true,"_label":"Location #490","_status_group":"unknown","_year":2025,"_year_label":"Source release year","_states":["Niger"]},"geometry":{"type":"Point","coordinates":[5.39556,9.68389]}},{"type":"Feature","properties":{"geohash":"s1sru118p7","settlement_name":"Zungeru","state":"Niger","lga":"Wushishi","population":30079,"state_population_rank":28,"num_buildings":6140,"nightlight_signal":"nightlight_detected","distance_to_existing_transmission_lines":0.0,"distance_to_existing_hv_transmission_lines":26.74,"distance_to_gridlight_targets":0.0,"main_road_access":true,"dist_main_road_km":0.0,"has_education_facility":true,"has_health_facility":true,"_label":"Zungeru","_status_group":"unknown","_year":2025,"_year_label":"Source release year","_states":["Niger"]},"geometry":{"type":"Point","coordinates":[6.15472,9.80532]}},{"type":"Feature","properties":{"geohash":"s1ezmr7zjj","settlement_name":"Edun","state":"Niger","lga":"Mashegu","population":28145,"state_population_rank":29,"num_buildings":5778,"nightlight_signal":"nightlight_detected","distance_to_existing_transmission_lines":0.0,"distance_to_existing_hv_transmission_lines":40.7,"distance_to_gridlight_targets":0.0,"main_road_access":true,"dist_main_road_km":0.0,"has_education_facility":false,"has_health_facility":true,"_label":"Edun","_status_group":"unknown","_year":2025,"_year_label":"Source release year","_states":["Niger"]},"geometry":{"type":"Point","coordinates":[5.50952,9.75297]}},{"type":"Feature","properties":{"geohash":"s1theh0ynz","settlement_name":"Location #579","state":"Niger","lga":"Suleja","population":27975,"state_population_rank":30,"num_buildings":6063,"nightlight_signal":"nightlight_detected","distance_to_existing_transmission_lines":0.0,"distance_to_existing_hv_transmission_lines":0.0,"distance_to_gridlight_targets":0.0,"main_road_access":true,"dist_main_road_km":0.0,"has_education_facility":true,"has_health_facility":true,"_label":"Location #579","_status_group":"unknown","_year":2025,"_year_label":"Source release year","_states":["Niger"]},"geometry":{"type":"Point","coordinates":[7.16441,9.25156]}},{"type":"Feature","properties":{"geohash":"s1v0fpw4mk","settlement_name":"Gidan Wakili","state":"Niger","lga":"Muya","population":27749,"state_population_rank":31,"num_buildings":5987,"nightlight_signal":"nightlight_detected","distance_to_existing_transmission_lines":0.0,"distance_to_existing_hv_transmission_lines":28.74,"distance_to_gridlight_targets":0.0,"main_road_access":true,"dist_main_road_km":0.0,"has_education_facility":true,"has_health_facility":true,"_label":"Gidan Wakili","_status_group":"unknown","_year":2025,"_year_label":"Source release year","_states":["Niger"]},"geometry":{"type":"Point","coordinates":[7.12761,10.0172]}},{"type":"Feature","properties":{"geohash":"s1g9rnzkyw","settlement_name":"Location #639","state":"Niger","lga":"Mashegu","population":26875,"state_population_rank":32,"num_buildings":5565,"nightlight_signal":"no_nightlight_detected","distance_to_existing_transmission_lines":16.08,"distance_to_existing_hv_transmission_lines":33.04,"distance_to_gridlight_targets":15.567,"main_road_access":false,"dist_main_road_km":16.07,"has_education_facility":true,"has_health_facility":true,"_label":"Location #639","_status_group":"unknown","_year":2025,"_year_label":"Source release year","_states":["Niger"]},"geometry":{"type":"Point","coordinates":[5.23973,10.10141]}},{"type":"Feature","properties":{"geohash":"s1getjdcbh","settlement_name":"Ibeto","state":"Niger","lga":"Magama","population":25910,"state_population_rank":33,"num_buildings":5524,"nightlight_signal":"nightlight_detected","distance_to_existing_transmission_lines":0.0,"distance_to_existing_hv_transmission_lines":0.0,"distance_to_gridlight_targets":0.0,"main_road_access":true,"dist_main_road_km":0.0,"has_education_facility":true,"has_health_facility":true,"_label":"Ibeto","_status_group":"unknown","_year":2025,"_year_label":"Source release year","_states":["Niger"]},"geometry":{"type":"Point","coordinates":[5.14539,10.48952]}},{"type":"Feature","properties":{"geohash":"s1u4jpq7uc","settlement_name":"Location #714","state":"Niger","lga":"Mariga","population":24543,"state_population_rank":34,"num_buildings":5053,"nightlight_signal":"nightlight_detected","distance_to_existing_transmission_lines":0.0,"distance_to_existing_hv_transmission_lines":0.0,"distance_to_gridlight_targets":0.0,"main_road_access":true,"dist_main_road_km":0.0,"has_education_facility":true,"has_health_facility":true,"_label":"Location #714","_status_group":"unknown","_year":2025,"_year_label":"Source release year","_states":["Niger"]},"geometry":{"type":"Point","coordinates":[5.85352,10.23579]}},{"type":"Feature","properties":{"geohash":"s1sp88wb7m","settlement_name":"Location #733","state":"Niger","lga":"Mashegu","population":24210,"state_population_rank":35,"num_buildings":4942,"nightlight_signal":"no_nightlight_detected","distance_to_existing_transmission_lines":5.15,"distance_to_existing_hv_transmission_lines":37.93,"distance_to_gridlight_targets":4.239,"main_road_access":false,"dist_main_road_km":5.15,"has_education_facility":true,"has_health_facility":true,"_label":"Location #733","_status_group":"unknown","_year":2025,"_year_label":"Source release year","_states":["Niger"]},"geometry":{"type":"Point","coordinates":[5.65638,9.75868]}},{"type":"Feature","properties":{"geohash":"s1g3gqrdkx","settlement_name":"Location #708","state":"Niger","lga":"Magama","population":24195,"state_population_rank":36,"num_buildings":5128,"nightlight_signal":"nightlight_detected","distance_to_existing_transmission_lines":0.0,"distance_to_existing_hv_transmission_lines":0.03,"distance_to_gridlight_targets":0.0,"main_road_access":true,"dist_main_road_km":0.0,"has_education_facility":true,"has_health_facility":true,"_label":"Location #708","_status_group":"unknown","_year":2025,"_year_label":"Source release year","_states":["Niger"]},"geometry":{"type":"Point","coordinates":[4.72363,10.18613]}},{"type":"Feature","properties":{"geohash":"s1u3k9gjcw","settlement_name":"Tegina","state":"Niger","lga":"Rafi","population":23987,"state_population_rank":37,"num_buildings":5003,"nightlight_signal":"nightlight_detected","distance_to_existing_transmission_lines":0.0,"distance_to_existing_hv_transmission_lines":0.0,"distance_to_gridlight_targets":0.0,"main_road_access":true,"dist_main_road_km":0.0,"has_education_facility":true,"has_health_facility":true,"_label":"Tegina","_status_group":"unknown","_year":2025,"_year_label":"Source release year","_states":["Niger"]},"geometry":{"type":"Point","coordinates":[6.1785,10.07411]}},{"type":"Feature","properties":{"geohash":"s1sx56v8sk","settlement_name":"Location #667","state":"Niger","lga":"Bosso","population":23664,"state_population_rank":38,"num_buildings":5321,"nightlight_signal":"nightlight_detected","distance_to_existing_transmission_lines":0.0,"distance_to_existing_hv_transmission_lines":0.0,"distance_to_gridlight_targets":0.0,"main_road_access":true,"dist_main_road_km":0.0,"has_education_facility":true,"has_health_facility":true,"_label":"Location #667","_status_group":"unknown","_year":2025,"_year_label":"Source release year","_states":["Niger"]},"geometry":{"type":"Point","coordinates":[6.47869,9.68318]}},{"type":"Feature","properties":{"geohash":"s1etc07y17","settlement_name":"Location #730","state":"Niger","lga":"Mashegu","population":23427,"state_population_rank":39,"num_buildings":4958,"nightlight_signal":"nightlight_detected","distance_to_existing_transmission_lines":0.0,"distance_to_existing_hv_transmission_lines":17.05,"distance_to_gridlight_targets":0.0,"main_road_access":true,"dist_main_road_km":0.0,"has_education_facility":true,"has_health_facility":true,"_label":"Location #730","_status_group":"unknown","_year":2025,"_year_label":"Source release year","_states":["Niger"]},"geometry":{"type":"Point","coordinates":[4.97103,9.45067]}},{"type":"Feature","properties":{"geohash":"s1gcdbnryr","settlement_name":"Kabchi","state":"Niger","lga":"Mashegu","population":22934,"state_population_rank":40,"num_buildings":4875,"nightlight_signal":"nightlight_detected","distance_to_existing_transmission_lines":0.0,"distance_to_existing_hv_transmission_lines":28.55,"distance_to_gridlight_targets":0.0,"main_road_access":true,"dist_main_road_km":0.0,"has_education_facility":true,"has_health_facility":true,"_label":"Kabchi","_status_group":"unknown","_year":2025,"_year_label":"Source release year","_states":["Niger"]},"geometry":{"type":"Point","coordinates":[5.40314,10.10879]}},{"type":"Feature","properties":{"geohash":"s162spxs1r","settlement_name":"Abẹ́òkúta","state":"Ogun","lga":"Abeokuta South","population":1392167,"state_population_rank":1,"num_buildings":293334,"nightlight_signal":"nightlight_detected","distance_to_existing_transmission_lines":0.0,"distance_to_existing_hv_transmission_lines":0.0,"distance_to_gridlight_targets":0.0,"main_road_access":true,"dist_main_road_km":0.0,"has_education_facility":true,"has_health_facility":true,"_label":"Abẹ́òkúta","_status_group":"unknown","_year":2025,"_year_label":"Source release year","_states":["Ogun"]},"geometry":{"type":"Point","coordinates":[3.3502,7.16107]}},{"type":"Feature","properties":{"geohash":"s14yc90vj1","settlement_name":"Ìjẹ̀bú Òde","state":"Ogun","lga":"Ijebu Ode","population":640296,"state_population_rank":2,"num_buildings":133350,"nightlight_signal":"nightlight_detected","distance_to_existing_transmission_lines":0.0,"distance_to_existing_hv_transmission_lines":0.0,"distance_to_gridlight_targets":0.0,"main_road_access":true,"dist_main_road_km":0.0,"has_education_facility":true,"has_health_facility":true,"_label":"Ìjẹ̀bú Òde","_status_group":"unknown","_year":2025,"_year_label":"Source release year","_states":["Ogun"]},"geometry":{"type":"Point","coordinates":[3.93436,6.81788]}},{"type":"Feature","properties":{"geohash":"s14wfvcx40","settlement_name":"Shagamu","state":"Ogun","lga":"Shagamu","population":329151,"state_population_rank":3,"num_buildings":70488,"nightlight_signal":"nightlight_detected","distance_to_existing_transmission_lines":0.0,"distance_to_existing_hv_transmission_lines":0.0,"distance_to_gridlight_targets":0.0,"main_road_access":true,"dist_main_road_km":0.0,"has_education_facility":true,"has_health_facility":true,"_label":"Shagamu","_status_group":"unknown","_year":2025,"_year_label":"Source release year","_states":["Ogun"]},"geometry":{"type":"Point","coordinates":[3.63862,6.84431]}},{"type":"Feature","properties":{"geohash":"s14j54tvsr","settlement_name":"Ikoga","state":"Ogun","lga":"Ado-Odo/Ota","population":213176,"state_population_rank":4,"num_buildings":48617,"nightlight_signal":"nightlight_detected","distance_to_existing_transmission_lines":0.0,"distance_to_existing_hv_transmission_lines":9.32,"distance_to_gridlight_targets":0.0,"main_road_access":true,"dist_main_road_km":0.0,"has_education_facility":true,"has_health_facility":true,"_label":"Ikoga","_status_group":"unknown","_year":2025,"_year_label":"Source release year","_states":["Ogun"]},"geometry":{"type":"Point","coordinates":[2.95242,6.51863]}},{"type":"Feature","properties":{"geohash":"s14n5fqqs9","settlement_name":"Owode","state":"Ogun","lga":"Egbado South","population":179975,"state_population_rank":5,"num_buildings":38889,"nightlight_signal":"nightlight_detected","distance_to_existing_transmission_lines":0.0,"distance_to_existing_hv_transmission_lines":0.0,"distance_to_gridlight_targets":0.0,"main_road_access":true,"dist_main_road_km":0.0,"has_education_facility":true,"has_health_facility":true,"_label":"Owode","_status_group":"unknown","_year":2025,"_year_label":"Source release year","_states":["Ogun"]},"geometry":{"type":"Point","coordinates":[2.98607,6.69317]}},{"type":"Feature","properties":{"geohash":"s11vygmj1n","settlement_name":"Iganmi","state":"Ogun","lga":"Ipokia","population":178185,"state_population_rank":6,"num_buildings":37821,"nightlight_signal":"nightlight_detected","distance_to_existing_transmission_lines":0.0,"distance_to_existing_hv_transmission_lines":0.22,"distance_to_gridlight_targets":0.0,"main_road_access":true,"dist_main_road_km":0.0,"has_education_facility":true,"has_health_facility":true,"_label":"Iganmi","_status_group":"unknown","_year":2025,"_year_label":"Source release year","_states":["Ogun"]},"geometry":{"type":"Point","coordinates":[2.76449,6.65449]}},{"type":"Feature","properties":{"geohash":"s14phw1rd1","settlement_name":"Oja Odan","state":"Ogun","lga":"Egbado South","population":162139,"state_population_rank":7,"num_buildings":34014,"nightlight_signal":"nightlight_detected","distance_to_existing_transmission_lines":0.0,"distance_to_existing_hv_transmission_lines":11.94,"distance_to_gridlight_targets":0.0,"main_road_access":true,"dist_main_road_km":0.0,"has_education_facility":true,"has_health_facility":true,"_label":"Oja Odan","_status_group":"unknown","_year":2025,"_year_label":"Source release year","_states":["Ogun"]},"geometry":{"type":"Point","coordinates":[3.01206,6.88972]}},{"type":"Feature","properties":{"geohash":"s14zeh81xd","settlement_name":"Ìjẹ̀bú-Ìgbò","state":"Ogun","lga":"Ijebu North","population":145997,"state_population_rank":8,"num_buildings":30582,"nightlight_signal":"nightlight_detected","distance_to_existing_transmission_lines":0.0,"distance_to_existing_hv_transmission_lines":19.19,"distance_to_gridlight_targets":0.0,"main_road_access":true,"dist_main_road_km":0.0,"has_education_facility":true,"has_health_facility":true,"_label":"Ìjẹ̀bú-Ìgbò","_status_group":"unknown","_year":2025,"_year_label":"Source release year","_states":["Ogun"]},"geometry":{"type":"Point","coordinates":[3.99935,6.96835]}},{"type":"Feature","properties":{"geohash":"s14xemq56m","settlement_name":"Location #125","state":"Ogun","lga":"Ikenne","population":123080,"state_population_rank":9,"num_buildings":26635,"nightlight_signal":"nightlight_detected","distance_to_existing_transmission_lines":0.0,"distance_to_existing_hv_transmission_lines":11.4,"distance_to_gridlight_targets":0.0,"main_road_access":true,"dist_main_road_km":0.0,"has_education_facility":true,"has_health_facility":true,"_label":"Location #125","_status_group":"unknown","_year":2025,"_year_label":"Source release year","_states":["Ogun"]},"geometry":{"type":"Point","coordinates":[3.66679,6.97279]}},{"type":"Feature","properties":{"geohash":"s14z90ryj2","settlement_name":"Àgọ́-Ìwòyè","state":"Ogun","lga":"Ijebu North","population":111696,"state_population_rank":10,"num_buildings":22898,"nightlight_signal":"nightlight_detected","distance_to_existing_transmission_lines":0.0,"distance_to_existing_hv_transmission_lines":14.1,"distance_to_gridlight_targets":0.0,"main_road_access":true,"dist_main_road_km":0.0,"has_education_facility":true,"has_health_facility":true,"_label":"Àgọ́-Ìwòyè","_status_group":"unknown","_year":2025,"_year_label":"Source release year","_states":["Ogun"]},"geometry":{"type":"Point","coordinates":[3.92201,6.94577]}},{"type":"Feature","properties":{"geohash":"s14xhqqchw","settlement_name":"Ilishan","state":"Ogun","lga":"Ikenne","population":96843,"state_population_rank":11,"num_buildings":20495,"nightlight_signal":"nightlight_detected","distance_to_existing_transmission_lines":0.0,"distance_to_existing_hv_transmission_lines":4.46,"distance_to_gridlight_targets":0.0,"main_road_access":true,"dist_main_road_km":0.0,"has_education_facility":true,"has_health_facility":true,"_label":"Ilishan","_status_group":"unknown","_year":2025,"_year_label":"Source release year","_states":["Ogun"]},"geometry":{"type":"Point","coordinates":[3.71186,6.89001]}},{"type":"Feature","properties":{"geohash":"s1624yywc3","settlement_name":"Location #159","state":"Ogun","lga":"Ewekoro","population":91664,"state_population_rank":12,"num_buildings":20611,"nightlight_signal":"nightlight_detected","distance_to_existing_transmission_lines":0.0,"distance_to_existing_hv_transmission_lines":0.0,"distance_to_gridlight_targets":0.0,"main_road_access":true,"dist_main_road_km":0.0,"has_education_facility":true,"has_health_facility":true,"_label":"Location #159","_status_group":"unknown","_year":2025,"_year_label":"Source release year","_states":["Ogun"]},"geometry":{"type":"Point","coordinates":[3.29389,7.0695]}},{"type":"Feature","properties":{"geohash":"s14p2bcs8q","settlement_name":"Oja Odan","state":"Ogun","lga":"Egbado North","population":75944,"state_population_rank":13,"num_buildings":15955,"nightlight_signal":"nightlight_detected","distance_to_existing_transmission_lines":0.0,"distance_to_existing_hv_transmission_lines":15.9,"distance_to_gridlight_targets":0.0,"main_road_access":true,"dist_main_road_km":0.0,"has_education_facility":true,"has_health_facility":true,"_label":"Oja Odan","_status_group":"unknown","_year":2025,"_year_label":"Source release year","_states":["Ogun"]},"geometry":{"type":"Point","coordinates":[2.84753,6.90434]}},{"type":"Feature","properties":{"geohash":"s14x76u05w","settlement_name":"Iperu","state":"Ogun","lga":"Ikenne","population":68969,"state_population_rank":14,"num_buildings":14726,"nightlight_signal":"nightlight_detected","distance_to_existing_transmission_lines":0.0,"distance_to_existing_hv_transmission_lines":7.66,"distance_to_gridlight_targets":0.0,"main_road_access":true,"dist_main_road_km":0.0,"has_education_facility":true,"has_health_facility":true,"_label":"Iperu","_status_group":"unknown","_year":2025,"_year_label":"Source release year","_states":["Ogun"]},"geometry":{"type":"Point","coordinates":[3.6641,6.91455]}},{"type":"Feature","properties":{"geohash":"s161hynsek","settlement_name":"Aiyetoro","state":"Ogun","lga":"Egbado North","population":67393,"state_population_rank":15,"num_buildings":13995,"nightlight_signal":"nightlight_detected","distance_to_existing_transmission_lines":0.0,"distance_to_existing_hv_transmission_lines":25.93,"distance_to_gridlight_targets":0.0,"main_road_access":true,"dist_main_road_km":0.0,"has_education_facility":true,"has_health_facility":true,"_label":"Aiyetoro","_status_group":"unknown","_year":2025,"_year_label":"Source release year","_states":["Ogun"]},"geometry":{"type":"Point","coordinates":[3.03032,7.24079]}},{"type":"Feature","properties":{"geohash":"s14r3pxezd","settlement_name":"Location #334","state":"Ogun","lga":"Ewekoro","population":45134,"state_population_rank":16,"num_buildings":9738,"nightlight_signal":"nightlight_detected","distance_to_existing_transmission_lines":0.0,"distance_to_existing_hv_transmission_lines":0.0,"distance_to_gridlight_targets":0.0,"main_road_access":true,"dist_main_road_km":0.0,"has_education_facility":true,"has_health_facility":true,"_label":"Location #334","_status_group":"unknown","_year":2025,"_year_label":"Source release year","_states":["Ogun"]},"geometry":{"type":"Point","coordinates":[3.21863,6.94127]}},{"type":"Feature","properties":{"geohash":"s14rx9ttwe","settlement_name":"Ariwo","state":"Ogun","lga":"Obafemi-Owode","population":43833,"state_population_rank":17,"num_buildings":9443,"nightlight_signal":"nightlight_detected","distance_to_existing_transmission_lines":0.0,"distance_to_existing_hv_transmission_lines":16.76,"distance_to_gridlight_targets":0.0,"main_road_access":true,"dist_main_road_km":0.0,"has_education_facility":true,"has_health_facility":true,"_label":"Ariwo","_status_group":"unknown","_year":2025,"_year_label":"Source release year","_states":["Ogun"]},"geometry":{"type":"Point","coordinates":[3.50149,6.95256]}},{"type":"Feature","properties":{"geohash":"s11vrhk73q","settlement_name":"Bode Ase","state":"Ogun","lga":"Ipokia","population":38236,"state_population_rank":18,"num_buildings":8225,"nightlight_signal":"nightlight_detected","distance_to_existing_transmission_lines":2.23,"distance_to_existing_hv_transmission_lines":16.04,"distance_to_gridlight_targets":0.0,"main_road_access":false,"dist_main_road_km":5.03,"has_education_facility":true,"has_health_facility":true,"_label":"Bode Ase","_status_group":"unknown","_year":2025,"_year_label":"Source release year","_states":["Ogun"]},"geometry":{"type":"Point","coordinates":[2.77445,6.57179]}},{"type":"Feature","properties":{"geohash":"s164hhpyuv","settlement_name":"Location #439","state":"Ogun","lga":"Imeko-Afon","population":37410,"state_population_rank":19,"num_buildings":7917,"nightlight_signal":"nightlight_detected","distance_to_existing_transmission_lines":0.0,"distance_to_existing_hv_transmission_lines":40.94,"distance_to_gridlight_targets":0.0,"main_road_access":true,"dist_main_road_km":0.0,"has_education_facility":true,"has_health_facility":true,"_label":"Location #439","_status_group":"unknown","_year":2025,"_year_label":"Source release year","_states":["Ogun"]},"geometry":{"type":"Point","coordinates":[2.99913,7.40598]}},{"type":"Feature","properties":{"geohash":"s1642eszvf","settlement_name":"Meko","state":"Ogun","lga":"Imeko-Afon","population":32216,"state_population_rank":20,"num_buildings":6690,"nightlight_signal":"nightlight_detected","distance_to_existing_transmission_lines":0.0,"distance_to_existing_hv_transmission_lines":57.52,"distance_to_gridlight_targets":0.0,"main_road_access":true,"dist_main_road_km":0.0,"has_education_facility":true,"has_health_facility":true,"_label":"Meko","_status_group":"unknown","_year":2025,"_year_label":"Source release year","_states":["Ogun"]},"geometry":{"type":"Point","coordinates":[2.84125,7.44733]}},{"type":"Feature","properties":{"geohash":"s14jtpu0sc","settlement_name":"Alapoti","state":"Ogun","lga":"Ado-Odo/Ota","population":25819,"state_population_rank":21,"num_buildings":6071,"nightlight_signal":"nightlight_detected","distance_to_existing_transmission_lines":0.0,"distance_to_existing_hv_transmission_lines":0.94,"distance_to_gridlight_targets":0.0,"main_road_access":true,"dist_main_road_km":0.0,"has_education_facility":true,"has_health_facility":true,"_label":"Alapoti","_status_group":"unknown","_year":2025,"_year_label":"Source release year","_states":["Ogun"]},"geometry":{"type":"Point","coordinates":[3.03793,6.63446]}},{"type":"Feature","properties":{"geohash":"s14wvv2hq5","settlement_name":"Odogbolu","state":"Ogun","lga":"Odogbolu","population":25805,"state_population_rank":22,"num_buildings":5575,"nightlight_signal":"nightlight_detected","distance_to_existing_transmission_lines":0.0,"distance_to_existing_hv_transmission_lines":0.91,"distance_to_gridlight_targets":0.0,"main_road_access":true,"dist_main_road_km":0.0,"has_education_facility":true,"has_health_facility":true,"_label":"Odogbolu","_status_group":"unknown","_year":2025,"_year_label":"Source release year","_states":["Ogun"]},"geometry":{"type":"Point","coordinates":[3.76857,6.84111]}},{"type":"Feature","properties":{"geohash":"s13fntketu","settlement_name":"Illara","state":"Ogun","lga":"Imeko-Afon","population":25315,"state_population_rank":23,"num_buildings":5303,"nightlight_signal":"nightlight_detected","distance_to_existing_transmission_lines":8.39,"distance_to_existing_hv_transmission_lines":62.04,"distance_to_gridlight_targets":0.0,"main_road_access":true,"dist_main_road_km":0.0,"has_education_facility":true,"has_health_facility":true,"_label":"Illara","_status_group":"unknown","_year":2025,"_year_label":"Source release year","_states":["Ogun"]},"geometry":{"type":"Point","coordinates":[2.75302,7.41228]}},{"type":"Feature","properties":{"geohash":"s1605sm689","settlement_name":"Igbogila","state":"Ogun","lga":"Egbado North","population":24733,"state_population_rank":24,"num_buildings":5219,"nightlight_signal":"nightlight_detected","distance_to_existing_transmission_lines":0.0,"distance_to_existing_hv_transmission_lines":23.03,"distance_to_gridlight_targets":0.0,"main_road_access":true,"dist_main_road_km":0.0,"has_education_facility":true,"has_health_facility":true,"_label":"Igbogila","_status_group":"unknown","_year":2025,"_year_label":"Source release year","_states":["Ogun"]},"geometry":{"type":"Point","coordinates":[2.97355,7.05504]}},{"type":"Feature","properties":{"geohash":"s14n1um5tz","settlement_name":"Oke Odan","state":"Ogun","lga":"Egbado South","population":22810,"state_population_rank":25,"num_buildings":4950,"nightlight_signal":"nightlight_detected","distance_to_existing_transmission_lines":0.0,"distance_to_existing_hv_transmission_lines":1.61,"distance_to_gridlight_targets":0.0,"main_road_access":true,"dist_main_road_km":0.0,"has_education_facility":true,"has_health_facility":true,"_label":"Oke Odan","_status_group":"unknown","_year":2025,"_year_label":"Source release year","_states":["Ogun"]},"geometry":{"type":"Point","coordinates":[2.89652,6.70368]}},{"type":"Feature","properties":{"geohash":"s14wpgjtd5","settlement_name":"Omu","state":"Ogun","lga":"Odogbolu","population":18202,"state_population_rank":26,"num_buildings":4150,"nightlight_signal":"nightlight_detected","distance_to_existing_transmission_lines":4.62,"distance_to_existing_hv_transmission_lines":7.32,"distance_to_gridlight_targets":0.0,"main_road_access":true,"dist_main_road_km":0.0,"has_education_facility":true,"has_health_facility":true,"_label":"Omu","_status_group":"unknown","_year":2025,"_year_label":"Source release year","_states":["Ogun"]},"geometry":{"type":"Point","coordinates":[3.86384,6.69713]}},{"type":"Feature","properties":{"geohash":"s14wtnb63g","settlement_name":"Aiyepe","state":"Ogun","lga":"Odogbolu","population":17983,"state_population_rank":27,"num_buildings":3789,"nightlight_signal":"nightlight_detected","distance_to_existing_transmission_lines":0.0,"distance_to_existing_hv_transmission_lines":0.08,"distance_to_gridlight_targets":0.0,"main_road_access":true,"dist_main_road_km":0.0,"has_education_facility":true,"has_health_facility":true,"_label":"Aiyepe","_status_group":"unknown","_year":2025,"_year_label":"Source release year","_states":["Ogun"]},"geometry":{"type":"Point","coordinates":[3.73577,6.80506]}},{"type":"Feature","properties":{"geohash":"s14y800c8b","settlement_name":"Location #1033","state":"Ogun","lga":"Odogbolu","population":16982,"state_population_rank":28,"num_buildings":3686,"nightlight_signal":"nightlight_detected","distance_to_existing_transmission_lines":0.0,"distance_to_existing_hv_transmission_lines":1.79,"distance_to_gridlight_targets":0.0,"main_road_access":true,"dist_main_road_km":0.0,"has_education_facility":true,"has_health_facility":true,"_label":"Location #1033","_status_group":"unknown","_year":2025,"_year_label":"Source release year","_states":["Ogun"]},"geometry":{"type":"Point","coordinates":[3.86826,6.76784]}},{"type":"Feature","properties":{"geohash":"s15j4xrfgy","settlement_name":"Tigara","state":"Ogun","lga":"Ogun waterside","population":16708,"state_population_rank":29,"num_buildings":3631,"nightlight_signal":"nightlight_detected","distance_to_existing_transmission_lines":0.0,"distance_to_existing_hv_transmission_lines":16.06,"distance_to_gridlight_targets":0.0,"main_road_access":false,"dist_main_road_km":18.52,"has_education_facility":true,"has_health_facility":true,"_label":"Tigara","_status_group":"unknown","_year":2025,"_year_label":"Source release year","_states":["Ogun"]},"geometry":{"type":"Point","coordinates":[4.33943,6.54424]}},{"type":"Feature","properties":{"geohash":"s14n4egumh","settlement_name":"Ajillete","state":"Ogun","lga":"Egbado South","population":16460,"state_population_rank":30,"num_buildings":3504,"nightlight_signal":"nightlight_detected","distance_to_existing_transmission_lines":0.0,"distance_to_existing_hv_transmission_lines":0.7,"distance_to_gridlight_targets":0.0,"main_road_access":true,"dist_main_road_km":0.0,"has_education_facility":true,"has_health_facility":true,"_label":"Ajillete","_status_group":"unknown","_year":2025,"_year_label":"Source release year","_states":["Ogun"]},"geometry":{"type":"Point","coordinates":[2.92773,6.70104]}},{"type":"Feature","properties":{"geohash":"s11vp797qs","settlement_name":"Location #1062","state":"Ogun","lga":"Ipokia","population":15863,"state_population_rank":31,"num_buildings":3612,"nightlight_signal":"no_nightlight_detected","distance_to_existing_transmission_lines":7.91,"distance_to_existing_hv_transmission_lines":22.68,"distance_to_gridlight_targets":3.466,"main_road_access":false,"dist_main_road_km":7.28,"has_education_facility":true,"has_health_facility":true,"_label":"Location #1062","_status_group":"unknown","_year":2025,"_year_label":"Source release year","_states":["Ogun"]},"geometry":{"type":"Point","coordinates":[2.78154,6.52371]}},{"type":"Feature","properties":{"geohash":"s163ndd7fn","settlement_name":"Location #1094","state":"Ogun","lga":"Odeda","population":15008,"state_population_rank":32,"num_buildings":3529,"nightlight_signal":"nightlight_detected","distance_to_existing_transmission_lines":0.0,"distance_to_existing_hv_transmission_lines":2.92,"distance_to_gridlight_targets":0.0,"main_road_access":false,"dist_main_road_km":1.42,"has_education_facility":true,"has_health_facility":false,"_label":"Location #1094","_status_group":"unknown","_year":2025,"_year_label":"Source release year","_states":["Ogun"]},"geometry":{"type":"Point","coordinates":[3.45289,7.22144]}},{"type":"Feature","properties":{"geohash":"s14qzt2s4k","settlement_name":"Shagamu","state":"Ogun","lga":"Shagamu","population":14970,"state_population_rank":33,"num_buildings":3520,"nightlight_signal":"nightlight_detected","distance_to_existing_transmission_lines":0.0,"distance_to_existing_hv_transmission_lines":5.19,"distance_to_gridlight_targets":0.0,"main_road_access":true,"dist_main_road_km":0.0,"has_education_facility":true,"has_health_facility":false,"_label":"Shagamu","_status_group":"unknown","_year":2025,"_year_label":"Source release year","_states":["Ogun"]},"geometry":{"type":"Point","coordinates":[3.49445,6.84107]}},{"type":"Feature","properties":{"geohash":"s14ys2kxms","settlement_name":"Location #1190","state":"Ogun","lga":"Ijebu East","population":14566,"state_population_rank":34,"num_buildings":3260,"nightlight_signal":"nightlight_detected","distance_to_existing_transmission_lines":0.0,"distance_to_existing_hv_transmission_lines":0.19,"distance_to_gridlight_targets":0.0,"main_road_access":true,"dist_main_road_km":0.0,"has_education_facility":true,"has_health_facility":true,"_label":"Location #1190","_status_group":"unknown","_year":2025,"_year_label":"Source release year","_states":["Ogun"]},"geometry":{"type":"Point","coordinates":[4.06037,6.77022]}},{"type":"Feature","properties":{"geohash":"s14j0etjy8","settlement_name":"Ago Sasa","state":"Ogun","lga":"Ipokia","population":14324,"state_population_rank":35,"num_buildings":3241,"nightlight_signal":"nightlight_detected","distance_to_existing_transmission_lines":5.35,"distance_to_existing_hv_transmission_lines":21.05,"distance_to_gridlight_targets":0.0,"main_road_access":false,"dist_main_road_km":9.19,"has_education_facility":true,"has_health_facility":true,"_label":"Ago Sasa","_status_group":"unknown","_year":2025,"_year_label":"Source release year","_states":["Ogun"]},"geometry":{"type":"Point","coordinates":[2.84162,6.52412]}},{"type":"Feature","properties":{"geohash":"s160q1nh8b","settlement_name":"Iboro","state":"Ogun","lga":"Egbado North","population":14193,"state_population_rank":36,"num_buildings":3035,"nightlight_signal":"nightlight_detected","distance_to_existing_transmission_lines":0.0,"distance_to_existing_hv_transmission_lines":12.32,"distance_to_gridlight_targets":0.0,"main_road_access":true,"dist_main_road_km":0.0,"has_education_facility":true,"has_health_facility":true,"_label":"Iboro","_status_group":"unknown","_year":2025,"_year_label":"Source release year","_states":["Ogun"]},"geometry":{"type":"Point","coordinates":[3.08445,7.08146]}},{"type":"Feature","properties":{"geohash":"s14n0cyb1q","settlement_name":"Agosa","state":"Ogun","lga":"Ipokia","population":13979,"state_population_rank":37,"num_buildings":3076,"nightlight_signal":"nightlight_detected","distance_to_existing_transmission_lines":0.0,"distance_to_existing_hv_transmission_lines":4.39,"distance_to_gridlight_targets":0.0,"main_road_access":true,"dist_main_road_km":0.0,"has_education_facility":true,"has_health_facility":true,"_label":"Agosa","_status_group":"unknown","_year":2025,"_year_label":"Source release year","_states":["Ogun"]},"geometry":{"type":"Point","coordinates":[2.85479,6.68934]}},{"type":"Feature","properties":{"geohash":"s14z1dg9t6","settlement_name":"Ìjẹ̀bú Òde","state":"Ogun","lga":"Ijebu North East","population":13448,"state_population_rank":38,"num_buildings":2749,"nightlight_signal":"nightlight_detected","distance_to_existing_transmission_lines":0.0,"distance_to_existing_hv_transmission_lines":9.03,"distance_to_gridlight_targets":0.0,"main_road_access":true,"dist_main_road_km":0.0,"has_education_facility":true,"has_health_facility":true,"_label":"Ìjẹ̀bú Òde","_status_group":"unknown","_year":2025,"_year_label":"Source release year","_states":["Ogun"]},"geometry":{"type":"Point","coordinates":[3.93814,6.87084]}},{"type":"Feature","properties":{"geohash":"s14vp06n7b","settlement_name":"Location #1410","state":"Ogun","lga":"Ogun waterside","population":13046,"state_population_rank":39,"num_buildings":2798,"nightlight_signal":"no_nightlight_detected","distance_to_existing_transmission_lines":0.0,"distance_to_existing_hv_transmission_lines":22.89,"distance_to_gridlight_targets":8.051,"main_road_access":false,"dist_main_road_km":22.09,"has_education_facility":true,"has_health_facility":true,"_label":"Location #1410","_status_group":"unknown","_year":2025,"_year_label":"Source release year","_states":[]},"geometry":{"type":"Point","coordinates":[4.17771,6.50635]}},{"type":"Feature","properties":{"geohash":"s14w9xpkfg","settlement_name":"Shagamu","state":"Ogun","lga":"Shagamu","population":12197,"state_population_rank":40,"num_buildings":2868,"nightlight_signal":"nightlight_detected","distance_to_existing_transmission_lines":0.0,"distance_to_existing_hv_transmission_lines":0.0,"distance_to_gridlight_targets":0.0,"main_road_access":true,"dist_main_road_km":0.0,"has_education_facility":true,"has_health_facility":true,"_label":"Shagamu","_status_group":"unknown","_year":2025,"_year_label":"Source release year","_states":["Ogun"]},"geometry":{"type":"Point","coordinates":[3.59163,6.80687]}},{"type":"Feature","properties":{"geohash":"s179q2fzf7","settlement_name":"Akure","state":"Ondo","lga":"Akure South","population":1080562,"state_population_rank":1,"num_buildings":225369,"nightlight_signal":"nightlight_detected","distance_to_existing_transmission_lines":0.0,"distance_to_existing_hv_transmission_lines":0.0,"distance_to_gridlight_targets":0.0,"main_road_access":true,"dist_main_road_km":0.0,"has_education_facility":true,"has_health_facility":true,"_label":"Akure","_status_group":"unknown","_year":2025,"_year_label":"Source release year","_states":["Ondo"]},"geometry":{"type":"Point","coordinates":[5.20041,7.25644]}},{"type":"Feature","properties":{"geohash":"s172qh3fj6","settlement_name":"Ondo","state":"Ondo","lga":"Ondo West","population":448061,"state_population_rank":2,"num_buildings":92116,"nightlight_signal":"nightlight_detected","distance_to_existing_transmission_lines":0.0,"distance_to_existing_hv_transmission_lines":0.0,"distance_to_gridlight_targets":0.0,"main_road_access":true,"dist_main_road_km":0.0,"has_education_facility":true,"has_health_facility":true,"_label":"Ondo","_status_group":"unknown","_year":2025,"_year_label":"Source release year","_states":["Ondo"]},"geometry":{"type":"Point","coordinates":[4.83662,7.0989]}},{"type":"Feature","properties":{"geohash":"s15qrjkutm","settlement_name":"Ore","state":"Ondo","lga":"Odigbo","population":248308,"state_population_rank":3,"num_buildings":52396,"nightlight_signal":"nightlight_detected","distance_to_existing_transmission_lines":0.0,"distance_to_existing_hv_transmission_lines":0.0,"distance_to_gridlight_targets":0.0,"main_road_access":true,"dist_main_road_km":0.0,"has_education_facility":true,"has_health_facility":true,"_label":"Ore","_status_group":"unknown","_year":2025,"_year_label":"Source release year","_states":["Ondo"]},"geometry":{"type":"Point","coordinates":[4.88468,6.75327]}},{"type":"Feature","properties":{"geohash":"s17bzp5pby","settlement_name":"Ọ̀wọ̀","state":"Ondo","lga":"Owo","population":216404,"state_population_rank":4,"num_buildings":44810,"nightlight_signal":"nightlight_detected","distance_to_existing_transmission_lines":0.0,"distance_to_existing_hv_transmission_lines":19.3,"distance_to_gridlight_targets":0.0,"main_road_access":true,"dist_main_road_km":0.0,"has_education_facility":true,"has_health_facility":true,"_label":"Ọ̀wọ̀","_status_group":"unknown","_year":2025,"_year_label":"Source release year","_states":["Ondo"]},"geometry":{"type":"Point","coordinates":[5.58521,7.2029]}},{"type":"Feature","properties":{"geohash":"s1k4g5m5h0","settlement_name":"Ikare","state":"Ondo","lga":"Akoko North East","population":164324,"state_population_rank":5,"num_buildings":33496,"nightlight_signal":"nightlight_detected","distance_to_existing_transmission_lines":0.0,"distance_to_existing_hv_transmission_lines":45.82,"distance_to_gridlight_targets":0.0,"main_road_access":true,"dist_main_road_km":0.0,"has_education_facility":true,"has_health_facility":true,"_label":"Ikare","_status_group":"unknown","_year":2025,"_year_label":"Source release year","_states":["Ondo"]},"geometry":{"type":"Point","coordinates":[5.76387,7.53302]}},{"type":"Feature","properties":{"geohash":"s15kux5k2x","settlement_name":"Okitipupa","state":"Ondo","lga":"Okitipupa","population":132688,"state_population_rank":6,"num_buildings":27318,"nightlight_signal":"nightlight_detected","distance_to_existing_transmission_lines":0.0,"distance_to_existing_hv_transmission_lines":20.97,"distance_to_gridlight_targets":0.0,"main_road_access":true,"dist_main_road_km":0.0,"has_education_facility":true,"has_health_facility":true,"_label":"Okitipupa","_status_group":"unknown","_year":2025,"_year_label":"Source release year","_states":["Ondo"]},"geometry":{"type":"Point","coordinates":[4.77255,6.49918]}},{"type":"Feature","properties":{"geohash":"s178kuq083","settlement_name":"Ìdànrè","state":"Ondo","lga":"Idanre","population":81106,"state_population_rank":7,"num_buildings":17369,"nightlight_signal":"nightlight_detected","distance_to_existing_transmission_lines":0.0,"distance_to_existing_hv_transmission_lines":12.69,"distance_to_gridlight_targets":0.0,"main_road_access":true,"dist_main_road_km":0.0,"has_education_facility":true,"has_health_facility":true,"_label":"Ìdànrè","_status_group":"unknown","_year":2025,"_year_label":"Source release year","_states":["Ondo"]},"geometry":{"type":"Point","coordinates":[5.13887,7.09863]}},{"type":"Feature","properties":{"geohash":"s172yzfkdj","settlement_name":"Ile Oluji","state":"Ondo","lga":"Ile-Oluji-Okeigbo","population":79704,"state_population_rank":8,"num_buildings":16293,"nightlight_signal":"nightlight_detected","distance_to_existing_transmission_lines":0.0,"distance_to_existing_hv_transmission_lines":10.42,"distance_to_gridlight_targets":0.0,"main_road_access":true,"dist_main_road_km":0.0,"has_education_facility":true,"has_health_facility":true,"_label":"Ile Oluji","_status_group":"unknown","_year":2025,"_year_label":"Source release year","_states":["Ondo"]},"geometry":{"type":"Point","coordinates":[4.87012,7.20646]}},{"type":"Feature","properties":{"geohash":"s1k46trk7h","settlement_name":"Akugba","state":"Ondo","lga":"Akoko South West","population":79566,"state_population_rank":9,"num_buildings":16523,"nightlight_signal":"nightlight_detected","distance_to_existing_transmission_lines":0.0,"distance_to_existing_hv_transmission_lines":50.1,"distance_to_gridlight_targets":0.0,"main_road_access":true,"dist_main_road_km":0.0,"has_education_facility":true,"has_health_facility":true,"_label":"Akugba","_status_group":"unknown","_year":2025,"_year_label":"Source release year","_states":["Ondo"]},"geometry":{"type":"Point","coordinates":[5.74496,7.45635]}},{"type":"Feature","properties":{"geohash":"s15kyy62dp","settlement_name":"Irele","state":"Ondo","lga":"Irele","population":75448,"state_population_rank":10,"num_buildings":15445,"nightlight_signal":"nightlight_detected","distance_to_existing_transmission_lines":0.0,"distance_to_existing_hv_transmission_lines":24.18,"distance_to_gridlight_targets":0.0,"main_road_access":true,"dist_main_road_km":0.0,"has_education_facility":true,"has_health_facility":true,"_label":"Irele","_status_group":"unknown","_year":2025,"_year_label":"Source release year","_states":["Ondo"]},"geometry":{"type":"Point","coordinates":[4.87012,6.49442]}},{"type":"Feature","properties":{"geohash":"s1k4kjb56u","settlement_name":"Oka-Akoko","state":"Ondo","lga":"Akoko South West","population":46832,"state_population_rank":11,"num_buildings":9587,"nightlight_signal":"nightlight_detected","distance_to_existing_transmission_lines":0.0,"distance_to_existing_hv_transmission_lines":44.83,"distance_to_gridlight_targets":0.0,"main_road_access":true,"dist_main_road_km":0.0,"has_education_facility":true,"has_health_facility":true,"_label":"Oka-Akoko","_status_group":"unknown","_year":2025,"_year_label":"Source release year","_states":["Ondo"]},"geometry":{"type":"Point","coordinates":[5.8009,7.45892]}},{"type":"Feature","properties":{"geohash":"s1598ywq31","settlement_name":"Awoye","state":"Ondo","lga":"Ilaje","population":44527,"state_population_rank":12,"num_buildings":9493,"nightlight_signal":"no_nightlight_detected","distance_to_existing_transmission_lines":4.72,"distance_to_existing_hv_transmission_lines":71.28,"distance_to_gridlight_targets":11.773,"main_road_access":false,"dist_main_road_km":56.76,"has_education_facility":true,"has_health_facility":true,"_label":"Awoye","_status_group":"unknown","_year":2025,"_year_label":"Source release year","_states":["Ondo"]},"geometry":{"type":"Point","coordinates":[4.96347,5.92546]}},{"type":"Feature","properties":{"geohash":"s15khznmb2","settlement_name":"Igbokoda","state":"Ondo","lga":"Ilaje","population":41380,"state_population_rank":13,"num_buildings":8423,"nightlight_signal":"nightlight_detected","distance_to_existing_transmission_lines":0.0,"distance_to_existing_hv_transmission_lines":37.87,"distance_to_gridlight_targets":0.0,"main_road_access":false,"dist_main_road_km":9.8,"has_education_facility":true,"has_health_facility":true,"_label":"Igbokoda","_status_group":"unknown","_year":2025,"_year_label":"Source release year","_states":["Ondo"]},"geometry":{"type":"Point","coordinates":[4.78765,6.36757]}},{"type":"Feature","properties":{"geohash":"s179zx29y7","settlement_name":"Ita-Ogbolu","state":"Ondo","lga":"Akure North","population":40702,"state_population_rank":14,"num_buildings":9053,"nightlight_signal":"nightlight_detected","distance_to_existing_transmission_lines":0.0,"distance_to_existing_hv_transmission_lines":10.49,"distance_to_gridlight_targets":0.0,"main_road_access":true,"dist_main_road_km":0.0,"has_education_facility":true,"has_health_facility":true,"_label":"Ita-Ogbolu","_status_group":"unknown","_year":2025,"_year_label":"Source release year","_states":["Ondo"]},"geometry":{"type":"Point","coordinates":[5.25243,7.37901]}},{"type":"Feature","properties":{"geohash":"s15m1sd1z3","settlement_name":"Ilutitun","state":"Ondo","lga":"Okitipupa","population":33173,"state_population_rank":15,"num_buildings":6949,"nightlight_signal":"nightlight_detected","distance_to_existing_transmission_lines":1.58,"distance_to_existing_hv_transmission_lines":19.95,"distance_to_gridlight_targets":0.0,"main_road_access":true,"dist_main_road_km":0.0,"has_education_facility":true,"has_health_facility":true,"_label":"Ilutitun","_status_group":"unknown","_year":2025,"_year_label":"Source release year","_states":["Ondo"]},"geometry":{"type":"Point","coordinates":[4.63929,6.52893]}},{"type":"Feature","properties":{"geohash":"s17d5hew2b","settlement_name":"Igbara-Oke","state":"Ondo","lga":"Ifedore","population":30387,"state_population_rank":16,"num_buildings":6412,"nightlight_signal":"nightlight_detected","distance_to_existing_transmission_lines":0.0,"distance_to_existing_hv_transmission_lines":0.57,"distance_to_gridlight_targets":0.0,"main_road_access":true,"dist_main_road_km":0.0,"has_education_facility":true,"has_health_facility":true,"_label":"Igbara-Oke","_status_group":"unknown","_year":2025,"_year_label":"Source release year","_states":["Ondo"]},"geometry":{"type":"Point","coordinates":[5.05856,7.40861]}},{"type":"Feature","properties":{"geohash":"s178shf0xc","settlement_name":"Location #560","state":"Ondo","lga":"Idanre","population":29823,"state_population_rank":17,"num_buildings":6220,"nightlight_signal":"nightlight_detected","distance_to_existing_transmission_lines":0.0,"distance_to_existing_hv_transmission_lines":11.12,"distance_to_gridlight_targets":0.0,"main_road_access":true,"dist_main_road_km":0.0,"has_education_facility":true,"has_health_facility":true,"_label":"Location #560","_status_group":"unknown","_year":2025,"_year_label":"Source release year","_states":["Ondo"]},"geometry":{"type":"Point","coordinates":[5.10074,7.14532]}},{"type":"Feature","properties":{"geohash":"s1hp7mc85v","settlement_name":"Ifon","state":"Ondo","lga":"Ose","population":26131,"state_population_rank":18,"num_buildings":5319,"nightlight_signal":"nightlight_detected","distance_to_existing_transmission_lines":0.0,"distance_to_existing_hv_transmission_lines":19.25,"distance_to_gridlight_targets":0.0,"main_road_access":true,"dist_main_road_km":0.0,"has_education_facility":true,"has_health_facility":true,"_label":"Ifon","_status_group":"unknown","_year":2025,"_year_label":"Source release year","_states":["Ondo"]},"geometry":{"type":"Point","coordinates":[5.77005,6.93103]}},{"type":"Feature","properties":{"geohash":"s15m7zsnm9","settlement_name":"Ode-Aye","state":"Ondo","lga":"Okitipupa","population":26058,"state_population_rank":19,"num_buildings":5388,"nightlight_signal":"nightlight_detected","distance_to_existing_transmission_lines":0.0,"distance_to_existing_hv_transmission_lines":13.38,"distance_to_gridlight_targets":0.0,"main_road_access":true,"dist_main_road_km":0.0,"has_education_facility":true,"has_health_facility":true,"_label":"Ode-Aye","_status_group":"unknown","_year":2025,"_year_label":"Source release year","_states":["Ondo"]},"geometry":{"type":"Point","coordinates":[4.74084,6.59013]}},{"type":"Feature","properties":{"geohash":"s172exyvts","settlement_name":"Okeigbo","state":"Ondo","lga":"Ile-Oluji-Okeigbo","population":24222,"state_population_rank":20,"num_buildings":5371,"nightlight_signal":"nightlight_detected","distance_to_existing_transmission_lines":0.0,"distance_to_existing_hv_transmission_lines":0.09,"distance_to_gridlight_targets":0.0,"main_road_access":true,"dist_main_road_km":0.0,"has_education_facility":true,"has_health_facility":true,"_label":"Okeigbo","_status_group":"unknown","_year":2025,"_year_label":"Source release year","_states":["Ondo"]},"geometry":{"type":"Point","coordinates":[4.73363,7.16268]}},{"type":"Feature","properties":{"geohash":"s179vse6tq","settlement_name":"Ijare","state":"Ondo","lga":"Ifedore","population":22999,"state_population_rank":21,"num_buildings":4846,"nightlight_signal":"nightlight_detected","distance_to_existing_transmission_lines":0.0,"distance_to_existing_hv_transmission_lines":4.34,"distance_to_gridlight_targets":0.0,"main_road_access":true,"dist_main_road_km":0.0,"has_education_facility":true,"has_health_facility":true,"_label":"Ijare","_status_group":"unknown","_year":2025,"_year_label":"Source release year","_states":["Ondo"]},"geometry":{"type":"Point","coordinates":[5.16827,7.36405]}},{"type":"Feature","properties":{"geohash":"s17d1gyz9j","settlement_name":"Location #771","state":"Ondo","lga":"Ifedore","population":21596,"state_population_rank":22,"num_buildings":4723,"nightlight_signal":"nightlight_detected","distance_to_existing_transmission_lines":0.0,"distance_to_existing_hv_transmission_lines":0.0,"distance_to_gridlight_targets":0.0,"main_road_access":true,"dist_main_road_km":0.0,"has_education_facility":true,"has_health_facility":true,"_label":"Location #771","_status_group":"unknown","_year":2025,"_year_label":"Source release year","_states":[]},"geometry":{"type":"Point","coordinates":[5.0081,7.40473]}},{"type":"Feature","properties":{"geohash":"s179u1xg2u","settlement_name":"Ilara Mokin","state":"Ondo","lga":"Ifedore","population":21552,"state_population_rank":23,"num_buildings":4508,"nightlight_signal":"nightlight_detected","distance_to_existing_transmission_lines":0.0,"distance_to_existing_hv_transmission_lines":0.0,"distance_to_gridlight_targets":0.0,"main_road_access":true,"dist_main_road_km":0.0,"has_education_facility":true,"has_health_facility":true,"_label":"Ilara Mokin","_status_group":"unknown","_year":2025,"_year_label":"Source release year","_states":["Ondo"]},"geometry":{"type":"Point","coordinates":[5.10834,7.34769]}},{"type":"Feature","properties":{"geohash":"s1k51f4kq0","settlement_name":"Location #859","state":"Ondo","lga":"Akoko North West","population":20012,"state_population_rank":24,"num_buildings":4370,"nightlight_signal":"nightlight_detected","distance_to_existing_transmission_lines":3.95,"distance_to_existing_hv_transmission_lines":55.01,"distance_to_gridlight_targets":0.0,"main_road_access":true,"dist_main_road_km":0.0,"has_education_facility":true,"has_health_facility":true,"_label":"Location #859","_status_group":"unknown","_year":2025,"_year_label":"Source release year","_states":["Ondo"]},"geometry":{"type":"Point","coordinates":[5.70526,7.57031]}},{"type":"Feature","properties":{"geohash":"s15qye7thw","settlement_name":"Asewele","state":"Ondo","lga":"Odigbo","population":16784,"state_population_rank":25,"num_buildings":3573,"nightlight_signal":"nightlight_detected","distance_to_existing_transmission_lines":0.0,"distance_to_existing_hv_transmission_lines":9.18,"distance_to_gridlight_targets":0.0,"main_road_access":true,"dist_main_road_km":0.0,"has_education_facility":true,"has_health_facility":false,"_label":"Asewele","_status_group":"unknown","_year":2025,"_year_label":"Source release year","_states":["Ondo"]},"geometry":{"type":"Point","coordinates":[4.86096,6.83027]}},{"type":"Feature","properties":{"geohash":"s15nqb06sb","settlement_name":"Location #1102","state":"Ondo","lga":"Odigbo","population":16750,"state_population_rank":26,"num_buildings":3514,"nightlight_signal":"nightlight_detected","distance_to_existing_transmission_lines":0.0,"distance_to_existing_hv_transmission_lines":0.02,"distance_to_gridlight_targets":0.0,"main_road_access":true,"dist_main_road_km":0.0,"has_education_facility":true,"has_health_facility":true,"_label":"Location #1102","_status_group":"unknown","_year":2025,"_year_label":"Source release year","_states":["Ondo"]},"geometry":{"type":"Point","coordinates":[4.51593,6.72407]}},{"type":"Feature","properties":{"geohash":"s15kxbzgxk","settlement_name":"Ajagba","state":"Ondo","lga":"Irele","population":16738,"state_population_rank":27,"num_buildings":3412,"nightlight_signal":"nightlight_detected","distance_to_existing_transmission_lines":0.0,"distance_to_existing_hv_transmission_lines":34.0,"distance_to_gridlight_targets":0.0,"main_road_access":false,"dist_main_road_km":8.11,"has_education_facility":true,"has_health_facility":true,"_label":"Ajagba","_status_group":"unknown","_year":2025,"_year_label":"Source release year","_states":["Ondo"]},"geometry":{"type":"Point","coordinates":[4.92185,6.42076]}},{"type":"Feature","properties":{"geohash":"s15m3t352w","settlement_name":"Igbotako","state":"Ondo","lga":"Okitipupa","population":15829,"state_population_rank":28,"num_buildings":3400,"nightlight_signal":"nightlight_detected","distance_to_existing_transmission_lines":0.02,"distance_to_existing_hv_transmission_lines":14.26,"distance_to_gridlight_targets":0.0,"main_road_access":false,"dist_main_road_km":0.76,"has_education_facility":true,"has_health_facility":true,"_label":"Igbotako","_status_group":"unknown","_year":2025,"_year_label":"Source release year","_states":["Ondo"]},"geometry":{"type":"Point","coordinates":[4.63763,6.57728]}},{"type":"Feature","properties":{"geohash":"s1k51h3q7k","settlement_name":"Location #1228","state":"Ondo","lga":"Akoko North West","population":15052,"state_population_rank":29,"num_buildings":3167,"nightlight_signal":"nightlight_detected","distance_to_existing_transmission_lines":3.24,"distance_to_existing_hv_transmission_lines":59.04,"distance_to_gridlight_targets":0.0,"main_road_access":true,"dist_main_road_km":0.0,"has_education_facility":true,"has_health_facility":true,"_label":"Location #1228","_status_group":"unknown","_year":2025,"_year_label":"Source release year","_states":["Ondo"]},"geometry":{"type":"Point","coordinates":[5.67081,7.58304]}},{"type":"Feature","properties":{"geohash":"s15792xsnz","settlement_name":"Ipere-Atijo","state":"Ondo","lga":"Ilaje","population":15001,"state_population_rank":30,"num_buildings":3251,"nightlight_signal":"nightlight_detected","distance_to_existing_transmission_lines":0.0,"distance_to_existing_hv_transmission_lines":51.54,"distance_to_gridlight_targets":0.0,"main_road_access":false,"dist_main_road_km":27.86,"has_education_facility":true,"has_health_facility":true,"_label":"Ipere-Atijo","_status_group":"unknown","_year":2025,"_year_label":"Source release year","_states":["Ondo"]},"geometry":{"type":"Point","coordinates":[4.63584,6.24371]}},{"type":"Feature","properties":{"geohash":"s15e9g2msh","settlement_name":"Arogbo","state":"Ondo","lga":"Ese-Odo","population":14865,"state_population_rank":31,"num_buildings":3087,"nightlight_signal":"nightlight_detected","distance_to_existing_transmission_lines":2.83,"distance_to_existing_hv_transmission_lines":53.33,"distance_to_gridlight_targets":0.0,"main_road_access":false,"dist_main_road_km":28.32,"has_education_facility":true,"has_health_facility":true,"_label":"Arogbo","_status_group":"unknown","_year":2025,"_year_label":"Source release year","_states":["Ondo"]},"geometry":{"type":"Point","coordinates":[4.9993,6.25906]}},{"type":"Feature","properties":{"geohash":"s17c61t214","settlement_name":"Oba-Ile","state":"Ondo","lga":"Akure North","population":14838,"state_population_rank":32,"num_buildings":3270,"nightlight_signal":"nightlight_detected","distance_to_existing_transmission_lines":0.0,"distance_to_existing_hv_transmission_lines":12.19,"distance_to_gridlight_targets":0.0,"main_road_access":true,"dist_main_road_km":0.0,"has_education_facility":true,"has_health_facility":true,"_label":"Oba-Ile","_status_group":"unknown","_year":2025,"_year_label":"Source release year","_states":["Ondo"]},"geometry":{"type":"Point","coordinates":[5.36859,7.25923]}},{"type":"Feature","properties":{"geohash":"s156rskz4k","settlement_name":"Opuba","state":"Ondo","lga":"Ese-Odo","population":14699,"state_population_rank":33,"num_buildings":3181,"nightlight_signal":"no_nightlight_detected","distance_to_existing_transmission_lines":2.18,"distance_to_existing_hv_transmission_lines":74.24,"distance_to_gridlight_targets":14.877,"main_road_access":false,"dist_main_road_km":45.12,"has_education_facility":true,"has_health_facility":true,"_label":"Opuba","_status_group":"unknown","_year":2025,"_year_label":"Source release year","_states":["Ondo"]},"geometry":{"type":"Point","coordinates":[4.90653,6.04508]}},{"type":"Feature","properties":{"geohash":"s1k43knfn7","settlement_name":"Supare","state":"Ondo","lga":"Akoko South West","population":13715,"state_population_rank":34,"num_buildings":2986,"nightlight_signal":"nightlight_detected","distance_to_existing_transmission_lines":3.64,"distance_to_existing_hv_transmission_lines":51.28,"distance_to_gridlight_targets":0.0,"main_road_access":true,"dist_main_road_km":0.0,"has_education_facility":true,"has_health_facility":true,"_label":"Supare","_status_group":"unknown","_year":2025,"_year_label":"Source release year","_states":["Ondo"]},"geometry":{"type":"Point","coordinates":[5.68947,7.44909]}},{"type":"Feature","properties":{"geohash":"s1k1t0chkf","settlement_name":"Idoani","state":"Ondo","lga":"Ose","population":13304,"state_population_rank":35,"num_buildings":2689,"nightlight_signal":"nightlight_detected","distance_to_existing_transmission_lines":0.0,"distance_to_existing_hv_transmission_lines":48.07,"distance_to_gridlight_targets":0.0,"main_road_access":true,"dist_main_road_km":0.0,"has_education_facility":true,"has_health_facility":true,"_label":"Idoani","_status_group":"unknown","_year":2025,"_year_label":"Source release year","_states":["Ondo"]},"geometry":{"type":"Point","coordinates":[5.84631,7.29978]}},{"type":"Feature","properties":{"geohash":"s17cjqn790","settlement_name":"Ọ̀wọ̀","state":"Ondo","lga":"Owo","population":13138,"state_population_rank":36,"num_buildings":2843,"nightlight_signal":"nightlight_detected","distance_to_existing_transmission_lines":0.0,"distance_to_existing_hv_transmission_lines":21.89,"distance_to_gridlight_targets":0.0,"main_road_access":true,"dist_main_road_km":0.0,"has_education_facility":true,"has_health_facility":true,"_label":"Ọ̀wọ̀","_status_group":"unknown","_year":2025,"_year_label":"Source release year","_states":["Ondo"]},"geometry":{"type":"Point","coordinates":[5.51278,7.24059]}},{"type":"Feature","properties":{"geohash":"s17c7ksf7p","settlement_name":"Ọ̀wọ̀","state":"Ondo","lga":"Owo","population":13092,"state_population_rank":37,"num_buildings":2680,"nightlight_signal":"nightlight_detected","distance_to_existing_transmission_lines":0.0,"distance_to_existing_hv_transmission_lines":16.94,"distance_to_gridlight_targets":0.0,"main_road_access":true,"dist_main_road_km":0.0,"has_education_facility":true,"has_health_facility":true,"_label":"Ọ̀wọ̀","_status_group":"unknown","_year":2025,"_year_label":"Source release year","_states":["Ondo"]},"geometry":{"type":"Point","coordinates":[5.42291,7.27612]}},{"type":"Feature","properties":{"geohash":"s1574ut3z5","settlement_name":"Gbabijo","state":"Ondo","lga":"Ilaje","population":12975,"state_population_rank":38,"num_buildings":2886,"nightlight_signal":"no_nightlight_detected","distance_to_existing_transmission_lines":0.0,"distance_to_existing_hv_transmission_lines":58.27,"distance_to_gridlight_targets":7.286,"main_road_access":false,"dist_main_road_km":32.98,"has_education_facility":true,"has_health_facility":true,"_label":"Gbabijo","_status_group":"unknown","_year":2025,"_year_label":"Source release year","_states":["Ondo"]},"geometry":{"type":"Point","coordinates":[4.69868,6.17738]}},{"type":"Feature","properties":{"geohash":"s15wkypp6z","settlement_name":"Location #1430","state":"Ondo","lga":"Idanre","population":12636,"state_population_rank":39,"num_buildings":2750,"nightlight_signal":"nightlight_detected","distance_to_existing_transmission_lines":0.82,"distance_to_existing_hv_transmission_lines":0.04,"distance_to_gridlight_targets":0.0,"main_road_access":true,"dist_main_road_km":0.0,"has_education_facility":true,"has_health_facility":true,"_label":"Location #1430","_status_group":"unknown","_year":2025,"_year_label":"Source release year","_states":["Ondo"]},"geometry":{"type":"Point","coordinates":[5.14036,6.75788]}},{"type":"Feature","properties":{"geohash":"s1k57p69cy","settlement_name":"Oke Agbe","state":"Ondo","lga":"Akoko North West","population":12510,"state_population_rank":40,"num_buildings":2583,"nightlight_signal":"nightlight_detected","distance_to_existing_transmission_lines":7.69,"distance_to_existing_hv_transmission_lines":49.83,"distance_to_gridlight_targets":0.0,"main_road_access":true,"dist_main_road_km":0.0,"has_education_facility":true,"has_health_facility":true,"_label":"Oke Agbe","_status_group":"unknown","_year":2025,"_year_label":"Source release year","_states":["Ondo"]},"geometry":{"type":"Point","coordinates":[5.76035,7.6427]}},{"type":"Feature","properties":{"geohash":"s17hrk007f","settlement_name":"Òṣogbo","state":"Osun","lga":"Olorunda","population":1001983,"state_population_rank":1,"num_buildings":205117,"nightlight_signal":"nightlight_detected","distance_to_existing_transmission_lines":0.0,"distance_to_existing_hv_transmission_lines":0.0,"distance_to_gridlight_targets":0.0,"main_road_access":true,"dist_main_road_km":0.0,"has_education_facility":true,"has_health_facility":true,"_label":"Òṣogbo","_status_group":"unknown","_year":2025,"_year_label":"Source release year","_states":["Osun"]},"geometry":{"type":"Point","coordinates":[4.53752,7.80035]}},{"type":"Feature","properties":{"geohash":"s174xd50hw","settlement_name":"Ifẹ̀","state":"Osun","lga":"Ife East","population":624016,"state_population_rank":2,"num_buildings":129399,"nightlight_signal":"nightlight_detected","distance_to_existing_transmission_lines":0.0,"distance_to_existing_hv_transmission_lines":0.0,"distance_to_gridlight_targets":0.0,"main_road_access":true,"dist_main_road_km":0.0,"has_education_facility":true,"has_health_facility":true,"_label":"Ifẹ̀","_status_group":"unknown","_year":2025,"_year_label":"Source release year","_states":["Osun"]},"geometry":{"type":"Point","coordinates":[4.55266,7.48172]}},{"type":"Feature","properties":{"geohash":"s177kj1q4c","settlement_name":"Iléṣà","state":"Osun","lga":"Ilesha East","population":454717,"state_population_rank":3,"num_buildings":93618,"nightlight_signal":"nightlight_detected","distance_to_existing_transmission_lines":0.0,"distance_to_existing_hv_transmission_lines":0.0,"distance_to_gridlight_targets":0.0,"main_road_access":true,"dist_main_road_km":0.0,"has_education_facility":true,"has_health_facility":true,"_label":"Iléṣà","_status_group":"unknown","_year":2025,"_year_label":"Source release year","_states":["Osun"]},"geometry":{"type":"Point","coordinates":[4.74793,7.63105]}},{"type":"Feature","properties":{"geohash":"s16grnnekv","settlement_name":"Iwo","state":"Osun","lga":"Iwo","population":285389,"state_population_rank":4,"num_buildings":58925,"nightlight_signal":"nightlight_detected","distance_to_existing_transmission_lines":0.0,"distance_to_existing_hv_transmission_lines":0.0,"distance_to_gridlight_targets":0.0,"main_road_access":true,"dist_main_road_km":0.0,"has_education_facility":true,"has_health_facility":true,"_label":"Iwo","_status_group":"unknown","_year":2025,"_year_label":"Source release year","_states":["Osun"]},"geometry":{"type":"Point","coordinates":[4.18394,7.63609]}},{"type":"Feature","properties":{"geohash":"s17kfr7p7k","settlement_name":"Iragbiji","state":"Osun","lga":"Ifelodun","population":284440,"state_population_rank":5,"num_buildings":59497,"nightlight_signal":"nightlight_detected","distance_to_existing_transmission_lines":0.0,"distance_to_existing_hv_transmission_lines":1.93,"distance_to_gridlight_targets":0.0,"main_road_access":true,"dist_main_road_km":0.0,"has_education_facility":true,"has_health_facility":true,"_label":"Iragbiji","_status_group":"unknown","_year":2025,"_year_label":"Source release year","_states":["Osun"]},"geometry":{"type":"Point","coordinates":[4.67346,7.9073]}},{"type":"Feature","properties":{"geohash":"s175uyxbj3","settlement_name":"Ede","state":"Osun","lga":"Ede North","population":246890,"state_population_rank":6,"num_buildings":51793,"nightlight_signal":"nightlight_detected","distance_to_existing_transmission_lines":0.0,"distance_to_existing_hv_transmission_lines":0.0,"distance_to_gridlight_targets":0.0,"main_road_access":true,"dist_main_road_km":0.0,"has_education_facility":true,"has_health_facility":true,"_label":"Ede","_status_group":"unknown","_year":2025,"_year_label":"Source release year","_states":["Osun"]},"geometry":{"type":"Point","coordinates":[4.43837,7.72614]}},{"type":"Feature","properties":{"geohash":"s16czk1tk0","settlement_name":"Location #84","state":"Osun","lga":"Irewole","population":231033,"state_population_rank":7,"num_buildings":47908,"nightlight_signal":"nightlight_detected","distance_to_existing_transmission_lines":0.0,"distance_to_existing_hv_transmission_lines":14.44,"distance_to_gridlight_targets":0.0,"main_road_access":true,"dist_main_road_km":0.0,"has_education_facility":true,"has_health_facility":true,"_label":"Location #84","_status_group":"unknown","_year":2025,"_year_label":"Source release year","_states":["Osun"]},"geometry":{"type":"Point","coordinates":[4.18803,7.36174]}},{"type":"Feature","properties":{"geohash":"s17hfnk7sj","settlement_name":"Ejigbo","state":"Osun","lga":"Ejigbo","population":108752,"state_population_rank":8,"num_buildings":22682,"nightlight_signal":"nightlight_detected","distance_to_existing_transmission_lines":0.0,"distance_to_existing_hv_transmission_lines":11.94,"distance_to_gridlight_targets":0.0,"main_road_access":true,"dist_main_road_km":0.0,"has_education_facility":true,"has_health_facility":true,"_label":"Ejigbo","_status_group":"unknown","_year":2025,"_year_label":"Source release year","_states":["Osun"]},"geometry":{"type":"Point","coordinates":[4.31266,7.90118]}},{"type":"Feature","properties":{"geohash":"s174v1zwcs","settlement_name":"Ipetumodu","state":"Osun","lga":"Ife North","population":98510,"state_population_rank":9,"num_buildings":21254,"nightlight_signal":"nightlight_detected","distance_to_existing_transmission_lines":0.0,"distance_to_existing_hv_transmission_lines":2.84,"distance_to_gridlight_targets":0.0,"main_road_access":true,"dist_main_road_km":0.0,"has_education_facility":true,"has_health_facility":true,"_label":"Ipetumodu","_status_group":"unknown","_year":2025,"_year_label":"Source release year","_states":["Osun"]},"geometry":{"type":"Point","coordinates":[4.44885,7.52545]}},{"type":"Feature","properties":{"geohash":"s17mxeeg7z","settlement_name":"Ila Orangun","state":"Osun","lga":"Ila","population":94097,"state_population_rank":10,"num_buildings":20151,"nightlight_signal":"nightlight_detected","distance_to_existing_transmission_lines":0.0,"distance_to_existing_hv_transmission_lines":14.43,"distance_to_gridlight_targets":0.0,"main_road_access":true,"dist_main_road_km":0.0,"has_education_facility":true,"has_health_facility":true,"_label":"Ila Orangun","_status_group":"unknown","_year":2025,"_year_label":"Source release year","_states":["Osun"]},"geometry":{"type":"Point","coordinates":[4.90522,8.01787]}},{"type":"Feature","properties":{"geohash":"s174e15709","settlement_name":"Gbongan","state":"Osun","lga":"Aiyedade","population":75998,"state_population_rank":11,"num_buildings":15714,"nightlight_signal":"nightlight_detected","distance_to_existing_transmission_lines":0.0,"distance_to_existing_hv_transmission_lines":14.08,"distance_to_gridlight_targets":0.0,"main_road_access":true,"dist_main_road_km":0.0,"has_education_facility":true,"has_health_facility":true,"_label":"Gbongan","_status_group":"unknown","_year":2025,"_year_label":"Source release year","_states":["Osun"]},"geometry":{"type":"Point","coordinates":[4.35508,7.47672]}},{"type":"Feature","properties":{"geohash":"s175yhpzfk","settlement_name":"Location #238","state":"Osun","lga":"Ede North","population":62070,"state_population_rank":12,"num_buildings":13332,"nightlight_signal":"nightlight_detected","distance_to_existing_transmission_lines":0.0,"distance_to_existing_hv_transmission_lines":2.95,"distance_to_gridlight_targets":0.0,"main_road_access":true,"dist_main_road_km":0.0,"has_education_facility":true,"has_health_facility":true,"_label":"Location #238","_status_group":"unknown","_year":2025,"_year_label":"Source release year","_states":["Osun"]},"geometry":{"type":"Point","coordinates":[4.49316,7.71376]}},{"type":"Feature","properties":{"geohash":"s17m5kwut7","settlement_name":"Otan Ayegbaju","state":"Osun","lga":"Boripe","population":55106,"state_population_rank":13,"num_buildings":11766,"nightlight_signal":"nightlight_detected","distance_to_existing_transmission_lines":0.0,"distance_to_existing_hv_transmission_lines":8.89,"distance_to_gridlight_targets":0.0,"main_road_access":true,"dist_main_road_km":0.0,"has_education_facility":true,"has_health_facility":true,"_label":"Otan Ayegbaju","_status_group":"unknown","_year":2025,"_year_label":"Source release year","_states":["Osun"]},"geometry":{"type":"Point","coordinates":[4.72264,7.93567]}},{"type":"Feature","properties":{"geohash":"s174guxrck","settlement_name":"Ode-Omu","state":"Osun","lga":"Aiyedade","population":48215,"state_population_rank":14,"num_buildings":10189,"nightlight_signal":"nightlight_detected","distance_to_existing_transmission_lines":0.0,"distance_to_existing_hv_transmission_lines":8.96,"distance_to_gridlight_targets":0.0,"main_road_access":true,"dist_main_road_km":0.0,"has_education_facility":true,"has_health_facility":true,"_label":"Ode-Omu","_status_group":"unknown","_year":2025,"_year_label":"Source release year","_states":["Osun"]},"geometry":{"type":"Point","coordinates":[4.39356,7.54072]}},{"type":"Feature","properties":{"geohash":"s17m3u8zgr","settlement_name":"Inisa","state":"Osun","lga":"Odo-Otin","population":43294,"state_population_rank":15,"num_buildings":8939,"nightlight_signal":"nightlight_detected","distance_to_existing_transmission_lines":0.0,"distance_to_existing_hv_transmission_lines":0.38,"distance_to_gridlight_targets":0.0,"main_road_access":true,"dist_main_road_km":0.0,"has_education_facility":true,"has_health_facility":true,"_label":"Inisa","_status_group":"unknown","_year":2025,"_year_label":"Source release year","_states":["Osun"]},"geometry":{"type":"Point","coordinates":[4.64839,7.98019]}},{"type":"Feature","properties":{"geohash":"s177twd1jy","settlement_name":"Iwoye","state":"Osun","lga":"Oriade","population":40790,"state_population_rank":16,"num_buildings":8557,"nightlight_signal":"nightlight_detected","distance_to_existing_transmission_lines":0.0,"distance_to_existing_hv_transmission_lines":4.15,"distance_to_gridlight_targets":0.0,"main_road_access":true,"dist_main_road_km":0.0,"has_education_facility":true,"has_health_facility":true,"_label":"Iwoye","_status_group":"unknown","_year":2025,"_year_label":"Source release year","_states":["Osun"]},"geometry":{"type":"Point","coordinates":[4.81501,7.6824]}},{"type":"Feature","properties":{"geohash":"s176rr58k4","settlement_name":"Ipetu","state":"Osun","lga":"Oriade","population":37550,"state_population_rank":17,"num_buildings":7843,"nightlight_signal":"nightlight_detected","distance_to_existing_transmission_lines":0.0,"distance_to_existing_hv_transmission_lines":0.52,"distance_to_gridlight_targets":0.0,"main_road_access":true,"dist_main_road_km":0.0,"has_education_facility":true,"has_health_facility":true,"_label":"Ipetu","_status_group":"unknown","_year":2025,"_year_label":"Source release year","_states":["Osun"]},"geometry":{"type":"Point","coordinates":[4.8939,7.46527]}},{"type":"Feature","properties":{"geohash":"s17kp7cnmr","settlement_name":"Essa Oke","state":"Osun","lga":"Obokun","population":33263,"state_population_rank":18,"num_buildings":7134,"nightlight_signal":"nightlight_detected","distance_to_existing_transmission_lines":0.0,"distance_to_existing_hv_transmission_lines":14.52,"distance_to_gridlight_targets":0.0,"main_road_access":true,"dist_main_road_km":0.0,"has_education_facility":true,"has_health_facility":true,"_label":"Essa Oke","_status_group":"unknown","_year":2025,"_year_label":"Source release year","_states":["Osun"]},"geometry":{"type":"Point","coordinates":[4.89051,7.75609]}},{"type":"Feature","properties":{"geohash":"s1752eczmw","settlement_name":"Ile Ogbo","state":"Osun","lga":"Aiyedire","population":31155,"state_population_rank":19,"num_buildings":6498,"nightlight_signal":"nightlight_detected","distance_to_existing_transmission_lines":0.0,"distance_to_existing_hv_transmission_lines":1.9,"distance_to_gridlight_targets":0.0,"main_road_access":true,"dist_main_road_km":0.0,"has_education_facility":true,"has_health_facility":true,"_label":"Ile Ogbo","_status_group":"unknown","_year":2025,"_year_label":"Source release year","_states":["Osun"]},"geometry":{"type":"Point","coordinates":[4.24337,7.62442]}},{"type":"Feature","properties":{"geohash":"s17mdk11jn","settlement_name":"Location #539","state":"Osun","lga":"Odo-Otin","population":29608,"state_population_rank":20,"num_buildings":6417,"nightlight_signal":"nightlight_detected","distance_to_existing_transmission_lines":0.0,"distance_to_existing_hv_transmission_lines":2.12,"distance_to_gridlight_targets":0.0,"main_road_access":true,"dist_main_road_km":0.0,"has_education_facility":true,"has_health_facility":true,"_label":"Location #539","_status_group":"unknown","_year":2025,"_year_label":"Source release year","_states":["Osun"]},"geometry":{"type":"Point","coordinates":[4.67079,8.02023]}},{"type":"Feature","properties":{"geohash":"s17mu2ctpw","settlement_name":"Oyan","state":"Osun","lga":"Odo-Otin","population":21849,"state_population_rank":21,"num_buildings":4693,"nightlight_signal":"nightlight_detected","distance_to_existing_transmission_lines":0.0,"distance_to_existing_hv_transmission_lines":10.91,"distance_to_gridlight_targets":0.0,"main_road_access":true,"dist_main_road_km":0.0,"has_education_facility":true,"has_health_facility":true,"_label":"Oyan","_status_group":"unknown","_year":2025,"_year_label":"Source release year","_states":["Osun"]},"geometry":{"type":"Point","coordinates":[4.75947,8.047]}},{"type":"Feature","properties":{"geohash":"s1733d0vnr","settlement_name":"Aiyepe","state":"Osun","lga":"Ife South","population":20341,"state_population_rank":22,"num_buildings":4343,"nightlight_signal":"nightlight_detected","distance_to_existing_transmission_lines":0.0,"distance_to_existing_hv_transmission_lines":0.0,"distance_to_gridlight_targets":0.0,"main_road_access":true,"dist_main_road_km":0.0,"has_education_facility":true,"has_health_facility":true,"_label":"Aiyepe","_status_group":"unknown","_year":2025,"_year_label":"Source release year","_states":["Osun"]},"geometry":{"type":"Point","coordinates":[4.63754,7.26286]}},{"type":"Feature","properties":{"geohash":"s17k7930cf","settlement_name":"Ibokun","state":"Osun","lga":"Obokun","population":19271,"state_population_rank":23,"num_buildings":4247,"nightlight_signal":"nightlight_detected","distance_to_existing_transmission_lines":0.0,"distance_to_existing_hv_transmission_lines":8.75,"distance_to_gridlight_targets":0.0,"main_road_access":true,"dist_main_road_km":0.0,"has_education_facility":true,"has_health_facility":true,"_label":"Ibokun","_status_group":"unknown","_year":2025,"_year_label":"Source release year","_states":["Osun"]},"geometry":{"type":"Point","coordinates":[4.72558,7.78533]}},{"type":"Feature","properties":{"geohash":"s17mjp66vn","settlement_name":"Otan Ayegbaju","state":"Osun","lga":"Boluwaduro","population":17031,"state_population_rank":24,"num_buildings":3680,"nightlight_signal":"nightlight_detected","distance_to_existing_transmission_lines":0.0,"distance_to_existing_hv_transmission_lines":16.26,"distance_to_gridlight_targets":0.0,"main_road_access":true,"dist_main_road_km":0.0,"has_education_facility":true,"has_health_facility":true,"_label":"Otan Ayegbaju","_status_group":"unknown","_year":2025,"_year_label":"Source release year","_states":["Osun"]},"geometry":{"type":"Point","coordinates":[4.79335,7.95049]}},{"type":"Feature","properties":{"geohash":"s172fgydw7","settlement_name":"Ifetedo","state":"Osun","lga":"Ife South","population":16788,"state_population_rank":25,"num_buildings":3427,"nightlight_signal":"nightlight_detected","distance_to_existing_transmission_lines":0.0,"distance_to_existing_hv_transmission_lines":0.0,"distance_to_gridlight_targets":0.0,"main_road_access":true,"dist_main_road_km":0.0,"has_education_facility":true,"has_health_facility":true,"_label":"Ifetedo","_status_group":"unknown","_year":2025,"_year_label":"Source release year","_states":["Osun"]},"geometry":{"type":"Point","coordinates":[4.70037,7.18414]}},{"type":"Feature","properties":{"geohash":"s17kvx1myb","settlement_name":"Igbajo","state":"Osun","lga":"Boluwaduro","population":16626,"state_population_rank":26,"num_buildings":3423,"nightlight_signal":"nightlight_detected","distance_to_existing_transmission_lines":0.0,"distance_to_existing_hv_transmission_lines":20.27,"distance_to_gridlight_targets":0.0,"main_road_access":false,"dist_main_road_km":4.1,"has_education_facility":true,"has_health_facility":true,"_label":"Igbajo","_status_group":"unknown","_year":2025,"_year_label":"Source release year","_states":["Osun"]},"geometry":{"type":"Point","coordinates":[4.81403,7.90565]}},{"type":"Feature","properties":{"geohash":"s16uw4040r","settlement_name":"Ejigbo","state":"Osun","lga":"Ejigbo","population":16548,"state_population_rank":27,"num_buildings":3549,"nightlight_signal":"nightlight_detected","distance_to_existing_transmission_lines":0.0,"distance_to_existing_hv_transmission_lines":12.72,"distance_to_gridlight_targets":0.0,"main_road_access":true,"dist_main_road_km":0.0,"has_education_facility":true,"has_health_facility":true,"_label":"Ejigbo","_status_group":"unknown","_year":2025,"_year_label":"Source release year","_states":["Osun"]},"geometry":{"type":"Point","coordinates":[4.13087,7.83364]}},{"type":"Feature","properties":{"geohash":"s1771hz90q","settlement_name":"Osu","state":"Osun","lga":"Atakumosa West","population":16213,"state_population_rank":28,"num_buildings":3421,"nightlight_signal":"nightlight_detected","distance_to_existing_transmission_lines":0.0,"distance_to_existing_hv_transmission_lines":10.4,"distance_to_gridlight_targets":0.0,"main_road_access":true,"dist_main_road_km":0.0,"has_education_facility":true,"has_health_facility":true,"_label":"Osu","_status_group":"unknown","_year":2025,"_year_label":"Source release year","_states":["Osun"]},"geometry":{"type":"Point","coordinates":[4.62458,7.58489]}},{"type":"Feature","properties":{"geohash":"s177p2bmzb","settlement_name":"Erin","state":"Osun","lga":"Oriade","population":14856,"state_population_rank":29,"num_buildings":3274,"nightlight_signal":"nightlight_detected","distance_to_existing_transmission_lines":0.0,"distance_to_existing_hv_transmission_lines":0.88,"distance_to_gridlight_targets":0.0,"main_road_access":true,"dist_main_road_km":0.0,"has_education_facility":true,"has_health_facility":true,"_label":"Erin","_status_group":"unknown","_year":2025,"_year_label":"Source release year","_states":["Osun"]},"geometry":{"type":"Point","coordinates":[4.8896,7.5637]}},{"type":"Feature","properties":{"geohash":"s17mnhv6n0","settlement_name":"Iresi","state":"Osun","lga":"Boluwaduro","population":12498,"state_population_rank":30,"num_buildings":2622,"nightlight_signal":"nightlight_detected","distance_to_existing_transmission_lines":0.0,"distance_to_existing_hv_transmission_lines":21.72,"distance_to_gridlight_targets":0.0,"main_road_access":false,"dist_main_road_km":2.55,"has_education_facility":true,"has_health_facility":true,"_label":"Iresi","_status_group":"unknown","_year":2025,"_year_label":"Source release year","_states":["Osun"]},"geometry":{"type":"Point","coordinates":[4.84145,7.9366]}},{"type":"Feature","properties":{"geohash":"s175m51n1r","settlement_name":"Location #1518","state":"Osun","lga":"Ede South","population":12078,"state_population_rank":31,"num_buildings":2598,"nightlight_signal":"nightlight_detected","distance_to_existing_transmission_lines":0.0,"distance_to_existing_hv_transmission_lines":7.5,"distance_to_gridlight_targets":0.0,"main_road_access":true,"dist_main_road_km":0.0,"has_education_facility":true,"has_health_facility":true,"_label":"Location #1518","_status_group":"unknown","_year":2025,"_year_label":"Source release year","_states":["Osun"]},"geometry":{"type":"Point","coordinates":[4.43991,7.62009]}},{"type":"Feature","properties":{"geohash":"s17kbpteuz","settlement_name":"Oba","state":"Osun","lga":"Olorunda","population":12010,"state_population_rank":32,"num_buildings":2824,"nightlight_signal":"nightlight_detected","distance_to_existing_transmission_lines":0.0,"distance_to_existing_hv_transmission_lines":0.86,"distance_to_gridlight_targets":0.0,"main_road_access":false,"dist_main_road_km":5.28,"has_education_facility":true,"has_health_facility":true,"_label":"Oba","_status_group":"unknown","_year":2025,"_year_label":"Source release year","_states":["Osun"]},"geometry":{"type":"Point","coordinates":[4.57807,7.90809]}},{"type":"Feature","properties":{"geohash":"s17k8v3fsq","settlement_name":"Ikirun","state":"Osun","lga":"Olorunda","population":11202,"state_population_rank":33,"num_buildings":2634,"nightlight_signal":"nightlight_detected","distance_to_existing_transmission_lines":0.0,"distance_to_existing_hv_transmission_lines":0.84,"distance_to_gridlight_targets":0.0,"main_road_access":true,"dist_main_road_km":0.0,"has_education_facility":true,"has_health_facility":true,"_label":"Ikirun","_status_group":"unknown","_year":2025,"_year_label":"Source release year","_states":["Osun"]},"geometry":{"type":"Point","coordinates":[4.60586,7.85157]}},{"type":"Feature","properties":{"geohash":"s1753rx272","settlement_name":"Ile Igbo Station","state":"Osun","lga":"Aiyedire","population":10902,"state_population_rank":34,"num_buildings":2297,"nightlight_signal":"nightlight_detected","distance_to_existing_transmission_lines":0.0,"distance_to_existing_hv_transmission_lines":5.87,"distance_to_gridlight_targets":0.0,"main_road_access":false,"dist_main_road_km":2.54,"has_education_facility":true,"has_health_facility":true,"_label":"Ile Igbo Station","_status_group":"unknown","_year":2025,"_year_label":"Source release year","_states":["Osun"]},"geometry":{"type":"Point","coordinates":[4.28378,7.64378]}},{"type":"Feature","properties":{"geohash":"s17kw1epxm","settlement_name":"Imesi Ile","state":"Osun","lga":"Obokun","population":10888,"state_population_rank":35,"num_buildings":2487,"nightlight_signal":"nightlight_detected","distance_to_existing_transmission_lines":0.0,"distance_to_existing_hv_transmission_lines":19.02,"distance_to_gridlight_targets":0.0,"main_road_access":true,"dist_main_road_km":0.0,"has_education_facility":true,"has_health_facility":true,"_label":"Imesi Ile","_status_group":"unknown","_year":2025,"_year_label":"Source release year","_states":["Osun"]},"geometry":{"type":"Point","coordinates":[4.83842,7.83182]}},{"type":"Feature","properties":{"geohash":"s174z1g411","settlement_name":"Ifẹ̀","state":"Osun","lga":"Ife Central","population":10624,"state_population_rank":36,"num_buildings":2498,"nightlight_signal":"nightlight_detected","distance_to_existing_transmission_lines":0.0,"distance_to_existing_hv_transmission_lines":0.71,"distance_to_gridlight_targets":0.0,"main_road_access":false,"dist_main_road_km":1.04,"has_education_facility":true,"has_health_facility":true,"_label":"Ifẹ̀","_status_group":"unknown","_year":2025,"_year_label":"Source release year","_states":["Osun"]},"geometry":{"type":"Point","coordinates":[4.53053,7.52461]}},{"type":"Feature","properties":{"geohash":"s1714xbt92","settlement_name":"Orile Owu","state":"Osun","lga":"Aiyedade","population":10520,"state_population_rank":37,"num_buildings":2207,"nightlight_signal":"nightlight_detected","distance_to_existing_transmission_lines":0.0,"distance_to_existing_hv_transmission_lines":27.96,"distance_to_gridlight_targets":0.0,"main_road_access":true,"dist_main_road_km":0.0,"has_education_facility":true,"has_health_facility":true,"_label":"Orile Owu","_status_group":"unknown","_year":2025,"_year_label":"Source release year","_states":["Osun"]},"geometry":{"type":"Point","coordinates":[4.32936,7.25055]}},{"type":"Feature","properties":{"geohash":"s17d28s8sz","settlement_name":"Location #1857","state":"Osun","lga":"Oriade","population":10035,"state_population_rank":38,"num_buildings":2188,"nightlight_signal":"nightlight_detected","distance_to_existing_transmission_lines":0.0,"distance_to_existing_hv_transmission_lines":0.4,"distance_to_gridlight_targets":0.0,"main_road_access":true,"dist_main_road_km":0.0,"has_education_facility":true,"has_health_facility":true,"_label":"Location #1857","_status_group":"unknown","_year":2025,"_year_label":"Source release year","_states":["Osun"]},"geometry":{"type":"Point","coordinates":[4.95024,7.42963]}},{"type":"Feature","properties":{"geohash":"s17tdzpq64","settlement_name":"Ora","state":"Osun","lga":"Ifedayo","population":9772,"state_population_rank":39,"num_buildings":2059,"nightlight_signal":"nightlight_detected","distance_to_existing_transmission_lines":0.0,"distance_to_existing_hv_transmission_lines":12.25,"distance_to_gridlight_targets":0.0,"main_road_access":true,"dist_main_road_km":0.0,"has_education_facility":true,"has_health_facility":true,"_label":"Ora","_status_group":"unknown","_year":2025,"_year_label":"Source release year","_states":["Osun"]},"geometry":{"type":"Point","coordinates":[5.05277,8.03758]}},{"type":"Feature","properties":{"geohash":"s1766rw0u0","settlement_name":"Location #2051","state":"Osun","lga":"Atakumosa West","population":9600,"state_population_rank":40,"num_buildings":2008,"nightlight_signal":"nightlight_detected","distance_to_existing_transmission_lines":0.0,"distance_to_existing_hv_transmission_lines":15.17,"distance_to_gridlight_targets":0.0,"main_road_access":false,"dist_main_road_km":11.28,"has_education_facility":true,"has_health_facility":true,"_label":"Location #2051","_status_group":"unknown","_year":2025,"_year_label":"Source release year","_states":["Osun"]},"geometry":{"type":"Point","coordinates":[4.67761,7.46809]}},{"type":"Feature","properties":{"geohash":"s16f159dvu","settlement_name":"Ibadan","state":"Oyo","lga":"Ibadan North","population":4960925,"state_population_rank":1,"num_buildings":1039198,"nightlight_signal":"nightlight_detected","distance_to_existing_transmission_lines":0.0,"distance_to_existing_hv_transmission_lines":0.0,"distance_to_gridlight_targets":0.0,"main_road_access":true,"dist_main_road_km":0.0,"has_education_facility":true,"has_health_facility":true,"_label":"Ibadan","_status_group":"unknown","_year":2025,"_year_label":"Source release year","_states":["Oyo"]},"geometry":{"type":"Point","coordinates":[3.91345,7.40254]}},{"type":"Feature","properties":{"geohash":"s16u96este","settlement_name":"Ọ̀yọ́","state":"Oyo","lga":"Oyo East","population":720042,"state_population_rank":2,"num_buildings":148456,"nightlight_signal":"nightlight_detected","distance_to_existing_transmission_lines":0.0,"distance_to_existing_hv_transmission_lines":0.0,"distance_to_gridlight_targets":0.0,"main_road_access":true,"dist_main_road_km":0.0,"has_education_facility":true,"has_health_facility":true,"_label":"Ọ̀yọ́","_status_group":"unknown","_year":2025,"_year_label":"Source release year","_states":["Oyo"]},"geometry":{"type":"Point","coordinates":[3.92717,7.83679]}},{"type":"Feature","properties":{"geohash":"s17n2d1ext","settlement_name":"Ogbomosho","state":"Oyo","lga":"Ogbomosho North","population":560386,"state_population_rank":3,"num_buildings":118596,"nightlight_signal":"nightlight_detected","distance_to_existing_transmission_lines":0.0,"distance_to_existing_hv_transmission_lines":35.11,"distance_to_gridlight_targets":0.0,"main_road_access":true,"dist_main_road_km":0.0,"has_education_facility":true,"has_health_facility":true,"_label":"Ogbomosho","_status_group":"unknown","_year":2025,"_year_label":"Source release year","_states":["Oyo"]},"geometry":{"type":"Point","coordinates":[4.24311,8.1415]}},{"type":"Feature","properties":{"geohash":"s1d3msggrw","settlement_name":"Saki","state":"Oyo","lga":"Saki West","population":295614,"state_population_rank":4,"num_buildings":62378,"nightlight_signal":"nightlight_detected","distance_to_existing_transmission_lines":0.0,"distance_to_existing_hv_transmission_lines":77.31,"distance_to_gridlight_targets":0.0,"main_road_access":true,"dist_main_road_km":0.0,"has_education_facility":true,"has_health_facility":true,"_label":"Saki","_status_group":"unknown","_year":2025,"_year_label":"Source release year","_states":["Oyo"]},"geometry":{"type":"Point","coordinates":[3.41124,8.68391]}},{"type":"Feature","properties":{"geohash":"s16t3ewgrq","settlement_name":"Ìsẹ́yìn","state":"Oyo","lga":"Iseyin","population":253276,"state_population_rank":5,"num_buildings":52145,"nightlight_signal":"nightlight_detected","distance_to_existing_transmission_lines":0.0,"distance_to_existing_hv_transmission_lines":0.0,"distance_to_gridlight_targets":0.0,"main_road_access":true,"dist_main_road_km":0.0,"has_education_facility":true,"has_health_facility":true,"_label":"Ìsẹ́yìn","_status_group":"unknown","_year":2025,"_year_label":"Source release year","_states":["Oyo"]},"geometry":{"type":"Point","coordinates":[3.59112,7.97392]}},{"type":"Feature","properties":{"geohash":"s1666c6g0j","settlement_name":"Igbo Ora","state":"Oyo","lga":"Ibarapa Central","population":94207,"state_population_rank":6,"num_buildings":19677,"nightlight_signal":"nightlight_detected","distance_to_existing_transmission_lines":0.0,"distance_to_existing_hv_transmission_lines":30.34,"distance_to_gridlight_targets":0.0,"main_road_access":true,"dist_main_road_km":0.0,"has_education_facility":true,"has_health_facility":true,"_label":"Igbo Ora","_status_group":"unknown","_year":2025,"_year_label":"Source release year","_states":["Oyo"]},"geometry":{"type":"Point","coordinates":[3.2887,7.43417]}},{"type":"Feature","properties":{"geohash":"s1dextkk1m","settlement_name":"Kishi","state":"Oyo","lga":"Irepo","population":81450,"state_population_rank":7,"num_buildings":16769,"nightlight_signal":"nightlight_detected","distance_to_existing_transmission_lines":0.0,"distance_to_existing_hv_transmission_lines":100.81,"distance_to_gridlight_targets":0.0,"main_road_access":true,"dist_main_road_km":0.0,"has_education_facility":true,"has_health_facility":true,"_label":"Kishi","_status_group":"unknown","_year":2025,"_year_label":"Source release year","_states":["Oyo"]},"geometry":{"type":"Point","coordinates":[3.85111,9.08229]}},{"type":"Feature","properties":{"geohash":"s16msrqb2t","settlement_name":"Oke Iho","state":"Oyo","lga":"Kajola","population":76058,"state_population_rank":8,"num_buildings":15659,"nightlight_signal":"nightlight_detected","distance_to_existing_transmission_lines":0.0,"distance_to_existing_hv_transmission_lines":25.54,"distance_to_gridlight_targets":0.0,"main_road_access":true,"dist_main_road_km":0.0,"has_education_facility":true,"has_health_facility":true,"_label":"Oke Iho","_status_group":"unknown","_year":2025,"_year_label":"Source release year","_states":["Oyo"]},"geometry":{"type":"Point","coordinates":[3.36013,8.03795]}},{"type":"Feature","properties":{"geohash":"s1ddm3e9qg","settlement_name":"Igboho","state":"Oyo","lga":"Orelope","population":68257,"state_population_rank":9,"num_buildings":14382,"nightlight_signal":"nightlight_detected","distance_to_existing_transmission_lines":0.0,"distance_to_existing_hv_transmission_lines":95.65,"distance_to_gridlight_targets":0.0,"main_road_access":true,"dist_main_road_km":0.0,"has_education_facility":true,"has_health_facility":true,"_label":"Igboho","_status_group":"unknown","_year":2025,"_year_label":"Source release year","_states":["Oyo"]},"geometry":{"type":"Point","coordinates":[3.75144,8.84148]}},{"type":"Feature","properties":{"geohash":"s166yh9fhq","settlement_name":"Eruwa","state":"Oyo","lga":"Ibarapa East","population":58626,"state_population_rank":10,"num_buildings":12245,"nightlight_signal":"nightlight_detected","distance_to_existing_transmission_lines":0.0,"distance_to_existing_hv_transmission_lines":29.93,"distance_to_gridlight_targets":0.0,"main_road_access":true,"dist_main_road_km":0.0,"has_education_facility":true,"has_health_facility":true,"_label":"Eruwa","_status_group":"unknown","_year":2025,"_year_label":"Source release year","_states":["Oyo"]},"geometry":{"type":"Point","coordinates":[3.43032,7.53974]}},{"type":"Feature","properties":{"geohash":"s1dcvcpumq","settlement_name":"Location #333","state":"Oyo","lga":"Olorunsogo","population":46768,"state_population_rank":11,"num_buildings":9740,"nightlight_signal":"nightlight_detected","distance_to_existing_transmission_lines":0.0,"distance_to_existing_hv_transmission_lines":66.83,"distance_to_gridlight_targets":0.0,"main_road_access":true,"dist_main_road_km":0.0,"has_education_facility":true,"has_health_facility":true,"_label":"Location #333","_status_group":"unknown","_year":2025,"_year_label":"Source release year","_states":["Oyo"]},"geometry":{"type":"Point","coordinates":[4.13075,8.75137]}},{"type":"Feature","properties":{"geohash":"s16qh0wsze","settlement_name":"Oke Iho","state":"Oyo","lga":"Kajola","population":29234,"state_population_rank":12,"num_buildings":5976,"nightlight_signal":"nightlight_detected","distance_to_existing_transmission_lines":0.0,"distance_to_existing_hv_transmission_lines":29.89,"distance_to_gridlight_targets":0.0,"main_road_access":true,"dist_main_road_km":0.0,"has_education_facility":true,"has_health_facility":true,"_label":"Oke Iho","_status_group":"unknown","_year":2025,"_year_label":"Source release year","_states":["Oyo"]},"geometry":{"type":"Point","coordinates":[3.3491,8.08952]}},{"type":"Feature","properties":{"geohash":"s166cqux98","settlement_name":"Aiyete","state":"Oyo","lga":"Ibarapa North","population":29105,"state_population_rank":13,"num_buildings":6018,"nightlight_signal":"nightlight_detected","distance_to_existing_transmission_lines":0.0,"distance_to_existing_hv_transmission_lines":45.93,"distance_to_gridlight_targets":0.0,"main_road_access":true,"dist_main_road_km":0.0,"has_education_facility":true,"has_health_facility":true,"_label":"Aiyete","_status_group":"unknown","_year":2025,"_year_label":"Source release year","_states":["Oyo"]},"geometry":{"type":"Point","coordinates":[3.22525,7.55302]}},{"type":"Feature","properties":{"geohash":"s1678qmeqx","settlement_name":"Igangan","state":"Oyo","lga":"Ibarapa North","population":29055,"state_population_rank":14,"num_buildings":5982,"nightlight_signal":"nightlight_detected","distance_to_existing_transmission_lines":0.0,"distance_to_existing_hv_transmission_lines":53.97,"distance_to_gridlight_targets":0.0,"main_road_access":true,"dist_main_road_km":0.0,"has_education_facility":true,"has_health_facility":true,"_label":"Igangan","_status_group":"unknown","_year":2025,"_year_label":"Source release year","_states":["Oyo"]},"geometry":{"type":"Point","coordinates":[3.18289,7.68142]}},{"type":"Feature","properties":{"geohash":"s16vy2wp0w","settlement_name":"Location #680","state":"Oyo","lga":"Ogo Oluwa","population":24966,"state_population_rank":15,"num_buildings":5276,"nightlight_signal":"nightlight_detected","distance_to_existing_transmission_lines":0.0,"distance_to_existing_hv_transmission_lines":33.45,"distance_to_gridlight_targets":0.0,"main_road_access":true,"dist_main_road_km":0.0,"has_education_facility":true,"has_health_facility":true,"_label":"Location #680","_status_group":"unknown","_year":2025,"_year_label":"Source release year","_states":["Oyo"]},"geometry":{"type":"Point","coordinates":[4.15012,8.04597]}},{"type":"Feature","properties":{"geohash":"s1d2mggkjn","settlement_name":"Ago Are","state":"Oyo","lga":"Atigbo","population":24722,"state_population_rank":16,"num_buildings":5068,"nightlight_signal":"no_nightlight_detected","distance_to_existing_transmission_lines":0.0,"distance_to_existing_hv_transmission_lines":61.41,"distance_to_gridlight_targets":3.946,"main_road_access":true,"dist_main_road_km":0.0,"has_education_facility":true,"has_health_facility":true,"_label":"Ago Are","_status_group":"unknown","_year":2025,"_year_label":"Source release year","_states":["Oyo"]},"geometry":{"type":"Point","coordinates":[3.42143,8.50277]}},{"type":"Feature","properties":{"geohash":"s16dt8m8tn","settlement_name":"Location #633","state":"Oyo","lga":"Ido","population":23939,"state_population_rank":17,"num_buildings":5629,"nightlight_signal":"nightlight_detected","distance_to_existing_transmission_lines":0.0,"distance_to_existing_hv_transmission_lines":2.98,"distance_to_gridlight_targets":0.0,"main_road_access":true,"dist_main_road_km":0.0,"has_education_facility":true,"has_health_facility":true,"_label":"Location #633","_status_group":"unknown","_year":2025,"_year_label":"Source release year","_states":["Oyo"]},"geometry":{"type":"Point","coordinates":[3.7651,7.4722]}},{"type":"Feature","properties":{"geohash":"s1d2wmppb2","settlement_name":"Tede","state":"Oyo","lga":"Atigbo","population":19208,"state_population_rank":18,"num_buildings":3949,"nightlight_signal":"nightlight_detected","distance_to_existing_transmission_lines":0.0,"distance_to_existing_hv_transmission_lines":65.72,"distance_to_gridlight_targets":0.0,"main_road_access":true,"dist_main_road_km":0.0,"has_education_facility":true,"has_health_facility":true,"_label":"Tede","_status_group":"unknown","_year":2025,"_year_label":"Source release year","_states":["Oyo"]},"geometry":{"type":"Point","coordinates":[3.44835,8.55419]}},{"type":"Feature","properties":{"geohash":"s16m3ujspg","settlement_name":"Oke Iho","state":"Oyo","lga":"Iwajowa","population":18206,"state_population_rank":19,"num_buildings":3893,"nightlight_signal":"nightlight_detected","distance_to_existing_transmission_lines":0.0,"distance_to_existing_hv_transmission_lines":38.29,"distance_to_gridlight_targets":0.0,"main_road_access":true,"dist_main_road_km":0.0,"has_education_facility":true,"has_health_facility":true,"_label":"Oke Iho","_status_group":"unknown","_year":2025,"_year_label":"Source release year","_states":["Oyo"]},"geometry":{"type":"Point","coordinates":[3.24886,7.97678]}},{"type":"Feature","properties":{"geohash":"s17j6b4rfq","settlement_name":"Location #1030","state":"Oyo","lga":"Surulere","population":17702,"state_population_rank":20,"num_buildings":3692,"nightlight_signal":"nightlight_detected","distance_to_existing_transmission_lines":0.0,"distance_to_existing_hv_transmission_lines":19.33,"distance_to_gridlight_targets":0.0,"main_road_access":true,"dist_main_road_km":0.0,"has_education_facility":true,"has_health_facility":true,"_label":"Location #1030","_status_group":"unknown","_year":2025,"_year_label":"Source release year","_states":["Oyo"]},"geometry":{"type":"Point","coordinates":[4.34279,7.95547]}},{"type":"Feature","properties":{"geohash":"s169pupz4n","settlement_name":"Arowojede","state":"Oyo","lga":"Oluyole","population":17150,"state_population_rank":21,"num_buildings":3797,"nightlight_signal":"nightlight_detected","distance_to_existing_transmission_lines":0.0,"distance_to_existing_hv_transmission_lines":13.5,"distance_to_gridlight_targets":0.0,"main_road_access":true,"dist_main_road_km":0.0,"has_education_facility":true,"has_health_facility":true,"_label":"Arowojede","_status_group":"unknown","_year":2025,"_year_label":"Source release year","_states":["Oyo"]},"geometry":{"type":"Point","coordinates":[3.86694,7.23024]}},{"type":"Feature","properties":{"geohash":"s167nw20nc","settlement_name":"Lanlate","state":"Oyo","lga":"Ibarapa East","population":16988,"state_population_rank":22,"num_buildings":3543,"nightlight_signal":"nightlight_detected","distance_to_existing_transmission_lines":0.0,"distance_to_existing_hv_transmission_lines":32.7,"distance_to_gridlight_targets":0.0,"main_road_access":true,"dist_main_road_km":0.0,"has_education_facility":true,"has_health_facility":true,"_label":"Lanlate","_status_group":"unknown","_year":2025,"_year_label":"Source release year","_states":["Oyo"]},"geometry":{"type":"Point","coordinates":[3.45,7.59293]}},{"type":"Feature","properties":{"geohash":"s17p42bmgg","settlement_name":"Odo Oshun","state":"Oyo","lga":"Surulere","population":16436,"state_population_rank":23,"num_buildings":3458,"nightlight_signal":"nightlight_detected","distance_to_existing_transmission_lines":0.0,"distance_to_existing_hv_transmission_lines":37.46,"distance_to_gridlight_targets":0.0,"main_road_access":true,"dist_main_road_km":0.0,"has_education_facility":true,"has_health_facility":true,"_label":"Odo Oshun","_status_group":"unknown","_year":2025,"_year_label":"Source release year","_states":["Oyo"]},"geometry":{"type":"Point","coordinates":[4.31813,8.26684]}},{"type":"Feature","properties":{"geohash":"s16gch5985","settlement_name":"Location #1203","state":"Oyo","lga":"Afijio","population":15734,"state_population_rank":24,"num_buildings":3230,"nightlight_signal":"nightlight_detected","distance_to_existing_transmission_lines":0.0,"distance_to_existing_hv_transmission_lines":6.74,"distance_to_gridlight_targets":0.0,"main_road_access":true,"dist_main_road_km":0.0,"has_education_facility":true,"has_health_facility":true,"_label":"Location #1203","_status_group":"unknown","_year":2025,"_year_label":"Source release year","_states":["Oyo"]},"geometry":{"type":"Point","coordinates":[3.91595,7.71268]}},{"type":"Feature","properties":{"geohash":"s16qttd3uw","settlement_name":"Otu","state":"Oyo","lga":"Itesiwaju","population":15706,"state_population_rank":25,"num_buildings":3188,"nightlight_signal":"nightlight_detected","distance_to_existing_transmission_lines":0.0,"distance_to_existing_hv_transmission_lines":33.34,"distance_to_gridlight_targets":0.0,"main_road_access":true,"dist_main_road_km":0.0,"has_education_facility":true,"has_health_facility":true,"_label":"Otu","_status_group":"unknown","_year":2025,"_year_label":"Source release year","_states":["Oyo"]},"geometry":{"type":"Point","coordinates":[3.40905,8.20438]}},{"type":"Feature","properties":{"geohash":"s16g1pj9ec","settlement_name":"Ajobo","state":"Oyo","lga":"Akinyele","population":15416,"state_population_rank":26,"num_buildings":3625,"nightlight_signal":"nightlight_detected","distance_to_existing_transmission_lines":0.0,"distance_to_existing_hv_transmission_lines":7.56,"distance_to_gridlight_targets":0.0,"main_road_access":true,"dist_main_road_km":0.0,"has_education_facility":true,"has_health_facility":true,"_label":"Ajobo","_status_group":"unknown","_year":2025,"_year_label":"Source release year","_states":["Oyo"]},"geometry":{"type":"Point","coordinates":[3.91886,7.59731]}},{"type":"Feature","properties":{"geohash":"s166d53jnr","settlement_name":"Location #1136","state":"Oyo","lga":"Ibarapa Central","population":15409,"state_population_rank":27,"num_buildings":3401,"nightlight_signal":"nightlight_detected","distance_to_existing_transmission_lines":0.0,"distance_to_existing_hv_transmission_lines":38.99,"distance_to_gridlight_targets":0.0,"main_road_access":true,"dist_main_road_km":0.0,"has_education_facility":true,"has_health_facility":true,"_label":"Location #1136","_status_group":"unknown","_year":2025,"_year_label":"Source release year","_states":["Oyo"]},"geometry":{"type":"Point","coordinates":[3.25359,7.48946]}},{"type":"Feature","properties":{"geohash":"s1d94ftfpn","settlement_name":"Sepeteri","state":"Oyo","lga":"Saki East","population":15340,"state_population_rank":28,"num_buildings":3471,"nightlight_signal":"nightlight_detected","distance_to_existing_transmission_lines":0.0,"distance_to_existing_hv_transmission_lines":72.33,"distance_to_gridlight_targets":0.0,"main_road_access":true,"dist_main_road_km":0.0,"has_education_facility":true,"has_health_facility":true,"_label":"Sepeteri","_status_group":"unknown","_year":2025,"_year_label":"Source release year","_states":["Oyo"]},"geometry":{"type":"Point","coordinates":[3.64468,8.62739]}},{"type":"Feature","properties":{"geohash":"s16kw1cxdt","settlement_name":"Ìsẹ́yìn","state":"Oyo","lga":"Iseyin","population":12270,"state_population_rank":29,"num_buildings":2725,"nightlight_signal":"nightlight_detected","distance_to_existing_transmission_lines":0.0,"distance_to_existing_hv_transmission_lines":22.43,"distance_to_gridlight_targets":0.0,"main_road_access":true,"dist_main_road_km":0.0,"has_education_facility":true,"has_health_facility":true,"_label":"Ìsẹ́yìn","_status_group":"unknown","_year":2025,"_year_label":"Source release year","_states":["Oyo"]},"geometry":{"type":"Point","coordinates":[3.42991,7.83319]}},{"type":"Feature","properties":{"geohash":"s16yxmm6hc","settlement_name":"Location #1570","state":"Oyo","lga":"Ori Ire","population":11998,"state_population_rank":30,"num_buildings":2517,"nightlight_signal":"nightlight_detected","distance_to_existing_transmission_lines":0.0,"distance_to_existing_hv_transmission_lines":49.9,"distance_to_gridlight_targets":0.0,"main_road_access":true,"dist_main_road_km":0.0,"has_education_facility":true,"has_health_facility":true,"_label":"Location #1570","_status_group":"unknown","_year":2025,"_year_label":"Source release year","_states":["Oyo"]},"geometry":{"type":"Point","coordinates":[4.19321,8.20302]}},{"type":"Feature","properties":{"geohash":"s16qpzgu2n","settlement_name":"Ipapo, Itesiwaju local government, Oyo State, Nigeria","state":"Oyo","lga":"Itesiwaju","population":11736,"state_population_rank":31,"num_buildings":2406,"nightlight_signal":"nightlight_detected","distance_to_existing_transmission_lines":0.0,"distance_to_existing_hv_transmission_lines":19.7,"distance_to_gridlight_targets":0.0,"main_road_access":true,"dist_main_road_km":0.0,"has_education_facility":true,"has_health_facility":true,"_label":"Ipapo, Itesiwaju local government, Oyo State, Nigeria","_status_group":"unknown","_year":2025,"_year_label":"Source release year","_states":["Oyo"]},"geometry":{"type":"Point","coordinates":[3.5098,8.12928]}},{"type":"Feature","properties":{"geohash":"s16c7tuvp4","settlement_name":"Okugbaja","state":"Oyo","lga":"Ona-Ara","population":11729,"state_population_rank":32,"num_buildings":2758,"nightlight_signal":"nightlight_detected","distance_to_existing_transmission_lines":0.0,"distance_to_existing_hv_transmission_lines":17.08,"distance_to_gridlight_targets":0.0,"main_road_access":true,"dist_main_road_km":0.0,"has_education_facility":true,"has_health_facility":true,"_label":"Okugbaja","_status_group":"unknown","_year":2025,"_year_label":"Source release year","_states":["Oyo"]},"geometry":{"type":"Point","coordinates":[4.02783,7.28343]}},{"type":"Feature","properties":{"geohash":"s1d3n32pkq","settlement_name":"Location #1657","state":"Oyo","lga":"Saki West","population":11685,"state_population_rank":33,"num_buildings":2430,"nightlight_signal":"nightlight_detected","distance_to_existing_transmission_lines":0.0,"distance_to_existing_hv_transmission_lines":73.94,"distance_to_gridlight_targets":0.0,"main_road_access":false,"dist_main_road_km":1.66,"has_education_facility":false,"has_health_facility":true,"_label":"Location #1657","_status_group":"unknown","_year":2025,"_year_label":"Source release year","_states":["Oyo"]},"geometry":{"type":"Point","coordinates":[3.4389,8.62143]}},{"type":"Feature","properties":{"geohash":"s1d9fhj8x5","settlement_name":"Ogboro","state":"Oyo","lga":"Saki East","population":11640,"state_population_rank":34,"num_buildings":2585,"nightlight_signal":"nightlight_detected","distance_to_existing_transmission_lines":0.0,"distance_to_existing_hv_transmission_lines":87.53,"distance_to_gridlight_targets":0.0,"main_road_access":true,"dist_main_road_km":0.0,"has_education_facility":true,"has_health_facility":true,"_label":"Ogboro","_status_group":"unknown","_year":2025,"_year_label":"Source release year","_states":["Oyo"]},"geometry":{"type":"Point","coordinates":[3.61137,8.76719]}},{"type":"Feature","properties":{"geohash":"s16cu9zfq4","settlement_name":"Location #1488","state":"Oyo","lga":"Ona-Ara","population":11249,"state_population_rank":35,"num_buildings":2645,"nightlight_signal":"no_nightlight_detected","distance_to_existing_transmission_lines":0.0,"distance_to_existing_hv_transmission_lines":11.01,"distance_to_gridlight_targets":0.803,"main_road_access":false,"dist_main_road_km":0.76,"has_education_facility":true,"has_health_facility":true,"_label":"Location #1488","_status_group":"unknown","_year":2025,"_year_label":"Source release year","_states":["Oyo"]},"geometry":{"type":"Point","coordinates":[4.07585,7.34888]}},{"type":"Feature","properties":{"geohash":"s16zrg0ec8","settlement_name":"Location #1712","state":"Oyo","lga":"Ori Ire","population":10843,"state_population_rank":36,"num_buildings":2336,"nightlight_signal":"nightlight_detected","distance_to_existing_transmission_lines":0.0,"distance_to_existing_hv_transmission_lines":50.54,"distance_to_gridlight_targets":0.0,"main_road_access":true,"dist_main_road_km":0.0,"has_education_facility":true,"has_health_facility":true,"_label":"Location #1712","_status_group":"unknown","_year":2025,"_year_label":"Source release year","_states":["Oyo"]},"geometry":{"type":"Point","coordinates":[4.20852,8.32279]}},{"type":"Feature","properties":{"geohash":"s16f2w3se3","settlement_name":"Location #1871","state":"Oyo","lga":"Akinyele","population":10761,"state_population_rank":37,"num_buildings":2175,"nightlight_signal":"no_nightlight_detected","distance_to_existing_transmission_lines":0.0,"distance_to_existing_hv_transmission_lines":1.17,"distance_to_gridlight_targets":0.367,"main_road_access":false,"dist_main_road_km":1.11,"has_education_facility":true,"has_health_facility":true,"_label":"Location #1871","_status_group":"unknown","_year":2025,"_year_label":"Source release year","_states":["Oyo"]},"geometry":{"type":"Point","coordinates":[3.89136,7.46187]}},{"type":"Feature","properties":{"geohash":"s1d2zehbh1","settlement_name":"Aha","state":"Oyo","lga":"Saki East","population":10734,"state_population_rank":38,"num_buildings":2406,"nightlight_signal":"no_nightlight_detected","distance_to_existing_transmission_lines":0.0,"distance_to_existing_hv_transmission_lines":68.45,"distance_to_gridlight_targets":5.391,"main_road_access":true,"dist_main_road_km":0.0,"has_education_facility":true,"has_health_facility":true,"_label":"Aha","_status_group":"unknown","_year":2025,"_year_label":"Source release year","_states":["Oyo"]},"geometry":{"type":"Point","coordinates":[3.50035,8.58582]}},{"type":"Feature","properties":{"geohash":"s16qwxxbpc","settlement_name":"Ipapo, Itesiwaju local government, Oyo State, Nigeria","state":"Oyo","lga":"Itesiwaju","population":10401,"state_population_rank":39,"num_buildings":2163,"nightlight_signal":"nightlight_detected","distance_to_existing_transmission_lines":0.0,"distance_to_existing_hv_transmission_lines":30.94,"distance_to_gridlight_targets":0.0,"main_road_access":true,"dist_main_road_km":0.0,"has_education_facility":true,"has_health_facility":true,"_label":"Ipapo, Itesiwaju local government, Oyo State, Nigeria","_status_group":"unknown","_year":2025,"_year_label":"Source release year","_states":["Oyo"]},"geometry":{"type":"Point","coordinates":[3.46069,8.21504]}},{"type":"Feature","properties":{"geohash":"s1d25ckr28","settlement_name":"Ofiki","state":"Oyo","lga":"Atigbo","population":10106,"state_population_rank":40,"num_buildings":2161,"nightlight_signal":"no_nightlight_detected","distance_to_existing_transmission_lines":0.0,"distance_to_existing_hv_transmission_lines":60.06,"distance_to_gridlight_targets":15.47,"main_road_access":false,"dist_main_road_km":6.78,"has_education_facility":true,"has_health_facility":true,"_label":"Ofiki","_status_group":"unknown","_year":2025,"_year_label":"Source release year","_states":["Oyo"]},"geometry":{"type":"Point","coordinates":[3.33472,8.44562]}},{"type":"Feature","properties":{"geohash":"s1y21uwzuv","settlement_name":"Barakin Lerawi","state":"Plateau","lga":"Jos South","population":1585745,"state_population_rank":1,"num_buildings":330733,"nightlight_signal":"nightlight_detected","distance_to_existing_transmission_lines":0.0,"distance_to_existing_hv_transmission_lines":0.0,"distance_to_gridlight_targets":0.0,"main_road_access":true,"dist_main_road_km":0.0,"has_education_facility":true,"has_health_facility":true,"_label":"Barakin Lerawi","_status_group":"unknown","_year":2025,"_year_label":"Source release year","_states":["Plateau"]},"geometry":{"type":"Point","coordinates":[8.87545,9.86983]}},{"type":"Feature","properties":{"geohash":"s1wtbnupr8","settlement_name":"Mangu Town","state":"Plateau","lga":"Mangu","population":115537,"state_population_rank":2,"num_buildings":23821,"nightlight_signal":"nightlight_detected","distance_to_existing_transmission_lines":0.0,"distance_to_existing_hv_transmission_lines":0.0,"distance_to_gridlight_targets":0.0,"main_road_access":true,"dist_main_road_km":0.0,"has_education_facility":true,"has_health_facility":true,"_label":"Mangu Town","_status_group":"unknown","_year":2025,"_year_label":"Source release year","_states":["Plateau"]},"geometry":{"type":"Point","coordinates":[9.14645,9.48657]}},{"type":"Feature","properties":{"geohash":"s1wunfps71","settlement_name":"Langtang","state":"Plateau","lga":"Langtang North","population":93764,"state_population_rank":3,"num_buildings":19902,"nightlight_signal":"nightlight_detected","distance_to_existing_transmission_lines":0.0,"distance_to_existing_hv_transmission_lines":42.86,"distance_to_gridlight_targets":0.0,"main_road_access":true,"dist_main_road_km":0.0,"has_education_facility":true,"has_health_facility":true,"_label":"Langtang","_status_group":"unknown","_year":2025,"_year_label":"Source release year","_states":["Plateau"]},"geometry":{"type":"Point","coordinates":[9.79926,9.15235]}},{"type":"Feature","properties":{"geohash":"s1wtn6en3y","settlement_name":"Pankshin","state":"Plateau","lga":"Pankshin","population":87734,"state_population_rank":4,"num_buildings":18405,"nightlight_signal":"nightlight_detected","distance_to_existing_transmission_lines":0.0,"distance_to_existing_hv_transmission_lines":0.0,"distance_to_gridlight_targets":0.0,"main_road_access":true,"dist_main_road_km":0.0,"has_education_facility":true,"has_health_facility":true,"_label":"Pankshin","_status_group":"unknown","_year":2025,"_year_label":"Source release year","_states":["Plateau"]},"geometry":{"type":"Point","coordinates":[9.41948,9.33124]}},{"type":"Feature","properties":{"geohash":"s1wpp5jqqy","settlement_name":"Location #193","state":"Plateau","lga":"Jos South","population":77729,"state_population_rank":5,"num_buildings":17130,"nightlight_signal":"nightlight_detected","distance_to_existing_transmission_lines":0.0,"distance_to_existing_hv_transmission_lines":4.04,"distance_to_gridlight_targets":0.0,"main_road_access":true,"dist_main_road_km":0.0,"has_education_facility":true,"has_health_facility":true,"_label":"Location #193","_status_group":"unknown","_year":2025,"_year_label":"Source release year","_states":["Plateau"]},"geometry":{"type":"Point","coordinates":[8.75262,9.68556]}},{"type":"Feature","properties":{"geohash":"s1wf2zqksh","settlement_name":"Shendam","state":"Plateau","lga":"Shendam","population":76282,"state_population_rank":6,"num_buildings":15933,"nightlight_signal":"nightlight_detected","distance_to_existing_transmission_lines":0.0,"distance_to_existing_hv_transmission_lines":51.43,"distance_to_gridlight_targets":0.0,"main_road_access":true,"dist_main_road_km":0.0,"has_education_facility":true,"has_health_facility":true,"_label":"Shendam","_status_group":"unknown","_year":2025,"_year_label":"Source release year","_states":["Plateau"]},"geometry":{"type":"Point","coordinates":[9.53391,8.87363]}},{"type":"Feature","properties":{"geohash":"s1wf5gfw2m","settlement_name":"Location #320","state":"Plateau","lga":"Shendam","population":47774,"state_population_rank":7,"num_buildings":9993,"nightlight_signal":"nightlight_detected","distance_to_existing_transmission_lines":0.0,"distance_to_existing_hv_transmission_lines":63.22,"distance_to_gridlight_targets":0.0,"main_road_access":true,"dist_main_road_km":0.0,"has_education_facility":true,"has_health_facility":true,"_label":"Location #320","_status_group":"unknown","_year":2025,"_year_label":"Source release year","_states":["Plateau"]},"geometry":{"type":"Point","coordinates":[9.66043,8.81076]}},{"type":"Feature","properties":{"geohash":"s1xj69q9v9","settlement_name":"Dengi","state":"Plateau","lga":"Kanam","population":46010,"state_population_rank":8,"num_buildings":9624,"nightlight_signal":"nightlight_detected","distance_to_existing_transmission_lines":0.0,"distance_to_existing_hv_transmission_lines":57.36,"distance_to_gridlight_targets":0.0,"main_road_access":true,"dist_main_road_km":0.0,"has_education_facility":true,"has_health_facility":true,"_label":"Dengi","_status_group":"unknown","_year":2025,"_year_label":"Source release year","_states":["Plateau"]},"geometry":{"type":"Point","coordinates":[9.96278,9.36753]}},{"type":"Feature","properties":{"geohash":"s1x5dxym6r","settlement_name":"Wase","state":"Plateau","lga":"Wase","population":46002,"state_population_rank":9,"num_buildings":9553,"nightlight_signal":"nightlight_detected","distance_to_existing_transmission_lines":0.0,"distance_to_existing_hv_transmission_lines":64.01,"distance_to_gridlight_targets":0.0,"main_road_access":true,"dist_main_road_km":0.0,"has_education_facility":true,"has_health_facility":true,"_label":"Wase","_status_group":"unknown","_year":2025,"_year_label":"Source release year","_states":["Plateau"]},"geometry":{"type":"Point","coordinates":[9.9623,9.09625]}},{"type":"Feature","properties":{"geohash":"s1w3qvw25b","settlement_name":"Location #372","state":"Plateau","lga":"Qua'an Pan","population":43734,"state_population_rank":10,"num_buildings":9082,"nightlight_signal":"no_nightlight_detected","distance_to_existing_transmission_lines":2.3,"distance_to_existing_hv_transmission_lines":56.46,"distance_to_gridlight_targets":19.161,"main_road_access":true,"dist_main_road_km":0.0,"has_education_facility":true,"has_health_facility":true,"_label":"Location #372","_status_group":"unknown","_year":2025,"_year_label":"Source release year","_states":["Plateau"]},"geometry":{"type":"Point","coordinates":[9.09444,8.68744]}},{"type":"Feature","properties":{"geohash":"s1wkus7ruc","settlement_name":"Mbar","state":"Plateau","lga":"Bokkos","population":39621,"state_population_rank":11,"num_buildings":8169,"nightlight_signal":"nightlight_detected","distance_to_existing_transmission_lines":0.0,"distance_to_existing_hv_transmission_lines":22.97,"distance_to_gridlight_targets":0.0,"main_road_access":true,"dist_main_road_km":0.0,"has_education_facility":true,"has_health_facility":true,"_label":"Mbar","_status_group":"unknown","_year":2025,"_year_label":"Source release year","_states":["Plateau"]},"geometry":{"type":"Point","coordinates":[8.99149,9.29714]}},{"type":"Feature","properties":{"geohash":"s1y358w7r8","settlement_name":"Barakin Babele","state":"Plateau","lga":"Jos North","population":37312,"state_population_rank":12,"num_buildings":7782,"nightlight_signal":"nightlight_detected","distance_to_existing_transmission_lines":0.0,"distance_to_existing_hv_transmission_lines":0.0,"distance_to_gridlight_targets":0.0,"main_road_access":true,"dist_main_road_km":0.0,"has_education_facility":true,"has_health_facility":true,"_label":"Barakin Babele","_status_group":"unknown","_year":2025,"_year_label":"Source release year","_states":["Bauchi"]},"geometry":{"type":"Point","coordinates":[8.95178,10.02284]}},{"type":"Feature","properties":{"geohash":"s1wq63vncg","settlement_name":"Kassa Market","state":"Plateau","lga":"Barikin Ladi","population":35881,"state_population_rank":13,"num_buildings":7283,"nightlight_signal":"nightlight_detected","distance_to_existing_transmission_lines":0.0,"distance_to_existing_hv_transmission_lines":0.0,"distance_to_gridlight_targets":0.0,"main_road_access":true,"dist_main_road_km":0.0,"has_education_facility":true,"has_health_facility":true,"_label":"Kassa Market","_status_group":"unknown","_year":2025,"_year_label":"Source release year","_states":["Plateau"]},"geometry":{"type":"Point","coordinates":[8.89489,9.54693]}},{"type":"Feature","properties":{"geohash":"s1w9gwbspc","settlement_name":"Kurgwi","state":"Plateau","lga":"Qua'an Pan","population":35013,"state_population_rank":14,"num_buildings":7137,"nightlight_signal":"no_nightlight_detected","distance_to_existing_transmission_lines":5.07,"distance_to_existing_hv_transmission_lines":62.45,"distance_to_gridlight_targets":11.842,"main_road_access":true,"dist_main_road_km":0.0,"has_education_facility":true,"has_health_facility":true,"_label":"Kurgwi","_status_group":"unknown","_year":2025,"_year_label":"Source release year","_states":["Plateau"]},"geometry":{"type":"Point","coordinates":[9.29546,8.78289]}},{"type":"Feature","properties":{"geohash":"s1y620x1pw","settlement_name":"Jengre","state":"Plateau","lga":"Bassa","population":31350,"state_population_rank":15,"num_buildings":6548,"nightlight_signal":"nightlight_detected","distance_to_existing_transmission_lines":0.0,"distance_to_existing_hv_transmission_lines":2.67,"distance_to_gridlight_targets":0.0,"main_road_access":true,"dist_main_road_km":0.0,"has_education_facility":true,"has_health_facility":true,"_label":"Jengre","_status_group":"unknown","_year":2025,"_year_label":"Source release year","_states":["Plateau"]},"geometry":{"type":"Point","coordinates":[8.799,10.24221]}},{"type":"Feature","properties":{"geohash":"s1wcwtqj00","settlement_name":"Location #554","state":"Plateau","lga":"Langtang South","population":30256,"state_population_rank":16,"num_buildings":6265,"nightlight_signal":"no_nightlight_detected","distance_to_existing_transmission_lines":0.0,"distance_to_existing_hv_transmission_lines":77.22,"distance_to_gridlight_targets":13.669,"main_road_access":false,"dist_main_road_km":11.76,"has_education_facility":true,"has_health_facility":true,"_label":"Location #554","_status_group":"unknown","_year":2025,"_year_label":"Source release year","_states":["Plateau"]},"geometry":{"type":"Point","coordinates":[9.78608,8.73087]}},{"type":"Feature","properties":{"geohash":"s1y0x5y4qg","settlement_name":"Location #527","state":"Plateau","lga":"Bassa","population":29934,"state_population_rank":17,"num_buildings":6527,"nightlight_signal":"nightlight_detected","distance_to_existing_transmission_lines":0.0,"distance_to_existing_hv_transmission_lines":5.03,"distance_to_gridlight_targets":0.0,"main_road_access":false,"dist_main_road_km":3.61,"has_education_facility":true,"has_health_facility":true,"_label":"Location #527","_status_group":"unknown","_year":2025,"_year_label":"Source release year","_states":["Plateau"]},"geometry":{"type":"Point","coordinates":[8.75365,9.95264]}},{"type":"Feature","properties":{"geohash":"s1y0j9sn1q","settlement_name":"Location #602","state":"Plateau","lga":"Bassa","population":27184,"state_population_rank":18,"num_buildings":5874,"nightlight_signal":"nightlight_detected","distance_to_existing_transmission_lines":0.0,"distance_to_existing_hv_transmission_lines":3.38,"distance_to_gridlight_targets":0.0,"main_road_access":true,"dist_main_road_km":0.0,"has_education_facility":true,"has_health_facility":true,"_label":"Location #602","_status_group":"unknown","_year":2025,"_year_label":"Source release year","_states":["Plateau"]},"geometry":{"type":"Point","coordinates":[8.68475,9.85305]}},{"type":"Feature","properties":{"geohash":"s1wt7p6wt5","settlement_name":"Pankshin","state":"Plateau","lga":"Mangu","population":24263,"state_population_rank":19,"num_buildings":4911,"nightlight_signal":"nightlight_detected","distance_to_existing_transmission_lines":0.0,"distance_to_existing_hv_transmission_lines":0.6,"distance_to_gridlight_targets":0.0,"main_road_access":true,"dist_main_road_km":0.0,"has_education_facility":true,"has_health_facility":true,"_label":"Pankshin","_status_group":"unknown","_year":2025,"_year_label":"Source release year","_states":["Plateau"]},"geometry":{"type":"Point","coordinates":[9.27611,9.40131]}},{"type":"Feature","properties":{"geohash":"s1wv3v8h20","settlement_name":"Location #724","state":"Plateau","lga":"Kanke","population":23493,"state_population_rank":20,"num_buildings":4994,"nightlight_signal":"nightlight_detected","distance_to_existing_transmission_lines":0.0,"distance_to_existing_hv_transmission_lines":15.28,"distance_to_gridlight_targets":0.0,"main_road_access":true,"dist_main_road_km":0.0,"has_education_facility":true,"has_health_facility":true,"_label":"Location #724","_status_group":"unknown","_year":2025,"_year_label":"Source release year","_states":["Plateau"]},"geometry":{"type":"Point","coordinates":[9.5691,9.39129]}},{"type":"Feature","properties":{"geohash":"s1wvhz06tz","settlement_name":"Amper","state":"Plateau","lga":"Kanke","population":21510,"state_population_rank":21,"num_buildings":4519,"nightlight_signal":"nightlight_detected","distance_to_existing_transmission_lines":0.0,"distance_to_existing_hv_transmission_lines":29.05,"distance_to_gridlight_targets":0.0,"main_road_access":true,"dist_main_road_km":0.0,"has_education_facility":true,"has_health_facility":true,"_label":"Amper","_status_group":"unknown","_year":2025,"_year_label":"Source release year","_states":["Plateau"]},"geometry":{"type":"Point","coordinates":[9.70152,9.35533]}},{"type":"Feature","properties":{"geohash":"s1ww92xz4t","settlement_name":"Mangu Town","state":"Plateau","lga":"Mangu","population":21288,"state_population_rank":22,"num_buildings":4408,"nightlight_signal":"nightlight_detected","distance_to_existing_transmission_lines":0.0,"distance_to_existing_hv_transmission_lines":7.95,"distance_to_gridlight_targets":0.0,"main_road_access":true,"dist_main_road_km":0.0,"has_education_facility":true,"has_health_facility":true,"_label":"Mangu Town","_status_group":"unknown","_year":2025,"_year_label":"Source release year","_states":["Plateau"]},"geometry":{"type":"Point","coordinates":[9.20631,9.58405]}},{"type":"Feature","properties":{"geohash":"s1wnwmk28w","settlement_name":"Hoss","state":"Plateau","lga":"Riyom","population":20673,"state_population_rank":23,"num_buildings":4287,"nightlight_signal":"nightlight_detected","distance_to_existing_transmission_lines":2.93,"distance_to_existing_hv_transmission_lines":5.29,"distance_to_gridlight_targets":0.0,"main_road_access":true,"dist_main_road_km":0.0,"has_education_facility":true,"has_health_facility":true,"_label":"Hoss","_status_group":"unknown","_year":2025,"_year_label":"Source release year","_states":["Plateau"]},"geometry":{"type":"Point","coordinates":[8.71802,9.60904]}},{"type":"Feature","properties":{"geohash":"s1ws2qd5vn","settlement_name":"Kerang","state":"Plateau","lga":"Mangu","population":19963,"state_population_rank":24,"num_buildings":4110,"nightlight_signal":"nightlight_detected","distance_to_existing_transmission_lines":0.0,"distance_to_existing_hv_transmission_lines":24.46,"distance_to_gridlight_targets":0.0,"main_road_access":false,"dist_main_road_km":10.79,"has_education_facility":true,"has_health_facility":true,"_label":"Kerang","_status_group":"unknown","_year":2025,"_year_label":"Source release year","_states":["Plateau"]},"geometry":{"type":"Point","coordinates":[9.15457,9.22096]}},{"type":"Feature","properties":{"geohash":"s1y312hpv1","settlement_name":"Location #1002","state":"Plateau","lga":"Bassa","population":18534,"state_population_rank":25,"num_buildings":3805,"nightlight_signal":"nightlight_detected","distance_to_existing_transmission_lines":0.0,"distance_to_existing_hv_transmission_lines":1.01,"distance_to_gridlight_targets":0.0,"main_road_access":true,"dist_main_road_km":0.0,"has_education_facility":true,"has_health_facility":true,"_label":"Location #1002","_status_group":"unknown","_year":2025,"_year_label":"Source release year","_states":["Plateau"]},"geometry":{"type":"Point","coordinates":[8.8497,10.02087]}},{"type":"Feature","properties":{"geohash":"s1wv9u4rfe","settlement_name":"Location #978","state":"Plateau","lga":"Kanke","population":17772,"state_population_rank":26,"num_buildings":3875,"nightlight_signal":"nightlight_detected","distance_to_existing_transmission_lines":0.0,"distance_to_existing_hv_transmission_lines":17.62,"distance_to_gridlight_targets":0.0,"main_road_access":true,"dist_main_road_km":0.0,"has_education_facility":true,"has_health_facility":true,"_label":"Location #978","_status_group":"unknown","_year":2025,"_year_label":"Source release year","_states":["Plateau"]},"geometry":{"type":"Point","coordinates":[9.5723,9.42762]}},{"type":"Feature","properties":{"geohash":"s1wt1t145t","settlement_name":"Kerang","state":"Plateau","lga":"Mangu","population":17346,"state_population_rank":27,"num_buildings":3811,"nightlight_signal":"nightlight_detected","distance_to_existing_transmission_lines":0.0,"distance_to_existing_hv_transmission_lines":8.81,"distance_to_gridlight_targets":0.0,"main_road_access":true,"dist_main_road_km":0.0,"has_education_facility":true,"has_health_facility":true,"_label":"Kerang","_status_group":"unknown","_year":2025,"_year_label":"Source release year","_states":["Plateau"]},"geometry":{"type":"Point","coordinates":[9.20807,9.34424]}},{"type":"Feature","properties":{"geohash":"s1wc0dy2mj","settlement_name":"Location #940","state":"Plateau","lga":"Shendam","population":17215,"state_population_rank":28,"num_buildings":4048,"nightlight_signal":"no_nightlight_detected","distance_to_existing_transmission_lines":0.0,"distance_to_existing_hv_transmission_lines":79.4,"distance_to_gridlight_targets":23.017,"main_road_access":true,"dist_main_road_km":0.0,"has_education_facility":true,"has_health_facility":true,"_label":"Location #940","_status_group":"unknown","_year":2025,"_year_label":"Source release year","_states":["Plateau"]},"geometry":{"type":"Point","coordinates":[9.52296,8.62846]}},{"type":"Feature","properties":{"geohash":"s1wnumy9xn","settlement_name":"Location #1153","state":"Plateau","lga":"Riyom","population":16468,"state_population_rank":29,"num_buildings":3338,"nightlight_signal":"no_nightlight_detected","distance_to_existing_transmission_lines":0.0,"distance_to_existing_hv_transmission_lines":0.66,"distance_to_gridlight_targets":8.919,"main_road_access":true,"dist_main_road_km":0.0,"has_education_facility":true,"has_health_facility":true,"_label":"Location #1153","_status_group":"unknown","_year":2025,"_year_label":"Source release year","_states":["Plateau"]},"geometry":{"type":"Point","coordinates":[8.6335,9.6559]}},{"type":"Feature","properties":{"geohash":"s1wwd496sh","settlement_name":"Gindiri","state":"Plateau","lga":"Mangu","population":16150,"state_population_rank":30,"num_buildings":3388,"nightlight_signal":"nightlight_detected","distance_to_existing_transmission_lines":0.0,"distance_to_existing_hv_transmission_lines":12.49,"distance_to_gridlight_targets":0.0,"main_road_access":true,"dist_main_road_km":0.0,"has_education_facility":true,"has_health_facility":true,"_label":"Gindiri","_status_group":"unknown","_year":2025,"_year_label":"Source release year","_states":["Plateau"]},"geometry":{"type":"Point","coordinates":[9.23041,9.59426]}},{"type":"Feature","properties":{"geohash":"s1wfz598q5","settlement_name":"Location #1149","state":"Plateau","lga":"Mikang","population":15605,"state_population_rank":31,"num_buildings":3372,"nightlight_signal":"nightlight_detected","distance_to_existing_transmission_lines":0.0,"distance_to_existing_hv_transmission_lines":59.84,"distance_to_gridlight_targets":0.0,"main_road_access":true,"dist_main_road_km":0.0,"has_education_facility":true,"has_health_facility":true,"_label":"Location #1149","_status_group":"unknown","_year":2025,"_year_label":"Source release year","_states":["Plateau"]},"geometry":{"type":"Point","coordinates":[9.80213,8.94018]}},{"type":"Feature","properties":{"geohash":"s1wdehzts3","settlement_name":"Location #1217","state":"Plateau","lga":"Qua'an Pan","population":14776,"state_population_rank":32,"num_buildings":3188,"nightlight_signal":"nightlight_detected","distance_to_existing_transmission_lines":5.6,"distance_to_existing_hv_transmission_lines":50.56,"distance_to_gridlight_targets":0.0,"main_road_access":true,"dist_main_road_km":0.0,"has_education_facility":true,"has_health_facility":true,"_label":"Location #1217","_status_group":"unknown","_year":2025,"_year_label":"Source release year","_states":["Plateau"]},"geometry":{"type":"Point","coordinates":[9.28295,8.904]}},{"type":"Feature","properties":{"geohash":"s1wr24gjh8","settlement_name":"Location #1208","state":"Plateau","lga":"Jos South","population":14745,"state_population_rank":33,"num_buildings":3215,"nightlight_signal":"nightlight_detected","distance_to_existing_transmission_lines":0.0,"distance_to_existing_hv_transmission_lines":6.31,"distance_to_gridlight_targets":0.0,"main_road_access":true,"dist_main_road_km":0.0,"has_education_facility":true,"has_health_facility":true,"_label":"Location #1208","_status_group":"unknown","_year":2025,"_year_label":"Source release year","_states":["Plateau"]},"geometry":{"type":"Point","coordinates":[8.79338,9.72788]}},{"type":"Feature","properties":{"geohash":"s1xjm2t7x9","settlement_name":"Mulas","state":"Plateau","lga":"Kanam","population":14615,"state_population_rank":34,"num_buildings":3035,"nightlight_signal":"no_nightlight_detected","distance_to_existing_transmission_lines":0.0,"distance_to_existing_hv_transmission_lines":71.56,"distance_to_gridlight_targets":4.075,"main_road_access":true,"dist_main_road_km":0.0,"has_education_facility":true,"has_health_facility":true,"_label":"Mulas","_status_group":"unknown","_year":2025,"_year_label":"Source release year","_states":["Plateau"]},"geometry":{"type":"Point","coordinates":[10.08201,9.36371]}},{"type":"Feature","properties":{"geohash":"s1wbh9bzmh","settlement_name":"Location #1221","state":"Plateau","lga":"Shendam","population":14438,"state_population_rank":35,"num_buildings":3177,"nightlight_signal":"no_nightlight_detected","distance_to_existing_transmission_lines":3.35,"distance_to_existing_hv_transmission_lines":68.08,"distance_to_gridlight_targets":28.434,"main_road_access":true,"dist_main_road_km":0.0,"has_education_facility":true,"has_health_facility":true,"_label":"Location #1221","_status_group":"unknown","_year":2025,"_year_label":"Source release year","_states":["Plateau"]},"geometry":{"type":"Point","coordinates":[9.69119,8.44838]}},{"type":"Feature","properties":{"geohash":"s1xh2cuuz5","settlement_name":"Pil Gani","state":"Plateau","lga":"Langtang North","population":13842,"state_population_rank":36,"num_buildings":3167,"nightlight_signal":"nightlight_detected","distance_to_existing_transmission_lines":6.71,"distance_to_existing_hv_transmission_lines":51.3,"distance_to_gridlight_targets":0.0,"main_road_access":false,"dist_main_road_km":6.97,"has_education_facility":true,"has_health_facility":true,"_label":"Pil Gani","_status_group":"unknown","_year":2025,"_year_label":"Source release year","_states":["Plateau"]},"geometry":{"type":"Point","coordinates":[9.88354,9.19501]}},{"type":"Feature","properties":{"geohash":"s1wt98dukd","settlement_name":"Kerang","state":"Plateau","lga":"Mangu","population":13812,"state_population_rank":37,"num_buildings":3016,"nightlight_signal":"nightlight_detected","distance_to_existing_transmission_lines":0.0,"distance_to_existing_hv_transmission_lines":3.22,"distance_to_gridlight_targets":0.0,"main_road_access":true,"dist_main_road_km":0.0,"has_education_facility":true,"has_health_facility":true,"_label":"Kerang","_status_group":"unknown","_year":2025,"_year_label":"Source release year","_states":["Plateau"]},"geometry":{"type":"Point","coordinates":[9.21052,9.40779]}},{"type":"Feature","properties":{"geohash":"s1wscje4s8","settlement_name":"Kerang","state":"Plateau","lga":"Mangu","population":13366,"state_population_rank":38,"num_buildings":2808,"nightlight_signal":"nightlight_detected","distance_to_existing_transmission_lines":0.0,"distance_to_existing_hv_transmission_lines":14.55,"distance_to_gridlight_targets":0.0,"main_road_access":false,"dist_main_road_km":2.65,"has_education_facility":true,"has_health_facility":true,"_label":"Kerang","_status_group":"unknown","_year":2025,"_year_label":"Source release year","_states":["Plateau"]},"geometry":{"type":"Point","coordinates":[9.18888,9.30311]}},{"type":"Feature","properties":{"geohash":"s1wg6f0nyt","settlement_name":"Location #1373","state":"Plateau","lga":"Mikang","population":13184,"state_population_rank":39,"num_buildings":2866,"nightlight_signal":"no_nightlight_detected","distance_to_existing_transmission_lines":0.71,"distance_to_existing_hv_transmission_lines":40.34,"distance_to_gridlight_targets":15.585,"main_road_access":true,"dist_main_road_km":0.0,"has_education_facility":true,"has_health_facility":true,"_label":"Location #1373","_status_group":"unknown","_year":2025,"_year_label":"Source release year","_states":["Plateau"]},"geometry":{"type":"Point","coordinates":[9.61332,9.02096]}},{"type":"Feature","properties":{"geohash":"s1wpufx2s9","settlement_name":"Location #1379","state":"Plateau","lga":"Bassa","population":12613,"state_population_rank":40,"num_buildings":2854,"nightlight_signal":"nightlight_detected","distance_to_existing_transmission_lines":0.0,"distance_to_existing_hv_transmission_lines":6.05,"distance_to_gridlight_targets":0.0,"main_road_access":false,"dist_main_road_km":1.53,"has_education_facility":true,"has_health_facility":true,"_label":"Location #1379","_status_group":"unknown","_year":2025,"_year_label":"Source release year","_states":["Plateau"]},"geometry":{"type":"Point","coordinates":[8.65639,9.81363]}},{"type":"Feature","properties":{"geohash":"s0v58h6ys8","settlement_name":"Rumuodara","state":"Rivers","lga":"Obia/Akpor","population":3143246,"state_population_rank":1,"num_buildings":649926,"nightlight_signal":"nightlight_detected","distance_to_existing_transmission_lines":0.0,"distance_to_existing_hv_transmission_lines":0.0,"distance_to_gridlight_targets":0.0,"main_road_access":true,"dist_main_road_km":0.0,"has_education_facility":true,"has_health_facility":true,"_label":"Rumuodara","_status_group":"unknown","_year":2025,"_year_label":"Source release year","_states":["Rivers"]},"geometry":{"type":"Point","coordinates":[7.03522,4.85845]}},{"type":"Feature","properties":{"geohash":"s0uwr7znjr","settlement_name":"Omoku","state":"Rivers","lga":"Ogba/Egbema/Ndoni","population":110177,"state_population_rank":2,"num_buildings":22814,"nightlight_signal":"nightlight_detected","distance_to_existing_transmission_lines":0.0,"distance_to_existing_hv_transmission_lines":0.0,"distance_to_gridlight_targets":0.0,"main_road_access":true,"dist_main_road_km":0.0,"has_education_facility":true,"has_health_facility":true,"_label":"Omoku","_status_group":"unknown","_year":2025,"_year_label":"Source release year","_states":["Rivers"]},"geometry":{"type":"Point","coordinates":[6.65657,5.33905]}},{"type":"Feature","properties":{"geohash":"s0v4w0heqw","settlement_name":"Kpor","state":"Rivers","lga":"Gokana","population":76344,"state_population_rank":3,"num_buildings":15540,"nightlight_signal":"nightlight_detected","distance_to_existing_transmission_lines":0.0,"distance_to_existing_hv_transmission_lines":16.7,"distance_to_gridlight_targets":0.0,"main_road_access":true,"dist_main_road_km":0.0,"has_education_facility":true,"has_health_facility":true,"_label":"Kpor","_status_group":"unknown","_year":2025,"_year_label":"Source release year","_states":["Rivers"]},"geometry":{"type":"Point","coordinates":[7.30138,4.6588]}},{"type":"Feature","properties":{"geohash":"s0uszjqyqz","settlement_name":"Ahoada","state":"Rivers","lga":"Ahoada East","population":56645,"state_population_rank":4,"num_buildings":11563,"nightlight_signal":"nightlight_detected","distance_to_existing_transmission_lines":0.0,"distance_to_existing_hv_transmission_lines":0.0,"distance_to_gridlight_targets":0.0,"main_road_access":true,"dist_main_road_km":0.0,"has_education_facility":true,"has_health_facility":true,"_label":"Ahoada","_status_group":"unknown","_year":2025,"_year_label":"Source release year","_states":["Rivers"]},"geometry":{"type":"Point","coordinates":[6.6453,5.08366]}},{"type":"Feature","properties":{"geohash":"s0v15wb4mu","settlement_name":"Bonny","state":"Rivers","lga":"Bonny","population":52781,"state_population_rank":5,"num_buildings":10759,"nightlight_signal":"nightlight_detected","distance_to_existing_transmission_lines":0.0,"distance_to_existing_hv_transmission_lines":33.78,"distance_to_gridlight_targets":0.0,"main_road_access":false,"dist_main_road_km":19.01,"has_education_facility":true,"has_health_facility":true,"_label":"Bonny","_status_group":"unknown","_year":2025,"_year_label":"Source release year","_states":["Rivers"]},"geometry":{"type":"Point","coordinates":[7.18531,4.43202]}},{"type":"Feature","properties":{"geohash":"s0uum72c1f","settlement_name":"Location #273","state":"Rivers","lga":"Ikwerre","population":52395,"state_population_rank":6,"num_buildings":11459,"nightlight_signal":"nightlight_detected","distance_to_existing_transmission_lines":0.0,"distance_to_existing_hv_transmission_lines":5.58,"distance_to_gridlight_targets":0.0,"main_road_access":true,"dist_main_road_km":0.0,"has_education_facility":true,"has_health_facility":true,"_label":"Location #273","_status_group":"unknown","_year":2025,"_year_label":"Source release year","_states":["Rivers"]},"geometry":{"type":"Point","coordinates":[6.91151,4.98386]}},{"type":"Feature","properties":{"geohash":"s0v4xccq5m","settlement_name":"Bori","state":"Rivers","lga":"Khana","population":47594,"state_population_rank":7,"num_buildings":9757,"nightlight_signal":"nightlight_detected","distance_to_existing_transmission_lines":0.0,"distance_to_existing_hv_transmission_lines":21.16,"distance_to_gridlight_targets":0.0,"main_road_access":true,"dist_main_road_km":0.0,"has_education_facility":true,"has_health_facility":true,"_label":"Bori","_status_group":"unknown","_year":2025,"_year_label":"Source release year","_states":["Rivers"]},"geometry":{"type":"Point","coordinates":[7.37369,4.66888]}},{"type":"Feature","properties":{"geohash":"s0uz1j40s5","settlement_name":"Ebocha","state":"Rivers","lga":"Ogba/Egbema/Ndoni","population":45905,"state_population_rank":8,"num_buildings":9715,"nightlight_signal":"nightlight_detected","distance_to_existing_transmission_lines":0.0,"distance_to_existing_hv_transmission_lines":3.78,"distance_to_gridlight_targets":0.0,"main_road_access":true,"dist_main_road_km":0.0,"has_education_facility":true,"has_health_facility":true,"_label":"Ebocha","_status_group":"unknown","_year":2025,"_year_label":"Source release year","_states":["Rivers"]},"geometry":{"type":"Point","coordinates":[6.72655,5.47679]}},{"type":"Feature","properties":{"geohash":"s0uv50d9d1","settlement_name":"Elele","state":"Rivers","lga":"Ikwerre","population":44401,"state_population_rank":9,"num_buildings":9785,"nightlight_signal":"nightlight_detected","distance_to_existing_transmission_lines":0.0,"distance_to_existing_hv_transmission_lines":8.73,"distance_to_gridlight_targets":0.0,"main_road_access":true,"dist_main_road_km":0.0,"has_education_facility":true,"has_health_facility":true,"_label":"Elele","_status_group":"unknown","_year":2025,"_year_label":"Source release year","_states":["Rivers"]},"geometry":{"type":"Point","coordinates":[6.81505,5.10067]}},{"type":"Feature","properties":{"geohash":"s0v4uw65r6","settlement_name":"Location #513","state":"Rivers","lga":"Tai","population":32624,"state_population_rank":10,"num_buildings":6688,"nightlight_signal":"nightlight_detected","distance_to_existing_transmission_lines":0.0,"distance_to_existing_hv_transmission_lines":5.05,"distance_to_gridlight_targets":0.0,"main_road_access":true,"dist_main_road_km":0.0,"has_education_facility":true,"has_health_facility":true,"_label":"Location #513","_status_group":"unknown","_year":2025,"_year_label":"Source release year","_states":["Rivers"]},"geometry":{"type":"Point","coordinates":[7.23207,4.73705]}},{"type":"Feature","properties":{"geohash":"s0utz0p2mx","settlement_name":"Akabuka","state":"Rivers","lga":"Ogba/Egbema/Ndoni","population":32123,"state_population_rank":11,"num_buildings":6604,"nightlight_signal":"nightlight_detected","distance_to_existing_transmission_lines":0.0,"distance_to_existing_hv_transmission_lines":0.0,"distance_to_gridlight_targets":0.0,"main_road_access":true,"dist_main_road_km":0.0,"has_education_facility":true,"has_health_facility":true,"_label":"Akabuka","_status_group":"unknown","_year":2025,"_year_label":"Source release year","_states":["Rivers"]},"geometry":{"type":"Point","coordinates":[6.64594,5.22958]}},{"type":"Feature","properties":{"geohash":"s0v4cnvzz8","settlement_name":"Okrika","state":"Rivers","lga":"Okrika","population":31000,"state_population_rank":12,"num_buildings":6319,"nightlight_signal":"no_nightlight_detected","distance_to_existing_transmission_lines":0.0,"distance_to_existing_hv_transmission_lines":3.61,"distance_to_gridlight_targets":1.028,"main_road_access":false,"dist_main_road_km":4.9,"has_education_facility":true,"has_health_facility":true,"_label":"Okrika","_status_group":"unknown","_year":2025,"_year_label":"Source release year","_states":["Rivers"]},"geometry":{"type":"Point","coordinates":[7.08342,4.74056]}},{"type":"Feature","properties":{"geohash":"s0uex6bvv5","settlement_name":"Abua","state":"Rivers","lga":"Abua/Odual","population":27760,"state_population_rank":13,"num_buildings":5611,"nightlight_signal":"nightlight_detected","distance_to_existing_transmission_lines":0.0,"distance_to_existing_hv_transmission_lines":16.18,"distance_to_gridlight_targets":0.0,"main_road_access":false,"dist_main_road_km":15.81,"has_education_facility":true,"has_health_facility":true,"_label":"Abua","_status_group":"unknown","_year":2025,"_year_label":"Source release year","_states":["Rivers"]},"geometry":{"type":"Point","coordinates":[6.64798,4.8501]}},{"type":"Feature","properties":{"geohash":"s0v4m6rnmf","settlement_name":"Bodo","state":"Rivers","lga":"Gokana","population":26888,"state_population_rank":14,"num_buildings":5481,"nightlight_signal":"nightlight_detected","distance_to_existing_transmission_lines":0.0,"distance_to_existing_hv_transmission_lines":18.55,"distance_to_gridlight_targets":0.0,"main_road_access":true,"dist_main_road_km":0.0,"has_education_facility":true,"has_health_facility":true,"_label":"Bodo","_status_group":"unknown","_year":2025,"_year_label":"Source release year","_states":["Rivers"]},"geometry":{"type":"Point","coordinates":[7.27182,4.6277]}},{"type":"Feature","properties":{"geohash":"s0uuk7wy66","settlement_name":"Isiokpo","state":"Rivers","lga":"Ikwerre","population":24674,"state_population_rank":15,"num_buildings":5214,"nightlight_signal":"no_nightlight_detected","distance_to_existing_transmission_lines":0.0,"distance_to_existing_hv_transmission_lines":6.56,"distance_to_gridlight_targets":2.874,"main_road_access":true,"dist_main_road_km":0.01,"has_education_facility":true,"has_health_facility":true,"_label":"Isiokpo","_status_group":"unknown","_year":2025,"_year_label":"Source release year","_states":["Rivers"]},"geometry":{"type":"Point","coordinates":[6.87583,4.98613]}},{"type":"Feature","properties":{"geohash":"s0uuc0mjdq","settlement_name":"Elele Alimini","state":"Rivers","lga":"Emohua","population":23761,"state_population_rank":16,"num_buildings":4892,"nightlight_signal":"nightlight_detected","distance_to_existing_transmission_lines":0.0,"distance_to_existing_hv_transmission_lines":0.0,"distance_to_gridlight_targets":0.0,"main_road_access":true,"dist_main_road_km":0.0,"has_education_facility":true,"has_health_facility":true,"_label":"Elele Alimini","_status_group":"unknown","_year":2025,"_year_label":"Source release year","_states":["Rivers"]},"geometry":{"type":"Point","coordinates":[6.7306,5.05607]}},{"type":"Feature","properties":{"geohash":"s0v4t3wgnu","settlement_name":"Dere","state":"Rivers","lga":"Gokana","population":23646,"state_population_rank":17,"num_buildings":4820,"nightlight_signal":"nightlight_detected","distance_to_existing_transmission_lines":1.24,"distance_to_existing_hv_transmission_lines":15.16,"distance_to_gridlight_targets":0.0,"main_road_access":false,"dist_main_road_km":0.85,"has_education_facility":true,"has_health_facility":true,"_label":"Dere","_status_group":"unknown","_year":2025,"_year_label":"Source release year","_states":["Rivers"]},"geometry":{"type":"Point","coordinates":[7.27153,4.66698]}},{"type":"Feature","properties":{"geohash":"s0uu702nnn","settlement_name":"Ibaa","state":"Rivers","lga":"Emohua","population":23487,"state_population_rank":18,"num_buildings":4956,"nightlight_signal":"nightlight_detected","distance_to_existing_transmission_lines":0.0,"distance_to_existing_hv_transmission_lines":2.19,"distance_to_gridlight_targets":0.0,"main_road_access":true,"dist_main_road_km":0.0,"has_education_facility":true,"has_health_facility":true,"_label":"Ibaa","_status_group":"unknown","_year":2025,"_year_label":"Source release year","_states":["Rivers"]},"geometry":{"type":"Point","coordinates":[6.81178,4.96826]}},{"type":"Feature","properties":{"geohash":"s0vh27tewq","settlement_name":"Chokocho","state":"Rivers","lga":"Etche","population":21891,"state_population_rank":19,"num_buildings":4494,"nightlight_signal":"no_nightlight_detected","distance_to_existing_transmission_lines":0.0,"distance_to_existing_hv_transmission_lines":6.73,"distance_to_gridlight_targets":4.912,"main_road_access":true,"dist_main_road_km":0.0,"has_education_facility":true,"has_health_facility":true,"_label":"Chokocho","_status_group":"unknown","_year":2025,"_year_label":"Source release year","_states":["Rivers"]},"geometry":{"type":"Point","coordinates":[7.05007,4.98568]}},{"type":"Feature","properties":{"geohash":"s0uu478vyr","settlement_name":"Rumuji","state":"Rivers","lga":"Emohua","population":21314,"state_population_rank":20,"num_buildings":4382,"nightlight_signal":"nightlight_detected","distance_to_existing_transmission_lines":0.0,"distance_to_existing_hv_transmission_lines":0.0,"distance_to_gridlight_targets":0.0,"main_road_access":true,"dist_main_road_km":0.0,"has_education_facility":true,"has_health_facility":true,"_label":"Rumuji","_status_group":"unknown","_year":2025,"_year_label":"Source release year","_states":["Rivers"]},"geometry":{"type":"Point","coordinates":[6.77987,4.94213]}},{"type":"Feature","properties":{"geohash":"s0v0gpv70q","settlement_name":"Location #884","state":"Rivers","lga":"Bonny","population":21096,"state_population_rank":21,"num_buildings":4264,"nightlight_signal":"nightlight_detected","distance_to_existing_transmission_lines":0.0,"distance_to_existing_hv_transmission_lines":39.78,"distance_to_gridlight_targets":0.0,"main_road_access":false,"dist_main_road_km":24.89,"has_education_facility":true,"has_health_facility":true,"_label":"Location #884","_status_group":"unknown","_year":2025,"_year_label":"Source release year","_states":["Rivers"]},"geometry":{"type":"Point","coordinates":[7.17031,4.39371]}},{"type":"Feature","properties":{"geohash":"s0ufun6zr9","settlement_name":"Bugama","state":"Rivers","lga":"Asari-Toru","population":20394,"state_population_rank":22,"num_buildings":4169,"nightlight_signal":"nightlight_detected","distance_to_existing_transmission_lines":0.0,"distance_to_existing_hv_transmission_lines":15.71,"distance_to_gridlight_targets":0.0,"main_road_access":false,"dist_main_road_km":14.58,"has_education_facility":true,"has_health_facility":true,"_label":"Bugama","_status_group":"unknown","_year":2025,"_year_label":"Source release year","_states":["Rivers"]},"geometry":{"type":"Point","coordinates":[6.85958,4.73773]}},{"type":"Feature","properties":{"geohash":"s0v4xhtquu","settlement_name":"Yeghe","state":"Rivers","lga":"Gokana","population":19519,"state_population_rank":23,"num_buildings":4013,"nightlight_signal":"nightlight_detected","distance_to_existing_transmission_lines":0.0,"distance_to_existing_hv_transmission_lines":18.81,"distance_to_gridlight_targets":0.0,"main_road_access":true,"dist_main_road_km":0.0,"has_education_facility":true,"has_health_facility":true,"_label":"Yeghe","_status_group":"unknown","_year":2025,"_year_label":"Source release year","_states":["Rivers"]},"geometry":{"type":"Point","coordinates":[7.34628,4.6841]}},{"type":"Feature","properties":{"geohash":"s0vh8c4uph","settlement_name":"Location #907","state":"Rivers","lga":"Etche","population":19430,"state_population_rank":24,"num_buildings":4167,"nightlight_signal":"no_nightlight_detected","distance_to_existing_transmission_lines":0.0,"distance_to_existing_hv_transmission_lines":10.31,"distance_to_gridlight_targets":6.014,"main_road_access":true,"dist_main_road_km":0.0,"has_education_facility":true,"has_health_facility":true,"_label":"Location #907","_status_group":"unknown","_year":2025,"_year_label":"Source release year","_states":["Rivers"]},"geometry":{"type":"Point","coordinates":[7.06829,5.01597]}},{"type":"Feature","properties":{"geohash":"s0uffhwu73","settlement_name":"Abonnema","state":"Rivers","lga":"Akuku Toru","population":18730,"state_population_rank":25,"num_buildings":3884,"nightlight_signal":"nightlight_detected","distance_to_existing_transmission_lines":0.0,"distance_to_existing_hv_transmission_lines":19.1,"distance_to_gridlight_targets":0.0,"main_road_access":false,"dist_main_road_km":18.72,"has_education_facility":true,"has_health_facility":true,"_label":"Abonnema","_status_group":"unknown","_year":2025,"_year_label":"Source release year","_states":["Rivers"]},"geometry":{"type":"Point","coordinates":[6.77699,4.7276]}},{"type":"Feature","properties":{"geohash":"s0v382pct5","settlement_name":"Ngo","state":"Rivers","lga":"Andoni","population":17849,"state_population_rank":26,"num_buildings":3659,"nightlight_signal":"no_nightlight_detected","distance_to_existing_transmission_lines":8.34,"distance_to_existing_hv_transmission_lines":18.12,"distance_to_gridlight_targets":2.993,"main_road_access":false,"dist_main_road_km":4.55,"has_education_facility":true,"has_health_facility":true,"_label":"Ngo","_status_group":"unknown","_year":2025,"_year_label":"Source release year","_states":["Rivers"]},"geometry":{"type":"Point","coordinates":[7.40466,4.4827]}},{"type":"Feature","properties":{"geohash":"s0uwxvefzm","settlement_name":"Obie","state":"Rivers","lga":"Ogba/Egbema/Ndoni","population":17686,"state_population_rank":27,"num_buildings":4040,"nightlight_signal":"nightlight_detected","distance_to_existing_transmission_lines":0.0,"distance_to_existing_hv_transmission_lines":0.0,"distance_to_gridlight_targets":0.0,"main_road_access":true,"dist_main_road_km":0.0,"has_education_facility":true,"has_health_facility":true,"_label":"Obie","_status_group":"unknown","_year":2025,"_year_label":"Source release year","_states":["Rivers"]},"geometry":{"type":"Point","coordinates":[6.67417,5.39204]}},{"type":"Feature","properties":{"geohash":"s0v4xrz1xy","settlement_name":"Bori","state":"Rivers","lga":"Khana","population":17364,"state_population_rank":28,"num_buildings":3648,"nightlight_signal":"no_nightlight_detected","distance_to_existing_transmission_lines":1.3,"distance_to_existing_hv_transmission_lines":18.47,"distance_to_gridlight_targets":0.934,"main_road_access":false,"dist_main_road_km":0.98,"has_education_facility":true,"has_health_facility":true,"_label":"Bori","_status_group":"unknown","_year":2025,"_year_label":"Source release year","_states":["Rivers"]},"geometry":{"type":"Point","coordinates":[7.3598,4.70107]}},{"type":"Feature","properties":{"geohash":"s0uv6suunm","settlement_name":"Umo Diogo","state":"Rivers","lga":"Emohua","population":17299,"state_population_rank":29,"num_buildings":3582,"nightlight_signal":"no_nightlight_detected","distance_to_existing_transmission_lines":0.0,"distance_to_existing_hv_transmission_lines":13.65,"distance_to_gridlight_targets":2.45,"main_road_access":true,"dist_main_road_km":0.0,"has_education_facility":true,"has_health_facility":true,"_label":"Umo Diogo","_status_group":"unknown","_year":2025,"_year_label":"Source release year","_states":["Rivers"]},"geometry":{"type":"Point","coordinates":[6.79634,5.16841]}},{"type":"Feature","properties":{"geohash":"s0v4rkxz65","settlement_name":"Kowo Bewa","state":"Rivers","lga":"Khana","population":17268,"state_population_rank":30,"num_buildings":3515,"nightlight_signal":"no_nightlight_detected","distance_to_existing_transmission_lines":0.0,"distance_to_existing_hv_transmission_lines":23.62,"distance_to_gridlight_targets":1.22,"main_road_access":false,"dist_main_road_km":2.27,"has_education_facility":true,"has_health_facility":true,"_label":"Kowo Bewa","_status_group":"unknown","_year":2025,"_year_label":"Source release year","_states":["Rivers"]},"geometry":{"type":"Point","coordinates":[7.36059,4.64024]}},{"type":"Feature","properties":{"geohash":"s0uvc9jw84","settlement_name":"Egbeda","state":"Rivers","lga":"Emohua","population":16062,"state_population_rank":31,"num_buildings":3274,"nightlight_signal":"nightlight_detected","distance_to_existing_transmission_lines":0.0,"distance_to_existing_hv_transmission_lines":10.24,"distance_to_gridlight_targets":0.0,"main_road_access":true,"dist_main_road_km":0.02,"has_education_facility":true,"has_health_facility":true,"_label":"Egbeda","_status_group":"unknown","_year":2025,"_year_label":"Source release year","_states":["Rivers"]},"geometry":{"type":"Point","coordinates":[6.75316,5.23612]}},{"type":"Feature","properties":{"geohash":"s0ugspgukz","settlement_name":"Rumakunde","state":"Rivers","lga":"Emohua","population":15289,"state_population_rank":32,"num_buildings":3595,"nightlight_signal":"nightlight_detected","distance_to_existing_transmission_lines":0.0,"distance_to_existing_hv_transmission_lines":0.0,"distance_to_gridlight_targets":0.0,"main_road_access":true,"dist_main_road_km":0.0,"has_education_facility":true,"has_health_facility":true,"_label":"Rumakunde","_status_group":"unknown","_year":2025,"_year_label":"Source release year","_states":["Rivers"]},"geometry":{"type":"Point","coordinates":[6.86082,4.87732]}},{"type":"Feature","properties":{"geohash":"s0utrxm0fj","settlement_name":"Ihubogo","state":"Rivers","lga":"Ogba/Egbema/Ndoni","population":15056,"state_population_rank":33,"num_buildings":3313,"nightlight_signal":"nightlight_detected","distance_to_existing_transmission_lines":0.0,"distance_to_existing_hv_transmission_lines":2.04,"distance_to_gridlight_targets":0.0,"main_road_access":false,"dist_main_road_km":1.67,"has_education_facility":true,"has_health_facility":true,"_label":"Ihubogo","_status_group":"unknown","_year":2025,"_year_label":"Source release year","_states":["Rivers"]},"geometry":{"type":"Point","coordinates":[6.66467,5.18159]}},{"type":"Feature","properties":{"geohash":"s0uvs4zpj9","settlement_name":"Location #1223","state":"Rivers","lga":"Ikwerre","population":15051,"state_population_rank":34,"num_buildings":3175,"nightlight_signal":"no_nightlight_detected","distance_to_existing_transmission_lines":0.0,"distance_to_existing_hv_transmission_lines":20.4,"distance_to_gridlight_targets":3.54,"main_road_access":true,"dist_main_road_km":0.0,"has_education_facility":true,"has_health_facility":true,"_label":"Location #1223","_status_group":"unknown","_year":2025,"_year_label":"Source release year","_states":["Rivers"]},"geometry":{"type":"Point","coordinates":[6.86532,5.20186]}},{"type":"Feature","properties":{"geohash":"s0uvj58yz0","settlement_name":"Ubima","state":"Rivers","lga":"Ikwerre","population":14679,"state_population_rank":35,"num_buildings":3074,"nightlight_signal":"no_nightlight_detected","distance_to_existing_transmission_lines":0.0,"distance_to_existing_hv_transmission_lines":19.32,"distance_to_gridlight_targets":5.529,"main_road_access":false,"dist_main_road_km":5.98,"has_education_facility":true,"has_health_facility":true,"_label":"Ubima","_status_group":"unknown","_year":2025,"_year_label":"Source release year","_states":["Rivers"]},"geometry":{"type":"Point","coordinates":[6.90075,5.11804]}},{"type":"Feature","properties":{"geohash":"s0uu3921u4","settlement_name":"Elele Alimini","state":"Rivers","lga":"Emohua","population":14545,"state_population_rank":36,"num_buildings":2986,"nightlight_signal":"no_nightlight_detected","distance_to_existing_transmission_lines":0.0,"distance_to_existing_hv_transmission_lines":0.0,"distance_to_gridlight_targets":0.58,"main_road_access":true,"dist_main_road_km":0.0,"has_education_facility":true,"has_health_facility":true,"_label":"Elele Alimini","_status_group":"unknown","_year":2025,"_year_label":"Source release year","_states":["Rivers"]},"geometry":{"type":"Point","coordinates":[6.74579,4.973]}},{"type":"Feature","properties":{"geohash":"s0v5p2rnpf","settlement_name":"Lousi Sogho","state":"Rivers","lga":"Khana","population":14114,"state_population_rank":37,"num_buildings":3036,"nightlight_signal":"no_nightlight_detected","distance_to_existing_transmission_lines":5.21,"distance_to_existing_hv_transmission_lines":14.6,"distance_to_gridlight_targets":4.223,"main_road_access":true,"dist_main_road_km":0.0,"has_education_facility":true,"has_health_facility":true,"_label":"Lousi Sogho","_status_group":"unknown","_year":2025,"_year_label":"Source release year","_states":["Rivers"]},"geometry":{"type":"Point","coordinates":[7.35981,4.74851]}},{"type":"Feature","properties":{"geohash":"s0v4ggsqph","settlement_name":"Saakpenwa","state":"Rivers","lga":"Ogu/Bolo","population":13300,"state_population_rank":38,"num_buildings":2692,"nightlight_signal":"nightlight_detected","distance_to_existing_transmission_lines":1.98,"distance_to_existing_hv_transmission_lines":5.94,"distance_to_gridlight_targets":0.0,"main_road_access":false,"dist_main_road_km":2.06,"has_education_facility":true,"has_health_facility":true,"_label":"Saakpenwa","_status_group":"unknown","_year":2025,"_year_label":"Source release year","_states":["Rivers"]},"geometry":{"type":"Point","coordinates":[7.20219,4.72243]}},{"type":"Feature","properties":{"geohash":"s0v721edjm","settlement_name":"Okwale","state":"Rivers","lga":"Khana","population":13077,"state_population_rank":39,"num_buildings":2700,"nightlight_signal":"no_nightlight_detected","distance_to_existing_transmission_lines":3.73,"distance_to_existing_hv_transmission_lines":12.08,"distance_to_gridlight_targets":3.747,"main_road_access":false,"dist_main_road_km":5.12,"has_education_facility":true,"has_health_facility":true,"_label":"Okwale","_status_group":"unknown","_year":2025,"_year_label":"Source release year","_states":["Rivers"]},"geometry":{"type":"Point","coordinates":[7.38786,4.79865]}},{"type":"Feature","properties":{"geohash":"s0v3c2k8rv","settlement_name":"Unyeada","state":"Rivers","lga":"Andoni","population":12801,"state_population_rank":40,"num_buildings":2713,"nightlight_signal":"no_nightlight_detected","distance_to_existing_transmission_lines":7.21,"distance_to_existing_hv_transmission_lines":12.46,"distance_to_gridlight_targets":5.764,"main_road_access":true,"dist_main_road_km":0.0,"has_education_facility":true,"has_health_facility":true,"_label":"Unyeada","_status_group":"unknown","_year":2025,"_year_label":"Source release year","_states":["Rivers"]},"geometry":{"type":"Point","coordinates":[7.44426,4.52781]}},{"type":"Feature","properties":{"geohash":"s47dnur3db","settlement_name":"Arkilla","state":"Sokoto","lga":"Wamako","population":1190821,"state_population_rank":1,"num_buildings":246225,"nightlight_signal":"nightlight_detected","distance_to_existing_transmission_lines":0.0,"distance_to_existing_hv_transmission_lines":0.0,"distance_to_gridlight_targets":0.0,"main_road_access":true,"dist_main_road_km":0.0,"has_education_facility":true,"has_health_facility":true,"_label":"Arkilla","_status_group":"unknown","_year":2025,"_year_label":"Source release year","_states":["Sokoto"]},"geometry":{"type":"Point","coordinates":[5.22858,13.03142]}},{"type":"Feature","properties":{"geohash":"s47y0e45uy","settlement_name":"Sonani","state":"Sokoto","lga":"Illela","population":98202,"state_population_rank":2,"num_buildings":20393,"nightlight_signal":"nightlight_detected","distance_to_existing_transmission_lines":0.0,"distance_to_existing_hv_transmission_lines":75.2,"distance_to_gridlight_targets":0.0,"main_road_access":true,"dist_main_road_km":0.0,"has_education_facility":true,"has_health_facility":true,"_label":"Sonani","_status_group":"unknown","_year":2025,"_year_label":"Source release year","_states":["Sokoto"]},"geometry":{"type":"Point","coordinates":[5.29837,13.72809]}},{"type":"Feature","properties":{"geohash":"s4ke1dub7v","settlement_name":"Isa","state":"Sokoto","lga":"Isa","population":56978,"state_population_rank":3,"num_buildings":11714,"nightlight_signal":"nightlight_detected","distance_to_existing_transmission_lines":0.0,"distance_to_existing_hv_transmission_lines":73.65,"distance_to_gridlight_targets":0.0,"main_road_access":true,"dist_main_road_km":0.0,"has_education_facility":true,"has_health_facility":true,"_label":"Isa","_status_group":"unknown","_year":2025,"_year_label":"Source release year","_states":["Sokoto"]},"geometry":{"type":"Point","coordinates":[6.40073,13.19877]}},{"type":"Feature","properties":{"geohash":"s47ge75hqc","settlement_name":"Marafa","state":"Sokoto","lga":"Wurno","population":54227,"state_population_rank":4,"num_buildings":10976,"nightlight_signal":"nightlight_detected","distance_to_existing_transmission_lines":0.0,"distance_to_existing_hv_transmission_lines":35.77,"distance_to_gridlight_targets":0.0,"main_road_access":true,"dist_main_road_km":0.0,"has_education_facility":true,"has_health_facility":true,"_label":"Marafa","_status_group":"unknown","_year":2025,"_year_label":"Source release year","_states":["Sokoto"]},"geometry":{"type":"Point","coordinates":[5.42068,13.2887]}},{"type":"Feature","properties":{"geohash":"s4kmpu8u29","settlement_name":"Magagindoke","state":"Sokoto","lga":"Sabon Birni","population":50867,"state_population_rank":5,"num_buildings":10325,"nightlight_signal":"nightlight_detected","distance_to_existing_transmission_lines":0.0,"distance_to_existing_hv_transmission_lines":96.38,"distance_to_gridlight_targets":0.0,"main_road_access":true,"dist_main_road_km":0.0,"has_education_facility":true,"has_health_facility":true,"_label":"Magagindoke","_status_group":"unknown","_year":2025,"_year_label":"Source release year","_states":["Sokoto"]},"geometry":{"type":"Point","coordinates":[6.31819,13.56062]}},{"type":"Feature","properties":{"geohash":"s45q9dnfty","settlement_name":"Tambuwal","state":"Sokoto","lga":"Tambuwal","population":50700,"state_population_rank":6,"num_buildings":10559,"nightlight_signal":"nightlight_detected","distance_to_existing_transmission_lines":0.0,"distance_to_existing_hv_transmission_lines":23.62,"distance_to_gridlight_targets":0.0,"main_road_access":true,"dist_main_road_km":0.0,"has_education_facility":true,"has_health_facility":true,"_label":"Tambuwal","_status_group":"unknown","_year":2025,"_year_label":"Source release year","_states":["Sokoto"]},"geometry":{"type":"Point","coordinates":[4.64575,12.40403]}},{"type":"Feature","properties":{"geohash":"s479j1766s","settlement_name":"Bodinga Tauma","state":"Sokoto","lga":"Bodinga","population":40019,"state_population_rank":7,"num_buildings":8204,"nightlight_signal":"nightlight_detected","distance_to_existing_transmission_lines":0.0,"distance_to_existing_hv_transmission_lines":0.0,"distance_to_gridlight_targets":0.0,"main_road_access":true,"dist_main_road_km":0.0,"has_education_facility":true,"has_health_facility":true,"_label":"Bodinga Tauma","_status_group":"unknown","_year":2025,"_year_label":"Source release year","_states":["Sokoto"]},"geometry":{"type":"Point","coordinates":[5.14618,12.83931]}},{"type":"Feature","properties":{"geohash":"s47ezpx8ke","settlement_name":"Gwadabawa","state":"Sokoto","lga":"Gwadabawa","population":37463,"state_population_rank":8,"num_buildings":7940,"nightlight_signal":"nightlight_detected","distance_to_existing_transmission_lines":0.0,"distance_to_existing_hv_transmission_lines":35.13,"distance_to_gridlight_targets":0.0,"main_road_access":true,"dist_main_road_km":0.0,"has_education_facility":true,"has_health_facility":true,"_label":"Gwadabawa","_status_group":"unknown","_year":2025,"_year_label":"Source release year","_states":["Sokoto"]},"geometry":{"type":"Point","coordinates":[5.23999,13.35669]}},{"type":"Feature","properties":{"geohash":"s47f2ncq5h","settlement_name":"Gidan Rugga More","state":"Sokoto","lga":"Kware","population":35232,"state_population_rank":9,"num_buildings":7402,"nightlight_signal":"nightlight_detected","distance_to_existing_transmission_lines":0.0,"distance_to_existing_hv_transmission_lines":8.36,"distance_to_gridlight_targets":0.0,"main_road_access":true,"dist_main_road_km":0.0,"has_education_facility":true,"has_health_facility":true,"_label":"Gidan Rugga More","_status_group":"unknown","_year":2025,"_year_label":"Source release year","_states":["Sokoto"]},"geometry":{"type":"Point","coordinates":[5.27529,13.08989]}},{"type":"Feature","properties":{"geohash":"s47c1skxkm","settlement_name":"Dange","state":"Sokoto","lga":"Dange-Shuni","population":31888,"state_population_rank":10,"num_buildings":6719,"nightlight_signal":"nightlight_detected","distance_to_existing_transmission_lines":0.0,"distance_to_existing_hv_transmission_lines":6.19,"distance_to_gridlight_targets":0.0,"main_road_access":true,"dist_main_road_km":0.0,"has_education_facility":true,"has_health_facility":true,"_label":"Dange","_status_group":"unknown","_year":2025,"_year_label":"Source release year","_states":["Sokoto"]},"geometry":{"type":"Point","coordinates":[5.34573,12.85665]}},{"type":"Feature","properties":{"geohash":"s4k1f8kb2s","settlement_name":"Gandi I","state":"Sokoto","lga":"Rabah","population":31228,"state_population_rank":11,"num_buildings":6411,"nightlight_signal":"no_nightlight_detected","distance_to_existing_transmission_lines":0.0,"distance_to_existing_hv_transmission_lines":8.76,"distance_to_gridlight_targets":12.122,"main_road_access":true,"dist_main_road_km":0.0,"has_education_facility":true,"has_health_facility":true,"_label":"Gandi I","_status_group":"unknown","_year":2025,"_year_label":"Source release year","_states":["Sokoto"]},"geometry":{"type":"Point","coordinates":[5.74141,12.96531]}},{"type":"Feature","properties":{"geohash":"s47865bskw","settlement_name":"Yabo A","state":"Sokoto","lga":"Yabo","population":30046,"state_population_rank":12,"num_buildings":6512,"nightlight_signal":"nightlight_detected","distance_to_existing_transmission_lines":0.0,"distance_to_existing_hv_transmission_lines":1.59,"distance_to_gridlight_targets":0.0,"main_road_access":true,"dist_main_road_km":0.0,"has_education_facility":true,"has_health_facility":true,"_label":"Yabo A","_status_group":"unknown","_year":2025,"_year_label":"Source release year","_states":["Sokoto"]},"geometry":{"type":"Point","coordinates":[5.01065,12.72156]}},{"type":"Feature","properties":{"geohash":"s4kh3nepku","settlement_name":"Goronyo","state":"Sokoto","lga":"Goronyo","population":29355,"state_population_rank":13,"num_buildings":5950,"nightlight_signal":"nightlight_detected","distance_to_existing_transmission_lines":0.0,"distance_to_existing_hv_transmission_lines":57.85,"distance_to_gridlight_targets":0.0,"main_road_access":true,"dist_main_road_km":0.0,"has_education_facility":true,"has_health_facility":true,"_label":"Goronyo","_status_group":"unknown","_year":2025,"_year_label":"Source release year","_states":["Sokoto"]},"geometry":{"type":"Point","coordinates":[5.67328,13.4403]}},{"type":"Feature","properties":{"geohash":"s4kn0xppk8","settlement_name":"Gada","state":"Sokoto","lga":"Gada","population":28291,"state_population_rank":14,"num_buildings":5833,"nightlight_signal":"no_nightlight_detected","distance_to_existing_transmission_lines":0.0,"distance_to_existing_hv_transmission_lines":91.36,"distance_to_gridlight_targets":15.863,"main_road_access":true,"dist_main_road_km":0.0,"has_education_facility":true,"has_health_facility":true,"_label":"Gada","_status_group":"unknown","_year":2025,"_year_label":"Source release year","_states":["Sokoto"]},"geometry":{"type":"Point","coordinates":[5.65678,13.75064]}},{"type":"Feature","properties":{"geohash":"s47c8mcpqt","settlement_name":"Bayo Gidan","state":"Sokoto","lga":"Dange-Shuni","population":28115,"state_population_rank":15,"num_buildings":5898,"nightlight_signal":"no_nightlight_detected","distance_to_existing_transmission_lines":0.0,"distance_to_existing_hv_transmission_lines":0.0,"distance_to_gridlight_targets":2.142,"main_road_access":true,"dist_main_road_km":0.0,"has_education_facility":true,"has_health_facility":false,"_label":"Bayo Gidan","_status_group":"unknown","_year":2025,"_year_label":"Source release year","_states":["Sokoto"]},"geometry":{"type":"Point","coordinates":[5.28608,12.95278]}},{"type":"Feature","properties":{"geohash":"s47epy1e2y","settlement_name":"Kware","state":"Sokoto","lga":"Kware","population":26694,"state_population_rank":16,"num_buildings":5608,"nightlight_signal":"nightlight_detected","distance_to_existing_transmission_lines":0.0,"distance_to_existing_hv_transmission_lines":20.51,"distance_to_gridlight_targets":0.0,"main_road_access":true,"dist_main_road_km":0.0,"has_education_facility":true,"has_health_facility":true,"_label":"Kware","_status_group":"unknown","_year":2025,"_year_label":"Source release year","_states":["Sokoto"]},"geometry":{"type":"Point","coordinates":[5.26455,13.21715]}},{"type":"Feature","properties":{"geohash":"s47u54kp6c","settlement_name":"Salame","state":"Sokoto","lga":"Gwadabawa","population":25623,"state_population_rank":17,"num_buildings":5179,"nightlight_signal":"no_nightlight_detected","distance_to_existing_transmission_lines":0.0,"distance_to_existing_hv_transmission_lines":43.3,"distance_to_gridlight_targets":7.834,"main_road_access":true,"dist_main_road_km":0.0,"has_education_facility":true,"has_health_facility":true,"_label":"Salame","_status_group":"unknown","_year":2025,"_year_label":"Source release year","_states":["Sokoto"]},"geometry":{"type":"Point","coordinates":[5.41089,13.37299]}},{"type":"Feature","properties":{"geohash":"s47ffubxyb","settlement_name":"Achida","state":"Sokoto","lga":"Wurno","population":25485,"state_population_rank":18,"num_buildings":5262,"nightlight_signal":"nightlight_detected","distance_to_existing_transmission_lines":0.0,"distance_to_existing_hv_transmission_lines":24.62,"distance_to_gridlight_targets":0.0,"main_road_access":true,"dist_main_road_km":0.0,"has_education_facility":true,"has_health_facility":true,"_label":"Achida","_status_group":"unknown","_year":2025,"_year_label":"Source release year","_states":["Sokoto"]},"geometry":{"type":"Point","coordinates":[5.39527,13.16707]}},{"type":"Feature","properties":{"geohash":"s47yr3sbfj","settlement_name":"Kyadawa Holai","state":"Sokoto","lga":"Gada","population":24472,"state_population_rank":19,"num_buildings":5082,"nightlight_signal":"no_nightlight_detected","distance_to_existing_transmission_lines":0.0,"distance_to_existing_hv_transmission_lines":91.06,"distance_to_gridlight_targets":10.408,"main_road_access":true,"dist_main_road_km":0.0,"has_education_facility":true,"has_health_facility":true,"_label":"Kyadawa Holai","_status_group":"unknown","_year":2025,"_year_label":"Source release year","_states":["Sokoto"]},"geometry":{"type":"Point","coordinates":[5.59866,13.76328]}},{"type":"Feature","properties":{"geohash":"s47gvm7jxp","settlement_name":"Giyawa","state":"Sokoto","lga":"Goronyo","population":22739,"state_population_rank":20,"num_buildings":4596,"nightlight_signal":"no_nightlight_detected","distance_to_existing_transmission_lines":0.0,"distance_to_existing_hv_transmission_lines":47.0,"distance_to_gridlight_targets":9.793,"main_road_access":true,"dist_main_road_km":0.0,"has_education_facility":true,"has_health_facility":true,"_label":"Giyawa","_status_group":"unknown","_year":2025,"_year_label":"Source release year","_states":["Sokoto"]},"geometry":{"type":"Point","coordinates":[5.50858,13.34525]}},{"type":"Feature","properties":{"geohash":"s45kzw8fpd","settlement_name":"Gayari","state":"Sokoto","lga":"Kebbe","population":21737,"state_population_rank":21,"num_buildings":4607,"nightlight_signal":"no_nightlight_detected","distance_to_existing_transmission_lines":8.08,"distance_to_existing_hv_transmission_lines":55.41,"distance_to_gridlight_targets":14.647,"main_road_access":true,"dist_main_road_km":0.0,"has_education_facility":true,"has_health_facility":true,"_label":"Gayari","_status_group":"unknown","_year":2025,"_year_label":"Source release year","_states":["Zamfara"]},"geometry":{"type":"Point","coordinates":[4.90126,12.12102]}},{"type":"Feature","properties":{"geohash":"s45x0v6ksw","settlement_name":"Jabo-Kagara","state":"Sokoto","lga":"Tambuwal","population":21474,"state_population_rank":22,"num_buildings":4647,"nightlight_signal":"no_nightlight_detected","distance_to_existing_transmission_lines":0.0,"distance_to_existing_hv_transmission_lines":22.92,"distance_to_gridlight_targets":2.7,"main_road_access":true,"dist_main_road_km":0.0,"has_education_facility":true,"has_health_facility":true,"_label":"Jabo-Kagara","_status_group":"unknown","_year":2025,"_year_label":"Source release year","_states":["Sokoto"]},"geometry":{"type":"Point","coordinates":[4.95812,12.51012]}},{"type":"Feature","properties":{"geohash":"s47sxpbzx4","settlement_name":"Gigane","state":"Sokoto","lga":"Gwadabawa","population":19426,"state_population_rank":23,"num_buildings":4011,"nightlight_signal":"no_nightlight_detected","distance_to_existing_transmission_lines":0.0,"distance_to_existing_hv_transmission_lines":50.81,"distance_to_gridlight_targets":13.582,"main_road_access":false,"dist_main_road_km":5.14,"has_education_facility":true,"has_health_facility":true,"_label":"Gigane","_status_group":"unknown","_year":2025,"_year_label":"Source release year","_states":["Sokoto"]},"geometry":{"type":"Point","coordinates":[5.23083,13.49114]}},{"type":"Feature","properties":{"geohash":"s45qvm9t1c","settlement_name":"Dogon Daji","state":"Sokoto","lga":"Tambuwal","population":18359,"state_population_rank":24,"num_buildings":3857,"nightlight_signal":"nightlight_detected","distance_to_existing_transmission_lines":0.0,"distance_to_existing_hv_transmission_lines":24.73,"distance_to_gridlight_targets":0.0,"main_road_access":true,"dist_main_road_km":0.0,"has_education_facility":true,"has_health_facility":true,"_label":"Dogon Daji","_status_group":"unknown","_year":2025,"_year_label":"Source release year","_states":["Sokoto"]},"geometry":{"type":"Point","coordinates":[4.80317,12.4676]}},{"type":"Feature","properties":{"geohash":"s4khwmppjs","settlement_name":"Rimawa","state":"Sokoto","lga":"Goronyo","population":18183,"state_population_rank":25,"num_buildings":3749,"nightlight_signal":"no_nightlight_detected","distance_to_existing_transmission_lines":0.0,"distance_to_existing_hv_transmission_lines":68.47,"distance_to_gridlight_targets":3.536,"main_road_access":true,"dist_main_road_km":0.0,"has_education_facility":true,"has_health_facility":true,"_label":"Rimawa","_status_group":"unknown","_year":2025,"_year_label":"Source release year","_states":["Sokoto"]},"geometry":{"type":"Point","coordinates":[5.90951,13.47596]}},{"type":"Feature","properties":{"geohash":"s478uv8j92","settlement_name":"Sifawa Lukuyawa","state":"Sokoto","lga":"Bodinga","population":17996,"state_population_rank":26,"num_buildings":3854,"nightlight_signal":"nightlight_detected","distance_to_existing_transmission_lines":0.0,"distance_to_existing_hv_transmission_lines":0.1,"distance_to_gridlight_targets":0.0,"main_road_access":true,"dist_main_road_km":0.0,"has_education_facility":true,"has_health_facility":true,"_label":"Sifawa Lukuyawa","_status_group":"unknown","_year":2025,"_year_label":"Source release year","_states":["Sokoto"]},"geometry":{"type":"Point","coordinates":[5.13068,12.81924]}},{"type":"Feature","properties":{"geohash":"s472q84y1r","settlement_name":"Sanyinna","state":"Sokoto","lga":"Tambuwal","population":17724,"state_population_rank":27,"num_buildings":3670,"nightlight_signal":"no_nightlight_detected","distance_to_existing_transmission_lines":0.0,"distance_to_existing_hv_transmission_lines":0.0,"distance_to_gridlight_targets":14.458,"main_road_access":true,"dist_main_road_km":0.0,"has_education_facility":true,"has_health_facility":true,"_label":"Sanyinna","_status_group":"unknown","_year":2025,"_year_label":"Source release year","_states":["Sokoto"]},"geometry":{"type":"Point","coordinates":[4.85979,12.70126]}},{"type":"Feature","properties":{"geohash":"s478ydkdxx","settlement_name":"Danchadi","state":"Sokoto","lga":"Bodinga","population":17685,"state_population_rank":28,"num_buildings":3641,"nightlight_signal":"nightlight_detected","distance_to_existing_transmission_lines":0.0,"distance_to_existing_hv_transmission_lines":8.5,"distance_to_gridlight_targets":0.0,"main_road_access":false,"dist_main_road_km":7.92,"has_education_facility":true,"has_health_facility":true,"_label":"Danchadi","_status_group":"unknown","_year":2025,"_year_label":"Source release year","_states":["Sokoto"]},"geometry":{"type":"Point","coordinates":[5.21402,12.80091]}},{"type":"Feature","properties":{"geohash":"s47s03t35h","settlement_name":"Tangaza","state":"Sokoto","lga":"Tangaza","population":17536,"state_population_rank":29,"num_buildings":3631,"nightlight_signal":"no_nightlight_detected","distance_to_existing_transmission_lines":0.0,"distance_to_existing_hv_transmission_lines":46.44,"distance_to_gridlight_targets":29.936,"main_road_access":true,"dist_main_road_km":0.0,"has_education_facility":true,"has_health_facility":true,"_label":"Tangaza","_status_group":"unknown","_year":2025,"_year_label":"Source release year","_states":["Sokoto"]},"geometry":{"type":"Point","coordinates":[4.9402,13.36781]}},{"type":"Feature","properties":{"geohash":"s47ftm0wkw","settlement_name":"Rabah","state":"Sokoto","lga":"Rabah","population":17437,"state_population_rank":30,"num_buildings":3621,"nightlight_signal":"nightlight_detected","distance_to_existing_transmission_lines":0.0,"distance_to_existing_hv_transmission_lines":22.73,"distance_to_gridlight_targets":0.0,"main_road_access":true,"dist_main_road_km":0.0,"has_education_facility":true,"has_health_facility":true,"_label":"Rabah","_status_group":"unknown","_year":2025,"_year_label":"Source release year","_states":["Sokoto"]},"geometry":{"type":"Point","coordinates":[5.50504,13.12428]}},{"type":"Feature","properties":{"geohash":"s454w4dbn3","settlement_name":"Kuchi","state":"Sokoto","lga":"Kebbe","population":17435,"state_population_rank":31,"num_buildings":3564,"nightlight_signal":"nightlight_detected","distance_to_existing_transmission_lines":0.0,"distance_to_existing_hv_transmission_lines":2.78,"distance_to_gridlight_targets":0.0,"main_road_access":true,"dist_main_road_km":0.0,"has_education_facility":true,"has_health_facility":true,"_label":"Kuchi","_status_group":"unknown","_year":2025,"_year_label":"Source release year","_states":["Sokoto"]},"geometry":{"type":"Point","coordinates":[4.48648,11.70319]}},{"type":"Feature","properties":{"geohash":"s477pz8272","settlement_name":"Binji","state":"Sokoto","lga":"Binji","population":16948,"state_population_rank":32,"num_buildings":3592,"nightlight_signal":"no_nightlight_detected","distance_to_existing_transmission_lines":0.0,"distance_to_existing_hv_transmission_lines":37.64,"distance_to_gridlight_targets":28.619,"main_road_access":true,"dist_main_road_km":0.0,"has_education_facility":true,"has_health_facility":true,"_label":"Binji","_status_group":"unknown","_year":2025,"_year_label":"Source release year","_states":["Sokoto"]},"geometry":{"type":"Point","coordinates":[4.91138,13.22484]}},{"type":"Feature","properties":{"geohash":"s4kkbk400g","settlement_name":"Tsamaye","state":"Sokoto","lga":"Sabon Birni","population":16893,"state_population_rank":33,"num_buildings":3468,"nightlight_signal":"no_nightlight_detected","distance_to_existing_transmission_lines":0.0,"distance_to_existing_hv_transmission_lines":74.94,"distance_to_gridlight_targets":13.193,"main_road_access":true,"dist_main_road_km":0.0,"has_education_facility":true,"has_health_facility":true,"_label":"Tsamaye","_status_group":"unknown","_year":2025,"_year_label":"Source release year","_states":["Sokoto"]},"geometry":{"type":"Point","coordinates":[5.99033,13.5132]}},{"type":"Feature","properties":{"geohash":"s47wp645qt","settlement_name":"Munwadata","state":"Sokoto","lga":"Illela","population":16438,"state_population_rank":34,"num_buildings":3536,"nightlight_signal":"no_nightlight_detected","distance_to_existing_transmission_lines":0.0,"distance_to_existing_hv_transmission_lines":76.48,"distance_to_gridlight_targets":3.884,"main_road_access":false,"dist_main_road_km":4.6,"has_education_facility":true,"has_health_facility":true,"_label":"Munwadata","_status_group":"unknown","_year":2025,"_year_label":"Source release year","_states":["Sokoto"]},"geometry":{"type":"Point","coordinates":[5.24351,13.72251]}},{"type":"Feature","properties":{"geohash":"s473eeynhz","settlement_name":"Katami South","state":"Sokoto","lga":"Silame","population":16179,"state_population_rank":35,"num_buildings":3654,"nightlight_signal":"no_nightlight_detected","distance_to_existing_transmission_lines":0.0,"distance_to_existing_hv_transmission_lines":26.07,"distance_to_gridlight_targets":12.482,"main_road_access":true,"dist_main_road_km":0.0,"has_education_facility":true,"has_health_facility":true,"_label":"Katami South","_status_group":"unknown","_year":2025,"_year_label":"Source release year","_states":["Sokoto"]},"geometry":{"type":"Point","coordinates":[4.73257,12.94159]}},{"type":"Feature","properties":{"geohash":"s47ym42s24","settlement_name":"Kyadawa Holai","state":"Sokoto","lga":"Gada","population":16140,"state_population_rank":36,"num_buildings":3276,"nightlight_signal":"nightlight_detected","distance_to_existing_transmission_lines":0.0,"distance_to_existing_hv_transmission_lines":87.25,"distance_to_gridlight_targets":0.0,"main_road_access":true,"dist_main_road_km":0.0,"has_education_facility":true,"has_health_facility":true,"_label":"Kyadawa Holai","_status_group":"unknown","_year":2025,"_year_label":"Source release year","_states":["Sokoto"]},"geometry":{"type":"Point","coordinates":[5.49386,13.76798]}},{"type":"Feature","properties":{"geohash":"s4ksbsynv9","settlement_name":"Kurawa","state":"Sokoto","lga":"Sabon Birni","population":15919,"state_population_rank":37,"num_buildings":3389,"nightlight_signal":"no_nightlight_detected","distance_to_existing_transmission_lines":0.0,"distance_to_existing_hv_transmission_lines":95.95,"distance_to_gridlight_targets":4.871,"main_road_access":true,"dist_main_road_km":0.0,"has_education_facility":true,"has_health_facility":true,"_label":"Kurawa","_status_group":"unknown","_year":2025,"_year_label":"Source release year","_states":["Sokoto"]},"geometry":{"type":"Point","coordinates":[6.35858,13.51847]}},{"type":"Feature","properties":{"geohash":"s47e9hx4b8","settlement_name":"Gidan-Bakar","state":"Sokoto","lga":"Tangaza","population":15436,"state_population_rank":38,"num_buildings":3243,"nightlight_signal":"no_nightlight_detected","distance_to_existing_transmission_lines":0.0,"distance_to_existing_hv_transmission_lines":38.18,"distance_to_gridlight_targets":26.517,"main_road_access":true,"dist_main_road_km":0.0,"has_education_facility":true,"has_health_facility":true,"_label":"Gidan-Bakar","_status_group":"unknown","_year":2025,"_year_label":"Source release year","_states":["Sokoto"]},"geometry":{"type":"Point","coordinates":[4.97546,13.29668]}},{"type":"Feature","properties":{"geohash":"s47y2dnn4t","settlement_name":"Araba","state":"Sokoto","lga":"Illela","population":14908,"state_population_rank":39,"num_buildings":3026,"nightlight_signal":"no_nightlight_detected","distance_to_existing_transmission_lines":0.0,"distance_to_existing_hv_transmission_lines":82.01,"distance_to_gridlight_targets":1.808,"main_road_access":false,"dist_main_road_km":0.54,"has_education_facility":true,"has_health_facility":true,"_label":"Araba","_status_group":"unknown","_year":2025,"_year_label":"Source release year","_states":["Sokoto"]},"geometry":{"type":"Point","coordinates":[5.30377,13.76693]}},{"type":"Feature","properties":{"geohash":"s47gdndce1","settlement_name":"Bela","state":"Sokoto","lga":"Gwadabawa","population":14687,"state_population_rank":40,"num_buildings":3122,"nightlight_signal":"no_nightlight_detected","distance_to_existing_transmission_lines":0.0,"distance_to_existing_hv_transmission_lines":34.24,"distance_to_gridlight_targets":5.146,"main_road_access":true,"dist_main_road_km":0.0,"has_education_facility":true,"has_health_facility":true,"_label":"Bela","_status_group":"unknown","_year":2025,"_year_label":"Source release year","_states":["Sokoto"]},"geometry":{"type":"Point","coordinates":[5.36524,13.30745]}},{"type":"Feature","properties":{"geohash":"s384dxgre9","settlement_name":"Location #41","state":"Taraba","lga":"Yorro","population":598405,"state_population_rank":1,"num_buildings":125352,"nightlight_signal":"nightlight_detected","distance_to_existing_transmission_lines":0.0,"distance_to_existing_hv_transmission_lines":0.0,"distance_to_gridlight_targets":0.0,"main_road_access":true,"dist_main_road_km":0.0,"has_education_facility":true,"has_health_facility":true,"_label":"Location #41","_status_group":"unknown","_year":2025,"_year_label":"Source release year","_states":["Taraba"]},"geometry":{"type":"Point","coordinates":[11.36448,8.92082]}},{"type":"Feature","properties":{"geohash":"s1quy9kjzp","settlement_name":"Wukari","state":"Taraba","lga":"Wukari","population":157997,"state_population_rank":2,"num_buildings":33145,"nightlight_signal":"nightlight_detected","distance_to_existing_transmission_lines":0.0,"distance_to_existing_hv_transmission_lines":1.01,"distance_to_gridlight_targets":0.0,"main_road_access":true,"dist_main_road_km":0.0,"has_education_facility":true,"has_health_facility":true,"_label":"Wukari","_status_group":"unknown","_year":2025,"_year_label":"Source release year","_states":["Taraba"]},"geometry":{"type":"Point","coordinates":[9.78363,7.87411]}},{"type":"Feature","properties":{"geohash":"s1r170rhwy","settlement_name":"Takum","state":"Taraba","lga":"Takum","population":92691,"state_population_rank":3,"num_buildings":19445,"nightlight_signal":"nightlight_detected","distance_to_existing_transmission_lines":0.0,"distance_to_existing_hv_transmission_lines":5.45,"distance_to_gridlight_targets":0.0,"main_road_access":true,"dist_main_road_km":0.0,"has_education_facility":true,"has_health_facility":true,"_label":"Takum","_status_group":"unknown","_year":2025,"_year_label":"Source release year","_states":["Taraba"]},"geometry":{"type":"Point","coordinates":[9.9855,7.25316]}},{"type":"Feature","properties":{"geohash":"s1x9jmdwtq","settlement_name":"Mutum Biyu","state":"Taraba","lga":"Gassol","population":92567,"state_population_rank":4,"num_buildings":19419,"nightlight_signal":"nightlight_detected","distance_to_existing_transmission_lines":0.0,"distance_to_existing_hv_transmission_lines":72.2,"distance_to_gridlight_targets":0.0,"main_road_access":true,"dist_main_road_km":0.0,"has_education_facility":true,"has_health_facility":true,"_label":"Mutum Biyu","_status_group":"unknown","_year":2025,"_year_label":"Source release year","_states":["Taraba"]},"geometry":{"type":"Point","coordinates":[10.78125,8.64464]}},{"type":"Feature","properties":{"geohash":"s30n0pdxk5","settlement_name":"Gembu","state":"Taraba","lga":"Sardauna","population":89871,"state_population_rank":5,"num_buildings":18663,"nightlight_signal":"nightlight_detected","distance_to_existing_transmission_lines":111.22,"distance_to_existing_hv_transmission_lines":156.64,"distance_to_gridlight_targets":0.0,"main_road_access":true,"dist_main_road_km":0.0,"has_education_facility":true,"has_health_facility":true,"_label":"Gembu","_status_group":"unknown","_year":2025,"_year_label":"Source release year","_states":["Taraba"]},"geometry":{"type":"Point","coordinates":[11.25361,6.72215]}},{"type":"Feature","properties":{"geohash":"s324dqrmgt","settlement_name":"Location #232","state":"Taraba","lga":"Gashaka","population":67519,"state_population_rank":6,"num_buildings":13901,"nightlight_signal":"nightlight_detected","distance_to_existing_transmission_lines":61.59,"distance_to_existing_hv_transmission_lines":131.68,"distance_to_gridlight_targets":0.0,"main_road_access":true,"dist_main_road_km":0.0,"has_education_facility":true,"has_health_facility":true,"_label":"Location #232","_status_group":"unknown","_year":2025,"_year_label":"Source release year","_states":["Taraba"]},"geometry":{"type":"Point","coordinates":[11.35899,7.50605]}},{"type":"Feature","properties":{"geohash":"s1ru9t2yp3","settlement_name":"Bali","state":"Taraba","lga":"Bali","population":60943,"state_population_rank":7,"num_buildings":12529,"nightlight_signal":"no_nightlight_detected","distance_to_existing_transmission_lines":26.32,"distance_to_existing_hv_transmission_lines":86.32,"distance_to_gridlight_targets":1.703,"main_road_access":true,"dist_main_road_km":0.0,"has_education_facility":true,"has_health_facility":true,"_label":"Bali","_status_group":"unknown","_year":2025,"_year_label":"Source release year","_states":["Taraba"]},"geometry":{"type":"Point","coordinates":[10.9657,7.85214]}},{"type":"Feature","properties":{"geohash":"s3875kec4w","settlement_name":"Zinna","state":"Taraba","lga":"Zing","population":56181,"state_population_rank":8,"num_buildings":11650,"nightlight_signal":"nightlight_detected","distance_to_existing_transmission_lines":0.0,"distance_to_existing_hv_transmission_lines":0.0,"distance_to_gridlight_targets":0.0,"main_road_access":true,"dist_main_road_km":0.0,"has_education_facility":true,"has_health_facility":true,"_label":"Zinna","_status_group":"unknown","_year":2025,"_year_label":"Source release year","_states":["Taraba"]},"geometry":{"type":"Point","coordinates":[11.74964,8.98977]}},{"type":"Feature","properties":{"geohash":"s1rrxrgcuz","settlement_name":"Dundewa","state":"Taraba","lga":"Gassol","population":56055,"state_population_rank":9,"num_buildings":11607,"nightlight_signal":"nightlight_detected","distance_to_existing_transmission_lines":0.0,"distance_to_existing_hv_transmission_lines":79.51,"distance_to_gridlight_targets":0.0,"main_road_access":true,"dist_main_road_km":0.0,"has_education_facility":true,"has_health_facility":true,"_label":"Dundewa","_status_group":"unknown","_year":2025,"_year_label":"Source release year","_states":["Taraba"]},"geometry":{"type":"Point","coordinates":[10.51927,8.39252]}},{"type":"Feature","properties":{"geohash":"s1xbhfdw7b","settlement_name":"Garbe Shege","state":"Taraba","lga":"Bali","population":55279,"state_population_rank":10,"num_buildings":12035,"nightlight_signal":"no_nightlight_detected","distance_to_existing_transmission_lines":0.0,"distance_to_existing_hv_transmission_lines":62.37,"distance_to_gridlight_targets":19.256,"main_road_access":true,"dist_main_road_km":0.0,"has_education_facility":true,"has_health_facility":true,"_label":"Garbe Shege","_status_group":"unknown","_year":2025,"_year_label":"Source release year","_states":["Taraba"]},"geometry":{"type":"Point","coordinates":[11.11078,8.45231]}},{"type":"Feature","properties":{"geohash":"s1qytbf9p5","settlement_name":"Ibi","state":"Taraba","lga":"Ibi","population":43633,"state_population_rank":11,"num_buildings":9061,"nightlight_signal":"nightlight_detected","distance_to_existing_transmission_lines":0.0,"distance_to_existing_hv_transmission_lines":36.78,"distance_to_gridlight_targets":0.0,"main_road_access":true,"dist_main_road_km":0.0,"has_education_facility":true,"has_health_facility":true,"_label":"Ibi","_status_group":"unknown","_year":2025,"_year_label":"Source release year","_states":["Taraba"]},"geometry":{"type":"Point","coordinates":[9.74862,8.17814]}},{"type":"Feature","properties":{"geohash":"s1r5utmfz9","settlement_name":"Donga","state":"Taraba","lga":"Donga","population":43311,"state_population_rank":12,"num_buildings":9007,"nightlight_signal":"nightlight_detected","distance_to_existing_transmission_lines":0.0,"distance_to_existing_hv_transmission_lines":0.0,"distance_to_gridlight_targets":0.0,"main_road_access":true,"dist_main_road_km":0.0,"has_education_facility":true,"has_health_facility":true,"_label":"Donga","_status_group":"unknown","_year":2025,"_year_label":"Source release year","_states":["Taraba"]},"geometry":{"type":"Point","coordinates":[10.04973,7.71975]}},{"type":"Feature","properties":{"geohash":"s3849m5ck0","settlement_name":"Jalingo","state":"Taraba","lga":"Jalingo","population":43235,"state_population_rank":13,"num_buildings":9204,"nightlight_signal":"nightlight_detected","distance_to_existing_transmission_lines":0.0,"distance_to_existing_hv_transmission_lines":8.7,"distance_to_gridlight_targets":0.0,"main_road_access":true,"dist_main_road_km":0.0,"has_education_facility":true,"has_health_facility":true,"_label":"Jalingo","_status_group":"unknown","_year":2025,"_year_label":"Source release year","_states":["Taraba"]},"geometry":{"type":"Point","coordinates":[11.31026,8.90464]}},{"type":"Feature","properties":{"geohash":"s1r0uurdq1","settlement_name":"Takum","state":"Taraba","lga":"Ussa","population":42835,"state_population_rank":14,"num_buildings":9354,"nightlight_signal":"nightlight_detected","distance_to_existing_transmission_lines":0.0,"distance_to_existing_hv_transmission_lines":14.57,"distance_to_gridlight_targets":0.0,"main_road_access":false,"dist_main_road_km":5.35,"has_education_facility":true,"has_health_facility":true,"_label":"Takum","_status_group":"unknown","_year":2025,"_year_label":"Source release year","_states":["Taraba"]},"geometry":{"type":"Point","coordinates":[10.06305,7.18683]}},{"type":"Feature","properties":{"geohash":"s384d08b7s","settlement_name":"Jalingo","state":"Taraba","lga":"Jalingo","population":37201,"state_population_rank":15,"num_buildings":8136,"nightlight_signal":"nightlight_detected","distance_to_existing_transmission_lines":1.18,"distance_to_existing_hv_transmission_lines":8.85,"distance_to_gridlight_targets":0.0,"main_road_access":true,"dist_main_road_km":0.0,"has_education_facility":true,"has_health_facility":true,"_label":"Jalingo","_status_group":"unknown","_year":2025,"_year_label":"Source release year","_states":["Taraba"]},"geometry":{"type":"Point","coordinates":[11.33908,8.87977]}},{"type":"Feature","properties":{"geohash":"s1r91srycs","settlement_name":"Mararaba","state":"Taraba","lga":"Kurmi","population":36917,"state_population_rank":16,"num_buildings":7790,"nightlight_signal":"no_nightlight_detected","distance_to_existing_transmission_lines":30.11,"distance_to_existing_hv_transmission_lines":74.75,"distance_to_gridlight_targets":38.648,"main_road_access":true,"dist_main_road_km":0.0,"has_education_facility":true,"has_health_facility":true,"_label":"Mararaba","_status_group":"unknown","_year":2025,"_year_label":"Source release year","_states":["Taraba"]},"geometry":{"type":"Point","coordinates":[10.6235,7.23156]}},{"type":"Feature","properties":{"geohash":"s1xfhybwyq","settlement_name":"Iware","state":"Taraba","lga":"Ardo-Kola","population":36502,"state_population_rank":17,"num_buildings":7691,"nightlight_signal":"nightlight_detected","distance_to_existing_transmission_lines":0.0,"distance_to_existing_hv_transmission_lines":31.75,"distance_to_gridlight_targets":0.0,"main_road_access":true,"dist_main_road_km":0.0,"has_education_facility":true,"has_health_facility":true,"_label":"Iware","_status_group":"unknown","_year":2025,"_year_label":"Source release year","_states":["Taraba"]},"geometry":{"type":"Point","coordinates":[11.10814,8.82733]}},{"type":"Feature","properties":{"geohash":"s1rv6ju1f7","settlement_name":"Sabon Gari","state":"Taraba","lga":"Bali","population":33165,"state_population_rank":18,"num_buildings":6897,"nightlight_signal":"no_nightlight_detected","distance_to_existing_transmission_lines":11.86,"distance_to_existing_hv_transmission_lines":93.17,"distance_to_gridlight_targets":9.564,"main_road_access":true,"dist_main_road_km":0.0,"has_education_facility":true,"has_health_facility":true,"_label":"Sabon Gari","_status_group":"unknown","_year":2025,"_year_label":"Source release year","_states":["Taraba"]},"geometry":{"type":"Point","coordinates":[10.99192,7.98601]}},{"type":"Feature","properties":{"geohash":"s1r6eeyt7s","settlement_name":"Mararaba","state":"Taraba","lga":"Donga","population":29923,"state_population_rank":19,"num_buildings":6205,"nightlight_signal":"nightlight_detected","distance_to_existing_transmission_lines":0.0,"distance_to_existing_hv_transmission_lines":33.58,"distance_to_gridlight_targets":0.0,"main_road_access":true,"dist_main_road_km":0.0,"has_education_facility":true,"has_health_facility":true,"_label":"Mararaba","_status_group":"unknown","_year":2025,"_year_label":"Source release year","_states":["Taraba"]},"geometry":{"type":"Point","coordinates":[10.3582,7.49223]}},{"type":"Feature","properties":{"geohash":"s1xuyxfvee","settlement_name":"Karim Lamido","state":"Taraba","lga":"Karim-Lamido","population":29918,"state_population_rank":20,"num_buildings":6204,"nightlight_signal":"nightlight_detected","distance_to_existing_transmission_lines":0.0,"distance_to_existing_hv_transmission_lines":37.87,"distance_to_gridlight_targets":0.0,"main_road_access":true,"dist_main_road_km":0.0,"has_education_facility":true,"has_health_facility":true,"_label":"Karim Lamido","_status_group":"unknown","_year":2025,"_year_label":"Source release year","_states":["Taraba"]},"geometry":{"type":"Point","coordinates":[11.18802,9.316]}},{"type":"Feature","properties":{"geohash":"s1pzsfw759","settlement_name":"Nguroje","state":"Taraba","lga":"Sardauna","population":27174,"state_population_rank":21,"num_buildings":5643,"nightlight_signal":"nightlight_detected","distance_to_existing_transmission_lines":88.35,"distance_to_existing_hv_transmission_lines":135.11,"distance_to_gridlight_targets":0.0,"main_road_access":true,"dist_main_road_km":0.0,"has_education_facility":true,"has_health_facility":true,"_label":"Nguroje","_status_group":"unknown","_year":2025,"_year_label":"Source release year","_states":["Taraba"]},"geometry":{"type":"Point","coordinates":[11.11592,6.95762]}},{"type":"Feature","properties":{"geohash":"s38181ne1k","settlement_name":"Sunkani","state":"Taraba","lga":"Ardo-Kola","population":26036,"state_population_rank":22,"num_buildings":6122,"nightlight_signal":"no_nightlight_detected","distance_to_existing_transmission_lines":0.0,"distance_to_existing_hv_transmission_lines":29.59,"distance_to_gridlight_targets":6.293,"main_road_access":true,"dist_main_road_km":0.0,"has_education_facility":true,"has_health_facility":true,"_label":"Sunkani","_status_group":"unknown","_year":2025,"_year_label":"Source release year","_states":["Taraba"]},"geometry":{"type":"Point","coordinates":[11.25898,8.7072]}},{"type":"Feature","properties":{"geohash":"s1rnnpf5uk","settlement_name":"Wukari","state":"Taraba","lga":"Wukari","population":25651,"state_population_rank":23,"num_buildings":5389,"nightlight_signal":"no_nightlight_detected","distance_to_existing_transmission_lines":0.0,"distance_to_existing_hv_transmission_lines":41.73,"distance_to_gridlight_targets":3.855,"main_road_access":true,"dist_main_road_km":0.0,"has_education_facility":true,"has_health_facility":true,"_label":"Wukari","_status_group":"unknown","_year":2025,"_year_label":"Source release year","_states":["Taraba"]},"geometry":{"type":"Point","coordinates":[10.11036,8.12918]}},{"type":"Feature","properties":{"geohash":"s1rqgsxg9c","settlement_name":"Location #753","state":"Taraba","lga":"Gassol","population":22548,"state_population_rank":24,"num_buildings":4843,"nightlight_signal":"no_nightlight_detected","distance_to_existing_transmission_lines":0.0,"distance_to_existing_hv_transmission_lines":57.2,"distance_to_gridlight_targets":9.729,"main_road_access":true,"dist_main_road_km":0.0,"has_education_facility":true,"has_health_facility":true,"_label":"Location #753","_status_group":"unknown","_year":2025,"_year_label":"Source release year","_states":["Taraba"]},"geometry":{"type":"Point","coordinates":[10.35984,8.2431]}},{"type":"Feature","properties":{"geohash":"s1r4dm9egr","settlement_name":"Takum","state":"Taraba","lga":"Takum","population":22065,"state_population_rank":25,"num_buildings":4569,"nightlight_signal":"no_nightlight_detected","distance_to_existing_transmission_lines":9.15,"distance_to_existing_hv_transmission_lines":3.71,"distance_to_gridlight_targets":20.686,"main_road_access":true,"dist_main_road_km":0.0,"has_education_facility":true,"has_health_facility":true,"_label":"Takum","_status_group":"unknown","_year":2025,"_year_label":"Source release year","_states":["Taraba"]},"geometry":{"type":"Point","coordinates":[9.94483,7.5016]}},{"type":"Feature","properties":{"geohash":"s1rnj4368r","settlement_name":"Wukari","state":"Taraba","lga":"Wukari","population":21164,"state_population_rank":26,"num_buildings":4693,"nightlight_signal":"nightlight_detected","distance_to_existing_transmission_lines":0.0,"distance_to_existing_hv_transmission_lines":38.71,"distance_to_gridlight_targets":0.0,"main_road_access":true,"dist_main_road_km":0.0,"has_education_facility":true,"has_health_facility":true,"_label":"Wukari","_status_group":"unknown","_year":2025,"_year_label":"Source release year","_states":["Taraba"]},"geometry":{"type":"Point","coordinates":[10.06521,8.09877]}},{"type":"Feature","properties":{"geohash":"s1rrmmz49f","settlement_name":"Wurio","state":"Taraba","lga":"Gassol","population":19191,"state_population_rank":27,"num_buildings":4322,"nightlight_signal":"nightlight_detected","distance_to_existing_transmission_lines":0.0,"distance_to_existing_hv_transmission_lines":70.3,"distance_to_gridlight_targets":0.0,"main_road_access":true,"dist_main_road_km":0.0,"has_education_facility":true,"has_health_facility":true,"_label":"Wurio","_status_group":"unknown","_year":2025,"_year_label":"Source release year","_states":["Taraba"]},"geometry":{"type":"Point","coordinates":[10.43572,8.3377]}},{"type":"Feature","properties":{"geohash":"s1r14runn5","settlement_name":"Takum","state":"Taraba","lga":"Takum","population":18087,"state_population_rank":28,"num_buildings":3756,"nightlight_signal":"nightlight_detected","distance_to_existing_transmission_lines":0.0,"distance_to_existing_hv_transmission_lines":2.52,"distance_to_gridlight_targets":0.0,"main_road_access":true,"dist_main_road_km":0.0,"has_education_facility":true,"has_health_facility":true,"_label":"Takum","_status_group":"unknown","_year":2025,"_year_label":"Source release year","_states":["Taraba"]},"geometry":{"type":"Point","coordinates":[9.94839,7.25065]}},{"type":"Feature","properties":{"geohash":"s38jkup9ss","settlement_name":"Jen Kaigama","state":"Taraba","lga":"Karim-Lamido","population":18007,"state_population_rank":29,"num_buildings":3885,"nightlight_signal":"no_nightlight_detected","distance_to_existing_transmission_lines":3.31,"distance_to_existing_hv_transmission_lines":30.45,"distance_to_gridlight_targets":15.498,"main_road_access":false,"dist_main_road_km":9.92,"has_education_facility":true,"has_health_facility":true,"_label":"Jen Kaigama","_status_group":"unknown","_year":2025,"_year_label":"Source release year","_states":["Taraba"]},"geometry":{"type":"Point","coordinates":[11.46924,9.38261]}},{"type":"Feature","properties":{"geohash":"s30pk4m88z","settlement_name":"Mayo Ndaga","state":"Taraba","lga":"Sardauna","population":17708,"state_population_rank":30,"num_buildings":3651,"nightlight_signal":"no_nightlight_detected","distance_to_existing_transmission_lines":115.69,"distance_to_existing_hv_transmission_lines":166.69,"distance_to_gridlight_targets":27.356,"main_road_access":false,"dist_main_road_km":23.78,"has_education_facility":true,"has_health_facility":true,"_label":"Mayo Ndaga","_status_group":"unknown","_year":2025,"_year_label":"Source release year","_states":["Taraba"]},"geometry":{"type":"Point","coordinates":[11.43338,6.9119]}},{"type":"Feature","properties":{"geohash":"s1qsz6cx9u","settlement_name":"Wukari","state":"Taraba","lga":"Wukari","population":17060,"state_population_rank":31,"num_buildings":3824,"nightlight_signal":"no_nightlight_detected","distance_to_existing_transmission_lines":0.0,"distance_to_existing_hv_transmission_lines":25.22,"distance_to_gridlight_targets":22.033,"main_road_access":true,"dist_main_road_km":0.0,"has_education_facility":true,"has_health_facility":true,"_label":"Wukari","_status_group":"unknown","_year":2025,"_year_label":"Source release year","_states":["Taraba"]},"geometry":{"type":"Point","coordinates":[9.46137,7.88263]}},{"type":"Feature","properties":{"geohash":"s1qzke3yx7","settlement_name":"Ibi","state":"Taraba","lga":"Ibi","population":16455,"state_population_rank":32,"num_buildings":3503,"nightlight_signal":"no_nightlight_detected","distance_to_existing_transmission_lines":10.6,"distance_to_existing_hv_transmission_lines":53.64,"distance_to_gridlight_targets":14.158,"main_road_access":true,"dist_main_road_km":0.0,"has_education_facility":true,"has_health_facility":true,"_label":"Ibi","_status_group":"unknown","_year":2025,"_year_label":"Source release year","_states":["Taraba"]},"geometry":{"type":"Point","coordinates":[9.69266,8.32465]}},{"type":"Feature","properties":{"geohash":"s1x833yke1","settlement_name":"Location #1042","state":"Taraba","lga":"Gassol","population":15553,"state_population_rank":33,"num_buildings":3657,"nightlight_signal":"no_nightlight_detected","distance_to_existing_transmission_lines":6.47,"distance_to_existing_hv_transmission_lines":94.71,"distance_to_gridlight_targets":4.619,"main_road_access":true,"dist_main_road_km":0.0,"has_education_facility":true,"has_health_facility":true,"_label":"Location #1042","_status_group":"unknown","_year":2025,"_year_label":"Source release year","_states":["Taraba"]},"geometry":{"type":"Point","coordinates":[10.61053,8.49184]}},{"type":"Feature","properties":{"geohash":"s1x2tdr5jq","settlement_name":"Gassol","state":"Taraba","lga":"Gassol","population":15441,"state_population_rank":34,"num_buildings":3403,"nightlight_signal":"nightlight_detected","distance_to_existing_transmission_lines":15.78,"distance_to_existing_hv_transmission_lines":91.56,"distance_to_gridlight_targets":0.0,"main_road_access":false,"dist_main_road_km":16.43,"has_education_facility":true,"has_health_facility":true,"_label":"Gassol","_status_group":"unknown","_year":2025,"_year_label":"Source release year","_states":["Taraba"]},"geometry":{"type":"Point","coordinates":[10.44686,8.5383]}},{"type":"Feature","properties":{"geohash":"s38h2u0ds3","settlement_name":"Lau","state":"Taraba","lga":"Lau","population":15162,"state_population_rank":35,"num_buildings":3242,"nightlight_signal":"nightlight_detected","distance_to_existing_transmission_lines":0.0,"distance_to_existing_hv_transmission_lines":21.26,"distance_to_gridlight_targets":0.0,"main_road_access":true,"dist_main_road_km":0.0,"has_education_facility":true,"has_health_facility":true,"_label":"Lau","_status_group":"unknown","_year":2025,"_year_label":"Source release year","_states":["Taraba"]},"geometry":{"type":"Point","coordinates":[11.28384,9.20698]}},{"type":"Feature","properties":{"geohash":"s1r0g41tq7","settlement_name":"Kpambo","state":"Taraba","lga":"Ussa","population":14448,"state_population_rank":36,"num_buildings":3269,"nightlight_signal":"nightlight_detected","distance_to_existing_transmission_lines":2.05,"distance_to_existing_hv_transmission_lines":8.07,"distance_to_gridlight_targets":0.0,"main_road_access":false,"dist_main_road_km":4.76,"has_education_facility":true,"has_health_facility":true,"_label":"Kpambo","_status_group":"unknown","_year":2025,"_year_label":"Source release year","_states":["Taraba"]},"geometry":{"type":"Point","coordinates":[9.97792,7.17499]}},{"type":"Feature","properties":{"geohash":"s1x0w9cfxp","settlement_name":"Ibi","state":"Taraba","lga":"Ibi","population":13590,"state_population_rank":37,"num_buildings":2893,"nightlight_signal":"no_nightlight_detected","distance_to_existing_transmission_lines":16.9,"distance_to_existing_hv_transmission_lines":84.28,"distance_to_gridlight_targets":32.863,"main_road_access":false,"dist_main_road_km":36.61,"has_education_facility":true,"has_health_facility":true,"_label":"Ibi","_status_group":"unknown","_year":2025,"_year_label":"Source release year","_states":["Taraba"]},"geometry":{"type":"Point","coordinates":[10.1321,8.53547]}},{"type":"Feature","properties":{"geohash":"s1ry1vnv14","settlement_name":"Sansani","state":"Taraba","lga":"Bali","population":13540,"state_population_rank":38,"num_buildings":2874,"nightlight_signal":"no_nightlight_detected","distance_to_existing_transmission_lines":0.0,"distance_to_existing_hv_transmission_lines":97.45,"distance_to_gridlight_targets":24.011,"main_road_access":true,"dist_main_road_km":0.0,"has_education_facility":true,"has_health_facility":true,"_label":"Sansani","_status_group":"unknown","_year":2025,"_year_label":"Source release year","_states":["Taraba"]},"geometry":{"type":"Point","coordinates":[10.98466,8.11427]}},{"type":"Feature","properties":{"geohash":"s1xf0mykvu","settlement_name":"Location #1396","state":"Taraba","lga":"Ardo-Kola","population":13291,"state_population_rank":39,"num_buildings":2817,"nightlight_signal":"no_nightlight_detected","distance_to_existing_transmission_lines":5.82,"distance_to_existing_hv_transmission_lines":51.86,"distance_to_gridlight_targets":17.705,"main_road_access":false,"dist_main_road_km":5.15,"has_education_facility":true,"has_health_facility":true,"_label":"Location #1396","_status_group":"unknown","_year":2025,"_year_label":"Source release year","_states":["Taraba"]},"geometry":{"type":"Point","coordinates":[10.91826,8.82149]}},{"type":"Feature","properties":{"geohash":"s1rs2vf7z9","settlement_name":"Kungana","state":"Taraba","lga":"Bali","population":12803,"state_population_rank":40,"num_buildings":2750,"nightlight_signal":"no_nightlight_detected","distance_to_existing_transmission_lines":22.74,"distance_to_existing_hv_transmission_lines":45.03,"distance_to_gridlight_targets":28.974,"main_road_access":true,"dist_main_road_km":0.0,"has_education_facility":true,"has_health_facility":true,"_label":"Kungana","_status_group":"unknown","_year":2025,"_year_label":"Source release year","_states":["Taraba"]},"geometry":{"type":"Point","coordinates":[10.58325,7.81056]}},{"type":"Feature","properties":{"geohash":"s4pfs5z2yj","settlement_name":"Potiskum","state":"Yobe","lga":"Potiskum","population":620586,"state_population_rank":1,"num_buildings":127403,"nightlight_signal":"nightlight_detected","distance_to_existing_transmission_lines":0.0,"distance_to_existing_hv_transmission_lines":0.0,"distance_to_gridlight_targets":0.0,"main_road_access":true,"dist_main_road_km":0.0,"has_education_facility":true,"has_health_facility":true,"_label":"Potiskum","_status_group":"unknown","_year":2025,"_year_label":"Source release year","_states":["Yobe"]},"geometry":{"type":"Point","coordinates":[11.08444,11.71021]}},{"type":"Feature","properties":{"geohash":"s60db32zvw","settlement_name":"Damaturu Central","state":"Yobe","lga":"Damaturu","population":326849,"state_population_rank":2,"num_buildings":69995,"nightlight_signal":"nightlight_detected","distance_to_existing_transmission_lines":0.0,"distance_to_existing_hv_transmission_lines":1.83,"distance_to_gridlight_targets":0.0,"main_road_access":true,"dist_main_road_km":0.0,"has_education_facility":true,"has_health_facility":true,"_label":"Damaturu Central","_status_group":"unknown","_year":2025,"_year_label":"Source release year","_states":["Yobe"]},"geometry":{"type":"Point","coordinates":[11.96538,11.74163]}},{"type":"Feature","properties":{"geohash":"s4rc70gr4d","settlement_name":"Lawan Fannami","state":"Yobe","lga":"Bade","population":206028,"state_population_rank":3,"num_buildings":43033,"nightlight_signal":"nightlight_detected","distance_to_existing_transmission_lines":0.0,"distance_to_existing_hv_transmission_lines":114.93,"distance_to_gridlight_targets":0.0,"main_road_access":true,"dist_main_road_km":0.0,"has_education_facility":true,"has_health_facility":true,"_label":"Lawan Fannami","_status_group":"unknown","_year":2025,"_year_label":"Source release year","_states":["Yobe"]},"geometry":{"type":"Point","coordinates":[11.03484,12.88131]}},{"type":"Feature","properties":{"geohash":"s4r3m8n7rh","settlement_name":"Nguru","state":"Yobe","lga":"Nguru","population":158159,"state_population_rank":4,"num_buildings":32285,"nightlight_signal":"nightlight_detected","distance_to_existing_transmission_lines":0.0,"distance_to_existing_hv_transmission_lines":61.22,"distance_to_gridlight_targets":0.0,"main_road_access":true,"dist_main_road_km":0.0,"has_education_facility":true,"has_health_facility":true,"_label":"Nguru","_status_group":"unknown","_year":2025,"_year_label":"Source release year","_states":["Yobe"]},"geometry":{"type":"Point","coordinates":[10.4459,12.87656]}},{"type":"Feature","properties":{"geohash":"s623r6y3bu","settlement_name":"Geidam","state":"Yobe","lga":"Geidam","population":125543,"state_population_rank":5,"num_buildings":25847,"nightlight_signal":"nightlight_detected","distance_to_existing_transmission_lines":0.0,"distance_to_existing_hv_transmission_lines":127.73,"distance_to_gridlight_targets":0.0,"main_road_access":true,"dist_main_road_km":0.0,"has_education_facility":true,"has_health_facility":true,"_label":"Geidam","_status_group":"unknown","_year":2025,"_year_label":"Source release year","_states":["Yobe"]},"geometry":{"type":"Point","coordinates":[11.92878,12.89141]}},{"type":"Feature","properties":{"geohash":"s6081hqkec","settlement_name":"Buni Yadi","state":"Yobe","lga":"Gujba","population":71235,"state_population_rank":6,"num_buildings":14687,"nightlight_signal":"nightlight_detected","distance_to_existing_transmission_lines":39.21,"distance_to_existing_hv_transmission_lines":28.32,"distance_to_gridlight_targets":0.0,"main_road_access":true,"dist_main_road_km":0.0,"has_education_facility":true,"has_health_facility":true,"_label":"Buni Yadi","_status_group":"unknown","_year":2025,"_year_label":"Source release year","_states":["Yobe"]},"geometry":{"type":"Point","coordinates":[12.00582,11.27413]}},{"type":"Feature","properties":{"geohash":"s4pbpqxr55","settlement_name":"Gadaka","state":"Yobe","lga":"Fika","population":39266,"state_population_rank":7,"num_buildings":8409,"nightlight_signal":"nightlight_detected","distance_to_existing_transmission_lines":0.0,"distance_to_existing_hv_transmission_lines":7.95,"distance_to_gridlight_targets":0.0,"main_road_access":false,"dist_main_road_km":7.34,"has_education_facility":true,"has_health_facility":true,"_label":"Gadaka","_status_group":"unknown","_year":2025,"_year_label":"Source release year","_states":["Yobe"]},"geometry":{"type":"Point","coordinates":[11.22713,11.28693]}},{"type":"Feature","properties":{"geohash":"s6043vwywz","settlement_name":"Damagum A","state":"Yobe","lga":"Fune","population":36230,"state_population_rank":8,"num_buildings":7406,"nightlight_signal":"nightlight_detected","distance_to_existing_transmission_lines":0.0,"distance_to_existing_hv_transmission_lines":18.58,"distance_to_gridlight_targets":0.0,"main_road_access":true,"dist_main_road_km":0.0,"has_education_facility":true,"has_health_facility":true,"_label":"Damagum A","_status_group":"unknown","_year":2025,"_year_label":"Source release year","_states":["Yobe"]},"geometry":{"type":"Point","coordinates":[11.33647,11.67688]}},{"type":"Feature","properties":{"geohash":"s4rfq4rt1p","settlement_name":"Yusufari","state":"Yobe","lga":"Yusufari","population":28904,"state_population_rank":9,"num_buildings":5917,"nightlight_signal":"nightlight_detected","distance_to_existing_transmission_lines":0.0,"distance_to_existing_hv_transmission_lines":139.58,"distance_to_gridlight_targets":0.0,"main_road_access":true,"dist_main_road_km":0.0,"has_education_facility":true,"has_health_facility":true,"_label":"Yusufari","_status_group":"unknown","_year":2025,"_year_label":"Source release year","_states":["Yobe"]},"geometry":{"type":"Point","coordinates":[11.17246,13.06502]}},{"type":"Feature","properties":{"geohash":"s6062rh7bm","settlement_name":"Ngelzarma A","state":"Yobe","lga":"Fune","population":26320,"state_population_rank":10,"num_buildings":5562,"nightlight_signal":"nightlight_detected","distance_to_existing_transmission_lines":0.0,"distance_to_existing_hv_transmission_lines":27.64,"distance_to_gridlight_targets":0.0,"main_road_access":true,"dist_main_road_km":0.0,"has_education_facility":true,"has_health_facility":true,"_label":"Ngelzarma A","_status_group":"unknown","_year":2025,"_year_label":"Source release year","_states":["Yobe"]},"geometry":{"type":"Point","coordinates":[11.6184,11.68463]}},{"type":"Feature","properties":{"geohash":"s60m5ukpb6","settlement_name":"Babangida","state":"Yobe","lga":"Tarmua","population":22559,"state_population_rank":11,"num_buildings":4903,"nightlight_signal":"nightlight_detected","distance_to_existing_transmission_lines":0.0,"distance_to_existing_hv_transmission_lines":54.28,"distance_to_gridlight_targets":0.0,"main_road_access":true,"dist_main_road_km":0.0,"has_education_facility":true,"has_health_facility":true,"_label":"Babangida","_status_group":"unknown","_year":2025,"_year_label":"Source release year","_states":["Yobe"]},"geometry":{"type":"Point","coordinates":[11.77187,12.1536]}},{"type":"Feature","properties":{"geohash":"s60pjejdgd","settlement_name":"Dapchi","state":"Yobe","lga":"Bursari","population":22116,"state_population_rank":12,"num_buildings":4606,"nightlight_signal":"nightlight_detected","distance_to_existing_transmission_lines":0.0,"distance_to_existing_hv_transmission_lines":98.51,"distance_to_gridlight_targets":0.0,"main_road_access":true,"dist_main_road_km":0.0,"has_education_facility":true,"has_health_facility":true,"_label":"Dapchi","_status_group":"unknown","_year":2025,"_year_label":"Source release year","_states":["Yobe"]},"geometry":{"type":"Point","coordinates":[11.49941,12.49743]}},{"type":"Feature","properties":{"geohash":"s624y9fmk0","settlement_name":"Yunusari","state":"Yobe","lga":"Yunusari","population":22068,"state_population_rank":13,"num_buildings":4690,"nightlight_signal":"nightlight_detected","distance_to_existing_transmission_lines":0.0,"distance_to_existing_hv_transmission_lines":166.36,"distance_to_gridlight_targets":0.0,"main_road_access":true,"dist_main_road_km":0.0,"has_education_facility":true,"has_health_facility":true,"_label":"Yunusari","_status_group":"unknown","_year":2025,"_year_label":"Source release year","_states":["Yobe"]},"geometry":{"type":"Point","coordinates":[11.53891,13.15017]}},{"type":"Feature","properties":{"geohash":"s4pwmhjk7e","settlement_name":"Jakusko","state":"Yobe","lga":"Jakusko","population":19005,"state_population_rank":14,"num_buildings":4082,"nightlight_signal":"nightlight_detected","distance_to_existing_transmission_lines":0.0,"distance_to_existing_hv_transmission_lines":80.26,"distance_to_gridlight_targets":0.0,"main_road_access":true,"dist_main_road_km":0.0,"has_education_facility":true,"has_health_facility":true,"_label":"Jakusko","_status_group":"unknown","_year":2025,"_year_label":"Source release year","_states":["Yobe"]},"geometry":{"type":"Point","coordinates":[10.77396,12.37136]}},{"type":"Feature","properties":{"geohash":"s60hhk9vke","settlement_name":"Jajere","state":"Yobe","lga":"Fune","population":18865,"state_population_rank":15,"num_buildings":3851,"nightlight_signal":"nightlight_detected","distance_to_existing_transmission_lines":0.0,"distance_to_existing_hv_transmission_lines":49.46,"distance_to_gridlight_targets":0.0,"main_road_access":false,"dist_main_road_km":33.72,"has_education_facility":true,"has_health_facility":true,"_label":"Jajere","_status_group":"unknown","_year":2025,"_year_label":"Source release year","_states":["Yobe"]},"geometry":{"type":"Point","coordinates":[11.43936,11.97876]}},{"type":"Feature","properties":{"geohash":"s4r9muhey0","settlement_name":"Jaji Maji","state":"Yobe","lga":"Karasuwa","population":17393,"state_population_rank":16,"num_buildings":3617,"nightlight_signal":"nightlight_detected","distance_to_existing_transmission_lines":0.0,"distance_to_existing_hv_transmission_lines":96.49,"distance_to_gridlight_targets":0.0,"main_road_access":true,"dist_main_road_km":0.0,"has_education_facility":true,"has_health_facility":true,"_label":"Jaji Maji","_status_group":"unknown","_year":2025,"_year_label":"Source release year","_states":["Yobe"]},"geometry":{"type":"Point","coordinates":[10.806,12.8986]}},{"type":"Feature","properties":{"geohash":"s3bqfbze9p","settlement_name":"Bumsa","state":"Yobe","lga":"Gulani","population":17292,"state_population_rank":17,"num_buildings":3805,"nightlight_signal":"no_nightlight_detected","distance_to_existing_transmission_lines":27.68,"distance_to_existing_hv_transmission_lines":9.6,"distance_to_gridlight_targets":6.714,"main_road_access":true,"dist_main_road_km":0.0,"has_education_facility":true,"has_health_facility":true,"_label":"Bumsa","_status_group":"unknown","_year":2025,"_year_label":"Source release year","_states":["Yobe"]},"geometry":{"type":"Point","coordinates":[11.73276,11.03503]}},{"type":"Feature","properties":{"geohash":"s3bx9xpt88","settlement_name":"Buni Gari","state":"Yobe","lga":"Gujba","population":17229,"state_population_rank":18,"num_buildings":3537,"nightlight_signal":"nightlight_detected","distance_to_existing_transmission_lines":32.51,"distance_to_existing_hv_transmission_lines":34.78,"distance_to_gridlight_targets":0.0,"main_road_access":true,"dist_main_road_km":0.0,"has_education_facility":true,"has_health_facility":true,"_label":"Buni Gari","_status_group":"unknown","_year":2025,"_year_label":"Source release year","_states":["Yobe"]},"geometry":{"type":"Point","coordinates":[12.02937,11.20151]}},{"type":"Feature","properties":{"geohash":"s6001q399u","settlement_name":"Fika Anze","state":"Yobe","lga":"Fika","population":16602,"state_population_rank":19,"num_buildings":3620,"nightlight_signal":"nightlight_detected","distance_to_existing_transmission_lines":0.36,"distance_to_existing_hv_transmission_lines":0.43,"distance_to_gridlight_targets":0.0,"main_road_access":true,"dist_main_road_km":0.16,"has_education_facility":true,"has_health_facility":true,"_label":"Fika Anze","_status_group":"unknown","_year":2025,"_year_label":"Source release year","_states":["Yobe"]},"geometry":{"type":"Point","coordinates":[11.30708,11.28462]}},{"type":"Feature","properties":{"geohash":"s3bpm1m9bv","settlement_name":"Ngalda","state":"Yobe","lga":"Fika","population":16544,"state_population_rank":20,"num_buildings":3411,"nightlight_signal":"nightlight_detected","distance_to_existing_transmission_lines":9.88,"distance_to_existing_hv_transmission_lines":11.07,"distance_to_gridlight_targets":0.0,"main_road_access":true,"dist_main_road_km":0.0,"has_education_facility":true,"has_health_facility":true,"_label":"Ngalda","_status_group":"unknown","_year":2025,"_year_label":"Source release year","_states":["Yobe"]},"geometry":{"type":"Point","coordinates":[11.47732,11.12536]}},{"type":"Feature","properties":{"geohash":"s3bm383v13","settlement_name":"Garin Tuwo","state":"Yobe","lga":"Gulani","population":16383,"state_population_rank":21,"num_buildings":3417,"nightlight_signal":"no_nightlight_detected","distance_to_existing_transmission_lines":19.13,"distance_to_existing_hv_transmission_lines":19.43,"distance_to_gridlight_targets":4.227,"main_road_access":false,"dist_main_road_km":3.71,"has_education_facility":true,"has_health_facility":true,"_label":"Garin Tuwo","_status_group":"unknown","_year":2025,"_year_label":"Source release year","_states":["Yobe"]},"geometry":{"type":"Point","coordinates":[11.66994,10.76884]}},{"type":"Feature","properties":{"geohash":"s4r4sxmj5u","settlement_name":"Machina","state":"Yobe","lga":"Machina","population":15254,"state_population_rank":22,"num_buildings":3336,"nightlight_signal":"nightlight_detected","distance_to_existing_transmission_lines":24.43,"distance_to_existing_hv_transmission_lines":73.15,"distance_to_gridlight_targets":0.0,"main_road_access":true,"dist_main_road_km":0.0,"has_education_facility":true,"has_health_facility":true,"_label":"Machina","_status_group":"unknown","_year":2025,"_year_label":"Source release year","_states":["Yobe"]},"geometry":{"type":"Point","coordinates":[10.04854,13.13641]}},{"type":"Feature","properties":{"geohash":"s4pu1hmnp8","settlement_name":"Dawasa","state":"Yobe","lga":"Nangere","population":14978,"state_population_rank":23,"num_buildings":3522,"nightlight_signal":"nightlight_detected","distance_to_existing_transmission_lines":0.0,"distance_to_existing_hv_transmission_lines":32.64,"distance_to_gridlight_targets":0.0,"main_road_access":true,"dist_main_road_km":0.0,"has_education_facility":true,"has_health_facility":true,"_label":"Dawasa","_status_group":"unknown","_year":2025,"_year_label":"Source release year","_states":["Yobe"]},"geometry":{"type":"Point","coordinates":[10.94958,11.9775]}},{"type":"Feature","properties":{"geohash":"s60c24tbzx","settlement_name":"Goniri","state":"Yobe","lga":"Gujba","population":14961,"state_population_rank":24,"num_buildings":3364,"nightlight_signal":"nightlight_detected","distance_to_existing_transmission_lines":0.0,"distance_to_existing_hv_transmission_lines":29.43,"distance_to_gridlight_targets":0.0,"main_road_access":true,"dist_main_road_km":0.26,"has_education_facility":true,"has_health_facility":true,"_label":"Goniri","_status_group":"unknown","_year":2025,"_year_label":"Source release year","_states":["Yobe"]},"geometry":{"type":"Point","coordinates":[12.31291,11.48363]}},{"type":"Feature","properties":{"geohash":"s6047u107d","settlement_name":"Daura B","state":"Yobe","lga":"Fune","population":14278,"state_population_rank":25,"num_buildings":2991,"nightlight_signal":"nightlight_detected","distance_to_existing_transmission_lines":0.0,"distance_to_existing_hv_transmission_lines":26.39,"distance_to_gridlight_targets":0.0,"main_road_access":true,"dist_main_road_km":0.0,"has_education_facility":true,"has_health_facility":true,"_label":"Daura B","_status_group":"unknown","_year":2025,"_year_label":"Source release year","_states":["Yobe"]},"geometry":{"type":"Point","coordinates":[11.41633,11.66754]}},{"type":"Feature","properties":{"geohash":"s60dv60dfn","settlement_name":"Gambir Moduri","state":"Yobe","lga":"Damaturu","population":13941,"state_population_rank":26,"num_buildings":3278,"nightlight_signal":"nightlight_detected","distance_to_existing_transmission_lines":0.14,"distance_to_existing_hv_transmission_lines":0.86,"distance_to_gridlight_targets":0.0,"main_road_access":true,"dist_main_road_km":0.03,"has_education_facility":true,"has_health_facility":true,"_label":"Gambir Moduri","_status_group":"unknown","_year":2025,"_year_label":"Source release year","_states":["Yobe"]},"geometry":{"type":"Point","coordinates":[12.18461,11.74489]}},{"type":"Feature","properties":{"geohash":"s620tukv0k","settlement_name":"Bayamari","state":"Yobe","lga":"Bursari","population":13467,"state_population_rank":27,"num_buildings":2923,"nightlight_signal":"nightlight_detected","distance_to_existing_transmission_lines":0.0,"distance_to_existing_hv_transmission_lines":126.56,"distance_to_gridlight_targets":0.0,"main_road_access":true,"dist_main_road_km":0.0,"has_education_facility":true,"has_health_facility":true,"_label":"Bayamari","_status_group":"unknown","_year":2025,"_year_label":"Source release year","_states":["Yobe"]},"geometry":{"type":"Point","coordinates":[11.50922,12.76837]}},{"type":"Feature","properties":{"geohash":"s4pz2wuskq","settlement_name":"Jakusko","state":"Yobe","lga":"Jakusko","population":12466,"state_population_rank":28,"num_buildings":2585,"nightlight_signal":"nightlight_detected","distance_to_existing_transmission_lines":0.0,"distance_to_existing_hv_transmission_lines":95.9,"distance_to_gridlight_targets":0.0,"main_road_access":true,"dist_main_road_km":0.0,"has_education_facility":true,"has_health_facility":true,"_label":"Jakusko","_status_group":"unknown","_year":2025,"_year_label":"Source release year","_states":["Yobe"]},"geometry":{"type":"Point","coordinates":[10.92677,12.56226]}},{"type":"Feature","properties":{"geohash":"s3bq24kw46","settlement_name":"Njibulwa","state":"Yobe","lga":"Gulani","population":11252,"state_population_rank":29,"num_buildings":2284,"nightlight_signal":"no_nightlight_detected","distance_to_existing_transmission_lines":11.82,"distance_to_existing_hv_transmission_lines":1.88,"distance_to_gridlight_targets":6.979,"main_road_access":false,"dist_main_road_km":7.34,"has_education_facility":true,"has_health_facility":true,"_label":"Njibulwa","_status_group":"unknown","_year":2025,"_year_label":"Source release year","_states":["Yobe"]},"geometry":{"type":"Point","coordinates":[11.60784,10.95578]}},{"type":"Feature","properties":{"geohash":"s3bqux62yc","settlement_name":"Bularafa","state":"Yobe","lga":"Gulani","population":10738,"state_population_rank":30,"num_buildings":2381,"nightlight_signal":"nightlight_detected","distance_to_existing_transmission_lines":34.83,"distance_to_existing_hv_transmission_lines":15.79,"distance_to_gridlight_targets":0.0,"main_road_access":true,"dist_main_road_km":0.0,"has_education_facility":true,"has_health_facility":true,"_label":"Bularafa","_status_group":"unknown","_year":2025,"_year_label":"Source release year","_states":["Yobe"]},"geometry":{"type":"Point","coordinates":[11.8027,11.07023]}},{"type":"Feature","properties":{"geohash":"s3brqmg2fq","settlement_name":"Bularafa","state":"Yobe","lga":"Gujba","population":10364,"state_population_rank":31,"num_buildings":2437,"nightlight_signal":"no_nightlight_detected","distance_to_existing_transmission_lines":34.62,"distance_to_existing_hv_transmission_lines":22.97,"distance_to_gridlight_targets":4.066,"main_road_access":false,"dist_main_road_km":3.71,"has_education_facility":true,"has_health_facility":true,"_label":"Bularafa","_status_group":"unknown","_year":2025,"_year_label":"Source release year","_states":["Yobe"]},"geometry":{"type":"Point","coordinates":[11.88078,11.14992]}},{"type":"Feature","properties":{"geohash":"s4pvu9x6j6","settlement_name":"Jakusko","state":"Yobe","lga":"Jakusko","population":10139,"state_population_rank":32,"num_buildings":2203,"nightlight_signal":"nightlight_detected","distance_to_existing_transmission_lines":7.09,"distance_to_existing_hv_transmission_lines":62.46,"distance_to_gridlight_targets":0.0,"main_road_access":false,"dist_main_road_km":24.32,"has_education_facility":true,"has_health_facility":true,"_label":"Jakusko","_status_group":"unknown","_year":2025,"_year_label":"Source release year","_states":["Yobe"]},"geometry":{"type":"Point","coordinates":[11.10637,12.26934]}},{"type":"Feature","properties":{"geohash":"s3bmdbhbd2","settlement_name":"Teteba","state":"Yobe","lga":"Gulani","population":9568,"state_population_rank":33,"num_buildings":2025,"nightlight_signal":"nightlight_detected","distance_to_existing_transmission_lines":23.26,"distance_to_existing_hv_transmission_lines":22.45,"distance_to_gridlight_targets":0.0,"main_road_access":true,"dist_main_road_km":0.0,"has_education_facility":true,"has_health_facility":true,"_label":"Teteba","_status_group":"unknown","_year":2025,"_year_label":"Source release year","_states":["Yobe"]},"geometry":{"type":"Point","coordinates":[11.72903,10.81064]}},{"type":"Feature","properties":{"geohash":"s4ptrt1pxg","settlement_name":"Jakusko","state":"Yobe","lga":"Jakusko","population":9546,"state_population_rank":34,"num_buildings":1957,"nightlight_signal":"nightlight_detected","distance_to_existing_transmission_lines":0.0,"distance_to_existing_hv_transmission_lines":58.58,"distance_to_gridlight_targets":0.0,"main_road_access":true,"dist_main_road_km":0.0,"has_education_facility":true,"has_health_facility":true,"_label":"Jakusko","_status_group":"unknown","_year":2025,"_year_label":"Source release year","_states":["Yobe"]},"geometry":{"type":"Point","coordinates":[10.87818,12.20162]}},{"type":"Feature","properties":{"geohash":"s603z0tx0t","settlement_name":"Gujba","state":"Yobe","lga":"Gujba","population":9360,"state_population_rank":35,"num_buildings":1955,"nightlight_signal":"nightlight_detected","distance_to_existing_transmission_lines":13.61,"distance_to_existing_hv_transmission_lines":5.59,"distance_to_gridlight_targets":0.0,"main_road_access":true,"dist_main_road_km":0.0,"has_education_facility":true,"has_health_facility":true,"_label":"Gujba","_status_group":"unknown","_year":2025,"_year_label":"Source release year","_states":["Yobe"]},"geometry":{"type":"Point","coordinates":[11.91676,11.5616]}},{"type":"Feature","properties":{"geohash":"s62de2xzs0","settlement_name":"Kanamma","state":"Yobe","lga":"Yunusari","population":8600,"state_population_rank":36,"num_buildings":1753,"nightlight_signal":"no_nightlight_detected","distance_to_existing_transmission_lines":28.18,"distance_to_existing_hv_transmission_lines":149.77,"distance_to_gridlight_targets":27.606,"main_road_access":false,"dist_main_road_km":6.92,"has_education_facility":true,"has_health_facility":true,"_label":"Kanamma","_status_group":"unknown","_year":2025,"_year_label":"Source release year","_states":["Yobe"]},"geometry":{"type":"Point","coordinates":[12.10677,13.09974]}},{"type":"Feature","properties":{"geohash":"s4pg7zvg85","settlement_name":"Nangere","state":"Yobe","lga":"Nangere","population":8561,"state_population_rank":37,"num_buildings":2013,"nightlight_signal":"nightlight_detected","distance_to_existing_transmission_lines":0.0,"distance_to_existing_hv_transmission_lines":17.33,"distance_to_gridlight_targets":0.0,"main_road_access":true,"dist_main_road_km":0.0,"has_education_facility":true,"has_health_facility":true,"_label":"Nangere","_status_group":"unknown","_year":2025,"_year_label":"Source release year","_states":["Yobe"]},"geometry":{"type":"Point","coordinates":[11.07113,11.86448]}},{"type":"Feature","properties":{"geohash":"s4rcq71j56","settlement_name":"Masaba","state":"Yobe","lga":"Bursari","population":8534,"state_population_rank":38,"num_buildings":1822,"nightlight_signal":"no_nightlight_detected","distance_to_existing_transmission_lines":10.42,"distance_to_existing_hv_transmission_lines":132.34,"distance_to_gridlight_targets":10.551,"main_road_access":false,"dist_main_road_km":8.68,"has_education_facility":true,"has_health_facility":true,"_label":"Masaba","_status_group":"unknown","_year":2025,"_year_label":"Source release year","_states":["Yobe"]},"geometry":{"type":"Point","coordinates":[11.17462,12.89333]}},{"type":"Feature","properties":{"geohash":"s3bqzsb73e","settlement_name":"Dokshi","state":"Yobe","lga":"Gulani","population":8475,"state_population_rank":39,"num_buildings":1713,"nightlight_signal":"no_nightlight_detected","distance_to_existing_transmission_lines":23.17,"distance_to_existing_hv_transmission_lines":30.47,"distance_to_gridlight_targets":5.467,"main_road_access":false,"dist_main_road_km":5.88,"has_education_facility":true,"has_health_facility":true,"_label":"Dokshi","_status_group":"unknown","_year":2025,"_year_label":"Source release year","_states":["Yobe"]},"geometry":{"type":"Point","coordinates":[11.93156,11.05695]}},{"type":"Feature","properties":{"geohash":"s4pum5szkm","settlement_name":"Kayeri","state":"Yobe","lga":"Fune","population":8223,"state_population_rank":40,"num_buildings":1849,"nightlight_signal":"nightlight_detected","distance_to_existing_transmission_lines":0.0,"distance_to_existing_hv_transmission_lines":34.77,"distance_to_gridlight_targets":0.0,"main_road_access":false,"dist_main_road_km":16.62,"has_education_facility":true,"has_health_facility":true,"_label":"Kayeri","_status_group":"unknown","_year":2025,"_year_label":"Source release year","_states":["Yobe"]},"geometry":{"type":"Point","coordinates":[11.12487,12.01757]}},{"type":"Feature","properties":{"geohash":"s4htrbuc42","settlement_name":"Gusau","state":"Zamfara","lga":"Gusau","population":556399,"state_population_rank":1,"num_buildings":114389,"nightlight_signal":"nightlight_detected","distance_to_existing_transmission_lines":0.0,"distance_to_existing_hv_transmission_lines":0.0,"distance_to_gridlight_targets":0.0,"main_road_access":true,"dist_main_road_km":0.0,"has_education_facility":true,"has_health_facility":true,"_label":"Gusau","_status_group":"unknown","_year":2025,"_year_label":"Source release year","_states":["Zamfara"]},"geometry":{"type":"Point","coordinates":[6.67532,12.17714]}},{"type":"Feature","properties":{"geohash":"s4hxtur819","settlement_name":"Sarkin Mafara-Sarkin Baura","state":"Zamfara","lga":"Kaura Namoda","population":122922,"state_population_rank":2,"num_buildings":25380,"nightlight_signal":"nightlight_detected","distance_to_existing_transmission_lines":0.0,"distance_to_existing_hv_transmission_lines":35.14,"distance_to_gridlight_targets":0.0,"main_road_access":true,"dist_main_road_km":0.0,"has_education_facility":true,"has_health_facility":true,"_label":"Sarkin Mafara-Sarkin Baura","_status_group":"unknown","_year":2025,"_year_label":"Source release year","_states":["Zamfara"]},"geometry":{"type":"Point","coordinates":[6.59118,12.59172]}},{"type":"Feature","properties":{"geohash":"s4hr3z7m5x","settlement_name":"Galadima","state":"Zamfara","lga":"Talata Mafara","population":92794,"state_population_rank":3,"num_buildings":19023,"nightlight_signal":"nightlight_detected","distance_to_existing_transmission_lines":0.0,"distance_to_existing_hv_transmission_lines":0.04,"distance_to_gridlight_targets":0.0,"main_road_access":true,"dist_main_road_km":0.0,"has_education_facility":true,"has_health_facility":true,"_label":"Galadima","_status_group":"unknown","_year":2025,"_year_label":"Source release year","_states":["Zamfara"]},"geometry":{"type":"Point","coordinates":[6.05809,12.56514]}},{"type":"Feature","properties":{"geohash":"s45thd4114","settlement_name":"Magaji","state":"Zamfara","lga":"Gummi","population":91452,"state_population_rank":4,"num_buildings":19213,"nightlight_signal":"nightlight_detected","distance_to_existing_transmission_lines":0.0,"distance_to_existing_hv_transmission_lines":67.04,"distance_to_gridlight_targets":0.0,"main_road_access":true,"dist_main_road_km":0.0,"has_education_facility":true,"has_health_facility":true,"_label":"Magaji","_status_group":"unknown","_year":2025,"_year_label":"Source release year","_states":["Zamfara"]},"geometry":{"type":"Point","coordinates":[5.12242,12.14008]}},{"type":"Feature","properties":{"geohash":"s4kd7gmrgg","settlement_name":"Shinkafi North","state":"Zamfara","lga":"Shinkafi","population":76884,"state_population_rank":5,"num_buildings":15920,"nightlight_signal":"nightlight_detected","distance_to_existing_transmission_lines":0.0,"distance_to_existing_hv_transmission_lines":69.46,"distance_to_gridlight_targets":0.0,"main_road_access":true,"dist_main_road_km":0.0,"has_education_facility":true,"has_health_facility":true,"_label":"Shinkafi North","_status_group":"unknown","_year":2025,"_year_label":"Source release year","_states":["Zamfara"]},"geometry":{"type":"Point","coordinates":[6.50029,13.07096]}},{"type":"Feature","properties":{"geohash":"s4huj3n3bk","settlement_name":"Tsafe Central","state":"Zamfara","lga":"Tsafe","population":61694,"state_population_rank":6,"num_buildings":12980,"nightlight_signal":"nightlight_detected","distance_to_existing_transmission_lines":0.0,"distance_to_existing_hv_transmission_lines":0.85,"distance_to_gridlight_targets":0.0,"main_road_access":true,"dist_main_road_km":0.0,"has_education_facility":true,"has_health_facility":true,"_label":"Tsafe Central","_status_group":"unknown","_year":2025,"_year_label":"Source release year","_states":["Zamfara"]},"geometry":{"type":"Point","coordinates":[6.919,11.95894]}},{"type":"Feature","properties":{"geohash":"s4htv1tws6","settlement_name":"Bungudu","state":"Zamfara","lga":"Bungudu","population":39995,"state_population_rank":7,"num_buildings":8199,"nightlight_signal":"nightlight_detected","distance_to_existing_transmission_lines":0.0,"distance_to_existing_hv_transmission_lines":0.34,"distance_to_gridlight_targets":0.0,"main_road_access":true,"dist_main_road_km":0.0,"has_education_facility":true,"has_health_facility":true,"_label":"Bungudu","_status_group":"unknown","_year":2025,"_year_label":"Source release year","_states":["Zamfara"]},"geometry":{"type":"Point","coordinates":[6.5556,12.27011]}},{"type":"Feature","properties":{"geohash":"s4hv17ys09","settlement_name":"Gusau","state":"Zamfara","lga":"Gusau","population":38134,"state_population_rank":8,"num_buildings":8203,"nightlight_signal":"nightlight_detected","distance_to_existing_transmission_lines":0.0,"distance_to_existing_hv_transmission_lines":0.0,"distance_to_gridlight_targets":0.0,"main_road_access":true,"dist_main_road_km":0.0,"has_education_facility":true,"has_health_facility":true,"_label":"Gusau","_status_group":"unknown","_year":2025,"_year_label":"Source release year","_states":["Zamfara"]},"geometry":{"type":"Point","coordinates":[6.74357,12.1502]}},{"type":"Feature","properties":{"geohash":"s4hdwjb30s","settlement_name":"Gusau","state":"Zamfara","lga":"Gusau","population":37192,"state_population_rank":9,"num_buildings":7825,"nightlight_signal":"no_nightlight_detected","distance_to_existing_transmission_lines":0.0,"distance_to_existing_hv_transmission_lines":41.22,"distance_to_gridlight_targets":42.094,"main_road_access":true,"dist_main_road_km":0.0,"has_education_facility":true,"has_health_facility":true,"_label":"Gusau","_status_group":"unknown","_year":2025,"_year_label":"Source release year","_states":["Zamfara"]},"geometry":{"type":"Point","coordinates":[6.59217,11.72123]}},{"type":"Feature","properties":{"geohash":"s4h87c6h1u","settlement_name":"Dansadau","state":"Zamfara","lga":"Maru","population":36313,"state_population_rank":10,"num_buildings":7402,"nightlight_signal":"no_nightlight_detected","distance_to_existing_transmission_lines":0.0,"distance_to_existing_hv_transmission_lines":66.36,"distance_to_gridlight_targets":58.475,"main_road_access":true,"dist_main_road_km":0.0,"has_education_facility":true,"has_health_facility":true,"_label":"Dansadau","_status_group":"unknown","_year":2025,"_year_label":"Source release year","_states":["Zamfara"]},"geometry":{"type":"Point","coordinates":[6.49574,11.30152]}},{"type":"Feature","properties":{"geohash":"s4k0mdu96p","settlement_name":"Bakura","state":"Zamfara","lga":"Bakura","population":32737,"state_population_rank":11,"num_buildings":6617,"nightlight_signal":"nightlight_detected","distance_to_existing_transmission_lines":0.0,"distance_to_existing_hv_transmission_lines":1.46,"distance_to_gridlight_targets":0.0,"main_road_access":true,"dist_main_road_km":0.0,"has_education_facility":true,"has_health_facility":true,"_label":"Bakura","_status_group":"unknown","_year":2025,"_year_label":"Source release year","_states":["Zamfara"]},"geometry":{"type":"Point","coordinates":[5.87297,12.71556]}},{"type":"Feature","properties":{"geohash":"s4hwku4wcb","settlement_name":"Nahuche","state":"Zamfara","lga":"Bungudu","population":30741,"state_population_rank":12,"num_buildings":6449,"nightlight_signal":"nightlight_detected","distance_to_existing_transmission_lines":0.0,"distance_to_existing_hv_transmission_lines":11.94,"distance_to_gridlight_targets":0.0,"main_road_access":false,"dist_main_road_km":7.35,"has_education_facility":true,"has_health_facility":true,"_label":"Nahuche","_status_group":"unknown","_year":2025,"_year_label":"Source release year","_states":["Zamfara"]},"geometry":{"type":"Point","coordinates":[6.54038,12.37177]}},{"type":"Feature","properties":{"geohash":"s4hvjcbq40","settlement_name":"Gusau","state":"Zamfara","lga":"Gusau","population":30373,"state_population_rank":13,"num_buildings":6200,"nightlight_signal":"nightlight_detected","distance_to_existing_transmission_lines":0.0,"distance_to_existing_hv_transmission_lines":12.1,"distance_to_gridlight_targets":0.0,"main_road_access":false,"dist_main_road_km":8.28,"has_education_facility":true,"has_health_facility":true,"_label":"Gusau","_status_group":"unknown","_year":2025,"_year_label":"Source release year","_states":["Zamfara"]},"geometry":{"type":"Point","coordinates":[6.93281,12.13955]}},{"type":"Feature","properties":{"geohash":"s4k978j7fk","settlement_name":"Moriki","state":"Zamfara","lga":"Zurmi","population":30116,"state_population_rank":14,"num_buildings":6272,"nightlight_signal":"no_nightlight_detected","distance_to_existing_transmission_lines":0.0,"distance_to_existing_hv_transmission_lines":55.98,"distance_to_gridlight_targets":4.47,"main_road_access":true,"dist_main_road_km":0.0,"has_education_facility":true,"has_health_facility":true,"_label":"Moriki","_status_group":"unknown","_year":2025,"_year_label":"Source release year","_states":["Zamfara"]},"geometry":{"type":"Point","coordinates":[6.48925,12.87665]}},{"type":"Feature","properties":{"geohash":"s4hw1swvg0","settlement_name":"Maru","state":"Zamfara","lga":"Maru","population":29794,"state_population_rank":15,"num_buildings":6196,"nightlight_signal":"nightlight_detected","distance_to_existing_transmission_lines":0.0,"distance_to_existing_hv_transmission_lines":1.5,"distance_to_gridlight_targets":0.0,"main_road_access":true,"dist_main_road_km":0.0,"has_education_facility":true,"has_health_facility":true,"_label":"Maru","_status_group":"unknown","_year":2025,"_year_label":"Source release year","_states":["Zamfara"]},"geometry":{"type":"Point","coordinates":[6.40344,12.3304]}},{"type":"Feature","properties":{"geohash":"s4hrkmg98f","settlement_name":"Maradun South","state":"Zamfara","lga":"Maradun","population":28105,"state_population_rank":16,"num_buildings":5729,"nightlight_signal":"nightlight_detected","distance_to_existing_transmission_lines":0.0,"distance_to_existing_hv_transmission_lines":6.51,"distance_to_gridlight_targets":0.0,"main_road_access":true,"dist_main_road_km":0.36,"has_education_facility":true,"has_health_facility":true,"_label":"Maradun South","_status_group":"unknown","_year":2025,"_year_label":"Source release year","_states":["Zamfara"]},"geometry":{"type":"Point","coordinates":[6.16817,12.55627]}},{"type":"Feature","properties":{"geohash":"s4kbdqf4j4","settlement_name":"Zurmi","state":"Zamfara","lga":"Zurmi","population":27571,"state_population_rank":17,"num_buildings":5742,"nightlight_signal":"nightlight_detected","distance_to_existing_transmission_lines":0.0,"distance_to_existing_hv_transmission_lines":61.74,"distance_to_gridlight_targets":0.0,"main_road_access":true,"dist_main_road_km":0.0,"has_education_facility":true,"has_health_facility":true,"_label":"Zurmi","_status_group":"unknown","_year":2025,"_year_label":"Source release year","_states":["Zamfara"]},"geometry":{"type":"Point","coordinates":[6.78153,12.78158]}},{"type":"Feature","properties":{"geohash":"s4hhyuqpmp","settlement_name":"Magaji","state":"Zamfara","lga":"Anka","population":26943,"state_population_rank":18,"num_buildings":5587,"nightlight_signal":"nightlight_detected","distance_to_existing_transmission_lines":0.0,"distance_to_existing_hv_transmission_lines":43.11,"distance_to_gridlight_targets":0.0,"main_road_access":true,"dist_main_road_km":0.0,"has_education_facility":true,"has_health_facility":true,"_label":"Magaji","_status_group":"unknown","_year":2025,"_year_label":"Source release year","_states":["Zamfara"]},"geometry":{"type":"Point","coordinates":[5.93009,12.10959]}},{"type":"Feature","properties":{"geohash":"s4hxj3bmwx","settlement_name":"Kurya","state":"Zamfara","lga":"Kaura Namoda","population":26023,"state_population_rank":19,"num_buildings":5350,"nightlight_signal":"nightlight_detected","distance_to_existing_transmission_lines":0.0,"distance_to_existing_hv_transmission_lines":25.39,"distance_to_gridlight_targets":0.0,"main_road_access":true,"dist_main_road_km":0.47,"has_education_facility":true,"has_health_facility":true,"_label":"Kurya","_status_group":"unknown","_year":2025,"_year_label":"Source release year","_states":["Zamfara"]},"geometry":{"type":"Point","coordinates":[6.55946,12.49107]}},{"type":"Feature","properties":{"geohash":"s4hzg7dmkq","settlement_name":"Birnin Magaji","state":"Zamfara","lga":"Birnin Magaji","population":25865,"state_population_rank":20,"num_buildings":5442,"nightlight_signal":"nightlight_detected","distance_to_existing_transmission_lines":0.0,"distance_to_existing_hv_transmission_lines":48.59,"distance_to_gridlight_targets":0.0,"main_road_access":true,"dist_main_road_km":0.0,"has_education_facility":true,"has_health_facility":true,"_label":"Birnin Magaji","_status_group":"unknown","_year":2025,"_year_label":"Source release year","_states":["Zamfara"]},"geometry":{"type":"Point","coordinates":[6.82579,12.63246]}},{"type":"Feature","properties":{"geohash":"s4k0p0r4yf","settlement_name":"Yarkofoji","state":"Zamfara","lga":"Bakura","population":24160,"state_population_rank":21,"num_buildings":5150,"nightlight_signal":"nightlight_detected","distance_to_existing_transmission_lines":0.0,"distance_to_existing_hv_transmission_lines":4.11,"distance_to_gridlight_targets":0.0,"main_road_access":false,"dist_main_road_km":5.61,"has_education_facility":true,"has_health_facility":true,"_label":"Yarkofoji","_status_group":"unknown","_year":2025,"_year_label":"Source release year","_states":["Zamfara"]},"geometry":{"type":"Point","coordinates":[5.94253,12.65811]}},{"type":"Feature","properties":{"geohash":"s4hv54qknz","settlement_name":"Kwatarkwashi","state":"Zamfara","lga":"Bungudu","population":22377,"state_population_rank":22,"num_buildings":4708,"nightlight_signal":"nightlight_detected","distance_to_existing_transmission_lines":0.0,"distance_to_existing_hv_transmission_lines":4.27,"distance_to_gridlight_targets":0.0,"main_road_access":true,"dist_main_road_km":0.0,"has_education_facility":true,"has_health_facility":true,"_label":"Kwatarkwashi","_status_group":"unknown","_year":2025,"_year_label":"Source release year","_states":["Zamfara"]},"geometry":{"type":"Point","coordinates":[6.8204,12.14199]}},{"type":"Feature","properties":{"geohash":"s4hmd1kdqe","settlement_name":"Tashar Kuturu","state":"Zamfara","lga":"Talata Mafara","population":21986,"state_population_rank":23,"num_buildings":4488,"nightlight_signal":"nightlight_detected","distance_to_existing_transmission_lines":0.0,"distance_to_existing_hv_transmission_lines":23.46,"distance_to_gridlight_targets":0.0,"main_road_access":false,"dist_main_road_km":1.57,"has_education_facility":true,"has_health_facility":true,"_label":"Tashar Kuturu","_status_group":"unknown","_year":2025,"_year_label":"Source release year","_states":["Zamfara"]},"geometry":{"type":"Point","coordinates":[6.07091,12.22407]}},{"type":"Feature","properties":{"geohash":"s4hxtd1p3m","settlement_name":"Kungurki","state":"Zamfara","lga":"Kaura Namoda","population":21654,"state_population_rank":24,"num_buildings":4471,"nightlight_signal":"nightlight_detected","distance_to_existing_transmission_lines":0.0,"distance_to_existing_hv_transmission_lines":34.7,"distance_to_gridlight_targets":0.0,"main_road_access":true,"dist_main_road_km":0.0,"has_education_facility":true,"has_health_facility":true,"_label":"Kungurki","_status_group":"unknown","_year":2025,"_year_label":"Source release year","_states":["Zamfara"]},"geometry":{"type":"Point","coordinates":[6.57126,12.58062]}},{"type":"Feature","properties":{"geohash":"s4hhd8vv7j","settlement_name":"Kwana Maje","state":"Zamfara","lga":"Bukkuyum","population":21622,"state_population_rank":25,"num_buildings":4490,"nightlight_signal":"nightlight_detected","distance_to_existing_transmission_lines":0.0,"distance_to_existing_hv_transmission_lines":62.75,"distance_to_gridlight_targets":0.0,"main_road_access":false,"dist_main_road_km":4.46,"has_education_facility":true,"has_health_facility":true,"_label":"Kwana Maje","_status_group":"unknown","_year":2025,"_year_label":"Source release year","_states":["Zamfara"]},"geometry":{"type":"Point","coordinates":[5.7429,12.04607]}},{"type":"Feature","properties":{"geohash":"s4hfg7emuy","settlement_name":"Danjibga","state":"Zamfara","lga":"Tsafe","population":21356,"state_population_rank":26,"num_buildings":4403,"nightlight_signal":"no_nightlight_detected","distance_to_existing_transmission_lines":0.0,"distance_to_existing_hv_transmission_lines":18.78,"distance_to_gridlight_targets":20.039,"main_road_access":true,"dist_main_road_km":0.0,"has_education_facility":true,"has_health_facility":true,"_label":"Danjibga","_status_group":"unknown","_year":2025,"_year_label":"Source release year","_states":["Zamfara"]},"geometry":{"type":"Point","coordinates":[6.82718,11.75365]}},{"type":"Feature","properties":{"geohash":"s4hz6gxw71","settlement_name":"Godel West","state":"Zamfara","lga":"Birnin Magaji","population":21249,"state_population_rank":27,"num_buildings":4517,"nightlight_signal":"no_nightlight_detected","distance_to_existing_transmission_lines":8.69,"distance_to_existing_hv_transmission_lines":39.46,"distance_to_gridlight_targets":8.348,"main_road_access":false,"dist_main_road_km":1.37,"has_education_facility":true,"has_health_facility":true,"_label":"Godel West","_status_group":"unknown","_year":2025,"_year_label":"Source release year","_states":["Zamfara"]},"geometry":{"type":"Point","coordinates":[6.81097,12.54472]}},{"type":"Feature","properties":{"geohash":"s4kd60sg8t","settlement_name":"Galadi","state":"Zamfara","lga":"Shinkafi","population":20570,"state_population_rank":28,"num_buildings":4392,"nightlight_signal":"no_nightlight_detected","distance_to_existing_transmission_lines":7.34,"distance_to_existing_hv_transmission_lines":62.79,"distance_to_gridlight_targets":6.802,"main_road_access":false,"dist_main_road_km":6.53,"has_education_facility":true,"has_health_facility":true,"_label":"Galadi","_status_group":"unknown","_year":2025,"_year_label":"Source release year","_states":["Zamfara"]},"geometry":{"type":"Point","coordinates":[6.42257,13.05514]}},{"type":"Feature","properties":{"geohash":"s4h3fmz9dk","settlement_name":"Dankurmi","state":"Zamfara","lga":"Maru","population":19231,"state_population_rank":29,"num_buildings":3982,"nightlight_signal":"no_nightlight_detected","distance_to_existing_transmission_lines":17.15,"distance_to_existing_hv_transmission_lines":85.19,"distance_to_gridlight_targets":35.354,"main_road_access":true,"dist_main_road_km":0.0,"has_education_facility":true,"has_health_facility":true,"_label":"Dankurmi","_status_group":"unknown","_year":2025,"_year_label":"Source release year","_states":["Zamfara"]},"geometry":{"type":"Point","coordinates":[6.08584,11.58948]}},{"type":"Feature","properties":{"geohash":"s45vh3j2b3","settlement_name":"Bukkuyum","state":"Zamfara","lga":"Bukkuyum","population":18110,"state_population_rank":30,"num_buildings":3844,"nightlight_signal":"nightlight_detected","distance_to_existing_transmission_lines":0.0,"distance_to_existing_hv_transmission_lines":71.67,"distance_to_gridlight_targets":0.0,"main_road_access":false,"dist_main_road_km":12.77,"has_education_facility":true,"has_health_facility":true,"_label":"Bukkuyum","_status_group":"unknown","_year":2025,"_year_label":"Source release year","_states":["Zamfara"]},"geometry":{"type":"Point","coordinates":[5.46744,12.13453]}},{"type":"Feature","properties":{"geohash":"s4k25m0592","settlement_name":"Gorar Namaye","state":"Zamfara","lga":"Maradun","population":17458,"state_population_rank":31,"num_buildings":4105,"nightlight_signal":"nightlight_detected","distance_to_existing_transmission_lines":0.0,"distance_to_existing_hv_transmission_lines":10.63,"distance_to_gridlight_targets":0.0,"main_road_access":true,"dist_main_road_km":0.0,"has_education_facility":true,"has_health_facility":true,"_label":"Gorar Namaye","_status_group":"unknown","_year":2025,"_year_label":"Source release year","_states":["Zamfara"]},"geometry":{"type":"Point","coordinates":[6.11945,12.68432]}},{"type":"Feature","properties":{"geohash":"s4httukfny","settlement_name":"Furfuri Kwaikwai","state":"Zamfara","lga":"Bungudu","population":17400,"state_population_rank":32,"num_buildings":3603,"nightlight_signal":"nightlight_detected","distance_to_existing_transmission_lines":0.0,"distance_to_existing_hv_transmission_lines":0.07,"distance_to_gridlight_targets":0.0,"main_road_access":true,"dist_main_road_km":0.49,"has_education_facility":true,"has_health_facility":true,"_label":"Furfuri Kwaikwai","_status_group":"unknown","_year":2025,"_year_label":"Source release year","_states":["Zamfara"]},"geometry":{"type":"Point","coordinates":[6.58763,12.24052]}},{"type":"Feature","properties":{"geohash":"s4hv8kcwug","settlement_name":"Bela Rawaiya","state":"Zamfara","lga":"Bungudu","population":16765,"state_population_rank":33,"num_buildings":3689,"nightlight_signal":"nightlight_detected","distance_to_existing_transmission_lines":0.0,"distance_to_existing_hv_transmission_lines":4.47,"distance_to_gridlight_targets":0.0,"main_road_access":false,"dist_main_road_km":1.43,"has_education_facility":true,"has_health_facility":true,"_label":"Bela Rawaiya","_status_group":"unknown","_year":2025,"_year_label":"Source release year","_states":["Zamfara"]},"geometry":{"type":"Point","coordinates":[6.69294,12.24407]}},{"type":"Feature","properties":{"geohash":"s4h6q0mk58","settlement_name":"Dangulbi","state":"Zamfara","lga":"Maru","population":16276,"state_population_rank":34,"num_buildings":3827,"nightlight_signal":"no_nightlight_detected","distance_to_existing_transmission_lines":26.73,"distance_to_existing_hv_transmission_lines":71.27,"distance_to_gridlight_targets":50.249,"main_road_access":true,"dist_main_road_km":0.0,"has_education_facility":true,"has_health_facility":true,"_label":"Dangulbi","_status_group":"unknown","_year":2025,"_year_label":"Source release year","_states":["Zamfara"]},"geometry":{"type":"Point","coordinates":[6.2476,11.64757]}},{"type":"Feature","properties":{"geohash":"s4k21mxxzv","settlement_name":"Rini","state":"Zamfara","lga":"Bakura","population":16240,"state_population_rank":35,"num_buildings":3442,"nightlight_signal":"no_nightlight_detected","distance_to_existing_transmission_lines":0.0,"distance_to_existing_hv_transmission_lines":6.35,"distance_to_gridlight_targets":2.567,"main_road_access":true,"dist_main_road_km":0.0,"has_education_facility":true,"has_health_facility":true,"_label":"Rini","_status_group":"unknown","_year":2025,"_year_label":"Source release year","_states":["Zamfara"]},"geometry":{"type":"Point","coordinates":[6.04213,12.68782]}},{"type":"Feature","properties":{"geohash":"s45u0w32br","settlement_name":"Mallamawa","state":"Zamfara","lga":"Gummi","population":15666,"state_population_rank":36,"num_buildings":3335,"nightlight_signal":"nightlight_detected","distance_to_existing_transmission_lines":0.0,"distance_to_existing_hv_transmission_lines":88.14,"distance_to_gridlight_targets":0.0,"main_road_access":true,"dist_main_road_km":0.0,"has_education_facility":true,"has_health_facility":true,"_label":"Mallamawa","_status_group":"unknown","_year":2025,"_year_label":"Source release year","_states":["Zamfara"]},"geometry":{"type":"Point","coordinates":[5.29715,11.98762]}},{"type":"Feature","properties":{"geohash":"s4k9dbnmnx","settlement_name":"Dole","state":"Zamfara","lga":"Zurmi","population":15205,"state_population_rank":37,"num_buildings":3153,"nightlight_signal":"nightlight_detected","distance_to_existing_transmission_lines":0.79,"distance_to_existing_hv_transmission_lines":56.02,"distance_to_gridlight_targets":0.0,"main_road_access":false,"dist_main_road_km":0.77,"has_education_facility":true,"has_health_facility":true,"_label":"Dole","_status_group":"unknown","_year":2025,"_year_label":"Source release year","_states":["Zamfara"]},"geometry":{"type":"Point","coordinates":[6.45784,12.92082]}},{"type":"Feature","properties":{"geohash":"s4k9gsmt5z","settlement_name":"Jangeru","state":"Zamfara","lga":"Shinkafi","population":15189,"state_population_rank":38,"num_buildings":3083,"nightlight_signal":"nightlight_detected","distance_to_existing_transmission_lines":0.0,"distance_to_existing_hv_transmission_lines":63.3,"distance_to_gridlight_targets":0.0,"main_road_access":false,"dist_main_road_km":0.52,"has_education_facility":true,"has_health_facility":true,"_label":"Jangeru","_status_group":"unknown","_year":2025,"_year_label":"Source release year","_states":["Zamfara"]},"geometry":{"type":"Point","coordinates":[6.48966,12.98811]}},{"type":"Feature","properties":{"geohash":"s4hwpj1ywu","settlement_name":"Bela Rawaiya","state":"Zamfara","lga":"Bungudu","population":15004,"state_population_rank":39,"num_buildings":3143,"nightlight_signal":"nightlight_detected","distance_to_existing_transmission_lines":0.0,"distance_to_existing_hv_transmission_lines":9.88,"distance_to_gridlight_targets":0.0,"main_road_access":true,"dist_main_road_km":0.0,"has_education_facility":true,"has_health_facility":true,"_label":"Bela Rawaiya","_status_group":"unknown","_year":2025,"_year_label":"Source release year","_states":["Zamfara"]},"geometry":{"type":"Point","coordinates":[6.63844,12.33329]}},{"type":"Feature","properties":{"geohash":"s45scuhgcg","settlement_name":"Gyalganye","state":"Zamfara","lga":"Gummi","population":14844,"state_population_rank":40,"num_buildings":3065,"nightlight_signal":"no_nightlight_detected","distance_to_existing_transmission_lines":0.0,"distance_to_existing_hv_transmission_lines":64.86,"distance_to_gridlight_targets":10.23,"main_road_access":true,"dist_main_road_km":0.0,"has_education_facility":true,"has_health_facility":true,"_label":"Gyalganye","_status_group":"unknown","_year":2025,"_year_label":"Source release year","_states":["Zamfara"]},"geometry":{"type":"Point","coordinates":[5.00538,12.1076]}}]}
